Username,Stars,Time,RawTime,Text,Images
17,5,2026-01-19,4 個月前,"這家店位置比較隱密，位於小巷弄中，建議跟著導航找一下。整體用餐體驗不錯，是會想回訪的店家。

特製豚骨拉麵：
屬於改良過的台日混血口味，豚骨湯頭溫潤順口，鹹度適中，是可以輕鬆把湯喝完、身體沒有負擔的類型，叉燒肉處理得當，口感軟嫩，食量大的人不用擔心，店內提供免費加麵一次的服務，非常佛心。

唐揚雞塊（大推）：
這道很建議點！麵衣走的是類似惡魔雞排的脆皮路線，外殼酥脆且鎖水效果極好，咬下去的瞬間要小心燙，豐沛的雞汁會直接在口中爆漿，肉質鮮嫩又帶有彈性，完全不輸外面的炸雞專賣店，個人非常喜歡。","https://lh3.googleusercontent.com/grass-cs/ANxoTn1M7ZSVleZdBjcxbGBKL16gpjyFZjd90SZcDqvoGsBhGlgiSg3tn6GpcpFeWSPjcuXusptg6JW63I-mKxyrwiEWWuKBZDJiHP1u9dwnkSX8ZRd_1V7-eHuSVJ1219XQ1BMHzaGuI2-acz4=w300-h450-p-k-no, https://lh3.googleusercontent.com/grass-cs/ANxoTn3I5B0DbiZ-31r9Jqt4jNdhrtXKuYTVdwB2zNgUHdqVEgXOYb1vN9OZTFBZWvoseeVTTeeMAIFsnStgAAYoayjl_vtPC1_b7ly3pDZ7ojQHRu_LTpHx7E-VHTa21zTJLOVqtQkHqjQ_31Ol=w300-h450-p-k-no"
hcheng,5,2025-10-19,7 個月前,蔬菜拉麵160元 菜非常多，超營養大碗還能續麵喝冬瓜茶，物超所值，同時有10多種電子支付，方便耶！,"https://lh3.googleusercontent.com/grass-cs/ANxoTn0JAgqrGnL6PlzB2crSd2nz63oE8ZfiggkyD3uZcyb06PPuRyERiAS4dba9VShz_mw-Yxi9rIYr9miQYeISYlPYVX72gowUCwGt7_Ntws8zi23xEQjlLl0nnPamrxZrMhdWij7wV54CB0RR=w300-h450-p-k-no, https://lh3.googleusercontent.com/grass-cs/ANxoTn3QUf8mm6Wn6cxavN4bxv4UmDr26fnB3sKZbSaR8BHTJsjON1-ig5SVRCaTD1CmTHo0S_qSQbGluLoNxmorLOU6j1_3FIxxRXlAfF8RWmYYqRP0ugfZtwYJcleVjy7gWNKB21hUC_qFe3BL=w300-h450-p-k-no"
侯柏琳,5,2025-12-19,5 個月前,"還可以啊😌
拉麵湯夠熱就先贏一半了😊","https://lh3.googleusercontent.com/grass-cs/ANxoTn2ECNWWJVgqSICBP08yeVotmoAJ_Y2kXP6NnDx3_wYKahDKupj7-LSIPcTttd7KMo_cpsuLWaG1_CtA-cbwtlF0r2t0RfJ8EKW82ElCCq484HrkuKHEdwN8Ixy12lObzmmhNs9I57iGjzsY=w300-h225-p-k-no, https://lh3.googleusercontent.com/grass-cs/ANxoTn2Xz27nq7hOChwaHE3XKqy3MZi48uD1x_LKpoDFUVZx9Uwlk8-k02NCgxoQziufPResaKT4ks16SAE6w_eQAFfSVGFmASSbe82k3QFoe7B1ROvwUbC6K2Wg7OhFwsMvVV6n85sCGxJzbZlT=w300-h225-p-k-no, https://lh3.googleusercontent.com/grass-cs/ANxoTn1Qss0sBO0JfoSAA7PfoJlyvZBoR9Blnl-curnHzqXZKeRJ4q8tQjAAOLDWd7LRmd9IXNvCcB-6HYXLbR6Sb9v9Y2_fUBgslEMfwYnX_ks9KuQyVOZpbmSTQJdfkVBhHdMrJ6h_MbsLh2k=w300-h225-p-k-no, https://lh3.googleusercontent.com/grass-cs/ANxoTn1em3MChXSKOiJEhgLxFTiLvTG5aCH1ODPir69Oz9L_NPeJpg1Y764a-9iCgBGYn1mUShhTerasHYuSrTok9SXc5yANKH11C1IJVCzvmAmDL0Zg_k6JdS_K3gVqIAxGIDjkrNa-txTRGLY=w300-h225-p-k-no"
uglyway chen,5,2025-06-19,11 個月前,拉麵口味不錯，cp值很高，唐揚炸雞是用雞腿肉，很好吃，可樂餅也不錯。老闆服務很好，都輕聲細語的。推薦,"https://lh3.googleusercontent.com/grass-cs/ANxoTn2_ZbFXzkACf3gvsj-9js2uj6NFMz2kogDBMTsYX2Gc34_PXP2lukn8ZopHRQ3VHqlH2RsJbnoFJhXx1RDcmyXWolmynHvBlQTBynHEO3fU0yVbuvrTdKHMwHZjV6x6c5ux0LnXQp1G10s=w300-h225-p-k-no, https://lh3.googleusercontent.com/grass-cs/ANxoTn23CmVcRKsr4FpqxwznOk-jahWV6mog-amPUjdqn8iFA3aBORvVPuRzRpynAXit4J8_8Gj2bXRkStV6nrqXoBL4cOwe4ZWHQnSwYmsRvc_knwQ7H8t1p9L09NgcwvoJt80E1VYYwx6Tedz2=w300-h225-p-k-no, https://lh3.googleusercontent.com/grass-cs/ANxoTn3PKLPJ8a6CPc7ggdttP3powk9EW93ijP_USqCw-0i-nfLivpOHIWHolVFORnkmQoi5RElyI1XoC4EY73mvEmcsp2p0azZhLYGY3VtU3mA98mNKHJgW_Zb9pkh_YbjdNXmFqJu-6EFlZaPn=w300-h225-p-k-no, https://lh3.googleusercontent.com/grass-cs/ANxoTn022ljKloiNiXMeZ9TVk90-FoW5u1JQroX8t3rQX9A9FZUpldRfTINCZBSwF4yuGwwcxTy3oiVCJFpSRXkcNpxZIp7riktzkzHMWg5zsuXxg03bTQ_pY_lwBlVLZa--oa-PNuujRTfZ3HOQ=w300-h225-p-k-no"
葉儒驊,1,2025-09-19,8 個月前,"評分4.1？
一碗麵 台式拉麵 賣到一百多塊
玉米剛從罐頭倒出來的吧
切出來的蔥跟海帶看起來超不用心的啊
湯頭就是水加浮油嘛
喝起來沒有味道也沒有特色
叉燒你敢叫這叉燒

這樣賣一百多 評分4.1？ 認真的嗎？",https://lh3.googleusercontent.com/grass-cs/ANxoTn0BXtnuUunf18EH3FW8JRrXECCdf-nYn7Np_2UJQoPAsBhni5viPof8s61ryqKGEvvDenIJYxJywkkvab1ZkY9jiu-_8K6Z5JOTDo6k_yHw7FNBmyB1Hzynri9R7Tz3mxWcR0DT39QHjXV9=w600-h450-p-k-no
潘慶臻,2,2025-10-19,7 個月前,老闆娘很客氣，但除了叉燒以外都是冷凍預制的感覺，湯頭就是拉麵道風味，豬排很酥脆但明顯是冷凍早餐料，只能說吃粗飽跟很寬敞可以坐很久,https://lh3.googleusercontent.com/grass-cs/ANxoTn3fTm12DIzAimkVna7zyGWmZGzTUYnzyGtd-xKeWDHFadYPkceRAL9jmqBjGRJYMmKiwt0fdVpdIrMifQG7Y28ruzOmHXJsbG9AuclDdN9ZmEExB6cj1RkcMrnW9EMnkagCxRWtS1UGKQg=w600-h450-p-k-no
陳星佑,5,2025-05-19,1 年前,"東西好吃，桌子不大用餐環境稍微擠一點。
拉麵蒜味的好吃，可以免費加一球麵（共吃不可免費加，唐揚雞如評論所說的一樣，皮超級厚但沒有那種粉粉的感覺所以沒有到很難吃，裡面肉的部分蠻多汁的。
套餐的炸豬里肌就還好，中規中矩只是套餐的飲料我選的可樂竟然是飲料機的可樂一杯不是冰箱中的鐵鋁罐！
炒飯是好吃的，粒粒分明不濕黏，吃起來有鍋氣的那種焦香味！雖然要$155, 但它其實份量不小，是一般的1.5-2倍的份量，還有附一碗湯！","https://lh3.googleusercontent.com/grass-cs/ANxoTn2x1c3mr4M4SeBVCx7_ZV70AZQCgYSDUvVnXF0YWuj01w4evpA1JN1Kif4V74KQyRvwjGHgHAcdEAtkwEZ1NQ1RknnhPzhOHgVxpMcIaIZvvf2jZOQZ3Vlp3gwvetQz1B_P7uWg0w=w300-h225-p-k-no, https://lh3.googleusercontent.com/grass-cs/ANxoTn0q9BOimxm_B6L6vI2hckzsxQ27g5uYFS-4uB9sdSlaFT_v-B2zEuVhmElb7tzi08XDG-Asboqbx0PTUJnfeZaWtsx7foRxSsY_oV1vrgyBba5tHVJJbAwymH0YYXvZ0o8CdE32=w300-h225-p-k-no, https://lh3.googleusercontent.com/grass-cs/ANxoTn1MzRBJkUsrzoJ_nbisBPpP1Cb2m1jbmg84R4bsDQlT2FbCw6U9QdUAW6jnVIWoMSX24vC-2Ue4bOUvDOQh8n05SRIoSYsK7hS_yjzuwPDDr2DWiFt9jrT0XZ_LT_U_IpqNctPiXg=w300-h225-p-k-no, https://lh3.googleusercontent.com/grass-cs/ANxoTn10YOdJbbZqlui7qbXc-0suy_QU_tWfPEreowVzyo15uv5j5PnEzO2gFR5sMxAt9rna5n3Pw07vGbz2LjAVbDqOgka_70nLUHutKIy2ws6oEtElS5FF6QSSSh7US-WKVByP06qX=w300-h225-p-k-no"
劉書書,5,2026-01-19,4 個月前,中午時段沒什麼客人，老闆娘很熱情,"https://lh3.googleusercontent.com/grass-cs/ANxoTn29lCWRCUACWU1vjMl4brmv4ikRmEHZW5KOIGlNuGi1jaV26PoFClYbRnHA9PtI-R0Psy6J-e0v7pDoHrzme7uTVzr1jxKjMlFS_6PiXclxM_AJ2nqbuXsfhUZwEOriJDSr9uIW7j9M_X8=w300-h225-p-k-no, https://lh3.googleusercontent.com/grass-cs/ANxoTn2fSCmAUEeeBh_tYIT6rqRHVfSfpvn2qsxGsXtuhYwYQiEzQGl6svq1bbKVgHbh2udO3XUQ7zMfwY0tfviCQjsKnZNI7_j5rNQODbzFK1ORKuMvTAQe-C1GEljGsrGSf-NB5jVFi3lg8iWy=w300-h225-p-k-no, https://lh3.googleusercontent.com/grass-cs/ANxoTn18_VdJ48FbbPgNyXvhPs9oFXD2fAy9WIf2YUl12b3spwFD62o8DTZgePgV73hkDpDdN3oeEwwOjij-Fm9q1WN7VeEeKxiKH6UX8k0WR5dXDqZf2czzaF-rCO2szIpIZ3Wu-737tOY3g1oM=w300-h225-p-k-no, https://lh3.googleusercontent.com/grass-cs/ANxoTn2W8uDy2YJmZ2RvwAz58Aur03XAZFCxAIC-iNqZPT3ITl0bWT2UXUprFaGxyg5GJUEArKY9jTvmoQNTwEqjmdJV5EYU84Ui1uZkPdYFDSu35AXb7-lFrUFQp6BhsYJnOe_CatVppePSR5HR=w300-h225-p-k-no"
JiaXinHong,1,2025-08-19,9 個月前,剛好吃到有點臭酸的炸蘿蔔乾，好像味道是臭酸，因為靠近打烊時間所以就算了，也沒特別去反應。,"https://lh3.googleusercontent.com/grass-cs/ANxoTn3ZPseB7zYGpOWAOcZnXjBvSCYsekbhfCXHjV6IdJa8ZKe8sHOoow60on0mab_oTJ26CudttDqlY0DhCFUd2EgHfY6sCRZNCvQZIqYv7-gqynsCXij2wWd7SU-7FfsqY84tHDStvodPCI1n=w300-h450-p-k-no, https://lh3.googleusercontent.com/grass-cs/ANxoTn3KiwZyL-ytH3ctaqp94u2REd9kUnKbISZhl3XY5b4uSkok4JCe5UqpMIe8ii_-Enr6T5xDHUTqdm-8KRecc3JVMH9lPbC4SuZAFJXChwx008L_pEFcXFGepL89BRQY41bs9x0lRN0R1r4u=w300-h450-p-k-no"
Linus Hsiao,5,2025-05-19,1 年前,久違的公館散策 下午在巷弄間隨意造訪的拉麵店，環境氛圍還不錯 餐點口味也可以 價位適中，有機會會再回訪,"https://lh3.googleusercontent.com/grass-cs/ANxoTn0ZNOk9B9FfVB7skfDD8SnmCMtkhroc9_6b_PJjtvYJihoVb_PVycA6-gc3iI5ljc-OKkw4pLaUYUpFqwqmGcRnvH1G3o2x2IVUyAa1wnnXkzPkkCFg7tnj2IpEVjn7aTOLICh7=w300-h225-p-k-no, https://lh3.googleusercontent.com/grass-cs/ANxoTn1h-mHcuW4mknPvfDPMpdb75D8llDKv4Fn4xfH1k8JXdwfvvoghFOtkEOjEiaV8askNWgd1QHPjsoQI-NaV9xpmHqwK1x4mdBaldJNEQnWuxjqWguFKE9VbpAtsDOXRR6RHNZMXyw=w300-h225-p-k-no, https://lh3.googleusercontent.com/grass-cs/ANxoTn0RCQTwgSIYEMkgKNBuRc4tpFj0wJELNn7NS97gdanPJwiE2aTiUh8zCRpuGmqzRHMLVKd5UjE-eGQv_57ZDkPeJedUjtxfZ2DFBVf767UbF_FMeVPwe-Fm_qPP3MQqGt1GnIg=w300-h225-p-k-no, https://lh3.googleusercontent.com/grass-cs/ANxoTn27f3yP_Gxh7Q5sRuCilgy3gBsX6q46rzSTfBgh7nhigTHhIByURqPRZ2VNoy6g-WlA4KCiH9FresO2J6w0tt-d9PRUszPHd0zPjJvK6vlW6KnIN9SEa-102z8hnkcCoee6v7Dy=w300-h225-p-k-no"
吉米,5,2025-05-19,1 年前,"因為隔壁pizza店沒廁所，
跑來這邊借廁所後想說乾脆吃一下，
那個什錦炒飯實在是驚人的好吃
粒粒分明又鍋氣十足，都忘了我是來拉麵店
強力推薦炒飯跟雞翅啊！！

意外地借了廁所點了拉麵，又意外的吃了拉麵改吃炒飯","https://lh3.googleusercontent.com/grass-cs/ANxoTn06QWIeXLN4ewutfhX5FzgJJfv9l7LJ1IImGqpTL0CZYes6-P9G28P2DxTDim9Z9-eIoSqSWjUa_nErVsXXWm9ElDj5O6FhTCX7jQJX0iG7sXfSSCyFaZtVpu0gBL4h3E4Db7l8Lw=w300-h450-p-k-no, https://lh3.googleusercontent.com/grass-cs/ANxoTn3uJOoUjfFnMQ78wF-UDzor3Dwruf3ik6UVmbNcMzGFIh9JyARtIrTWapaCOycD0pHeszu4KQYA4YELINcBhytWiJxp5l5gy-SkV8v_rCSCGC9_HVo0l-hTW8KTyFijXoHengX2=w300-h450-p-k-no"
夏羽晞（MiNa）,3,2023-05-19,3 年前,"個人對於口味上很失望

學生時數常來~
認為這間麵不但好吃、且真材實料
又可以免費+麵、CP值極高

但這一次去吃感覺整個口味都不對...
不知道是換了老闆了還是？
湯感覺沒有熬過、單純粉下去泡
湯底很像是沖泡式拉麵的感覺...
麵條口感Q彈還可以

裝潢上還是記憶中的樣子
但客人卻空蕩蕩的一片
整間房子只有我一個客人
我進門大喊三剩老闆
他才願意出來接待我
但可能因為正在施工太吵
我不會怪你

因為老闆講話、待人很親切
在服務上沒甚麼大問題

但會一直推銷你點其餘的東西
就如同我一個人吃
他有3隻雞翅跟6隻雞翅的
身為一個老闆居然不會看情況做適當的推薦

一開始說可以點6隻雞翅
我說太多了... 我只我一個人吃
老闆接著說：那點三隻？

給人的感覺有點像是聲音不會強制推銷的感覺
人是親切的、但在推薦菜單的部分有待加強

還是需要先了解顧客的「需求」
以及最重要的「食量」
還有因為在公館的關係
學生偏多、若是一直推薦高單價小菜
可能會造成學生們的反感","https://lh3.googleusercontent.com/grass-cs/ANxoTn2B-_l2j1QehlONaiAxMHpOOd6K7ia-CmxF77xtBJ6kbg8H8uUDZZIpxV0s9zxAPbCrPqWYFrYBIRvwA9Y4RKU0auXhThJKxWg28eun_I-DjANTEYy-tUWcPR0Mjwm3APAhxSJ0Kg=w300-h225-p-k-no, https://lh3.googleusercontent.com/grass-cs/ANxoTn0BUPsg4ekKxTobcvf9raYgMRti3GN88fXS4wtT1JRbpY7Q5P7Snq32CTOXpnGoxcr4cyziBalRXrjgbhWb6TtP4NJtjYFLRx1oBhCg139_k8xjIaS-RibK6FUGCc3okvQ-odmw=w300-h225-p-k-no, https://lh3.googleusercontent.com/grass-cs/ANxoTn1i-SOZ2P66TYL0pJM2apLKay2zzI7EV2AbqDmAvI7ioFR5LvDIquXiOIu_itwwUR9ivDjpJYpPHFV5ylP09drzO0IiM8-nxpza7v_2A-KgaGN6ZYWMzqC464a9CVnq4XiBvq2vQA=w300-h225-p-k-no, https://lh3.googleusercontent.com/grass-cs/ANxoTn2u-MeFuzfkEUJmvhSk0B5wKT576mxRIZ3XkIyJMwR7h3tM9F4F6dk92GELdsyS6IpbS7HGkxtk6lYpukVgA4qAXjHTVX7Ltc5dlru8HjKrro98bZrH02MBzIM_RFz00kQQTx6k=w300-h225-p-k-no"
Vic Wu,4,2025-08-19,9 個月前,"拉麵味道比較偏台式，所以比較淡一點，點了味噌跟醬油的叉燒拉麵，醬油的湯頭喝起來就像一般麵店的高湯，味噌稍微好一點但味道也不濃。
一開始吃原味有點小失望，直到加了七味粉發現根本是兩種不一樣的口味...建議吃完第一口後就可以加了",https://lh3.googleusercontent.com/grass-cs/ANxoTn1XF1T86rwDXYC20_IW0wBkriKLH6aRUBCZT7NuSWRLoHpQzf0fnKQhyO1avMejirC-XBEkf15gzGoKGaDDAVvqOGfOeqJ1UiHXBgDPy95oNmeCUjHdVxQ8DEK_575gInvzncX2UBqR92k=w600-h450-p-k-no
余冠萱,5,2025-05-19,1 年前,"愛吃午餐順便和女兒面交。
走進來時有點猶豫，但拉麵送上桌時看起來真是色香味濃，兒子的咖哩飯也很快就喝完了，值得推薦。","https://lh3.googleusercontent.com/grass-cs/ANxoTn3JLvQ8wGH80fL2YBI0Vi3KkLZha49R8ZO3d-MEhAE1P4K0FYwxVszIn1-PhTbef2OsyhQ0nsiVcaozSZbZkHi_7Lvdsuc9MDV10xVq3qdzPod4PF5uNqTkJZavetneiVTcTt4a=w300-h450-p-k-no, https://lh3.googleusercontent.com/grass-cs/ANxoTn3R0rQI095OpjmSolCKO7hwIo8UQGR2bzDPUadJ-Cm6GVt8ROpo7vBqev5KgzYzeWxrEQtUoFUPQrBghq46RufOppYKAfZ_xsmlFMijsrKDmKlYB4rml7USPx5vmWeyZ65qtiI9pg=w300-h450-p-k-no"
Robin Lee,3,2025-05-19,1 年前,"平價拉麵店，也提供各種飯類。
拉麵可加麵一次，份量蠻足夠的，但味噌湯頭很淡，吃起來就是台式拉麵的感覺，不太道地。
整體來說吃粗飽可以，想吃好吃的日式拉麵咖哩飯可能不適合。","https://lh3.googleusercontent.com/grass-cs/ANxoTn0_pJRHOfKlkEiaFbjtiatxPE5EYiqPCSWRPJjFDMQxJtX6ZSMvDomiA0OFOLj39d0gXa6fxUCJB1ymsd_dCpRSjlFeOrV6pX9Zzr6aAPaWKEwSlTCjHncXvYDiLGDVn3HJyHR2=w300-h450-p-k-no, https://lh3.googleusercontent.com/grass-cs/ANxoTn0N4B4a9zFoLHCQtJR9L6YgSzIPN_V11fKRRPWE8NYamevBu-v-axhAWeluB3Evw8w00qwXmtvbo3rwlejKjzY2xaGa1gvXH8DxSFYS0YAkAymkFrb7VMJkY6_HG3S4jsqbXTQ5rg=w300-h225-p-k-no, https://lh3.googleusercontent.com/grass-cs/ANxoTn0rPoUZDXCOldBk_UZGbg-NaRHqGkP3xgwYweWmMFFPN6S4K867z54EzxqtXrFLuSLx4Lq6A9QgZLIdq8eSyzvmPLszbfsUbO7tRy-SfoY_PUiEtbJ-XFPFCV8ck0YjyLYGMy0x=w300-h225-p-k-no"
李璟如,4,2024-05-19,2 年前,點了竹莢魚咖喱烏龍麵、親子丼、野菜沙拉，還可以，烏龍麵吃起來蠻普通的，親子丼的雞肉裹粉太厚，但飯煮的蠻好吃的，野菜沙拉份量很足。茶水自助、免用發票、環境舒適。,"https://lh3.googleusercontent.com/grass-cs/ANxoTn0exAvwaRg7aOMiLNyoC5x0ZC3ymA9ytEoCSMxwT9N9zOBhYCqMywACv4Ay5R-jEKkfgt3v72DhOcxqfSiLkd92cciimZ7ItWelerqrxpq3lz4Dx5zWAe_E1w24bKtSkC5btifK=w300-h450-p-k-no, https://lh3.googleusercontent.com/grass-cs/ANxoTn2LzniDN2pFSWn7FjgTXu6kynn2lYJIzIKCs4t6kLz5dNHKCSf31vE3pYw4r6APpNsbHCsENRAIaPchfnRCqNSQS10k3US7LcnjKm_YE6wZbIu4teqZ_WN94war5PbWh7cV_jzu=w300-h225-p-k-no, https://lh3.googleusercontent.com/grass-cs/ANxoTn3SS_i1Yxmhc10iJ6LzTVZ-qHLbEiQo4XyUA8sqbUOoqL688aWKbmpsPGfzp2-9FTgxlfRsW9ep84qqJCQkFolA6Kt4PvefFAOAO7r2NxA7fUSluJ1ByOKdwDH4Kf6P_or1OYIZXQ=w300-h225-p-k-no"
小資媽艾莉,5,2023-05-19,3 年前,"每次經過公館
總看到巷弄內的這家小店
大排長龍
位於12巷內的拉麵店
店名就叫十二巷
兩層樓的建築很有特色
重點是拉麵平價又美味
炸豬排飯
也是好吃到令人驚豔
難怪大家願意花費時間排隊","https://lh3.googleusercontent.com/grass-cs/ANxoTn3He1_LfAAP4IMwpsV6EHiZgSmHcDu4_TFBIR7QHO27-Ym6bsXx78bIiqN5xgz7q0KlMQVNCpR4SbMSkXAfQA6NrTP9EhRob7ayfPU68Q6R-ViE64lNiHbfvfrHFN75ExH-N3qe=w300-h225-p-k-no, https://lh3.googleusercontent.com/grass-cs/ANxoTn2ioYODl_xjWx9pvcVCuqsddt-EWIHWjvQPfjvW3yAPNR4Z6pRxRd-nHhBmVhPOKkvZR8KQSeX04fFN6a3TP8I8RkAVYy6gvjvRKn8JIMjF1BGLlqdyOCWdL7C_Fmw1Ym_-Vp4=w300-h225-p-k-no, https://lh3.googleusercontent.com/grass-cs/ANxoTn1ku_PpQIh8E1MrsazBqyQQxI5Xb8GuwjMLaBEoJtQQisHnb9E8NSaPxfG3WhlqlKmOaFmJAegWVZuaPPyRtYnWKuir-rgrsrVEkm4lzIkIcUGRh1NblXSLB54h157j_dM9tVSr=w300-h225-p-k-no, https://lh3.googleusercontent.com/grass-cs/ANxoTn2MCkB7KxQCgPxfpyoxiLCesubHP1NygliEMuPpQPTlsTSRJSI444tuVP0WuJEDGcsZaahHtDSDHvI_vkCIsWOxQKxLb1XSLzwOHxMzTbc5P5te5Wc0PVFK2eG0gtvvkwmfITZW=w300-h225-p-k-no"
Yi Jing Juan,5,2024-05-19,2 年前,隱藏在巷弄裡的超值店家，拉麵口味在台式拉麵之中算是很美味的，有套餐制還可以免費加麵非常划算！炸雞的外皮是軟而不爛，中心鮮嫩多汁很特別的口感；拉麵叉燒有炙燒到偏甜，搭配鹹味湯頭非常順口，推推👍,"https://lh3.googleusercontent.com/grass-cs/ANxoTn3jaWLNV7sesQ6HU_dWvVNIMy_tihCnWF3l-ezkc1wlMNiOf7EjjWnbf8QivNgjLnHh73pAanh0twmCS23Ea1yK2fU8-knTHUS3Hv8Dbecw_9QlJmlpOtHq72Req_7WUXOP55Ozzg=w300-h450-p-k-no, https://lh3.googleusercontent.com/grass-cs/ANxoTn0difKNuN-7aP6WiacqhdTWgd_TNyEH_bbG0JQINLwxHpkZh6zJcVU3Pvula2wp6JYon8NRLqm6jvmsO2paoMfAvdw8uDsMchDNJWrb_YS4VJenlrArCnPzSK1j_I_HdRYseOft=w300-h450-p-k-no"
許淳翔,4,2025-05-19,1 年前,口味還可以，環境稍昏暗，整體環境舒適，剛好經過不知吃啥可考慮,"https://lh3.googleusercontent.com/grass-cs/ANxoTn0IZ_VDIxiP8OmkeQ-mpA2TgqjC1J5QimugBq-bcyA6n-e9dN85lZH7aIEIg6ScvUbXCj3GbbW991Q-KEurNCDnQoD6romUxThkiW4O16qRxKCPJ0_D3hjAfHMzPZYQJItO4ZVC=w300-h225-p-k-no, https://lh3.googleusercontent.com/grass-cs/ANxoTn1hYt7DnUmB4AruuG9MP5qtHyJWjDpQ5yK8x4GcBTbtYmrorNNygG4XknCIaqegBMiGns7GoYYv5U6_s_ZNgbQ0ZMshIbJoz0TB3t2nWfqGPN2aTqNCfe6p9pvkulkzKnhLuGWv=w300-h225-p-k-no, https://lh3.googleusercontent.com/grass-cs/ANxoTn18DZMG51pmIe23NogjYOtdYaNmNv4XkZEtMReswe23P72TUStRZojg1G30BFzM9cOGTJa4e2NbjiLAtt1Vf4dqHsrEsYGCvyqE7IubObIGcbLOi-FeHVSqw861XWJ8g6ras-Po=w300-h225-p-k-no, https://lh3.googleusercontent.com/grass-cs/ANxoTn0KVn_8htuZeEVXsYI1v_O4HV8R4kWPteH0OB7u8VakJ7jueLzUVvG3eanVhQ4h6RmKw0JrssqUep14WCZgKqNjDMb1EsBGs0tuw5d6TnCQDw_zXnJEYCORht0EZeuvxkKaWkSE2g=w300-h225-p-k-no"
Roy Lo,4,2020-05-19,6 年前,"中規中矩的拉麵店，地點又隱密又好找😂
偏向台式拉麵，湯頭還不錯，親子丼的份量很多，飯加很滿！炸雞軟骨普普沒有特別的感覺，下次還是點日式炸雞🍗試試看吧～ …","https://lh3.googleusercontent.com/grass-cs/ANxoTn1RFQwnFDcYBD9BlUUjIg7zJ2RqNIjAeLdAfdHbeLNUMuKrBF_6QgKexrvrvD50_xd58M4fsxWid1-24H1wON9S8WHO2Lykih7jdk0JiKs613uSEZtJx_RayDam6_bT-m56Lr2Y=w300-h450-p-k-no, https://lh3.googleusercontent.com/grass-cs/ANxoTn3be-fD4Ohfacd7irGocTQiueReZ9sA135kxRmsxKPRh8_VoQb3m8l4JHWFwcUfjVweE9GtWDsb93PrYUbHXFVsD8-95qJv3Kg6rTjefOnZ0DW45NrZJrej_gCpyWxdh4vov40=w300-h225-p-k-no, https://lh3.googleusercontent.com/grass-cs/ANxoTn0GCYnG6z1ONDyeLwlj8H2Q8_a-JLLA1PdoEWGNxukb6znv1v7OJlcew9NIEQWay8jm9Vztfx9XfOmedKCKK0WhHtG_GGM4bAGePL4bfZyKEgqdkE6YFP-_y7vY-bowBY-mQnKxEg=w300-h225-p-k-no"
游小天,5,2024-05-19,2 年前,"漫步在公館商圈,其實沒有預設立場中午要吃什麼,一路從汀州路走來走去,帶著單眼有看到不錯的街景就拍,最近一直在練習定焦鏡14mm的超廣角取景
我很意外讓我走到外觀令人有種九份感覺的十二巷拉麵,在外面拍的差不多後,我就推開大門,這時間14:00多,我一進來時店裡剛好走出最後一個客人,老闆正好在接電話,我習慣自己環顧四週後,拿了菜單就入座,老實說我真的不知道烏龍麵跟湯頭那麼好吃,我承認我吸麵的聲音應該很大聲,咀嚼的聲音是我對口感的愛不釋手
由於我是吃組合餐,豬排的部分適中,我多灑上了七味粉的提味
我不得不說除了外觀吸引我之外 在我吃下去的第一口,我已經被它的整體吸引了.
最後謝謝老闆非常客氣禮貌,而且眼力很好,沒近看我單眼就知道是廣角鏡頭在照相,看來老闆以前也是個攝影愛好者","https://lh3.googleusercontent.com/grass-cs/ANxoTn1Rjk0CD-b2wDDQF02GgoQq2CoA81OnE3G_hwWdmUooQ3oG5pAzOL8cyJbAPsM_oYuveDl1A4v9JNNbpF96dXTgzddVewSwRwc7y1J43J8UMvmVFlw0SynTSuqTXDFNK9B-eUPfIA=w300-h225-p-k-no, https://lh3.googleusercontent.com/grass-cs/ANxoTn3mEza9VHLrvtrpWN5D6G577TU1D7kBBZj9-p9ccDsDtbr7QM1dk4YaMtnQuToQ3js9I6ihdYsLnrcQtsojXxi6b8pZ5LaUl8t4TWW8Jeqa2SNX4VK4zbfc4vXfOwWuqgij-mjX=w300-h225-p-k-no, https://lh3.googleusercontent.com/grass-cs/ANxoTn3MSPzjj8e0PINbKRhezKXIkli21KAatIjJpoa80ppjOIZSVQxH9qSLxYPkeXiXJhB78cVbnVyG_1iL1bJ9Qq_BEvyCS55hTCnsF45mcnRADz1wmzlsD2YBNpGy2zGZoYjdvizGmQ=w300-h225-p-k-no, https://lh3.googleusercontent.com/grass-cs/ANxoTn0KRZI3jD9dcC_L_PNEs18qLj6CaqGpJRzmcTMxTmigNxYFIdtU7nz3PhtNnOlvaxSKol_Ipvq1P3MjGhB6zkVPVn25u7lfbZ-mt4MJRbUryiSwigit7V7LpamjpQwrirYK9PTE=w300-h225-p-k-no"
Hsiang,3,2025-05-19,1 年前,"炸蝦咖哩飯只有一隻炸蝦？有點坑
炸雞好吃，拉麵湯頭、咖哩飯普通，但是便宜。",https://lh3.googleusercontent.com/grass-cs/ANxoTn2PNCv7_HmYiILY4ck_GOaxcDvlaTje0uDl37YRGjYDTVSSZuCrwYelh_Yy4jBD1pSTNaKGYD9D150LSiQtqh4WO9c_0azOKhPq9JEgdh7ZJjfBj-iWuWBs_XoZkPYngCD34fwRkw=w600-h450-p-k-no
Ku Fang Yu,4,2022-05-19,4 年前,"第一次去十二巷，在大馬路上繞來繞去沒找到店家，後來仔細一看才發現在巷子裡面，門口很有設計感。
當天中午來吃拉麵，天氣又很好，吃得滿頭大汗，不過店家也沒有開冷氣的打算（我們也沒有主動提）
拉麵本身普普通通，但有點附肉的部分，肉就很好吃，在水準之上，店內有提供免費飲用水自己取用。
送餐速度也很快，整體來說就是中午來吃拉麵太熱了！要點拉麵記得點有附肉的！","https://lh3.googleusercontent.com/grass-cs/ANxoTn2LhZipUBsX6fwkSsmT_x3v2Wo-bc15l7GMiBGYFRQVhOTEKH78zG8E4M7juFVtxItWgRfGUoeHaXFhkQeFSAtjYtUfRJ4-EU4URcx7RdP46OzRftYfH6gvTYL4PnYDK8f6WTox=w300-h225-p-k-no, https://lh3.googleusercontent.com/grass-cs/ANxoTn1sq_JS0Yx8FOidRTbmyH0J_Q064_jx_ilO7wxWhg_SecHBgTBCC2GIoWA3nUUMnED4e0lBgukrRdnDWyHpM35c1a6t6QMB4qJdd_xeDhMVALr6vIF-wOxZO8laFZgsby9zuDFn=w300-h225-p-k-no, https://lh3.googleusercontent.com/grass-cs/ANxoTn16XwnMv2zfF0mWXSE8sOjEE-Lc227tgZc0mhZEJoYnQccX-WySRodh8DpS7UkotTuifEmIY7Bc9yRAuLgqNXYuhzvkUKS5gWMmtFxHTeWA3KxvQEhTQVHXhmY4C114agC0XXKzfQ=w300-h225-p-k-no, https://lh3.googleusercontent.com/grass-cs/ANxoTn03gS0QmM6znh0z4EvzcILeiwiDhGHg5JyijCxE8DsmyN2TfNBepGeIJfRG1mD9q-DeGse3o4u-OKzwPEIq7TfH10KkwsiBKpUkbIxoi7QbVkyJuL-MMlQ8uq8hC-MVmKhR8B4=w300-h225-p-k-no"
Chia 吃素,5,2023-05-19,3 年前,"野菜拉麵 $168
之前都吃葷食的拉麵，這次試試看素食的
拉麵有很豐富的菜！
溏心蛋超好吃 蛋黃很綿密濃稠
湯頭不輸葷食的湯頭！
可以免費加麵一次，一定可以吃的很飽
（偷偷推薦他們的炸豬排 很好吃很脆 不過菜就不會像蔬菜拉麵這麼多了）","https://lh3.googleusercontent.com/grass-cs/ANxoTn2hZMkmnQ2XVrSLjx11r9kZK1WSkVcsxJRX6Gpv46LTELE_Zz0UlGOvSp8VPwq88SIhXv6itYzZK2rMDwRHGFWgH_I4EaJEDTFfjS9LGjtI9wKhhUuujoV0IAOoxBvdZRLusOG3=w300-h450-p-k-no, https://lh3.googleusercontent.com/grass-cs/ANxoTn38TJJPFYFljJxwGeB3mqKS9xaACBrZQL5Wvw2whhsvApn89ZOWM8FLVJlNk5zMhZIQKSLCRQjAAHFlUCXNkTJQD7RFn0uXdsq9sATe5pnM0pC5Jtz3V3W6XOedPfMh2BALyBUikQ=w300-h225-p-k-no, https://lh3.googleusercontent.com/grass-cs/ANxoTn1wY3-JOaHU8To6hZsPfYQbEkhkeMNbYdKYxLQKy6sgCRi-KUe4AO7kzZeNJq8xcxA0WT_uhvOz_Cpt444NULiCPSdwCJG7Z4iElH_8j1IvvMd8QSzMYyg8LTI0eaSn_joKVds=w300-h225-p-k-no"
蓮花豚豚,3,2025-07-19,10 個月前,"拉麵的口感跟叉燒
我不是很喜歡吃
叉燒白色的部分吃起來很膩很肥",https://lh3.googleusercontent.com/grass-cs/ANxoTn0RIf2C84M6whnxJZe4wSK9txw0C0wqsMfDjbKPeyKz8UNDdVVHsHsLPE0xT_7EimQZTDFxF3grI6LtqcB-0xJjRCZ09iv1zjNsbygNJspTyk9lGWGQ-LUg3psv2k6QeETxL6_o-lOJBUP6=w600-h450-p-k-no
Jerry阿貝,4,2022-05-19,4 年前,雞塊拉麵168元，雞塊外酥內嫩，調味適中不會太鹹，麵條軟硬剛好，雖説是白濃湯頭，其實並不很濃厚也不會清清淡淡，看菜單有麵有飯選擇很多，改天來試試丼飯。吃東西的感受是很主觀的，個人意見僅供參考,"https://lh3.googleusercontent.com/grass-cs/ANxoTn1jYy5X-slG0okQQs7FADsJTRwLWhr9I83SBLk-QlwIsqQGbhap_6_OH7440of7tb8U756-BmVcv1_S2Kik07YCm0_uCrG7YKkoQlYZdheGj31-XjSPNC_pyoRHqqHX7f_ZopIa=w300-h225-p-k-no, https://lh3.googleusercontent.com/grass-cs/ANxoTn1IH0xl8JCx2gsiurcuETA0_ZnGo_ekmwxRa8cet1ZDCpQpyllOEhblqszbOoUBq44rzjTGHtXjmLtbyYXK9uSlMKt4n0dCQACYqjKIzUPCUZSYATbwohyEdfxTwALDUX8c3kenyA=w300-h225-p-k-no, https://lh3.googleusercontent.com/grass-cs/ANxoTn3ehmMBRD6XiMp5oayEGzCStH8294xolr2VxBy62LCIZCY1yzfuQp__M7EvdsmerQXniP4INVten-taigueBdOdY2f61qy-pqhEqxCfbNWuNu87ywluXWIQYjNwukWORawI1Mbc=w300-h225-p-k-no, https://lh3.googleusercontent.com/grass-cs/ANxoTn0gdvXPZn940d_0DA3lxUaDwo2oHbrCif8qpjFEuBQHwDHFcuo_kfYffZuQKKgz-WY0DPcBn5BrViNlk2DTOP7gOjv9sOlaVHYREy8_-ZTH4hGmbhb82_oXTSlUC5SpIWh0zfLVfQ=w300-h225-p-k-no"
曾靖琇,3,2024-05-19,2 年前,"老闆娘非常親切！麵量也給很夠。
這次外帶特製白濃拉麵+雞翅，闆娘說油鍋收了改用一般鍋子炸所以比較黑，可惜吃起來是苦的🥲
另外菜單上這句「點蒜味要加蒜頭酥的要加10元」，不是點蒜味要加蒜頭酥才要加10元，而是不管點什麼，只要加蒜頭酥都要加10元！（寫在這裡幫助跟我一樣理解錯誤的人😆","https://lh3.googleusercontent.com/grass-cs/ANxoTn3TjZhkxoKw1hIEEmX3HUIB6x_YF33TlA4jGnG7KdzRRG0YOUg2fcH0WIn5GyZhmcvUdR8dq5yOcDvMmnXiP8rU3KDaIEtt1-jH56N-54pgmOrsAJOv4c4rYZYKzww8bd1fQPKk=w300-h450-p-k-no, https://lh3.googleusercontent.com/grass-cs/ANxoTn2_wz9YgN__8UYiIQ3ravc_DngveG05XFZTH6f7KzywpnjaWd3-3KCgc5SGHKpNzcZ9M5iX8DLjchs-qSgo1isvGju1xU2NW9luwAyJLY8C0pbgh7SLMR_Qkw36cwPjiC_Mq1cjXw=w300-h450-p-k-no"
鄧涵榛,5,2025-05-19,1 年前,是間位於巷子裡的居酒屋，因為這天剛好到台大上課，於是在公館商圈繞繞，發現了這件挺有日式風情的店家，點了天婦羅定食跟小酌一下，啤酒跟梅酒，味道都挺好的，而且消費不高～是個可以聚餐也可以飽餐的好地方！,"https://lh3.googleusercontent.com/grass-cs/ANxoTn1SE1gq5pzlMTfCB8gh_8DfRGplerX0UY05MPDrz4AQMwSh-_bJO24w0iF-jtd_h6MLQnoXn2WkQfU-jeLUBPEiIDVFD3kIdBaXrOfeet1l07GPXfQ0-JQJvPwDYUtRfqDDgnqf=w300-h450-p-k-no, https://lh3.googleusercontent.com/grass-cs/ANxoTn1MSDiUAzkJcIlhuw41II9kTce2La3PyJrRdusPhUh321bsbHZL2oE9HCF8UCLOqzmFSWidq7VsyWyBLL_8Mvew4FTDJdZxTmjdZH38QKy6SrO5ZoP3U13go4JFAQqrO-eQK5umFA=w300-h450-p-k-no"
Acold Au,2,2022-05-19,4 年前,"炸豬排炸得不錯吃，但很薄，沒爽感
咖哩飯不好吃, 咖哩很稀很淡
拉麵白湯中規中矩
唐揚雞吃起來好怪 不像雞肉的口感
嫩是嫩 但接近軟爛","https://lh3.googleusercontent.com/grass-cs/ANxoTn0SWoxkJPx0GEPB9jeJNHeXjmihMZmPGbCiwW__qPXqxQMsJZZaC4zwhdSCOV-scmeVxEw40Ik3guM5GvvEDY4mZx0uKLtKwh8kqWvKpQMr6heZgEBzQ2XUIMLbvwXDXRZGzpmx6Q=w300-h225-p-k-no, https://lh3.googleusercontent.com/grass-cs/ANxoTn2QfBYudJIrnPCoJOGcwRLwmQss15RX04LXyIZfod9ti7OVxNhtCUC3sbXN1EWzNJ7URpTA6fHCIL8g_nYsPrZNh29oqdDsQLwe2JJR5hR2rChJLezleddwtFq2_YeZnvyxnZou=w300-h225-p-k-no, https://lh3.googleusercontent.com/grass-cs/ANxoTn0VrCV0WbmWVHVKoNQduW6CZdDXNPhUbe1RkhlCKgdWdYVehwdFqKYmAq4Ju0I21fzNFHrCdQ1violo7dId7LlkXt14LF3PLYw-vr1UgbSNQixNq9h6RiXhwm24cEcsUOPLskW7Nw=w300-h225-p-k-no, https://lh3.googleusercontent.com/grass-cs/ANxoTn1hha96PE34rfboCwdbHZcwrR0Z_8yAC_KPQajSkYBG_MpsyEi43iWjV4kpc3ZSZIfNvyOpqg-ZUMjOus226Q3-lObr5UeG9dbJBFKa6i5B8meOjLRaB4_cecHWxKy32_iC0Ho=w300-h225-p-k-no"
charlie cheng,1,2022-05-19,4 年前,"湯頭味道像只下了半包的味精湯，想吃拉麵的話可以去別家。
定食只是多了一小撮高麗菜，豬排很薄。
便利店咖喱比這裏好吃。
味增湯就是洗碗水，加水加到爆，沒有味道，","https://lh3.googleusercontent.com/grass-cs/ANxoTn16x7bYN0LQQVG5P0nnHLwMJV-xiyoDzm_C7SenncbBJ-iThZC5qcPeFA2WeQCP1ihHfTajJ1278BnxkUJpsakTX9FMPkbDb5u8PWgpYGIlGq69q_AcuVZThxqZD77KC5rofGIQUA=w300-h225-p-k-no, https://lh3.googleusercontent.com/grass-cs/ANxoTn3klw1Fh-J8vHVnYbR15bPQOmnTramsxCMvj0jwigBowRBMtmR976FYRkt1-koC7Gq8fDcJMZbfHBLX4Aev3Hkpbw7WNzdEaXQHgX008y_M3k5BObYiJ7TSGdqDJQQ5=w300-h225-p-k-no, https://lh3.googleusercontent.com/grass-cs/ANxoTn1LH9N1lhMZgfLmH9R8CpgrVW1NVwHog-dMlFf1rEefhskxQ0I8SrWu1Imyc7XN1oxOPHbLwxr0EOe5qzxYfahhs2KnilV4t8UmGWJZ1ebw7mnJC3zqsn46FtROuOXe9p0YJA=w300-h225-p-k-no, https://lh3.googleusercontent.com/grass-cs/ANxoTn3UgPGEB-5HkwaVpDUjIajl31wbVCrcl8Fw8rrgdvzRCJ_26xxkEPUZRAz9h5_YtKuCM0Z9icezXVgFeo4RbY_p5JLT4inb3b5orKoXKpSuYUa1rDax4QhQnYBI85JDzVXvgDzy=w300-h225-p-k-no"
Wison Cheung,5,2024-05-19,2 年前,"正當要找店家吃晚餐的時候，就出現在我們眼前，店家陳設讓我以為身在日本。
食物十分美味，定價相宜，一定會再來。","https://lh3.googleusercontent.com/grass-cs/ANxoTn3xyzAPOOf-qNWYsxh2PWnSPcK5iRBkHycsx0le-ZIHyA7YWDR9S66cNpO_IbIrksJrpR8osHCLNxdI8vBIzuiMMpBNt7L2mbDFCom5ThnyflaL5naPmvEuqjSom6lrVwGVjIuo=w300-h225-p-k-no, https://lh3.googleusercontent.com/grass-cs/ANxoTn1x3Iki4i7HQgnyxK5QgETwSQnRJnoD8RkcXhzhUSUQaQquhm_3JLFBw_nvr2X_b175ahjbNgHqpEP-v5xWxS9TtUyKUuV4XtqtCSJBj9X0wlBTaDiPoCwOhROnIwks5Fe2oDVx=w300-h225-p-k-no, https://lh3.googleusercontent.com/grass-cs/ANxoTn3LzUAP2yoO1aJ6LpB6Kq4uzTSR1AeWfrP0zUIbwnWxmtk5jADbZydqL-l8PtyrpvpAOsVkIg4kXBOSOOsffEW8Cxui6tYerRTWc3UpwYw1jwNM-kZU3O4Wa1k-5KOv2oX2Wv2O=w300-h225-p-k-no, https://lh3.googleusercontent.com/grass-cs/ANxoTn3hGgtWnMmWFRtj2rTZQ4i3POePI1B7ZE_j4tAeYZGy3CsfozygIRO9UOI9zWaTbCYMUVBjdL4Vg1tZF7pA_aKGw-r9zmogRvVxhVdKzpp0Tz3DH0yF8Ux1JXOGCYZ35YslD7WX=w300-h225-p-k-no"
Jason Wang,5,2025-05-19,1 年前,"很有氛圍的一家拉麵店
味道不錯","https://lh3.googleusercontent.com/grass-cs/ANxoTn0RO_VsRvrUY6xDOIdpBFfRiBoMwumPcHtAAFEIMqesbrHwB100rfRplzIjC8voOhTBzfD4ZOFOg44JQiUbe6xkE9XvuPDVyJDUBr5qD14mMBgYwyDKfOpXr-kGiadY5r_6ikMB=w300-h225-p-k-no, https://lh3.googleusercontent.com/grass-cs/ANxoTn1cKRDdAgdA3bTKeQYGZyKnNrygNcbghnuZDbDMol5Gx6AU9eIOAy-IRJStxy9_cQIA9XM5MXmNhG25bBm-dJZ3-ISxAey2Tj-s8GZvyFyeER6M-nYGcIzyxPl77Wm3cFRLiVFp=w300-h225-p-k-no, https://lh3.googleusercontent.com/grass-cs/ANxoTn1ICqLaHt3riiRPBz9sCv5etVciml-5YgdWSisE55hycMqOHVgRDN32B3za4ns6a_5OMRgPwPSdTjGqtYeSYq8kXAuJmu-SQXv_7U6MAdvaW_DCRA_BiRRBAc9Y3tFJ21ZmVkeKgA=w300-h225-p-k-no, https://lh3.googleusercontent.com/grass-cs/ANxoTn3YWE1jHtRbvrr-hYigSo2-xcY2StJQuj9cua5TBT43TkN_XswQKqYUHvzOQWGGT4FcbOLe50BwH-u5OjBXQaacXOJZ2ZaPbJegpA6WHDWdD_N_-dLpDTAYxWl9Ukh1uTurSx5D=w300-h225-p-k-no"
小桃媽咪,4,2025-05-19,1 年前,多元支付，份量其實蠻多的，還可以提供免費加麵，很佛心，價格合理，1大1小單點加升級套餐，2人吃超飽，有機會可以一訪嘗試 👍,"https://lh3.googleusercontent.com/grass-cs/ANxoTn0_3fjmCc1Kx6iWwq5OC5HqovouRbftNPCkcf7g8ELoxiFQGkjq9yoYmCYTzCxnkqkdLnRMBIk2AM9sDrexb03AxgHlf3R4S21GVNi0OB1lYtVU4pXCCNVvSpUYy3WlQnmsAeff=w300-h450-p-k-no, https://lh3.googleusercontent.com/grass-cs/ANxoTn0ZEjMMDIXUJy0dJ8bnH5fYNoNNrYa3_lJ7lmI9S0m8P0Yf3CysrGGZM48xAlTjikPOnyJCpfZ1Ccd03BzhOfYbbNhMlCMWoYRX_NR5QYNs1fh511BMgrKkJ27zI3dQiFuQRP3G=w300-h225-p-k-no, https://lh3.googleusercontent.com/grass-cs/ANxoTn1z6qaWCAgHvfc4Rw_CZ709EvyKRHkL6Ud4-fiiFoIZgLKqRUD6TEmVvMt94_WG7b5tXDPDFfqibsAfla7xg9WuIz9cqOoGOHDT99LjQ8Fgv0cldHsBFRwSYzqffE7J6sqW6ynw=w300-h225-p-k-no"
吳倩貽,5,2024-05-19,2 年前,"店裡座位不多，大概20個，中午來吃空間蠻舒適的，老闆人很好很熱情～看我們到門口就出來招呼我們。
點的是豚骨拉麵（白濃）$170，配菜有蔥花、溏心蛋、叉燒×2、海帶、海苔，份量一般，大概七分飽，可以免費加麵一次。
叉燒非常嫩！真的很好吃，必須留到最後一口吃的那種，海苔也很好吃，湯頭不會太濃太油而且夠鹹，麵條偏軟，溏心蛋有點熟。總體來說覺得CP值中等！",https://lh3.googleusercontent.com/grass-cs/ANxoTn1OgtTVQ-f5CCeUGoiMRXGBn3DCb9peAMkyDQo-KB3zmMJviETc5y58ys42x0BMbBgVCy9hYGmARyEpGbzvVT3PgNuB09gK1g1GzNYzpo60tckve_IEUSJiIrHhZsc8kSJC0ndn=w600-h450-p-k-no
鍾鎮安,5,2023-05-19,3 年前,"拉麵好吃CP高👍
湯頭濃郁香，經過老闆調整後很適合台灣人。
不喜歡太重鹹又想吃日式拉麵的推推唷😊
今日外帶時老闆也很貼心交代外帶事宜 …","https://lh3.googleusercontent.com/grass-cs/ANxoTn15cctcCxZq2Nb0VSgVyPfiwq0iPGMG-aopYHQ62nX7bvHGGiAxFFmc7fk4tYIQcvOKwDZ49-xaMSzxhGEKy0IBsZDdHFocixs8autp78F6p4Zf4PGYCJV8tX1fqMWcKoI1hQf_zA=w300-h450-p-k-no, https://lh3.googleusercontent.com/grass-cs/ANxoTn2mkuftZWHLxGT4xgBDB9-iivaflLdpE343M6SLIsA8jLQFcA_tUqLVHRohLSG5lx4BcP5ke6pyWNHjQ1sU_Cq4eimJHzN2aMmCuFKeY8ggdlOrMxFyjtjqVVVJDKqYBHGoD4_U=w300-h225-p-k-no, https://lh3.googleusercontent.com/grass-cs/ANxoTn1o68yJjIHeOLhcixNKqEpnhgyMnMbMEa9INl7lA8fufGilU4DCbaPUfpoWU5TSFGTU0WD1xdKvQVnJX4Agqs042tGbmoYC4czPI7F1VAOTZLqF7It-jLRvGkahpToWVv9SmaSNOQ=w300-h225-p-k-no"
HungNien Chuang,4,2024-05-19,2 年前,外觀很有氛圍的店，價格尚可，份量很足，可免費續麵一次，學生來也可以吃很飽！味道也還不錯喔，雖不是驚艷的好吃，但中規中矩。重點叉燒肉有入味，且很厚，目測一片應該都兩個銅板疊起來的厚度。上班族來也不錯，店內有玻璃瓶的啤酒跟冷/溫清酒、梅酒、沙瓦等酒類可點，價格不貴。這次因為拉麵吃下去就爆撐了，沒點到唐揚雞之類的炸物，下次會想再來試試炸物配酒，一定很讚。可惜這間沒烤物，不然一定更加分！,"https://lh3.googleusercontent.com/grass-cs/ANxoTn1eWwKRIMPdDhgq_BRKdAuVSgIPOdk8LXrXMsugKjIqe30QvqOJJBMaD-1Pzg4IFrnVlPzeSxBWTeqtqnBXBO4DECSBhV9ALuaV4wq2rwJltRlI2sQgBtCKdmYnCH-WS5Z6tMo=w300-h450-p-k-no, https://lh3.googleusercontent.com/grass-cs/ANxoTn0KEB52sNEQ2P43UabR3J0eduVGqbW3nHmuMmmWDk4YpLnastXYQszccQiIVTqQ5J0oRJVMeYiKZ6Es1FjLlP0Klv5B7fjomx1sxuaIrpTIQeBt-rIM05jvYoiSDC44fTQq0KPl=w300-h450-p-k-no"
Sheng-Yi Hsiao,4,2024-05-19,2 年前,"唐揚雞現做  肉非常嫩，皮跟肉可以輕鬆分離，不過要等一段時間

味噌拉麵的麵份量充足台式拉麵合我胃口，不過溏心蛋只給半顆，味道微重。",https://lh3.googleusercontent.com/grass-cs/ANxoTn3ejyqwLKdQaBhXDfm-aW6rHpDsU0tnSu7FE0SJm1eFp8AYYk4v_mjdn1_xJ-X9JXiSbo8G0LiY2RHN5ULIVXbe1DLfcUdc4AKEHaUB0PvwUdYDdd52E_QQcGBrG6a8KhfIZwOV=w600-h450-p-k-no
施怡,5,2020-05-19,6 年前,親子丼真的很好吃！而且只要130左右（忘記具體價格😂）很超值，還附湯。主餐+68就能加一份肉and飲料（第二張圖，我點的豬排），這個部分味道就比較普通，很餓的時候可以加一個，cp值還是很高的。但平常的話建議點個主餐就好了，不然會飽死😂😂😂 …,"https://lh3.googleusercontent.com/grass-cs/ANxoTn3jAh2bQguBbh5XJg0mMMwAHKYqWrdabdlbuk3SnpgGV7tfVD8cc6PDE6wmykGONhqzi2hLWyv9nhicN4YmgQ2rey_pf0V6662CymtgtKVJLCMEf7zx4tjWZysP16U_tL4QxwtsSQ=w300-h450-p-k-no, https://lh3.googleusercontent.com/grass-cs/ANxoTn0qqEV6x9wayKOoRkXscvlvGMNdBvrf2anmYwHNSjOWdfMhAM4QGfjm87WP_-CE7Qb8y3tRz_L50cmHXuJOOwxbmbC5iwHEhqsLR-O5ovIx5_2hueAlUqRqFNeWzC8nFTVSHB6w=w300-h450-p-k-no"
314005,2,2024-05-19,2 年前,2023/09/04，外帶兩份豬大排烏龍麵，一份炸蝦烏龍麵。豬排炸的有點乾，大小約只有手掌大小，麵量約一包市面五木烏龍麵份量，加上少許的玉米，海帶，蔥花，湯頭則是味增口味。炸蝦烏龍麵則只是豬排改成一支很小的炸蝦。,"https://lh3.googleusercontent.com/grass-cs/ANxoTn0P5siBOQqsgrR23OXeyRyLzR-xVKb1WIdoT_ksuBJ3CH6aYFKFtSIw9unGJbgLMv_0WjduSKUUGARlQ9Dzzi8DXX35pPkCWLwNTzjdWZhkyqKPdecsEVqCTlaeoLuP6S_q1IA9=w300-h225-p-k-no, https://lh3.googleusercontent.com/grass-cs/ANxoTn2WXRulCCpZ9OLxOBICLXksnOUBnBAx9LGHF651060q61ZQryoHlpJl3dem4mPjK0qG1azhOG_riRfC45UWzfrtsAI1V5OgibXf2_3xZg7sU9yl7CRhY732PPEPVDFFY02XABPe=w300-h225-p-k-no, https://lh3.googleusercontent.com/grass-cs/ANxoTn0HqYqNr8es6_gk08_cfNpsESzkbF1Z64nChIfnJVBu0lLKOdBgXL3n079rzDuIJqO25wwKBmaZrM036fbx3JUtHIPUpgT9rAOicQ3G5ufxaaxY0fdCKsyui6tW_I8ISfDMKPdd=w300-h225-p-k-no, https://lh3.googleusercontent.com/grass-cs/ANxoTn3fHLLddQf_fWnLlNAUtpwT0Q3QXgyG_w_7I94zwJBIG8Rc1f0DXDJSPLwMq4IJeLyI2gUoHAuozH4-YwDal4h7fr4vQ8DvD1vaDkTZkd2uSNyIprkJVhV1fjGv_rbjF4aqN5QC=w300-h225-p-k-no"
Joanne Leung,5,2021-05-19,5 年前,"蠻舒服的日本麵館，餐廳裝置得有點兒不一樣，麵食都還不錯，價錢也不貴，跟朋友聊天這裡的2樓會更舒服，而且點拉麵有一次免費續麵（結果我續了😂）。

後來還發現小陽台上有用餐桌，天氣沒那麼熱的時候，應該是個不錯的選擇！ …","https://lh3.googleusercontent.com/grass-cs/ANxoTn3M7EI_NeFYnKJMwuPNfs7OUj26Nm0dWmqbKmcv-G3SxOTulMdo6dFB45lPqz5DK6ScYlBrD2Sb6p3Hh26SIntbYi3hSt68PuYv-fGx1KbgHbOF1cbPZ10864d0bfkoZysPpkdP=w300-h225-p-k-no, https://lh3.googleusercontent.com/grass-cs/ANxoTn3yYFtMMPdPctp9Lb8OXSCsRzqHqkuO_bOpGDAwGWNRTYJqHAHWgZrMwaWsGciSPRFgyUjznE9Y1cPZAF-jiHym_ploFpVyBR8RfuWLSXcidngAwxGQtYG7bWIbl4uyk1Y22kvMrw=w300-h225-p-k-no, https://lh3.googleusercontent.com/grass-cs/ANxoTn1dOj-Cm2MQWU0ZuOsw4OntP-Cwt68d7M5aMgip_lxukjU02eY9ZHQRyg8oawvSby1SoasAIsHgRlqX6ezTObtgM--ZH984ddfC0GDWZkg78gRIPbc5p6sDlRh3ScB3ByU_3DQ0=w300-h225-p-k-no, https://lh3.googleusercontent.com/grass-cs/ANxoTn3l9QXFE-cSzjANMWR9NJlyiqAwrOgujXZQeNAKxElvjqMXyl1HTwbNeukvXLXt6VjSOgbvSzkop78PbnOfS6j9vhTTcyjOfXLOkR2DOuUorcSGxKVjQruFgR450arLUI2N7mAbNA=w300-h225-p-k-no"
威廷,4,2024-05-19,2 年前,"✨餐點
1.特製豚骨拉麵
味道很家常 很像五年前去西門町會吃到的一般拉麵味 蛋不是溏心蛋 海苔是原本山那種細長形 但叉燒肉可以 軟嫩有味道 如果想找日式風味的朋朋可能要三思🥲
2.唐揚雞98+可樂39
這個有套餐組合價88元 可樂量偏少 是內用水杯那種量 但唐揚雞可以點 外皮很像派克雞排那種酥脆外表 內裡的肌肉多汁好咬😍","https://lh3.googleusercontent.com/grass-cs/ANxoTn0PT3dV5UADykaTCwF6_jHdENNgjGqIYjIwyWXpZMoFdJBdasraGl6iceP_Ug38jc_BdT17zzfpTmaN595R5KTNVvxJEcGwapueSjDXXEfHHpq1SQjBWdPj0qsT5bh-EftGlDR0=w300-h450-p-k-no, https://lh3.googleusercontent.com/grass-cs/ANxoTn3DskvN95h-MK4oW0s_H9Q7pm2a9ZcW0t4SXZ0GCx1EMqECo33oRzjKjdf_qfGcWijnTH-VGMMfsqF9aqMi6QF7rbuY5x4ysMk220RAuT02-RAFqnlcIQODigY5n44W5Bawt8Op=w300-h450-p-k-no"
魚,4,2024-05-19,2 年前,"路過很多次，外觀很有特色，終於來用餐。
用餐點的是炸雞塊拉麵，老實說這不是典型的拉麵，就是台式改良拉麵，雖然不是拉麵，但味道可以；炸雞塊部分很值得吃，現炸的吃下去還有湯汁流出，麵衣有奶油味很香，沒有骨頭，比起麵，讓人印象深刻。
先不管是不是拉麵，整體味道跟價格來說可以給到四顆星。","https://lh3.googleusercontent.com/grass-cs/ANxoTn121Ck4NQjuW_0GRRm3_STRxO_Z5Jqv9N5HQj65JY4q0JVIiwX3V_HdzhIBdLnxhCJSFClTlcsi_RcxsXSiJ1XUsOC00mvh-sOlJJQJpfJjscDFWFc_e6s4ijBmZ7bKBZ-cZY9sIQ=w300-h450-p-k-no, https://lh3.googleusercontent.com/grass-cs/ANxoTn3AkDt8SYyyZnP8L6sFEjCAgcsp66toO3LlY5PB7BXR3d0I5anxmUigKobJWc6oOCC9w24xsSdFjG4ySy1KmyRtqTfNWPQT57osHzpdNevigkQ40zeicVMlmu6aleRzST20KdqI=w300-h450-p-k-no"
吳育仁,5,2024-05-19,2 年前,"來了好幾次
餐點的品質一直都很不錯 而且價格也很公道
還可以加麵 份量都給的很足
最驚豔我的就是他們的炸物
特別是唐揚雞跟雞翅 巨好吃…
是真的皮酥內嫩

老闆娘也非常客氣！
整體用餐體驗我覺得很棒😃","https://lh3.googleusercontent.com/grass-cs/ANxoTn0Dg3qHslpDwT8zLcRoXBFUYy2DTjxXT8N-zkHJhAO977sfqJWW1Ypl2fYS5E_h0pF1tFh_fE28QwqGk8HSQVAdIzhqcSoZrKoQi9qluY3WpTPsN5glH0_pMOSE6jQLuoFl=w300-h450-p-k-no, https://lh3.googleusercontent.com/grass-cs/ANxoTn1yvSZ1JNzt7a6heysR54ssL-WKafSd38WpHJpnoYe7ohkC1oVMo55jKunvBQCFL5qYLRMptqVWXPhUuH5NPfyHhMf7I89uXDbhyB9gwb4j1lQWvOALvHnJQDpO32p0uBGu-SG4Ig=w300-h450-p-k-no"
KellyChien,3,2019-05-19,7 年前,"🍴特製豚骨拉麵組合餐（豬大排+飲料）

🍜麵條偏硬有嚼勁，不會軟爛。叉燒有點柴，溏心蛋有點過熟，蛋黃入喉很乾，白濃湯頭表現一般般，辣味湯頭沒有很辣、偏鹹。

🍗炸豬排非常柴，像一般便當店的那種，不過酥炸麵皮沒有太厚有挽回一點頹勢。
🍗炸里肌相對比較不那麼柴，但也沒有太驚豔就是。

這個價位這個口感算還可以，CP值沒有特別高，但至少沒被騙錢的感覺（組合套餐蠻划算的）適合平常下班來吃吃，吃飽後外面有一攤酒釀湯圓可以帶一碗當飯後甜點。","https://lh3.googleusercontent.com/grass-cs/ANxoTn3lJDzQbDaoh8j_XpAWX9x9eCkZmpA6Gdp8HzbBYs_xZK3plsRemzID5Bru2xWTznHn33Xx-uKLOk9xFVV4t7hQSyuVI1etYmZvysMqadN5oy8qC_cF41wCcBhOrIhHn8HN9xFY=w300-h225-p-k-no, https://lh3.googleusercontent.com/grass-cs/ANxoTn3pFRj7jJ7aczuC3kyXExe2L5Z4HydMPHMXOq2Er-iPHbeu6RVTmuqH3mB80QJ1nDzFE30gwrLN7bHvpSGlyyDx41oZ65khDQr5-fIQQs-yBwg3v7NPPyUPvc2u5iV6y43K0yeVMw=w300-h225-p-k-no, https://lh3.googleusercontent.com/grass-cs/ANxoTn0ec_5wqedgIEf_-9ee0nNlW1UXoKc47-DTitb2RwYdaQlSbyfz4TWC2U_ULe_zFghtA46HfuqodTU9kTuBIbOZTQOeLnLf6PMT0yv2zmXWhBLkPamnojyZiCqPWAj3tZDTEG_4Hw=w300-h225-p-k-no, https://lh3.googleusercontent.com/grass-cs/ANxoTn2GBiUw1dfUCVFajBU-485CQICkCsTIUBSD8txiVH6DJNvC62RBBd3EnV5IrWz8w4wcKgJE6Qdiksyl1F3YtT4BA2ebsaMUpVPYJp-gKW5haHK1vULPGjWQASNMKMsX7vw87X2c9w=w300-h225-p-k-no"
Gibbs Pan,3,2024-05-19,2 年前,對我來說叉燒跟炸雞太油（或者說太肥），湯跟麵不錯，不過個人比較希望更濃的湯,"https://lh3.googleusercontent.com/grass-cs/ANxoTn3HWa1fpM3bBzTWUg4cEXtWogVoji7o5Jn4tm03E6jV_kp0EjhGXHgzEvjmaedyzF_HY-FguohVwOP0FodbhH45Cdm05zQk0GMAQ92hwZ6isbkR9J6O7R0RxscdsTfrWtaVINZThA=w300-h450-p-k-no, https://lh3.googleusercontent.com/grass-cs/ANxoTn2tli4b85ojLVxjYMYdi-BgIg95OyLgMgPgdELF25DKDwQeq-ErJLez9UnuZQXvPuObqw0nVYZLF_3qAu7HXm_SY8OXWJ37WZkiLJJg-PNd_vXQVgl0UVbyXK1Espt4JU8b57Be=w300-h225-p-k-no, https://lh3.googleusercontent.com/grass-cs/ANxoTn0Yq-m_iL_Kn2xZNBSPIaWXi4ANT3XU4T9cKvYhgeDDir4BHrAMMEZDH0v1ptwWj-frWXW8HsdAqNBfUG_7EbmsiyMcN06iyMcPdCNMj0SmfSILvynMl5xIOjmeQyGkMpALY89quQ=w300-h225-p-k-no"
嵐,2,2021-05-19,上次編輯：5 年前,曾經好吃分量足，料也很多，大碗又滿意，可是最近好味道變了，變的很不道地，很台式，不知道是否有換老闆,"https://lh3.googleusercontent.com/grass-cs/ANxoTn0nfCqb2UA5gkrCSvv8Uh7w9opdkTQEWneyjTA6Hm6-yRwCkGll1c9d3kVbPKpn9JfMFq_5cT6SdRoUcKIZugnnLS1Ci8wXqy7uHH2sfaY9jmTef3T4oCXl6WHSN0bwaVX739y4=w300-h225-p-k-no, https://lh3.googleusercontent.com/grass-cs/ANxoTn1sTfLwUqztWo48KVDTvZWK99o-pz-5301zoXHRSpLYM4zqCq5fxubn62IzENn1VaLcBwgvGyssMBj46Xd_5wPvXj_9zfPefRUuxG5vhqeXTBfOc6wJm-C8SVnZHOgs0ggqdNNx=w300-h225-p-k-no, https://lh3.googleusercontent.com/grass-cs/ANxoTn388Wk80aFj_AabE_ALrfJvpuXcrUcAaTajpwJiVINp5C8r-6pq9MWnjXWc355YrCvO3yjyedLbIR8jFduS9My708JDBqfc7Qcd1nIvWHN8IVTMNk3wGgsY1QibUqAvdPI6Wz4=w300-h225-p-k-no, https://lh3.googleusercontent.com/grass-cs/ANxoTn2-8o1-vgHS9t5PFhJ-Dq1f-LZ9xgN1GJ9upXxfatP6swcNY3peN7syPNJAPnqdUKKQUkepgDCgr2y2otcujUNoJ09Gzd7WQhC3_OuAaif_ynH03zW23UsHkwFuf5GadGyc17c4=w300-h225-p-k-no"
小蒨,5,2024-05-19,2 年前,這家拉麵比較偏台式，剛好本人比較喜歡台式拉麵，覺得很好吃，湯頭夠味又不會太鹹，也不油，不過炸雞排也很台式就是了😂,"https://lh3.googleusercontent.com/grass-cs/ANxoTn3PnDr_KMef4X_lTIXpAy2Sw1ZUp63LkLC5HvBtHppMJZz-PockcohCdCH7W-2fKqaeau1-UOhfYNl8pNtMdFgvuyX1JPDeImfdJGHGdhnxaUWRfQRJZNZE02S5OeWc3i0jsItq=w300-h450-p-k-no, https://lh3.googleusercontent.com/grass-cs/ANxoTn3vSoFLByeziDZcJkPycrbZTkSaXZxb7JultXW1tBHCtYtLC_X7ZLCc7moVinhsL75RzEA0k38JLMr0YJQ3WpKRS1g5P29P2kOVxppAUBbi2BAYWeO3DGdSgRce3K88EQJiwRil7A=w300-h225-p-k-no, https://lh3.googleusercontent.com/grass-cs/ANxoTn1gEQYCWg4o_g0Z9WnveIp8uEi2viraL4MSOICms7DdpTkCGteRMBzoVVs_oB9y06tyd-MJDnR2qC53ALQKyPqbmUOXtCzV8KWNl4hfsyZM0QgKKnXRmrn58kES6FgnSZ2bObE=w300-h225-p-k-no"
Team Taiwan,5,2022-05-19,4 年前,很不錯的拉麵店，服務人員相當親切友善，加麵也很阿莎力，但多一球麵真的多滿多的，會讓你吃得飽飽的。,"https://lh3.googleusercontent.com/grass-cs/ANxoTn2LEFppSYe9kHcvm66jLATUNleqXoBYgmN9ej2y9K0BagZflXrLMTybf1mjN9k5jQ0tm56UdSNSBrvajInfiANcFtiWfA-nuJRD-6go_BvNnRdC0xe6XtklXJoRYBgwKg3b-nCsJg=w300-h225-p-k-no, https://lh3.googleusercontent.com/grass-cs/ANxoTn1p1wEkr9t379f9hSNMeYLCVETDd6tggKcU-wa34jzlTIqd011yQI4yhQapAotsXxwdfG75p5_IZ5oaGEFkBwEqeWHEVodYiQQzTyL4HdYswkoqDZki6bLUqE5CnXL2V75ZDsm7=w300-h225-p-k-no, https://lh3.googleusercontent.com/grass-cs/ANxoTn2HMrVNoF58rnwMtJIptMYEWjKngnUeNDb8OW77N5tWAK1UEtq9XTGcFJElS8tT1phfrYaC7FII7MFg0HglXxku9gR6UvKl2ODF7BbCbLq4nBIRqO751zkAEMizi_igkBt8GAe1Bg=w300-h225-p-k-no, https://lh3.googleusercontent.com/grass-cs/ANxoTn3QaE_28Copcme5SUico1e_x__uAcOJJJHzsyDq2ReYdd0SRJDtKsBa8bMb3IhcU11vwrkc1WhZeR0Pz7WRKgvEpC-m1z40OD-e6ENnQJlXzq6M7S7YzWOeXuYhTpgEWHR8I68=w300-h225-p-k-no"
夏嘉宏,4,2020-05-19,6 年前,"我點的是 叉燒拉麵蒜味 加套餐炸雞 跟紅茶
炸雞真的軟嫩又好吃 麵的份量足 叉燒有5片 算多 拉麵味道尚可 偏淡 CP質蠻高的 尤其在寸土寸金的公館商圈 下次還會再來吃的","https://lh3.googleusercontent.com/grass-cs/ANxoTn0zhiJlf3HHYOZ3rPzHaDhwdXxYCwTeXDwv5kCOroR3Cl5q0XfNYQ0TfKxKRT8UtzfDdOr_-k55jmQ0uZM8psrfJaS4bHjWHo2EQjGXc9lY0OhQJ2Ai-fHI6mKJ5QG_Vq3Our_D=w300-h450-p-k-no, https://lh3.googleusercontent.com/grass-cs/ANxoTn1pNim-CJFsxI9VGlxV8hCAzrgOGxT6XAdhEkiJvvjn0WiQU5umsqtht_7X6KuPj_qRoG3NaBTotiF4ZoW7QI9DHLH2XZfAj7AY7kxBiTK8tMw3NciUJH9KBXZpQWbmDhoxFsI=w300-h225-p-k-no, https://lh3.googleusercontent.com/grass-cs/ANxoTn2_MH3ZyRqZ_DgOdaR8QX90dHqDOZ_LyE40ycFS8dZzmms_odeMOqAbtmr2WEO2U6iwkQZbUz5ZUkjxOO_kAVlv6HLFJiCWPIb8PpgIl1xsYoscyuho6rY5vMq0O-ICsfIzCl8Dww=w300-h225-p-k-no"
盈,4,2023-05-19,3 年前,"台式拉麵，便宜，加麵免費🆓
🍜豬排蒜味湯拉麵
湯味道普通，豬排還可以
烏龍麵
麵條Q 還蠻好吃的，就是沒什麼料…菜很少
玉米口感有點偏硬😅
湯頭淡
喜歡濃湯的就Pass這家吧！","https://lh3.googleusercontent.com/grass-cs/ANxoTn25BZtY9MpcPHu1iUmLUJpo2bKmEILVRYEeecbmLRtJndwfrINdWENvdI6Qsb_89ebTHjEBBLOftVM_81XDiJSTu5Pz4KElt-TPupbDp5IJepyf-j_k6oyzKSCaLPF_1GoNdWlQ=w300-h450-p-k-no, https://lh3.googleusercontent.com/grass-cs/ANxoTn2IqN7HL8MJqGnlF9HX2iFeLATOYpmwKLSotirw9ISAk7s6pkZ1_A_LOQ1goF2W0YnGbDNU0pOko-YfpFj2lurd1_kdBqzi5KnSMQ6MsWllC0QVnG1Ur5kPEnHtUa70rcJN9mFC=w300-h450-p-k-no"
沖田总悟,4,2021-05-19,上次編輯：5 年前,2020 10 7公館三鼎那附近都吃差不多了，找到這間拉麵店點了招牌的豚骨拉麵可選湯頭，白濃、醬油等，這樣才138在公館來講算便宜了，麵條偏像台式鐵板麵湯頭不錯味道濃郁雖然不道地，比較清淡點沒那麼鹹豚骨味較淡，豚骨肉軟還可以，玉子蛋白Q還不錯,"https://lh3.googleusercontent.com/grass-cs/ANxoTn0MFANK0tJyV69Rl-dPnz30iSehyTEj2zJmXUoQNhi7WtIG-DQ56Vs_vLEUQDIjjfLL4kqm6WFbAKS77Jcz3ly-IsGINZu6Ek_6d8SYApHTckEXmgzsopE3TPhY4gVBNG14GV7D0A=w300-h450-p-k-no, https://lh3.googleusercontent.com/grass-cs/ANxoTn04nOy-_JnlegMreGoomX7IUKqFJdyxdmHsfpab4y_ewsZsMNjkUHiGOReCaBX3O4Y3uH7a6iXIMdAs5EmbCWBxq7NrM7AltDXUMTWEX4kLBCRsocl3-iWpJcF_SxMhh7Yyp0w=w300-h225-p-k-no, https://lh3.googleusercontent.com/grass-cs/ANxoTn2OtbBvCjcITOGdNQfuH2G73X4TYLtSi-1FLZEj39THcuSv9V8OsNacE8bUuuduutGJP3c459nLffU7HryiZQPYQE8DSrBHbJeg7rs8gP0wpyFvMABRHS3hiaFnSQsdbgBsv-qolg=w300-h225-p-k-no"
觀測者,2,2025-09-19,8 個月前,"服務態度讓人失望😕
同樣是客人，對別人能夠熱情招呼，對我卻只是冷淡回應，落差實在太大🤔。我明明是有禮貌地詢問，卻感受到不被尊重。

花了200元點了蒜味豚骨拉麵，味道普通，只能算是填飽肚子。
最大問題還是在服務態度，真的讓人難以接受。",
Chercy Tseng,3,2021-05-19,5 年前,"覺得唐揚雞炸得剛剛好！定食可以再加飯 $159
可是就覺得有點小貴⋯？因為菜也只有一點點～
不過味噌湯的料蠻豐富的嗯嗯","https://lh3.googleusercontent.com/grass-cs/ANxoTn0BkXs2q5Q_RovQojtSQA_81E2HECY0IF2iP7XA-HDyFZP6pHoY0yLzleiXa-4xv1ilMVrOJyhG8vxxb1525toRPphvrnsRwKA5mpwgTK6lz4CzQdWSNji5ofH4Q5YkJlBanGzn=w300-h450-p-k-no, https://lh3.googleusercontent.com/grass-cs/ANxoTn3broDAZ-c-ZTQifwyMCFfn03aF4G6Wbswt0Q9rjXNAIvlI75diTEmzqhq8yz95ZcG-IZkkySKrSpKKDcXFjfBrFIBsyl5PToewbaw_ddFf35ylqNG6b4aPU0GkwaZTq3842Kc7Qg=w300-h225-p-k-no, https://lh3.googleusercontent.com/grass-cs/ANxoTn24rOaDygQaBKRLZ9CfmA7BgBCq2og82tABaoy7aDoXr5yB1f2ARLX7ztUmEjlAOfo-ife4exoDIuavO3GbRGXKTqq3gsGwkXt0euavacNpEK5ekAQAanimcj5y4dAU2qhP87Y=w300-h225-p-k-no"
菊花茶,4,2023-05-19,3 年前,"麵條不錯吃，湯不夠濃郁不夠味
辣味的拉麵也沒有辣，
但吃的很飽，價格也便宜
可樂餅好吃！
豬排不推","https://lh3.googleusercontent.com/grass-cs/ANxoTn3MVn5l0IQi40Bw3ktYtBv421eAxbCPyr1QeuWqctp1R8ermDxHkP0JuRkNRJOeg9GO4MuCIr7KCtVBYBTjUx_6MgH_dq0oh7-ooBgc056Sqq5m4q1EEsWZF1IUO9EwlxCaQU0=w300-h450-p-k-no, https://lh3.googleusercontent.com/grass-cs/ANxoTn3pIJr-9ENb6Hyixyy1ZSwpvbfQjYBUvvpBpF2-CzYc8Fuu0LJmTRlt3s2E-qcrTpx3eRla_Arf-mi8AgyW5H8S3gFtUmhTB76X9b1liFDUXI_2PphjlcBgYs39algZqazQHjG4mw=w300-h225-p-k-no, https://lh3.googleusercontent.com/grass-cs/ANxoTn26WfVwxzrpimju9EP7fDgLKD9UqPG60aBdC6y1_9XkjmRXGxarj5foI7c_wsiaOtvB8gvYFPsW7Ay0mgkxY6VcmXJJhMg0aVER8To7Clfmu0DT5OvFT1QtL1dNJS4ANxZKVh_k=w300-h225-p-k-no"
Tsung Yen Lee,4,2022-05-19,4 年前,"2022/04/14

內用空間滿舒適，不擠，上次來好像是吃特製豚骨，這次點了炸豬大排拉麵。麵的部分還行，可以免費加一球麵，但是豬排就有點乾癟，很普通，覺得朋友點的炸雞塊好吃很多。

環境：★★★★★
味道：★★★☆☆
價格：★★★★☆
綜合：★★★★☆","https://lh3.googleusercontent.com/grass-cs/ANxoTn2Tq_X6j9Bdeqf1ousr3OYo4k2mLUV0Vq1erF0WpM2Z7j0ZKOJd0j0ZuJ9AOlOb-ogxJ841OtTcSlpsnp3VlDWVKTv1mowuPSZ0b0uvZGbtrtp-PZXD6CjEVkm1Nf6KClgqs1NuBQ=w300-h450-p-k-no, https://lh3.googleusercontent.com/grass-cs/ANxoTn067bM5lvlIXAXWruAR2AatBMkIp6GCa8raWaYmNGw4oHUHY2BiCPa1O1BAJdaeKhUO5SLY6xhazV_67ryPQt2t5LTqAWjpAPKIZgDye2_nYBCk5yrd2TEZ0JvkH0HIv__m7yK5=w300-h450-p-k-no"
Hsuann CC,2,2020-05-19,6 年前,"同行朋友點的炸物都超級油！
光看還沒吃就滿滿的油感
炸雞也是很油而且感覺就是回鍋炸 不推

野菜拉麵都是菇類 玉米筍 一點點高麗菜 不喜歡這些菜的不要點
湯喝起來非常淡 整體吃起來很像自己在家煮的
這樣要128有點不值

朋友點叉燒肥的部分居然是冰的而且很油膩
他說吃到有點噁心

烏龍麵不是讚岐QQ那種 比較像便宜滷味的烏龍麵

店員服務態度普通
價錢也不是多便宜 應該不會再來了",https://lh3.googleusercontent.com/grass-cs/ANxoTn2R76v-N5YEgBN60tmeMryOxO2zl128mwyl30PiHvrotdzOzfimnPt1HzE3c3znFxXJTvbH55UG3FDq-32RlI5wfJZJ32o30wBP6eK0GSvmuvYI8TuRYxDKt4AP1osk6Uhz8Uu2=w600-h450-p-k-no
宋怡萍,4,2024-05-19,2 年前,豚骨拉麵味道濃郁，叉燒軟嫩好吃，可以免費續麵一次，很貼心，海鮮拉麵料多，價格划算，加88元可以選副食和飲料，上菜速度快，一個人吃也很方便,"https://lh3.googleusercontent.com/grass-cs/ANxoTn231nLsQnOe7qEU-1-Zb2XHbHHkUSTVCN3QiFQZhtrHCpJXFi2fBg5tGf80h73NboZksmjFgbPjndjr8HzSnzV1l3UCkqA9QznYCWtfP62Hy4aLJf4wywcjOr-ImzC7GwxxxWg-JQ=w300-h450-p-k-no, https://lh3.googleusercontent.com/grass-cs/ANxoTn0XYz2fzw2xE6QMXVs6RZzjwaKMyGw9-dt9Fq2v4F4xb7bVorBnMMWZYXAMBGbDSes7VWLIG9FCFvnFBFjLBwjntsnj6rWGMnQ8E131qefvBXiur_XrtlVIWgNmMRmw4FQvHG16=w300-h225-p-k-no, https://lh3.googleusercontent.com/grass-cs/ANxoTn3bJU1wBRlgCV3-pTzTSucnmZDoCnW3gm1cTVEWAEWBD71f53VsyC7CvTJfJccqhEwCCP1zc4Hvgx5KxUlaKu941Nkk9xUMBnKbpkjmdoZFMyOaW84-D--fz3tN2GJx4kW8uzCEoA=w300-h225-p-k-no"
羅麗,4,2019-05-19,上次編輯：7 年前,空間適中 服務親切 點餐後結帳 上菜速度不慢 咖哩味道有些淡 喜歡可麗餅的味道 平價,"https://lh3.googleusercontent.com/grass-cs/ANxoTn0djQaywKxbd5lzgOjb3N-F-Hg8BgrTsQ0ZeBIIiSywQn2xhfEIc4SWJ0dU2oCca5VuOZksXM1pvM4Iu17G9kZgRMcEerY08Yt_ouqXxkLXRj0JhNTbQbv2O5EP1Jy5sB9nbL6w=w300-h225-p-k-no, https://lh3.googleusercontent.com/grass-cs/ANxoTn0yMqA8ikWnQgTwJIhCcXi_0ntqaT7b-5-Hh8zG5SeHPQqZyw-eS5_GBb_RM0_WJmePQEWsEpuRVV3koK3Lftwi6PowoalTIlNGyNLMUZnG2ozvbvBdAILBfkOZxlQh_J4zubxz=w300-h225-p-k-no, https://lh3.googleusercontent.com/grass-cs/ANxoTn3_5564qGpsBP9K8NIthtegWxMKP5hsPCUG9A6RX8lOvBZLHcKBcudIjWMQfyHX0z9C2jbNCZF028IuDVIyLOkf0VM7y39fVLS0htVIPT2l1ezoauwh_dKcQ4xnt9jj-D0HzQkLSw=w300-h225-p-k-no, https://lh3.googleusercontent.com/grass-cs/ANxoTn3hIgjBOos28BGRqAKPhliwq5V801erbY-oXm6p2JdPmRUio_NeB3_mV1-iLu-7m6aeb5XGfoA-DSUMYvAWFEcAw7txoZNC3Xz3_AokLn4dtvePlJXUnL64l4xiF95UZEl8MZlKQw=w300-h225-p-k-no"
CHENG LE,4,2022-05-19,4 年前,"拉麵還好，感覺有點台式，我點白濃湯底但好像沒有很濃
但炸豬排很好吃！
支付只有現金稍微可惜","https://lh3.googleusercontent.com/grass-cs/ANxoTn1iVBYMg5GQDUFSqExX3J9Aho7YSELCEM0r3tAuLJEUWAIeCdTL929b0QMTqcJZKulzmPUaVaTcJhLri6A9Px98wUK3Vjrj9ID_5cRq2-RxY9_PiFdBqWJc7gT0Kf8H9JKLIV-6=w300-h450-p-k-no, https://lh3.googleusercontent.com/grass-cs/ANxoTn3-_YMg2MgsPE7IaRkFTssr18TX0jjjG0v0NJAIrN7--33QBPaurFhpkbxwh7roFJj2i1e-dvsYqbpr4gLGRVoUdmgTKcF6QonkynjNqEjRwfjGDaXuWjpF0PH0AY-i2sXpckKPhw=w300-h450-p-k-no"
潘鵬文,5,2024-05-19,2 年前,"肚子餓在找吃剛好看到隱藏在巷弄的這家，沒想到意外好吃😋
大約下午兩點多入座，店內氣氛不錯，點了兩碗麵加一個組合套餐拉麵份量很足，一般人絕對是夠吃的！價格也不貴，續麵也給的很足吃很飽。
不過廁所在二樓要走樓梯上去，對老人家和行動不方便就有點困難。
整體來講很不錯，未來會再光顧👍🏼",https://lh3.googleusercontent.com/grass-cs/ANxoTn1vwU9tAOxBIVmy6PxgQXuJ9k134Sd7kHmyAilzWog7_RFC7XFyXKaf686G5t5cPgG88wcf9d4-vqUNspTgbEcZlycCE3QRHjVEGozpDmwAcCEjI6sVT309k0Ft9X_C-lv4M36E=w600-h450-p-k-no
Ting-Yu Huang,4,2020-05-19,上次編輯：6 年前,"炸雞定食和炸雞味增拉麵我都很喜歡
價位在200以內
可惜現在定食沒有奶酪當點心 但還是頗推的😭
現場自助水和麥茶
毛豆和茶類還有天婦羅都很適合跟朋友一起來邊聊天邊吃
店面藏在羅斯福路的小巷裡
很像穿越到某個時代😂
主打日式風格但很多裝潢充滿台式的味道😂
是很舒服的店喔～","https://lh3.googleusercontent.com/grass-cs/ANxoTn3BJlyc6suXEJYKQLDjtEJbC8jPxHroMVda7511BDibyrahhytpdL6SgF9ls7qWMuI6o11u3hPUouuEcpNNU4qMlG5rjFAe1mzOT2Wk-qu4VJtyPU-65jz6MXKXQbzFVMuJeiXAPQ=w300-h450-p-k-no, https://lh3.googleusercontent.com/grass-cs/ANxoTn2cD3ydM_UIX7Gk3zed3rFaPLAt8PTvYA__Nu9l2vxCfie6Ek9FsTg7LVarkRwzZMLL9i1EE-N2IXsxQoU2YEkMMp-htnfDSvNtxMxy8w-NSKBNwSai8AvAkqedPh5W6J4nlC1mwA=w300-h450-p-k-no"
jhou,5,2020-05-19,6 年前,"好吃！湯頭很剛好、拉麵也好Q彈，建議大家加麵！麵條會不同！
雞塊鮮嫩多汁！酥脆口感非常的爽口！","https://lh3.googleusercontent.com/grass-cs/ANxoTn3747TWjCUan9YNiLdRbPlaBVqfnx-dBt0HichrqVmuh8M-jrnuJ-2YZ0D9FUtOJCj9ibZ7P8iE4jbvmiqRe99aP2QyXGhngDGH8twxZf1SUKDJHHmy8El2ywdVKDgZiTf32BkCEw=w300-h450-p-k-no, https://lh3.googleusercontent.com/grass-cs/ANxoTn3qW65cPZspm4h4Ngdzvp5fAZk6SKjxDWZA9Yqq7pO7kaadJXtCncI-n69-h9IdsXodc6CSeZzZXO5p0apjZe31zPXDq4GlKIOTZg20HjtFTq-DdOk2TZsmXbcg1PtpenlpLKJR=w300-h450-p-k-no"
starfish,4,2022-05-19,4 年前,從野菜拉麵128$吃到148$，喜歡野菜拉麵簡單清爽的湯頭，環境乾淨，但不是很安靜~,"https://lh3.googleusercontent.com/grass-cs/ANxoTn04z9yEtQj1fCVhEpHkYRXn0VsI3ZjZaLqkiDs--xV3_8B4nwCdVK_sTJL5CAz-AnFGlV-4we3PHQ-3r4ve5I4nMAp6AwHUCCAdrSW9ji3xkXuiqWh2NQKIAAKcPOHXaTnGZiGU=w300-h225-p-k-no, https://lh3.googleusercontent.com/grass-cs/ANxoTn34VQjmeseFC3t6tyK3SkmdZP7AefXlxzv3E2mH2ygN9BfRv2XnOT5-TD6f7IScIWSlwutBdnWStzmqejos4JCJ2uPeRCHcworoRKRGSXCdAmDs8wyN8XIjUhPvQ8GEoiPytk6w=w300-h225-p-k-no, https://lh3.googleusercontent.com/grass-cs/ANxoTn0KVXuqpk3hCMBM-tMlS1_nnRadntv_FlcRdqAv1ArlaNhCgIBU57AoscWAk6FmYKbx7meRP-oRRXUBnlwakMZh3j1O4COkOCR55z6SOBumfx0DoPa4nr1l6l0dFfJ8YcjsmSc5=w300-h225-p-k-no, https://lh3.googleusercontent.com/grass-cs/ANxoTn2vTqY5JnCiLxC1gMX2ToAjcpvI1_2IAE28coo5XHbOHBHRShk7NPrsGdcDh1_ik2Sqi8cfK42sRRobL5beoOwmkH1d_WE3F5i6-pXMZi23aFTF9jehGhBxd4fmCUu3HS8bsNlhGw=w300-h225-p-k-no"
蔡佩霖,5,2024-05-19,2 年前,"來很多次了哈哈哈 老闆娘人也超好
每次都點唐揚雞塊拉麵
雞塊真的超頂超好吃😭😭😭
（又是吃到一半才想到要拍）",https://lh3.googleusercontent.com/grass-cs/ANxoTn3YT8ySfFuv4CV49u1GxWIxka4bPmKzBsykNyHn6MAxNB9gGDuRuL3r5h92clEyB8taET-pZA5-DiISSltGvJ-Q7vhiHPYFS39uyCCVTH6S1eoMHNdP0UeqwwJKGcwg35JQokpK=w600-h450-p-k-no
Peng-Fan Chen,5,2025-05-19,上次編輯：1 年前,"很少拉麵店有素食選項
這家有！！！
而且麵好吃湯好喝可加麵（一次）
素炒飯也好吃","https://lh3.googleusercontent.com/grass-cs/ANxoTn3fX4-fKierrElBEfJcp9aCBazro_Omgsmbq6LaO94pNFjSMTdNEbTEuWFT-U5nIrp2OSsV4qLBA3PhFZzaIFjHbaLzkzH7uelFxZUv_QkRLB2sNLGD5BeaLCFead_ZkYuyOdXlXw=w300-h225-p-k-no, https://lh3.googleusercontent.com/grass-cs/ANxoTn0yw9RABeFlxo7aiesgFPueDHro5_jGc3p9D7kc5dCLJMsdlLrOKU-aw6epNmTAww7dk-_DSmoamCEpOXMP2G9CGz2antxupRTMi13Fe0m110EBD2NIyUiaaIXmlpkcLoC27QsX=w300-h225-p-k-no, https://lh3.googleusercontent.com/grass-cs/ANxoTn2WLdCcTAX5oIfDKEkTrpoRGLC_j7ruNsf1VTvJHAIi4ZdVfAxuveSRwXpVY1SyNf5kj7TcaLL77XfBPauyeruHLSVU_dJ8DldEySUM1ufyQTGoTZ391tmjsPyhroiW-bgnMYg=w300-h225-p-k-no, https://lh3.googleusercontent.com/grass-cs/ANxoTn0NceFcAtaHUQ-BGswCoYXCMMP_N1-V8LeEBotnxQv4GMGrM2Nvon4x3WJGUG4-CXIPw9IWKr9LAnv75par_sQKIqsdzZzCcKmgQtlex7yFXPbZJ6r6aHFqCKKy3eYNs_4aM_i3GQ=w300-h225-p-k-no"
Bee-Jing Yang,4,2023-05-19,3 年前,這裡有被拉麵耽誤的咖哩飯。我點竹莢魚咖哩，魚是現炸，咖哩裡有馬鈴薯和紅蘿蔔跟一多綠花椰菜，咖哩微辣中規中矩，有網友說太淡我倒覺得論材料比Coco咖哩好多了。唯一美中不足是咖哩醬不是很熱。一直不瞭解大家喜歡拉麵的點，但我覺的這盤99 元的咖哩飯CP值比拉麵高多了。,https://lh3.googleusercontent.com/grass-cs/ANxoTn30HygiEEQSMmZHf8a6SfUNI1nIKyewkxNPAJUM6rV7E7Znw6f45WShZvAtMpTwjqqFagHdyDyONHlSfu3fDLUB4IpaY9K-f6BfO90Ggz8kOjbgV6OyUVYBlwWDyuXz1yiL2BUt7g=w600-h450-p-k-no
林晉瑋,4,2024-05-19,2 年前,豚骨湯頭較一般，沒有豚骨的香氣，但麵體Q彈，點加購的雞塊酥脆內嫩，也很多汁，湯頭可以加一些辣油提味,https://lh3.googleusercontent.com/grass-cs/ANxoTn1c1wYOrxkWHZVLvb-NciiFTWWpl_3xzZzu7Tzj6RAIoXU1kI2QNCcXqTk3b1HjswYxJ1ukxglEsMxoC9LMsch-KbaG95pJCk7vO3ZNgtMLqq2RgoHfCBt068-Dla97mb5urQ=w600-h450-p-k-no
胡景嵐,5,2025-05-19,1 年前,價格好東西也好吃，氣氛很讚！在小巷子裡！要找一下。,https://lh3.googleusercontent.com/grass-cs/ANxoTn2qSawgTf_c8q6pTXzFf3-XP4TcGBspNnEGqJ-Jbdg5OpBsxqrbWUJEe_TWctC6ISX8aGf5dmbPmuhiF1x3Wt1nocVXzlmFWXhpZfcTBhfxOiZ8g7Sazu_HLu5pNxsavZZowN4mXA=w600-h450-p-k-no
Destiny Mars,5,2024-05-19,上次編輯：2 年前,叉燒拉麵湯頭不錯，+5片肉很爽但配料偏少，麵條屬於軟Q不是軟爛，但麵條普普，另外個人不太喜歡拉麵配玉米，以225價格來說CP值不錯。,https://lh3.googleusercontent.com/grass-cs/ANxoTn1ifrjVV7ZhwbcYqZtZbufZUtNXukd3WbpYJZEHPQzqM6EgK9etBqXU_EuMvdD_sxB6LjixW1-XXmR2rJy9k1oUaH--r93lJy3y7oKSbNyCAYf1o9zERz5ABmZRzIvWjXQGUIVS=w600-h450-p-k-no
Wali Evans,3,2023-05-19,3 年前,肉片不是很好吃，吃起來不鮮，麵很好吃續麵吃掉兩球，附近日本道地拉麵店家不少，十二巷拉麵要在日本味道環伺中競爭可能有點難度,"https://lh3.googleusercontent.com/grass-cs/ANxoTn3BqxLr8gsIF3NB-3fu_PoACQ6sw0kbaWkOdimju0r3TaUV9NnUHEShMxN01DZ8uHdUNUP7bGLtKFpcHRx7jPjOh-nsRySqpX6r2_XFhR4qELPAWzDRhDlWdeDzSd2Ya-VLAmI=w300-h225-p-k-no, https://lh3.googleusercontent.com/grass-cs/ANxoTn2bc9fZ0leKMynXuKDsWF8EUhGtnhzmURS9tLPIM3Jkz-gvunZP07ppXEuHrOFokKBDzboUL0Ipx4afDFFHbZ3UYkJpYMuTjOuC7na8vFRFv_YY2K8Zu0zIu4SLA8Qbsi12y2PH=w300-h225-p-k-no, https://lh3.googleusercontent.com/grass-cs/ANxoTn2X02L7ULpWz7vUn76u3eu_lgzG63om7Wwh21ibXJKvwDhZHYeWBHt099xzm3ULm0_FdC_VMBAL5t8ZfnAA3vjN1_wZgeQb6NqL1fOfQOIkmJf3sFPt0tSo79RxfVmz8oCWXJ2A=w300-h225-p-k-no, https://lh3.googleusercontent.com/grass-cs/ANxoTn3TstYP751BPerMlolk3BMO9MGQ5NBrbhuA04WN7YLGxcjHAAY8ViE7cluSlR776Lao1YoTTPxWO5SbMWO2hqUGRJPKz-UN-ayjtebZz-kdRhOoJLHrQzzqAvWLsFA03khkaGOL=w300-h225-p-k-no"
劉宸宇,3,2023-05-19,3 年前,"今天第一次來用餐，被建築外觀所吸引
點了特製豚骨醬油拉麵+88元升級套餐
套餐內容：冷熱飲擇一+單品認選擇一
麵條軟硬適中，醬油味道算清淡的，不會太鹹
整體口味還是偏向台式一點",https://lh3.googleusercontent.com/grass-cs/ANxoTn1lUHgTtlDa31V7QHV-QuUQp_QBtOtuRtlVg1SPBKp6VP-G9cThjtBXNOGY0j254gdUD6WBl7WOlQ3f56QgF_GLLPDdGHTBkQzHZj8PP_PS03d_swB5CA7HFRvGx-tSOO96eRfs=w600-h450-p-k-no
Jessie Wu,3,2018-05-19,8 年前,拉麵口味雖無太大驚喜但份量超值，可飽食一餐；另炸物偏油較為可惜😅 …,"https://lh3.googleusercontent.com/grass-cs/ANxoTn39XuA7RXvrZ2tXokfYsM2DfWBqBWaVt_-kKz2oTPfJnN3GRSgYX0RCHjNYQ4pUI7MPU3c6t33JcaVSjAvD3isQ6ijGGWxjNrwaQqg1bVCUMRzf-w1_xuUGDymyqD-EHW5JmORt=w300-h450-p-k-no, https://lh3.googleusercontent.com/grass-cs/ANxoTn21V_cHOHywghhBUeMqAYQRTM06DY26mMV287AMOnw2uMPAveh--bTC9C_NOFUZWvrDVg_I-7ZC4YYgtTke1my15Y-Uoc4OlzIDM-nO-NN2lHqCzN1y-eXiNgNDWc0-nYF386s=w300-h225-p-k-no, https://lh3.googleusercontent.com/grass-cs/ANxoTn0SfLj9ANB8-JMVeRlnLq8jZWX_b_PTdmsUNZ3fVtgU4lTxSWT2opmEpBpZSdUlxbfBK0LT1MDZigTuVWbfS6wLo4fr1u5J7qJM480L9JHrbAW7KyPX8WzHMeGNcdknP4dXmuOe=w300-h225-p-k-no"
Linga,3,2023-05-19,3 年前,嗯⋯就很普通的拉麵，但蠻便宜的，以公館這裡拉麵的價格來說，這家很便宜，而且可以加麵！,"https://lh3.googleusercontent.com/grass-cs/ANxoTn3WMAR2KxgW2qspUQhUlJgnELlDWmYgxAjKQUofz7BB9FQp6E0c8FWNSNtC8y5g5YCAWhWbqVQONi_XSxBMwRLFYQU79Rl0nP5uYqB568umOYgDVM_bZDXJoZxGmzE_-v60XoKG=w300-h450-p-k-no, https://lh3.googleusercontent.com/grass-cs/ANxoTn0JYyyUCWXN7cTnLEQwc2vGiQ7wfymM98kE1f_Znz2jT3Hrrnk2JglfM_LMth88Se3JTjaGF1iw4YYnSHkAMtyKGxS_M6N-1Pom6IYl32NpmpxvMHE4CGxVbU5Snij9ARhgAl2s=w300-h450-p-k-no"
美姍,5,2024-05-19,2 年前,"湯頭清淡
吃起來像台式湯麵
不是溏心蛋是半熟蛋
炸豬排很普通

但店家外觀很美✨","https://lh3.googleusercontent.com/grass-cs/ANxoTn3FjjzoFt2HBWDGMMcn_O7d0EvVL5MjzNOTiEV5gpmBnE0dxnlLcofvuntIp9sauYgA-o8S9_a2zKb7JBrNPsRlWGeyY7qXFQ5zl9KyeP0Bp0YvOWFAZfci8LQYwg6kKbnoDGw0GQ=w300-h450-p-k-no, https://lh3.googleusercontent.com/grass-cs/ANxoTn2Rmv1sx7sa5vm0DN5CZOEGj0nf0PG00hrgjUrAidXTHxUf3H4xoh0S8BJJRXsxOKaRVchoNWGagVLOH7LY2KNLJj-zoPfeuVo7mC0cFmcQ9OFR39_M37x8ZPR20gye655KqwJO=w300-h450-p-k-no"
婉瑄,2,2025-09-19,8 個月前,一開始來沒什麼人服務還好，但後來人陸續來老闆就笑臉迎人，真的差很多，拉麵吃起來普通，唐揚雞皮有點厚,
陳友信,4,2019-05-19,7 年前,"以定食來說算滿平價的~
東西普通好吃，送餐速度也算快~
整體來說算不錯!","https://lh3.googleusercontent.com/grass-cs/ANxoTn2dtc3UL497Fe5qcepUAvTu4Lt04LrzGP7dJXar_CvzVtu8Z8UQrM7AAC7LSwiFKTRk0V7_xeYKlRKCakT8qKmjZEfI_TsspK8X9KropSt41_05mgP4L3sAaQY3989mba-jbe4=w300-h225-p-k-no, https://lh3.googleusercontent.com/grass-cs/ANxoTn1_6TD0h8fnV1q94a8w_BfmvbxztOG7jOY7tq1Ie8uOoRXso66t2RgvLtDnq_4A9i1xWiJttx4oSrxzaA5CS5wuwbJ48RJzuZLmd_oeYYacsvM9TY0OOI7Fb0C9xSNPl2Y5uANg=w300-h225-p-k-no, https://lh3.googleusercontent.com/grass-cs/ANxoTn0Jt1Y3UWmdyTw3MAOHos9L3NMY2wKbTR48gr6mW62mCL3MakL9Vs6FILkPrT5Kd0sY3E078VxDiNNPGcuv_ET3IaDz7h3lc759wuNK1gg324Erz4OW8KmgovHxGfH2iM2jnDA0=w300-h225-p-k-no, https://lh3.googleusercontent.com/grass-cs/ANxoTn0JVOjJaLtypmXXNEq30uY02ka0Dymoow9x3bLu1z2LViyKVte0IqksLc-tddsAEvsGLwuxPsUQgHPsFZNLplq5DOOTRd2NyGiQ3tvL7Bp2B7ShIw2eRPvt9Ymt_K_pPMUC7kc=w300-h225-p-k-no"
April Li,5,2022-05-19,4 年前,"好吃又超平價的拉麵 適合三五朋友聚餐 可訂位
隱密在巷弄內 外觀漂亮 服務親切
有二樓 有廁所 提供熱麥茶及開水
有機會願意再訪
（2022.03）","https://lh3.googleusercontent.com/grass-cs/ANxoTn1OGIlzVp5hqfIMWJWaW4kXk9o_VquAe-uQTdNvtVDoTU7SxJCD8QJ4Cny99i5y6D1805nFRqfYwc4EfObO0-YFWaZsfeNjf6omp-BHupGndErclTamXiN-XT-lhNaqo4lFHUgt=w300-h450-p-k-no, https://lh3.googleusercontent.com/grass-cs/ANxoTn3evKT6gOGZaaUPBdlZkenW3-IYKRkLWG6QH5LRT2daR1xlaTQJUDPc4WZgIo1rvRX_9S1Y51DVMUYD-O4CbpRpD1lfYUAQlKgUNz7ghmTgJ9BzPZqF5wHKd9tfXNRURp2up_aX=w300-h225-p-k-no, https://lh3.googleusercontent.com/grass-cs/ANxoTn3_j6OLYy7sGLBBhHDd9HRZXlvuPXF6SrHJZvHA09Bq4MKkQp3aAcntmmsxH_uCdr0IsIn0ghuSJFDiyaQfavvqkypZa8cQ03SXoSx9lCdpLX9lplf5ScYRTxKnri0aKmoQIYxqvw=w300-h225-p-k-no"
莫瑄,5,2026-02-19,3 個月前,歡迎大小光臨，老闆服務很周到，歡迎常常來呦！,
Molly Kuo,4,2019-05-19,7 年前,"平價好吃的拉麵店～
食量大的朋友還能免費加麵一次👍

不是第一次來，但這次炸雞感覺不是現炸QQ(之前都是現炸）有點可惜～",https://lh3.googleusercontent.com/grass-cs/ANxoTn3J9jnfhg7VAMSg6x8LsMaZUU8T7aVtulUNwa6tVJjSXlwM9JchjgMbMhZmU4LPynECxLwqYwZyTjPhAE22c8bFaMrvNHB-0GG9XgfKip6SJyjuXxb9a14X8kn6OHV2451xoxsu=w600-h450-p-k-no
Po Po Chen,5,2025-05-19,1 年前,已路過再訪的店，經濟實惠，麵條軟硬Q度適中，老闆人很客氣，還可以免費加他好吃的拉麵👍,https://lh3.googleusercontent.com/grass-cs/ANxoTn2YeI1qdBu9NdR6vyysLBE8jjyiM2F2O01doqsJcCAGFqfAty_rHXUNJkGHXDpmaGGMnYOQJ0ywt1M8sVSV632ak1EvKciakll6rotBx8jcic_1jq6ntqQ_GgFM7z8MMNTdfAh9Lg=w600-h450-p-k-no
郭晏汝,5,2022-05-19,4 年前,唐楊雞定食好吃！雞肉調味的很夠🤤但附的小菜高麗菜略鹹..沙拉也是高麗菜，這個就可以，味道剛好~有附味噌湯。蘋果汁對我來說太甜😅飯上的叉燒不是附的🤣是男友分享的哈哈~好吃✌️ …,https://lh3.googleusercontent.com/grass-cs/ANxoTn3D6UBeDRVOKW7UmOrunks_yg-KALeWakfCKhoWUqlcSqRGRFssFCgM5OsvcvNbP5m7d-PQiJ3eOZcvXEKDWiAHeJ-ynKWvhUEEW08pECdsGaOFW7lyHQY9ORK8RwGONlTqv0bO=w600-h450-p-k-no
YR Lin,4,2022-05-19,4 年前,"點拉麵可以免費加麵 麵蠻好吃的
湯頭偏台式 叉燒軟嫩
豬排有帶骨 比較薄 酥脆","https://lh3.googleusercontent.com/grass-cs/ANxoTn1k0rduUSLyPKJY3dnSKdKkRzAp2ImsOtjCvHyZwqT0J5ZwZZaeHflA4s9qGQ1aieYh6EVIphDpeaeXxxiNb8cIaQCSnheKQ_d9AfXZVw6qYvStZqaAW8EnzwP0RhbIwv8pQdT2=w300-h450-p-k-no, https://lh3.googleusercontent.com/grass-cs/ANxoTn2qWcDp9tthRdJGbJmam0_wO-GVZv5zIgbSd2VI54SAm76RCIS-P9WmdMSq1UtoFLeBwFmpM__YuoGWqmbwcFmVn2G8Qq_sY6SGS_I3clmDXdDt3ZzXPmCAD-3Lfv4fq8xvFfSq=w300-h225-p-k-no, https://lh3.googleusercontent.com/grass-cs/ANxoTn027VAAj8AWkG0ac3f1ef_dhFgKX_Wn81VOTwI4NseGM4Y6N4R323yk5ED9zininRXY60BujDoSYkDCvKkFX3anSAJEzTq7WFPmWNNCl4XvwniBx_1d2Q3rKLiyiGXmn8WvTvY=w300-h225-p-k-no"
貴貴,5,2024-05-19,2 年前,老闆夫婦非常親切，拉麵很好吃，CP值很高,"https://lh3.googleusercontent.com/grass-cs/ANxoTn0qsjnsXcBM75YfbV_u2Le3kmfJc4U-Akf7yoFtAYo40COsKIXdtL2WJJOQISZIorsJ4fittmcoAhAiMRyQPv33ft15dWrElxrR_ew9yMzqAedWI0gHWTgL3TBpWdTKuuXmmukk=w300-h225-p-k-no, https://lh3.googleusercontent.com/grass-cs/ANxoTn0dP2NkLT_TA1L1tFcVsGG8Coz39X06zkqM15BasQSYN_eWvSQjnrIxV3kAIpnyPcUuA71kngRhvYta99uhVjj2rS28f52L8dt7n8C_6M7JgvJUkTLPcA2lNRnKMIpTaS9h81zy=w300-h225-p-k-no, https://lh3.googleusercontent.com/grass-cs/ANxoTn1iVYwlYpAbmqGB9yOUQl-Axc7eIEwg6Dto0_a29HVdo2eWBM7jW1SCeuUk8xAvrd9dqgP12AZsBIdDNS0QW8549E_9yYnZnf63N8ahV5jUKnzWjaW5iSADd0LIbak9__T36pyG=w300-h225-p-k-no, https://lh3.googleusercontent.com/grass-cs/ANxoTn3yn-i5lKQowFjyeNGFG3y7Ur5aZtLjcvdYTYQcLyOnzq2NaKp2nlia8COy0anOllxMfcejJJ_ti3tko2EJCi9qxF3UNQ70naqmfoJbxOreP6EfyHsaLkP4Jwy9Q0dSPg61ELum1w=w300-h225-p-k-no"
Roger Wu,4,2021-05-19,5 年前,"第一次來 點了豚骨味噌加大 138元
湯的豚骨味蠻濃的
麵的嚼勁普通 感覺是那種隨處可見的麵體",https://lh3.googleusercontent.com/grass-cs/ANxoTn35terOD6qM1MbWKrOaUH1pcbF_H1FU1zQzcoO2i7b5WtP51HWTEi6thbFUUD3WKcv0OHt_nORfha_LlcwekJoWr_OjUkUzsf7CHRYYZc22EWYyzWyA9Lh9ROIUj5iygdMpnc97=w600-h450-p-k-no
韓吉,5,2024-05-19,2 年前,台式拉麵，口味適中，份量還可以！,"https://lh3.googleusercontent.com/grass-cs/ANxoTn01EJUeOIGmg6SctXrGx8Bvz0WlqaNK1pfR3U31Jlby5Jz9uPEVA_5HjvX8BGcQnOCELqECW78xX98AUaMi5V9mubj3w4iG-GCgJF9eNYMK3nrjI2MvmzYE3chl6su_Q1SCblPZAQ=w300-h225-p-k-no, https://lh3.googleusercontent.com/grass-cs/ANxoTn3QgGqFE9wkyXiQMu0EGf4RSLsKXPoDyv5njBZUqgw1mh_pqI-ZErbXNXJMfB8CgV0qncCvVapiRt3Ru97FVXwzPnGZ5qrxRNiZ-L1Bj8WRbaOH8qhvuNhIDid-GkjXlU-Kgnb3=w300-h225-p-k-no, https://lh3.googleusercontent.com/grass-cs/ANxoTn0BI2eqYP8a-hILYcnBAfPAoXxI2yTxqnkS0yRJqEA6ZxfaO0_7-vqrsTVOMad-hiPKxrAGQax4agUeBVkeud8Sjhb90P20Hk7XoTI3uOq35dOs-gCkPGlVkmAGB84LqyLOhYA2=w300-h225-p-k-no, https://lh3.googleusercontent.com/grass-cs/ANxoTn2QDYTbUgVjrkm4tz2zTTmp4tJ_Ep3x_zjiXvflNA04zA5Mf-9nEYE37Ip0CYgj1Pm4EaiLX5N9L1HggV9vP6dWX1Oq2PBrA-yfWgznXp9tXJBSGSChzyzGxaDKLJxl9iAMNCw=w300-h225-p-k-no"
蔡佳容,5,2025-05-19,1 年前,"份量很大！麵條也很Q
這樣$188元",https://lh3.googleusercontent.com/grass-cs/ANxoTn0rYPrBGj5f9ttvEBoVfhU2ovBDZ5eFZdKXb9EKDL71WHbMkbABgMa7mbe8PeRjIe83cQehsT30nPV89bKptHL58aH47Eg8j_LYO9XWdzVYx8-A-g8OewCtB1lC0vpB3_6yyprmMw=w600-h450-p-k-no
Ray,2,2019-05-19,7 年前,"炸蝦咖哩飯 99元
日式咖哩表現平庸
咖哩醬給的蠻足夠
飯量正常
炸蝦只有一隻 也偏小
這個餐點cp值沒有很高

白龍炸雞拉麵 159元
湯底口味偏淡
炸雞表現普通

炸豬里肌咖哩飯 119元
里肌份量足夠 可惜麵衣偏厚
以Cp值來說還可以

野菜拉麵 128元
湯底一般 口味偏淡
蔬菜菜量跟種類都滿多的
推薦給喜歡較口味清淡的人",https://lh3.googleusercontent.com/grass-cs/ANxoTn0_KW3il112KsdQ9IVF9KHjZRKywfi-t5BL2US-f8CYJjyLjNWcWzhyvX_zqWT1FGLX-n4aTW4qwhJmGgxGUO7Y-8-4Brg8KvHo5zK-kOV1S6ifvG7jT0RyS8HuWcpZr8qys0kMqg=w600-h450-p-k-no
陳玉茜,5,2022-05-19,4 年前,"叉燒拉麵湯頭合胃口，麵滑順有嚼勁，可續麵
加68多一份單品加飲料，唐揚雞脆皮多汁",https://lh3.googleusercontent.com/grass-cs/ANxoTn1oDAkCRRlnyw38TG5EIXGSylAGDCz5B4ARibA0m9v8eVld7uOWgIFHOMfmVMobFRaD2Iz4cvE6YvuUpYvH-rXpEZLoYPdWHTeODFos7gQE1Dq3KAsLXrLmLOJvhguw8IAJ5oMv=w600-h450-p-k-no
Dysis Li,3,2017-05-19,9 年前,拉麵真的非常糟，但是炸蝦烏龍超級好吃，只好平均一下給3顆星,"https://lh3.googleusercontent.com/grass-cs/ANxoTn2Gp8DIow0uL4FLyKGzV49hh7A-xi4paEXgqub2UPEx2Yt7ixZ7nUw2fz2Mxu9h9kRVgghtX66On0cvgVjZWpkpsYg8m-Z7rwnMFynz-MFkWS9nUjPIGdS1T0S92YE6CPPF1ApX=w300-h450-p-k-no, https://lh3.googleusercontent.com/grass-cs/ANxoTn0nMwMISXMgABG6doIS05z_b7vCLbzy5sZoyYahViOkJipcpbbyZKA7UWkML2eol3YNtmSdIrjHxKkz4lnvAQVa6oP647-9byJV--bkjj213CQqHMVCf-4dBZr1TDomNmge1tSO=w300-h225-p-k-no, https://lh3.googleusercontent.com/grass-cs/ANxoTn3yxQNI15GbmCAyaTJ4FbSqja-O8lDmGkBYO0vKTjtTx-px2fr_AidJb3ZL_P3uN-u79uRTiW9C4gKgC2FX0S935XSnR6kp1sRe9MLVoQ_krbd82e_lenYiWKBgQQL-X9MvRk79lQ=w300-h225-p-k-no"
Samuel Chou,4,2022-05-19,4 年前,"稱不上好吃卻也稱不上難吃的拉麵店。
味道就是「啊，這也是拉麵呢」那樣，不算美味，但因為價格便宜所以也不會生氣。
炸物也就中規中矩。炸蝦麵衣有點厚，配番茄醬有點微妙。另外促銷的炸雞小翅小腿有點油，但還算好吃。
偶爾想吃點拉麵卻又不想吃太好（？）的時候可以考慮這家。",https://lh3.googleusercontent.com/grass-cs/ANxoTn14pAhGDk5PjbPr_1rHR15Cl8_9bWvCGbW1Vakag-N7EmT3t6LcBPJPtLBu2-Sj6tzLvfLZf4I4bddNL9-8nWACvtdvZ6E-LkAMVFwPCGCyjDkV9gPHU657d5Q7wp5LiKcAxbxo=w600-h450-p-k-no
Murphy,5,2024-05-19,2 年前,"份量十分充足
裝潢很日式","https://lh3.googleusercontent.com/grass-cs/ANxoTn3on4B1ezDhT355OS8p96r2h_Bu7qA5X-50puD7OhXWU7F4Wy7Si4S8GB2JYcAezJm-Gqzk22RNwoHUXEap1zThX74Ua-MyoshkKode_9z20bsKvXnF0Cy_9V2RkPdxZSTrmSTi=w300-h225-p-k-no, https://lh3.googleusercontent.com/grass-cs/ANxoTn3l03_paTa5GDEImreJx8RzgtsmdlQ_5wczRNJjZB72VKkJSlIt2j7_2fc2fePQsnNZdBJXVvLTioy0mp2JLCqzC-oDn0Z0wsOD1bcYiYz0gLUeoEAYtsqlzsh3gV-naUkAALQ=w300-h225-p-k-no, https://lh3.googleusercontent.com/grass-cs/ANxoTn0tCF6tlFxRqmjaxtTUKpwQKODvMlgUcR3xOcTxRX-6fCwp_v1LKXcH2pkb41GXvgUTI-Uc9_tkeiYeAxIBx433XG78lW-jJNqjKlFqQCvCyPZB406y-RWBatnulQX7y1TTaw7BaQ=w300-h225-p-k-no, https://lh3.googleusercontent.com/grass-cs/ANxoTn3huR-rV8pKTL0goytwIBGBTBTQW3rkOyydTStqesHt-jRBxYqVXkcH25Vj0aKCXSxB7_FFexpzt0ApcMAScuFDsOH-on8wsRcGDlixZEvPrMcwQJ4zwAVrPfmeNJp9rxGxBdKB=w300-h225-p-k-no"
陳泳蓉,4,2020-05-19,6 年前,覺得滿好吃的 但是服務態度還好 吃到後面有點膩 不過蘋果汁很解膩 讚,"https://lh3.googleusercontent.com/grass-cs/ANxoTn3DDNjbkE5Rks53WgoYROZPr5QT2i7A0DFSXqFmchZgxHEdV0_850mJuhuXJAVH2krYanwrgdzzI8k65LENPuZZQl1iqXNxCJyjjNKNTqrrwB8I_-Xu_8zn7ZEtzM9JLG0L_YM=w300-h450-p-k-no, https://lh3.googleusercontent.com/grass-cs/ANxoTn1EyFxdPzfZAed0IJCpu3l0GvL_4xqLk11yCWKpRtTuhx1ZoPcl2R65V5L2999cmicCBghN05EEcVUrsa3Eku8wnJvHTkNvJQUwpAkoIwazqgZ7Epr2_G9D7Lz-XODnjW_JeRok7A=w300-h450-p-k-no"
breeze llc,3,2022-05-19,4 年前,"普通的店
不會再來第二次、桌上感覺都黏黏的
如果想嚐鮮
建議點蒜味
湯才有點味道","https://lh3.googleusercontent.com/grass-cs/ANxoTn11Jc95mxQMWCs74OqW-VU4O0qsq8Ke0Q3cZOWOKh1-PxZYX88lk4dunNdL_9r5OJm0LJNbt3SQY1htj5kC5BATdARVDBuP0NuVUuFTZnjgdbUyoPruirQf8HBBgH2QLny4vGQijw=w300-h450-p-k-no, https://lh3.googleusercontent.com/grass-cs/ANxoTn2DfxvwkgCDT-EaWYgGCJZHSL-zKrpZrBCLR5K5NfD2Y1yrChW_4eIQNRFdchVMd4BujJImUSNIYjmkfF8Wr3Rvx7VO5xgpSCB6FyhU5fMM0W3Ny0EiDBdb3ZcIzE0dNXycdMgc=w300-h450-p-k-no"
草宣,5,2025-05-19,1 年前,小小的店很熱鬧，也很有日式氛圍，拉麵好香！,https://lh3.googleusercontent.com/grass-cs/ANxoTn1j9QP0PIk50IcVl7wFqBWKJANh0zrrb93IV0ClNmrgqR86YvdoSX5Q2hpX4q9ViqWi-Mqc7hKjcz4pn6Ud2mTGUMfnAo_TuedZmMKR-eR6_fAS4Km671zG_oZmDYMtvJRhzl_p=w600-h450-p-k-no
Amy Wun (Amy),5,2021-05-19,5 年前,以環境來說真的是別有一番風味很特別，口味其實比較偏台灣口味，整體來說還不錯👌，至於服務品質我不得不說讚👍，很親切擔心客人沒吃飽，會詢問是否還要加麵（免費）！ …,"https://lh3.googleusercontent.com/grass-cs/ANxoTn05memPAOgWhEhUCuRdDwZ4OJIYEFYB1wROxCSPOfn5Tqmg7YhpkSFVSuYQIUhJlGC6h0BEp2yEbJ0SxWQik0aiOWrEOA1jPTnXZ30gyPy-87B_CyHZ4XVzPX3eqzWXs7D5qnvc=w300-h450-p-k-no, https://lh3.googleusercontent.com/grass-cs/ANxoTn15uF1jigxqrz9KMgH78i_i4EYrPZHJGOzdtPr7wt8xmkcTXSMWQgsPejwPr7oHP9joEdVMXLQcImzOue1-6TZsBeZzg0DHAatNzAT97zIfNyD_arQLJQqB6dRywttRJLteb0UIGg=w300-h225-p-k-no, https://lh3.googleusercontent.com/grass-cs/ANxoTn19LfHloJDz---IhwPPIic2nOWfpKt0ZCchfoYFPneSsC43YJWu0K4C9AosaqNGAq9bdVk8FZmQCHb7iaHlU5oKC-a01FQk5yvMgrHAYoRPqC1DEyNpkvzy1gcX7dbWnEUuw38=w300-h225-p-k-no"
丘允怡,5,2025-09-19,8 個月前,好吃👍可加湯加麵就足以打敗其他店，老板娘服務又親切，備感尊榮。,
Hank Lin,3,2021-05-19,5 年前,"用餐空間典雅舒適
拉麵麵質軟嫩易嚼
湯頭普通...
炸雞塊非常好吃～","https://lh3.googleusercontent.com/grass-cs/ANxoTn30jenPfx23loRJC1xkG0kxy-k1AE1QcxeWZNavlNnHJmr-mdS78v0XSCSwgFG4A68TydOccNkl7OZccHvArQvv-_a3W6T4nn29RZKf-OTr_FQaU8rar4s3d74lUo6fiRgiX6AZvQ=w300-h450-p-k-no, https://lh3.googleusercontent.com/grass-cs/ANxoTn0v2iuGg7YJavSV6-Xg-u_gl4lA_7bl3ZYTo2Az6ZwmehoJHWDigWaupfMxGvQ0GiOXWpDYbPK2kAn17LTn2ximp0WdcY4gi1ucrEBOhXWBjeNDEZCFQtX4ipojyv6HygJi28k=w300-h450-p-k-no"
Eric Lee (AzusaTachiba),3,2018-05-19,8 年前,"總結：適合食量大的學生族群，對正宗美食不強求的人

一般的台式拉麵，最便宜的138
單品飲料都很貴，換成套餐便宜很多(+68)
醣心蛋過熟，吃起來很水煮蛋
麵比較像是油麵吧
味增味不強烈
可以免費加麵",https://lh3.googleusercontent.com/grass-cs/ANxoTn0fZzsKSJWPZh2sTe3s0SVQQrsJitez9g4JvwuTXBykJvlm0GQcMRVnlWzUdS1YJawZ0KOB0ccP8JPMcSnYm_q33bdcUMOFrJid5cPEUT1CW8U4UngFJq5q1lnymLBSoA_Aqb-4=w600-h450-p-k-no
小肥宅,4,2018-05-19,8 年前,"可能那天晚上真的實在太餓了吧
竟然覺得這裡的醬油拉麵蠻好吃的
有別於之前點白濃豚骨整個太淡不優
這次醬油拉麵直接讓我對這家店改觀

- -

特製豚骨拉麵（醬油湯頭） 138
其實還是碗很台式的拉麵啦
湯有點油，不過醬油湯頭我還是很買單
我就是喜歡這種醬油湯拉麵
吃起來味道尚稱清爽帶醬香
蔥花、筍乾正常發揮
叉燒是薄片，但肥瘦適中，口感鬆軟不柴，而且肉片也有調味，是還不錯的叉燒
麵體有點Q，反而有點不像傳統拉麵了
可以免費加麵，但吃到後來會覺得湯味道不太夠
半熟蛋是水煮蛋，有點廢

不過總之如果不排斥台式拉麵的話，點醬油湯頭我覺得滿好吃的~",https://lh3.googleusercontent.com/grass-cs/ANxoTn3iQ6g52CeEVqeMWRXJJZtv8TeMO5LEOcOLBAncDHspzBjWi294FCzobKNneDRlsw0GaJq0u-YrsPUZB1ZMT70dm6esHsx6vJxyuZLsm_AvjMv5dnEVrU0Aft8cl_hREzqhF_s=w600-h450-p-k-no
吉姆車,5,2025-05-19,1 年前,不錯吃 打卡可以送可樂 可以免費加麵,"https://lh3.googleusercontent.com/grass-cs/ANxoTn3fwc9BauJLpl0Sc9g0-NxgY4PKpF3C_YkXJgDo1c1_wdWGzn82LYOF4Wbwho9JOz2IxBSYN2-6F-8zUcqkqiZ_XKrKzCueUG5qGfbH1Kza9NstyBg8SbCaQc1JGxoM452HaJBn=w300-h225-p-k-no, https://lh3.googleusercontent.com/grass-cs/ANxoTn0pTLXs8XqFwIK-u9HKIDGpZUJioMN8uGj4JnYgmYQjVE4QZ35H20g5Tt47-dwHEgKNK4KkZy-dSoaUOb9UA0c5C9ixQcBG6jVnxHkmh1LTlYm3QMNSDajjP719Bs472ZVNYk21=w300-h225-p-k-no, https://lh3.googleusercontent.com/grass-cs/ANxoTn3ChFYI5TkZsyT6-mYyGKBq6ouYgf8XZHeuDwjWYMMbTAhSqFWZWpAlvzhutlX5ap5bo01zubeA0JHFsT6KFaRYvqyJ148B3QVmRlmj0cERTJuS0ERFkI0GXTB6b-klM9Jlzoak=w300-h225-p-k-no, https://lh3.googleusercontent.com/grass-cs/ANxoTn3pe6FUJ81uJSYUBvgd4H0ztNoN9xTDoFMsHHbIWAVIq2lILatXNmvQ87nzWgUnTdc8SRdoCJJXDabTmrJxZN-ZiARHTx45LEh5ZuFeNri0xK3Rb2_okLq5e02tRI6JNqo1wAuatw=w300-h225-p-k-no"
Li Alice,3,2022-05-19,4 年前,"當天點了醬油拉麵
有點台味的拉麵
湯不會死鹹
價錢以拉麵來講算平價的
拉麵有附溏心蛋
店面位置相當有趣
在巷子裡又獨間
有種誤闖到神秘點的感覺",https://lh3.googleusercontent.com/grass-cs/ANxoTn0Ok2ujgfdGuYDUJ2PBajhd2DKc7MRNOx5ny9k792GgPC8fYz2W-7u17hdi9fz5CKXcvLJAF25Hx5DVuzij38VZ_fAsxbZ_1TKFquI7OzueoYBKjNgDVQORrpAGgRBfkBUp6Qnf2g=w600-h450-p-k-no
陳威辰,5,2020-05-19,6 年前,隱藏在巷內的拉麵店，也有好吃的定食！餐點口味好吃，價位合理；套餐有單品和飲料，十分划算。,"https://lh3.googleusercontent.com/grass-cs/ANxoTn2yuPsk-oRAowLQr0uKJJ3IGZ-PGPu8GO-O7zZUD0s_Df22tVnP5KfNyK0VPv0ajdFbARbgS9OWKxMPcH99VP2jRVINxeEsNDpNCDWQIH3agIpLLPZfY4TZIS2nXoDaEC4ayTi6sA=w300-h450-p-k-no, https://lh3.googleusercontent.com/grass-cs/ANxoTn2EOVvC4xUFxCxWXyQ2o1XQwEqkZpi7KLUMSdxgy9Z3_Mi-hCfTtHQLqSouMEtUcfzZYwvXYjpNiD9xMRf_7vqCre93kbGVlFaWs3BcqD_ezOEewObWMa9aZIk9MH-B9KORuHAj=w300-h450-p-k-no"
Chang Jenner,3,2021-05-19,5 年前,"拉麵是軟的 不是硬的
湯頭普通
但份量很大
炸雞塊好吃
價格也在可以接受的範圍內",https://lh3.googleusercontent.com/grass-cs/ANxoTn1QCK95LsKazFCqeo5f07YsmwhXzFkYK6s2olIdSx89rrOMC_yB4KNERE0Oaalbz4TBfns1J2DZVIMXGlTGZw6L6o49JXzxMmHnBczREWZFZUCNvikRGOuD62dkXszOtPrsSuPUuQ=w600-h450-p-k-no
Chan 14s,1,2021-05-19,5 年前,"這就是169元的豬排定食
根本是炸排骨便當
小菜 一顆花椰菜
和一搓高麗菜
不會再來了",https://lh3.googleusercontent.com/grass-cs/ANxoTn37eDa6mXV6O_5-B-ECjyz0JAd1Ryz2QGUdOWH7tmza53Wb9eGZ1pf--_CJiW8ZdiJkUaEimZONXgQkEY41usKyeC0Mk2UiW4bb8ehAkbnqzAd4_4eGKEO8mChvQ9qK_hdwLmgc=w600-h450-p-k-no
realll 2,5,2021-05-19,5 年前,非常非常非常好吃，來吃好幾次了，每一次用餐都十分滿意。尤其唐揚雞塊真的是必點，好吃到全部吃光光！,https://lh3.googleusercontent.com/grass-cs/ANxoTn2Zt3AdhvYggB-10lSwaYtjkf04R05PW6FtEML5WoEZMG9cddtmXNu1KLHjV29ulWBe2Gu8Maj6CP_6oj9ZbFLNdDzzU_8Bk5EB4D1ko1R-j3ROp0_hB0Sb4Gc8UPAHVZDpkrLd=w600-h450-p-k-no
Andy Yu,3,2024-05-19,2 年前,就很普通，沒什麼記憶點和驚豔的拉麵店⋯⋯,"https://lh3.googleusercontent.com/grass-cs/ANxoTn1wYSS5HcrhU1iHE-U-2UsSXufJTROxooopA4Qehxp5axK9FcOa_z4OTDZogjsQ_u-feOi5_v99BD-RgspzisKDp1i5IdnAZUgaMktTxaWhdS4rb7dFxfi1o8ae7VHbcesODPr4Bg=w300-h225-p-k-no, https://lh3.googleusercontent.com/grass-cs/ANxoTn3_f0Ir89YREGdk1T30co6Bfe-F7IxaSLGchCOcbcGcrr8rx-hyJew9Fxoqqvjp5gZqy3wbQVR2aaAjWBwlQqtNJHP4gN3gTx-fCtL7AU3WRzEHD6TsDQu6hkaBNlgf0ktafds=w300-h225-p-k-no, https://lh3.googleusercontent.com/grass-cs/ANxoTn2HuePtjVQnHxBG4Nm4sYF5jnMAoWwJQeakVM-xFS0kVmsYoMwI-57-1VdypbbBTfwecoL78YjjuUe3mgcSIzTJr31MHSsnKUsfThY0Azk7a0IUC6wjf_N-1XpthPlJd7Io7tpcdQ=w300-h225-p-k-no, https://lh3.googleusercontent.com/grass-cs/ANxoTn2AXM23xjLVTkzuPhKhbUDON-O-c5yYEoHtegaKf5nVIrxijFBNmAjQPBzmyRgP-ABlLh_aZiVahxWKvjU3ST95L5_4FScGrprwpkwdYUvCIC_uu5SsW0oS6C3-p2i-qwPyQHhH=w300-h225-p-k-no"
施裕家,4,2019-05-19,7 年前,不要期待日本道地的拉麵 他是台式拉麵 平價 味道不錯 不會太鹹 又能吃的飽 可惜地板有點油膩 走路得小心滑倒,https://lh3.googleusercontent.com/grass-cs/ANxoTn0ZSmbWf0tLuggGSghs2zgFHrdsYaZcSvqYwj5qAR63TA90Sf79c_zu2gLQ8ZFEOTsDKNkRN2RffU6bXRIZrYrtcrD2eX_BEC1J-LdIEzv4CjOWmWTbgiU-2RNkbno8XbPEZ5kWug=w600-h450-p-k-no
黃靖硯,1,2025-08-19,9 個月前,"明明營業到10:00
9:30就不給點餐
我不是很能理解
那是不是應該是營業到9:30
才合理呢🙄",
鄭秀珍,5,2024-05-19,上次編輯：2 年前,"素食者有素拉麵和素炒飯兩種選項，憑良心說都很好吃，推薦給素食者。
公館隱藏版美食",https://lh3.googleusercontent.com/grass-cs/ANxoTn1Tl39VgpiiJemc6xRrl8KVJvqAU2zfl3t9Ks9my4SI8o0UaVWHSvnfhhGYfKjQ9uVDlomt35XsQJdhlCsRaZS2k3jJ6L7ZkFYtmpfq9IV6OdOP6Dm_yNTOD-ZB-Hc0ZAOJStb9=w600-h450-p-k-no
Iris Chien,4,2025-05-19,1 年前,"拉麵偏台式
環境復古
老闆人客氣
價位不貴",https://lh3.googleusercontent.com/grass-cs/ANxoTn3VQhebW0fMRdSF_SYMdCX4nPBWBwgxYtgMQpzrf1jPP8_ySXlhh4-cMexwD9Da9jGMtfcGOxeXwcUfHutLggokZo6L6v2idgnq0MbSZk9Xt9xExBh9HL_oDi--VcxkgOk_2lw=w600-h450-p-k-no
Hsiu Chun Hsu,5,2021-05-19,5 年前,"17年的時候第一次來吃，點番茄鮮蝦炒飯，從此再也沒辦法點別的，也太好吃惹8...............
2021/02/01",https://lh3.googleusercontent.com/grass-cs/ANxoTn1h2E_EzZiNjkFD0I8ksgOfTyNCXpCWm0uXXL7CCE1zysX8Jwj17jJf5KwvwNBFWB2T82uBf2COKjROVxKI5oyDMdO8RgahuliKqqoa-RN8Pn3np0KfdUxoh3qFgQxe44mOdBzUEg=w600-h450-p-k-no
chi-huan chiu,3,2019-05-19,7 年前,可以加飯加麵適合年輕人，但叉燒拉麵的叉燒偏油，炸雞口感偏軟不夠酥脆。,"https://lh3.googleusercontent.com/grass-cs/ANxoTn1FyakKZk9gG3ZqRSENn3POqbk6YxU0bVNEFzomBMeEbDMksx0MbI3b3hedaXL-1G7XEjyTaDngD1bt0JWSSkaCHn9r_RMQePbyT1Wkt6Fc3Iju7tQpWlFNbFOkHQA34Ax1BYrf=w300-h450-p-k-no, https://lh3.googleusercontent.com/grass-cs/ANxoTn2l5NmxUXCc53P76pP2H-Z8uPSFzz6RCRuOjVZ2G1-JgjQTnT0A8X6A0uqzwTnU4LqlgzaTcCUzyXo57ybOHtzvUPjWagudCJ2CyNQxVX0iyTFpnXiHCJdCRV8-S3IJsy9UqBqd=w300-h450-p-k-no"
T ZU,5,2020-05-19,6 年前,"好吃😋價格合理💰
CP值高👍
在小巷子裡，神秘神秘的
裝潢也很復古❤️ …",https://lh3.googleusercontent.com/grass-cs/ANxoTn1PtQ8Jm9654VpbFPuLemf6j6pp7s9VkakoGCRu-BglzUy79pHllvM9U6SEmY7rjvuKe_QlYg9KNrLWn1wV5KzqmKgkXArlebq_jjEeQZjUa2MuDoOwiu4grAMuo83qyl8elZA=w600-h450-p-k-no
楊智宇,5,2017-05-19,9 年前,定食好好吃，拉麵也還不錯，價格偏高。,"https://lh3.googleusercontent.com/grass-cs/ANxoTn1fkW2uLmD8uPSRByl-PJ0gtM4L9O2C-JRHP7fz6xwmv88sFG5H6kZLW9FuXbX6Nl3WMRgn2TTcqZZuU5Fd14aR32sSEN336lozqn8qqPiYYw9DXH394cZtgotsQx67OBcKPQgc_w=w300-h450-p-k-no, https://lh3.googleusercontent.com/grass-cs/ANxoTn1wMymE59x8gV8uSzAnfgma-03KuT50osLFD2pWWn0qyLcUtIAsVwtd0_cLYFuSCnXaw_m-8TZkV-lVCiwugzzqoDK_1BIwimMBMHTjC1z-ZEKTRjOQS8BEhJVifW5EFM1K-Yo=w300-h225-p-k-no, https://lh3.googleusercontent.com/grass-cs/ANxoTn1FbL-0RhzdXsoXuqTTyX8zEPfdwBch0TdlsnPRMYhtOZx2QNMiMpt090kIR2duhCJruEmdDAXVWVmfpCdvfJj4oEZZTghB2SR7lBHtjZx2rbaooD2OVC_ue1AoV8WcfjG5RoF__g=w300-h225-p-k-no"
Hhsiu Su,4,2020-05-19,6 年前,以價位來說，cp值還不錯,"https://lh3.googleusercontent.com/grass-cs/ANxoTn0dbgrUWQKmXDvrBH-2NMwCJVbDf0pzSCYmqoxcjWoEIApuiSRAxZmFrZ0eVVnfh0muWr1QZggkka-sOB7ft66Z4q1-35_okm4YV-gHBGSGVfV31y3uPvWoz79mQcPICDB5cgmc3w=w300-h225-p-k-no, https://lh3.googleusercontent.com/grass-cs/ANxoTn3NxV-d_uJOPNKhtWcvGJWsSc247KswP6EpO2We6EtK9y2R9k-ymwGwB1ERy4byvL7s0ljIy9lwRlJuVzna4dBI4TY_rkBWLVS5gwQzxqCP5cmKWwar3mD2R1CTawoiqVIAm77t=w300-h225-p-k-no, https://lh3.googleusercontent.com/grass-cs/ANxoTn2u1MA7QGu2Vho-pZzNRbeiEWF2csa1RD1NpWdKYE6kxoqzA8vylYo6N08tz60KSz6RPFIRdCSEzPgJYpcRshD54ItAOmEs-Sf9s_lHEdHi9faHRMvULV8_T7QtcxruHaEv4dKd=w300-h225-p-k-no, https://lh3.googleusercontent.com/grass-cs/ANxoTn2wPOGgZfMEy2IUGxn_Ti4gzz-GAn6bIHZWEUQee32kCsisgBxtJaouMPE3-Xo7v9bRgJhJLK-vF_1oeIMqGOgn6vUKzsR2HwiZVr85psKmk36R0Ds7v6cbIAFIYWcS6h-b0p1j=w300-h225-p-k-no"
。 JOE,5,2025-05-19,1 年前,湯很好喝～穩穩地一碗好吃拉麵,https://lh3.googleusercontent.com/grass-cs/ANxoTn1pSF3fp2qPAW3CzldKz5BmvK0W4mkpG8hI9wcH0gUtpwMX6fKh_esgx6g-c94kC_Gx2qCbRA93t0nrov4XC8w_L4xoX5qQ2nHICKhvnn_rWWwB0HtBGwuCruZYHeXp0tjobl4d=w600-h450-p-k-no
TMU余羿伶,4,2023-05-19,3 年前,巷口招牌很大很好找，飲料小小杯的,"https://lh3.googleusercontent.com/grass-cs/ANxoTn3DkSfAd2pyXI1g50SfhZpKxtSgl2i7wqPQzCAq9UaRqA1cO3dMeQvu1vr3R9d4LRWD-wMLQUzCkGy2_ysLDyic0GJ4yklYtFbamKSz548UxpjELsePHZgZp3fcwQf4u9CMMAld=w300-h225-p-k-no, https://lh3.googleusercontent.com/grass-cs/ANxoTn2J_G8SkbgRU98Zg4vD6cHrvqhKHThCS7HEGGQJOG2WduZ6eKkSdfasKG_om24ufWSMmDamejSK6s_R984qyWAJpS5e3tAFqasa96rf4-ml-Cm_ZfKxD-S2gm9CyAa9Z8gXj8HI6w=w300-h225-p-k-no, https://lh3.googleusercontent.com/grass-cs/ANxoTn2yNGkZG384jLv4qm4OMDFVDkWrjtgMaSDCG1iXlKjFndqmx5Cu89wm6R1lsXQhHrlE-EqLd-dsynftscTxuai0HHrn912cdf31Bt7bUOCguYBjw9Otf0yBHFlx9b2rgRcp4s6p=w300-h225-p-k-no, https://lh3.googleusercontent.com/grass-cs/ANxoTn2RxbI2veSoIq4d1qZsN4C9QYWCHBpmJctczFCPGsKiwpcXNLqAsICcARsxrY8i5n7c34rh_bGcswJ-3QUP8Cto_zRH7dOPWkaCEmNkAhTNlDNLDdAPPYfV35unSSIJmKY2A0MtFQ=w300-h225-p-k-no"
Dino Ting,5,2025-05-19,1 年前,之前一直覺得外觀很酷，今天第一次去吃，點了親子丼，159，價錢中等，但親子丼吃起來蠻有特色的，之後應該還會再來吃。,
威卡,5,2025-05-19,1 年前,"拉麵湯頭還ok
唐揚雞很嫩好吃",https://lh3.googleusercontent.com/grass-cs/ANxoTn3xOvo9otCm3FXCuZ4va2zn-rfBzYJiX4D4mNiOfzKj16f40zJOMYuwPUz06nTCntd_38e9Duo2lIjhBOm8R2j8tv59AbRjD_2GhHRJ1b4nNZiF5IXTgklD4aNaNjq2L0hoSd4j3Q=w600-h450-p-k-no
Google迷因仔,2,2021-05-19,5 年前,"拉麵的大誤... 台式湯頭...
麵... 也不Q😂
唐揚雞不錯 👍🏻 嫩... …","https://lh3.googleusercontent.com/grass-cs/ANxoTn0zCaVsK6rvjR2_YJK_QR4Tc0m0jouXSV5OJ7I5VW7fmJLLbvITI8A7Y38PUHATM47EG3JTQe_QALKb1irna77RxQCKokXqCWogJ5cvD5u_k0KczE0k61YvF6Oup9eWyj-aNyxpVg=w300-h450-p-k-no, https://lh3.googleusercontent.com/grass-cs/ANxoTn1g5-O8ojbn_gMIw6hQ1hGSCj_FTqGhk46xUS7KjmART-pSWGMdjj5lqiq1v5Crlm2CLGXVjRqoI9N1OxCD8zmDB323ArqNFKMWpDjIttIJ2zxMezdvqgKC4uIK0FeRYdSEXA=w300-h450-p-k-no"
zzyzz,4,2022-05-19,4 年前,米粒Q彈分明，竹莢魚炸得酥脆新鮮，咖喱比較偏台式,https://lh3.googleusercontent.com/grass-cs/ANxoTn2fyxuV0nxsE8JxV0WkUucxM_UkN4LPm38BP6DMsR_L74UT5Um8FWLlsVDHQnX012-wR3IOiOxeM2YDhyFbO3st-9oSSctG3-IfyB4nCnm-pF3ZFm-TD4HUd7ngSSkc-gVUyZpn=w600-h450-p-k-no
G,4,2019-05-19,7 年前,尚可。可以免费加饭和加面。天婦羅不沾醬吃實在受不了，味道太淡。,https://lh3.googleusercontent.com/grass-cs/ANxoTn30lozBPS3fZm775fd5oEl0usY3qbsKFHlb_ir314DsAH9PueJP3ioYHg6ZzTj1o1MEx38uV1HIgOjK9xY61NHZTyfPITcJRU_H0sCHR50779uK16aWAntUxxw46SMtvoLZqJkT=w600-h450-p-k-no
李端益,5,2024-05-19,2 年前,別人介紹來吃 看起來很不錯,"https://lh3.googleusercontent.com/grass-cs/ANxoTn0LgLa9-44JsMGE2t19uGxX8kEkNoDgaQlgkpDdlvCvOJmLxKw2nXDVmvgOMCx-pMXTG6FKtidf69U28Yp-On8s3HYe0dNvEEbafZ4c3DTfAP7jK54xqDp4QZTVVlHGnhB7svOl8w=w300-h450-p-k-no, https://lh3.googleusercontent.com/grass-cs/ANxoTn1nvpEe4Yd7wAKwagMTkSVYsL7NhZsbONqqbhwNCsUiuNLJrPIE20ZIT_uqIdtGe8uLs1nsSrPVusFKbrLcmY9cPrHRC-DnOCm6uXOV1dsP3XvAa7oea9Qor0hYGMTYthpJmMGz=w300-h450-p-k-no"
玉珍,4,2017-05-19,上次編輯：9 年前,"豚骨拉麵、炸雞塊拉麵🍽
平價、味道不錯，而且不會太死鹹。 …","https://lh3.googleusercontent.com/grass-cs/ANxoTn2dP0nK5bEDdAEqntApB0AeFmEEA-1OI09CBSEqq1PHSrzhi5sluRJkS--BavWiNYR3Ayi2PZLrjKREa068wverlLM60SBCfR14ls3w5uh4_jmf-UboGC3FcnuhmHfsjaeHN5o=w300-h450-p-k-no, https://lh3.googleusercontent.com/grass-cs/ANxoTn16ywDFt0MoOAXfmhp0lhYpzVybzgGhdBAQtIsTbOm20blP3ZXmQ2PmWq7N3P3qS69Wf3Yf11RVw6vIXLOZ5Df8vNL2d1vM9MpSmgG5gk4ARRjKhy2QbtGmiBfQVakpvBL7nYGVzA=w300-h225-p-k-no, https://lh3.googleusercontent.com/grass-cs/ANxoTn07aI0zd_k1Ej6mwoph-XsJNQzhMmXUNc509fDJ--TIqACb6gnMcQ3oueKtVOSl9MlDfuDP6YRyxPG-aksvxu_QAXTq4-IQnaHq6iV5MJhRTxUSSd7Vh-TG_pEzfkWPmAhI0yBD=w300-h225-p-k-no"
Sunny Lin,4,2017-05-19,9 年前,近捷運出口，位子多（三層樓），CP值高,"https://lh3.googleusercontent.com/grass-cs/ANxoTn1OGxevV-vd5xVvFpmCaUlmr6Ho8uSHcuWUr4EDfOWCc48OS_Oh7sH_e1HX6Os3yynwMmEj6rOjR4JR4Z4RF6LJTI3E1Yv8UfDHfnnaXbg-limzfRHUf65lfQIkY_c_NypTrBdR=w300-h225-p-k-no, https://lh3.googleusercontent.com/grass-cs/ANxoTn0ratHN9WhEIABocwvLg-tmwstoQLXoFFr7POslwVf8yI2NeInR19F-AP1wZo3Tz5GwsvOrXfGJZIibWbHj6JAkar474uaJmamHVlkCO_nP_CwSOlHoF6ompWV-smOFQ16bRpQ_=w300-h225-p-k-no, https://lh3.googleusercontent.com/grass-cs/ANxoTn0og0ZdYSNp8RG1YMDHtUYoS-XYzEYp128cCnx4GUnXA7rFGVIKoLZInI6ZBhfJZZf1nWqDTvFLyWdUHOTBtbvvSRNFC8IVjRqYLo5fjWBkWAPN5m0EaUbPwIXEO5ilcHA0zmPG=w300-h225-p-k-no, https://lh3.googleusercontent.com/grass-cs/ANxoTn2VKhBTz9ZK_tgIvMJJOM8d3FQtlAldc7oMKeEhMBu76ZjG55FZXT375brYwzwUHFsHJ2zePWVW4xZrNQShAgIEtSI8r5aRK8sB3OlVsyFgqOs5V1mHn2MNu8Ajk_5PKYp6_TpCyg=w300-h225-p-k-no"
Yu Lee,2,2018-05-19,8 年前,湯頭死鹹，麵條軟硬不均，那個蛋也不行... 還加玉米......,https://lh3.googleusercontent.com/grass-cs/ANxoTn2q9vnXkOTktx3SVUyw7eItaTgZufk46zrmOOFHQaYV7CUzabExgMb3RMEg8f6TNdVXw9OoYSXd2iEqKb1f90P8soqtSrB0_m91tmLVPSwm21KMCenCfpVw2UjTfmSIH05zo_KXAA=w600-h450-p-k-no
Z Mr.,5,2021-05-19,上次編輯：5 年前,老闆人很nice!晚上加班很想吃拉麵，搞到很晚了，老闆還是願意幫我們煮一大碗拉麵！,https://lh3.googleusercontent.com/grass-cs/ANxoTn0gOv5HQPTNxCnNI9HFBtrv5SWllADBtxwlmwm3gCMwuxAPw_mQhyt9Fr-0C-1AP-yhndcr6-VUhhmiPh1Nx1-bTAcyjJp_0W_3GR_JvHzNk0nCHocjFeZsIsEpCNDRUjQje8knSQ=w600-h450-p-k-no
joshua hsu,1,2017-05-19,9 年前,不好吃就算了，連蛤蜊都沒煮熟，沒有一顆是開的，太扯,https://lh3.googleusercontent.com/grass-cs/ANxoTn0h8lOAFuoU9GiJ8OQzQwtVnVhgC3Y8XVPvSy0ij2nYlDyWbg7vNbp2yNFDnwDlenq5SsBEbgqqkZiEBgA7Ia3FRZQxreLxLGmZscZhbzrwKiOKxBGrSylstoE8plPdObNrvhxs=w600-h450-p-k-no
Chen lan,5,2021-05-19,5 年前,白濃湯頭鮮美，叉燒、炸豬排炸雞塊都好吃，尤其特別推炸雞塊外酥內嫩帶奶油香，值得五星,https://lh3.googleusercontent.com/grass-cs/ANxoTn1Tv2phFT9gX16iZb9oZDK1wPiHXOZZHFL3MMJH2aqIOXreb1CP6twGXA5cFVRWxIL1h2KjnkRxy3JLxWZf5Wjq4eJiWV9V3JJFe8WcYDyTVAcKkG4JuKtMy69A1sLrJxxxt4A3lw=w600-h450-p-k-no
呂芳妮,5,2019-05-19,7 年前,白濃拉麵很好吃，肉片也很不錯，超推der~~真的是酒香不怕巷子深👍👍 …,https://lh3.googleusercontent.com/grass-cs/ANxoTn2wedsuHyZalGjHsMkscICN1h3SBH6i1LnqQ6g36UYiHcYqU9lI7kGyGEiLjZTNh6KJZDFPK7wawDNplvBOAqgjbJVhIuqgUTZPVUfkUzoGMqUKG5XO3VvD59AKFDjU3k5oXa1bSA=w600-h450-p-k-no
Spade Jiang,4,2018-05-19,8 年前,好大一碗，又可以續麵一次免費，值回票價,"https://lh3.googleusercontent.com/grass-cs/ANxoTn1OQd0P8rEFKVt-72LnSOggTvl9ZZOGgO-EIvNV5J9W_--PC9C3OUM5t2cke8qzf0SYF7rRMQjRjDwvFko_QlqIjZUe3jQGx5dxunO1eFjRIdXe3HdRmfZeAbrmJ5Fl0yk9-Ndypw=w300-h450-p-k-no, https://lh3.googleusercontent.com/grass-cs/ANxoTn1vHLoXsYM6VytObx7hKen9iXZ27tUhsN8BNOnqZfMn6g6B4jCZr8sXJvQQypbROINeOwL9uaaWuotAtwviZcww0gupq_wct44lhNUNbfsHdnIQWcoWFjc4P8H34rq29mohyj_b=w300-h450-p-k-no"
燕停,5,2025-05-19,上次編輯：1 年前,"二編：雞翅依然是這裡最讓我失望的東西，其他大多都不錯XD
拉麵麵體有Q，湯頭清淡偏臺式（可喝不會太鹹）還不錯，個人愛白濃。湯裡的玉米口感較差有點可惜。
唐揚雞要趁熱吃，配白飯非常好（白飯Q甜不濕軟，好吃！！）。咖哩的蔬菜比較大塊、偏脆而非久煮型。
點豬排丼/親子丼前要想一下你喜不喜歡炸物炸皮被蛋弄濕的口感，如果不太行建議改定食，貴一點點但有附湯、小菜，還可以加飯。天丼看起來好吃下次想點點看。",
Shih-Lun Wei,5,2020-05-19,6 年前,這 野菜麵我覺得cp值不錯 這個菜量,https://lh3.googleusercontent.com/grass-cs/ANxoTn2OGX7Ju8wOYc7-nZb1scx3CI1B3O87lD6v2YrW1lcJ5chfu4A0jaWj0t1_RRZVh8fpFG3CGQ6KlMEnbxN9f3eQFu7tn0KR87Kn0ALNiPFs9fnNptmq7CaxEoCzpWpgq4_mXmg=w600-h450-p-k-no
蔡宛秦,4,2020-05-19,6 年前,藏在小巷裡，價格便宜，拉麵味道也不錯，但唐揚雞的皮比以前厚了,https://lh3.googleusercontent.com/grass-cs/ANxoTn3qaxdOC7eJUrcUAX-2NOLApBVK8GV4ey2JSaldtVDWUQcE-wcf57FCuEvqxRmEieApmnPEkiemL-Lyfb22PvVSSZn9Hr9CLDCfO3JbN2Jz2Eoi3sqdHpV6CDn2qFQvTzjm22Y4DQ=w600-h450-p-k-no
宣創藍,5,2025-07-19,10 個月前,"內用有水和冬瓜茶
服務不錯但送餐略糊塗
猪排好吃但很薄",
Michelle Tang,4,2019-05-19,7 年前,很好吃，加麵的麵特別Q,https://lh3.googleusercontent.com/grass-cs/ANxoTn19gKyq_qI5dxejmhnPwhjPvYZOgvUwcvzoQZ6457wOzUxE7dtvCsTEH87Xx7MuovRKbJODMyCISFApS4YP5JrnAZCx_qE-lkymChgne0KNUykUzEdE1zTH6-_z54Ye9NSxzZS9=w600-h450-p-k-no
庭萱,5,2024-05-19,2 年前,"以這個價位來說是非常好吃的拉麵！
清清淡淡的湯頭 帶一點胡椒味
應該是臺灣口味的拉麵
最讓我驚艷的是炸雞
剛炸好的時候外皮非常脆
一口咬下去有汁水噴出
（請小心燙傷
難怪評論裡那麼多人推

老闆娘人很好
會跟客人聊天
聽到我們是第一次來還跟我們介紹熱門餐點

還有在Google評論就可以免費送的飲料
跟精緻的古風裝潢
綜上所述 五顆星XD",https://lh3.googleusercontent.com/grass-cs/ANxoTn35kcmBeKn43rc9GpYZj1RRXbbA5WA96maaiZKbuwrReKdnL-w1q87-RE3TwyvcnmXutfT13OwEUKx2q2LX0Zzp72rF2QRMafggQgLeouij7_N7CENTTCgR7AtbM7SwB0_EY_bM=w600-h450-p-k-no
Jan Ting,5,2024-05-19,2 年前,"位於陋巷內的拉麵
麵體偏硬好吃
炸雞翅香酥",https://lh3.googleusercontent.com/grass-cs/ANxoTn2-cuLUo_64S4OFGHiTARiEe4V0iQFpI3MEJOVGCpEXD2E3aSp_Lzwn6otMlc2rmr5mnjZ-OEK9PGeHRTgDzq5Et3JFDb8TFFhfdgI5v1VoZZrQdmXLngVlilQLlNjw6Qwc1u1B=w600-h450-p-k-no
lee ping,4,2020-05-19,6 年前,豚骨拉麵不錯，咖哩飯味道太淡，炸雞好吃,https://lh3.googleusercontent.com/grass-cs/ANxoTn3NgltGS_I68baCUn-rrq1JKn48tvwCnTWGVcJL4ZRoVbt8sHJbczMC2NTos-1Iv3QFw0Jkt3xom6r0xugfpBDVlxSRJ9v5ZnyDuOzXsGlzx9PTrqSxvZp-FzVMO7X4LUazNhO4oQ=w600-h450-p-k-no
Wesely 翁 (Wesely),2,2019-05-19,上次編輯：7 年前,蛋好醜… 怎麼辦到的，好意思拿出來XD,"https://lh3.googleusercontent.com/grass-cs/ANxoTn3lIcLw-a047yNhdOYW0XXO7ZykHLZB5YtWGx1nmimbQj7ISGAeTdhnOis59HXisjfHv8jej4NfLj_zQScBeJx9gyJp0TNZXUwwzB8gv-2VfglZjhoDgkgC8TeajEOoiSow62KkSw=w300-h450-p-k-no, https://lh3.googleusercontent.com/grass-cs/ANxoTn1NXTuKZSp3_Huwf0k8qk_UsixqLhW8QgmsNSBDxWQajo_t0-4R3Y1lMbM9KSMY29XNyURLn0c1cZULqT87a3OMkMamgUtIeoBtrDPmQCpTVOR_1aMGH5uyBWD5kIh-z0IWt38=w300-h450-p-k-no"
陳玟甄,5,2024-05-19,2 年前,唐揚雞好吃！每次來必點👍,https://lh3.googleusercontent.com/grass-cs/ANxoTn28d3HcemZLFGRdfpy94VtH2zk82TH8X-z3lEdkKGXtNvKxRj3exWAXZzZeN5APriXQQS2hewjGtFTVB9wvjQW5_5CKb0XywEdYhkmtT4OYG1a4b8J_QywVm5sJkz8VIV9az59U=w600-h450-p-k-no
ひよこ,4,2017-05-19,9 年前,台灣人口味拉麵，不重鹹。平價味道還不錯。,https://lh3.googleusercontent.com/grass-cs/ANxoTn08Y4aro38JsbE-DfOEjINw6tJx18T5EGUjiEqeK_vhOioqPxHxOTkurwO59SEb6J5quWHeFhrxq7-FdaPJ5j7IW-knAQiHoh2mQM4Mc3bsjbCbcjVYwkNbG_G9GvSWf4rnNePP=w600-h450-p-k-no
Ameimei Wang,5,2024-05-19,2 年前,"親子友善的用餐環境,店內人員服務態度，餐點份量多，推薦野菜拉麵，料多又能免費加麵，很適合我們大食怪的一家。唐揚雞炸得不乾不柴，還保有肉汁，推薦必點餐點。",
SaHanLJ MaHu,1,2023-05-19,3 年前,"衛生跟服務態度差，之前在櫃檯那裡吃麵，結果有人把她們勾選菜單的筆弄掉入我的拉麵裡，不重做就算了還要收錢，我跟老闆娘理論，結果跟我說她不擅長應付這種事，只讓我便宜10元！簡單來講就是不想負責，只想賺錢！
當下也不想把事情鬧大，就當買個經驗，改以評價讓各位注意~
要不是評論至少要給一顆星，不然直接0顆星，那隻筆不曉得多久消毒一次，髒死了！！
若介意衛生環境的，要來吃之前要有心理準備，因為她們真的蠻不注重顧客的飲食衛生的",
Ron,3,2022-05-19,4 年前,店內外乾淨漂亮 但白湯拉麵我覺得普通,https://lh3.googleusercontent.com/grass-cs/ANxoTn08o4RLEdlnUj4DUkqBxzf1CoqErYxVP88PDadFmL7jc74BvF1iYQXsRCQjuSzn7fk8SCRqMdhg3znovVzAZPIC6B2AA-vk1zYT8Kj2hDpTIDiD6TUgRRTqdEGBhhhN423QI0gL-A=w600-h450-p-k-no
Chris Liew,5,2024-05-19,2 年前,環境很舒服、服務態度很好、價格便宜、食物好吃,https://lh3.googleusercontent.com/grass-cs/ANxoTn21hSQnBGWwFUDCVarMSJJLzlvY_wGvRUqcD2j5zdmEGvHlfd8aSYC0QN2hRc1fYqgT26PwoyIPXoOnPRXFvF5giw5h6Ud3Vd88mWZkknBOr2xQ47m2Hyjn5wflaaoQnTkeD9UN=w600-h450-p-k-no
Zhi Xuan Loh,4,2023-05-19,3 年前,好吃！打卡送飲料！唐揚雞最讚！,https://lh3.googleusercontent.com/grass-cs/ANxoTn1r34VeclAJI9_vGT6a2JY4jM2kaIBaFeDYpYm4hW1WNNt2U2HqqGbMESWtXtWSZSoN7aYcFhrODQYsnCSkBbyzrQ5VfFbOo1W0aRGBkzYeEkkBezV1TcofoNtUf2u2jqvmKY0b=w600-h450-p-k-no
Yu Ching,5,2025-05-19,1 年前,氣氛很好！ 價格也很便宜！,https://lh3.googleusercontent.com/grass-cs/ANxoTn0OPqPz2HxPhfe4V-GhCey9FtxVm4shRG0T04vQC8n9cc79oVxnjmP8U54rUI7WBa4pGRepa8eFdu7hBssiXLA__gxXSfhOdbnuNneZ_lAP8e-1dy_v-IzMQNxp9izjuvZZBqdY=w600-h450-p-k-no
曹祐彬,1,2025-11-19,6 個月前,貴死了 120一隻蝦,
劉京涵,5,2021-05-19,5 年前,還不錯！可以免費加麵一次,https://lh3.googleusercontent.com/grass-cs/ANxoTn24Klmsu5E6Sm0kppflb-ccfBb9917v5RPQi3g0KummFXyK0Gj8uXtvdlCTqPJMDITzgVGKDmdWvstDp4kyNzuR--xMNnZETBYUWqKV3Yw4uMBHcIPjGW6L4t5mAPXBnCihPM-PIQ=w600-h450-p-k-no
Axelle Mar,5,2025-05-19,1 年前,Excellent ramen! Many vegetarian options.,"https://lh3.googleusercontent.com/grass-cs/ANxoTn3kqG6ujl2zClRblIFHA2I39RFFqqAdAY_e5LBI-tOMCB0l40Z53BBQohcQ9hpm-gr8ymjatxLws9OQbV7zIR_Jm5IKLPraMqzHtILt5dQsDqjLMOnXsOo4MWYBPU0zleR7AjA19g=w300-h450-p-k-no, https://lh3.googleusercontent.com/grass-cs/ANxoTn0bF_l7EJQcCk4qKJj22wGHqPWb_L7kY7V4t6nd_OPNlIiYiGkOH-23y02YvczN4U6l_zzUjx0joQfnnPEUTYuaMVa2aiXAnl6SFSXGdj-HQAp0hl7oGam0ecAKmP3q15WAFTbU=w300-h225-p-k-no, https://lh3.googleusercontent.com/grass-cs/ANxoTn13DNuF31mx1TDdDlM-JHBBDEMPDI06Z6X3l5j31BrAi2ZuFAJ9BZKBha7F1198TDnacnPW3nzOy31mgjW98qyXZZNjrV6ictSUV9rcUVDSndTl9NqmPzkwX8zpspAG_WPC6XZGjw=w300-h225-p-k-no"
徐寅翔,5,2024-05-19,2 年前,食物好吃 環境佳 有免費網路😍,https://lh3.googleusercontent.com/grass-cs/ANxoTn0L138wsXgbBBAWAqXLcD19MeMIBwjwiGanyYcIyugip3BZ68B9xD5nEE9l48DYkaxIc9uB2OJX9OAXF6UOaHxiBFgrgPuYRZ4GRMEawfLRiYBu82l-hb2ksNwOQJVWZPDF2hWE=w600-h450-p-k-no
Change J,5,2024-05-19,2 年前,點了豚骨叉燒肉拉麵，吃第一口叉燒肉有被嚇到，去日本吃過的味道竟然在台灣吃到，頭湯跟麵算中上，很值得吃的一家拉麵店，對了這一碗拉麵210元，如果食量大的人可以加麵，記得留半碗湯哦！,
姚睿銘,5,2025-05-19,1 年前,拉麵好吃！是很適合一個人吃拉麵的地方，還可以續加一次！,
黃聖傑,5,2019-05-19,7 年前,"200多元
可以吃到這樣
相當不錯","https://lh3.googleusercontent.com/grass-cs/ANxoTn0M20T-Th6flrgPtp2-1WPdPJZYF6T273PTEhAcb-R2KkUNclH9F-7RJsXeVl14-6apYpNItnbFe3PVtxh3VKYL-lWcff-ycTpatGZA320tiSBT0YlZqnfJCShB2IiLfEixzXc=w300-h450-p-k-no, https://lh3.googleusercontent.com/grass-cs/ANxoTn2qTKlBVH1IQecbXkHyUlV-UWLzOZVkIE_7UZKded5a_pl7PG_f3ChrWXbwV63yKSEs_6x3sZMAKgal_eTZRb5Bo25lLBKsNjkRAzemmllvUztmNJ5-rdUqdXle4uuOzE1YFsY4=w300-h450-p-k-no"
狐離,3,2023-05-19,3 年前,"點了一碗豚骨叉燒拉麵 濃白口味
端上來的時候
映入眼簾的首先是那不該存在的玉米
看到的那一瞬間就直接不想拍了
開始吃的時候
煮麵的水沒有瀝乾
一喝湯就有很明顯麵粉味
本身湯味道也不濃 不好喝
吃了一口玉米 硬到鉻牙 誇張
唯一好一點的只有叉燒 味道還可以
海苔 一個拉麵必備的東西 只放了3×10麵的小片
麵條不會太軟 可以接受
他們湯底比較清淡 不適合我吃味道比較重的
喜歡淡口味拉麵的可以試試看",
柴柴,5,2025-05-19,1 年前,"環境很有日式風格
老闆娘態度超級棒～～
讚岐烏龍麵很好吃❤️❤️",
陳靖,2,2022-05-19,4 年前,從湯開始，喝一口就發現是死鹹味，沒有豚骨獨特的油脂香味，比較像泡麵的調味包。麵的話口感還行，只是因為湯的關係吃不出什麼東西。另外我還加點了一份唐揚雞，口感還行、多汁，但皮太厚完全不ok，老實說他的油炸味有點臭臭的。整體中下，至少我知道我不會再來吃一次,
梟棠,4,2020-05-19,6 年前,"內裝還不錯，看的出來有用心，至於餐點的部分個人覺得算是小貴(因為味道真的很普通)，炸雞的皮有點太軟、而且炸蝦的麵衣很厚，但至少可以吃飽且感覺""不差""",
任陵生,4,2018-05-19,8 年前,我點肉ㄙ蛋炒飯，付味噌湯，布丁都不錯吃，飯炒的好粒粒分ㄇㄧㄥ，唯一差點的是湯太鹹，我加了麥茶好笑吧！還不錯喝，飯份量很多吃不完請帥哥打包，晚餐有著落了，要跟店老闆說抱歉，忘了讚美飯炒的好，只說湯很鹹，在公館商圈份量多年輕才吃的飽。老闆很不錯吃麵加量不加價，做生意不要怕人吃，有幾個加麵的，兩個人吃另外加錢應該的，我是老人家飯量少所以可以打包回家當晚餐，省錢省事，年輕人加油，有機會我會帶*老人家*來吃，還有一點滿麻煩的，洗手間在二樓爬的滿辛苦的，到時候我不說自己想辦法，哈哈….....=&$#8?($@6),
羅文怡,5,2023-05-19,3 年前,老闆娘和藹可親，拉麵可以加麵也可以加湯，拉麵口感Q彈，白濃湯香醇濃郁，餐廳環境衛生也很好，推薦年輕人來嚐嚐，離台大很近，附近也可以停車。店裡有供應wi-fi 。,
- R,2,2025-05-19,1 年前,環境比較擁擠，烏龍麵不推沒誠意不好吃，炸雞塊有點腥味，皮內肥油沒有用乾淨。,
陳奕如,2,2023-05-19,3 年前,"1. 點了炸豬排白湯、炸雞塊醬油，結果醬油的湯端上來的時候是溫的，感覺放了很久也沒有加熱那樣

2. 豬排很扁，而且裡面很多小碎骨頭，吃的時候要特別小心，一不小心就會刺到嘴巴。也有一大塊骨頭在邊邊那塊，很像排骨便當那樣。

3. 加組合的飲料很小杯（大概跟裝水的紙杯差不多），如果要單點可以斟酌一下

4. 加組合的炸蝦，前端咬第一口全部都是麵粉，第二口才會有蝦子，吃起來有點空虛

可以免費加麵一次確實是優點，適合可能想吃粗飽，或者不知道去哪裡花錢的時候服用，想吃拉麵的話建議敬而遠之。",
莊博宇,5,2024-05-19,2 年前,非常好吃，而且不只價格非常便宜，還可以續麵，份量給的非常足，唐揚雞炸的很酥味道很好，推薦！,
SH The,4,2022-05-19,4 年前,開放內用了，里肌丼可以！,"https://lh3.googleusercontent.com/grass-cs/ANxoTn1GO4ytW5kheX4oFHDflHYkivPwqSzgbpv9CS2YCq1rzpeNUnjeozTuQsshBGLIk2rshAOfwe6BmSHWgx0wkTto69iRgJmmINkSU918yJXkhhp6MuCwF1BoFRMUtP1gmkkpu54nmw=w300-h450-p-k-no, https://lh3.googleusercontent.com/grass-cs/ANxoTn1pOtXYMn5Mzht2qToE_uuWCMFPXSIN0BP9NWolbDlEaArXfT9iP-v5vZdWFn-mFMFZTaCttRDhK1SAkNNDJpd4tYOxJqYMDovjldHx3b5YxEnBhWWiEmDKsZVv8lFZI4cstecK=w300-h450-p-k-no"
黃俊騫（小斌）,5,2024-05-19,2 年前,偶然停下腳步而巧遇這隱藏在巷弄的美味，能發現這間店真是太好了。七個字形容這間店的拉麵：麵好湯濃肉大塊。,
Yujen Lin,2,2023-05-19,3 年前,食物一般般，沒特別驚艷的～,https://lh3.googleusercontent.com/grass-cs/ANxoTn1hx46tdk9Ta8wiDLb512TluKRE1yAxVN9hG9TAADTHHxZdwrsALFuB2eB_B9RolfwZUX7oWFHyKKmC2nfpjlH9SlI5QWlqSQIe6yWy7PLHcIqNk7Ot3tcyoCTdB4iN0ViDspwG=w600-h450-p-k-no
賢,5,2024-05-19,2 年前,"12巷提供素炒飯和素拉麵服務且加量不加價,非常值得.
素炒飯有鍋氣,很好吃.份量足
素拉麵菜菜也很多
對於食量大的人,是很好的選擇
~~老闆娘也很親切~~~
分常推薦",
Kathryn Klassen,5,2025-05-19,1 年前,這家餐廳的氣氛很好，很輕鬆。想到我所有的朋友一起來吃！,
語語,4,2020-05-19,6 年前,喜歡這家的炸雞好吃又多汁👍👍 …,https://lh3.googleusercontent.com/grass-cs/ANxoTn1O18enaPHobOAhGRFNtLyeBENXtevMJfeNF5QsSBCbjeRNR1OgiWl3-S9WYuxrmlQzF3ZCIriy79oGy34F5wPYcwLAY3OS4UCt7VLQ0RR3ue9qH4Iw4Csbfl9TmvLMgi76TqG1=w600-h450-p-k-no
Tony,1,2024-05-19,2 年前,"千萬不要單點炸物 沒肉全都粉！
闆娘會一直講電話 結帳講 送餐講 完整蓋過電視機！
點一個天丼和親子丼 一個醬汁和油混得更油 一個沒有給沾醬乾的不行...
嘴破＆失望＆雷",
Yzma Lin,4,2021-05-19,5 年前,菜單選擇多，拉麵可加麵，內用有熱茶。,https://lh3.googleusercontent.com/grass-cs/ANxoTn31mR9m91EIcBl9Db_tuN2uHJe4OWkET-ZSZ1wbGqVKmopk0Zo6sSV1ytl64YcwiPiZT4QSVtlJlB_bBvo5Vf7rKCat34J-Hsf6pRgBzNtHbMUwnRsXifNK6ME-sgJqQB9GFGcfeg=w600-h450-p-k-no
嘉欣,5,2019-05-19,7 年前,有供應素食餐點，份量充足，服務親切！,https://lh3.googleusercontent.com/grass-cs/ANxoTn0Lg3Nch06fUZblAAZC6LQfEocTfFHEW4SQEsOL2UnTm1akVuYrBdwe7yMKrPqfYWMrgHgVnMbgbdtjSnH61WHB2GQ-GE11BXorJULQWsO3A0O8DHrnsUtxaTCYzg_GgCEO3hya1Q=w600-h450-p-k-no
Angel,5,2024-05-19,2 年前,很好吃的拉麵 也有素食拉麵 口味豐富 對素食者很友善 店員也很友善 環境古色古香 很有氣氛的一家店 免費加麵加飯加湯 CP值很高 已經來吃兩次了！,
ian,5,2025-05-19,1 年前,好吃，上次吃天婦羅洞飯，這次吃炒飯，都很好吃，店內用餐環境也很舒適。,
李子民,4,2019-05-19,7 年前,"如果只吃拉麵的話，願意給到五分，但是考量到飯類很不推(料少沒誠意)，就給四分。大推蔬菜拉麵，蔬菜超級豐富，這附近應該沒有店家比得上。加麵的時候(不管一桌幾個人都可以加，五個人就可以加五碗)是直接一碗新的麵直接送上來到你面前，讓你自己加，不像一般的店都不是在你眼前加，你都不知道他加多少。只是記得以前烏龍麵也可以加，現在一律加細麵。另外也建議+68元的套餐，建議選擇唐揚炸雞，個人認為是搭配的炸物裡最好吃的，超級多汁~~~
另外用餐環境也不錯，唯獨偶爾人多的時候小擠。有附廁所，很貼心。",
Pearl Lin,5,2025-05-19,1 年前,超好吃的拉麵 已經特地來台北吃了好多次 湯頭很讚 麵吃起來品質也好👍,
獨旅人,5,2025-05-19,上次編輯：1 年前,價格實惠好吃，熱門人潮爆多，推薦,
許峻銘,5,2020-05-19,6 年前,"初次到來
這裡的湯麵非常好吃 湯頭不會像一些日式拉麵一樣這麼鹹 味道很香
而且可以免費加麵一次。叉燒 有五片之多
一般拉麵店大多給3片然後2xx元

這裏18X就能吃很飽 氛圍也很棒。以後有到公館會介紹朋友來吃",
千,4,2019-05-19,7 年前,麵條湯頭蛋普普，叉燒不錯，雞塊大推,https://lh3.googleusercontent.com/grass-cs/ANxoTn3YwCyC2tq87EvEos_irD0cyKXXy13BFL4TL2E6JyFAIZdp1jqh_hHtDBFrn6FW0fHGMr7-oZMf3pPPBBu9Tm0i5UYVMS_86u3wBzkLgBwUTU21nK_HlTMUTzh7S_Tnyi_WDEzPzA=w600-h450-p-k-no
顏嘉緯,3,2018-05-19,8 年前,約是100-200元台幣之間的拉麵，口味比較偏淡，不是日式濃厚的口味，每碗麵有附一整顆對切糖心蛋，來的客人多半是學生族,
黃東才,3,2020-05-19,6 年前,"上菜速度快
套餐飲料以為是一瓶可樂結果是一小杯可樂有點小失望
唐揚雞還不錯但是豬排乾扁不好吃

但這次吃飯經驗不好，因為走進店內時帶位的人手勢往四人桌比所以我們兩人座四人桌，店內尚有其它空間也有二樓，但後來來了一組客人有四人，女店員跟他們說可以坐二樓，都走到樓梯間了突然看著我們這桌，然後就說要請我們換位置，沒有回覆好或不好就急著把我們的餐點都端到另一個兩人桌上？
要是店內都沒位置了我覺得要我們換位置我完全沒問題，但我不懂的是明明還有位置也都把人往樓上帶了，吃到一半就被換位置，一臉錯愕還看著食物被拿在對方手上問：可以嗎？

？？？",
Tina CH,5,2024-05-19,上次編輯：2 年前,吃了好多次，很讚~,https://lh3.googleusercontent.com/grass-cs/ANxoTn3GjaNvkPqy0oAckUAc_HbkvhpH7rNNZWwx5i5x6wxG_SBMIxDuE4qDIKfQqEa6qyN3Vs8Ax9MmmQOD1KWe8mbm4ITqyf0D0wDO4MI0ZfMpNKtrogLwWpZqbcQutccmW2ShZFh8=w600-h450-p-k-no
郭愛米粒,4,2017-05-19,9 年前,蔬菜拉麵很可口喔！套餐划算,https://lh3.googleusercontent.com/grass-cs/ANxoTn1l4Hs7Rd4CGF_OI-j4P_Om-1Hs0ANDqzTs1FIo4trIUGT7ffupt-p4t0DlxrOJmtUjvgZD7pi6yg0HdxTzI3bxHIHZHEagLZFwUF6cXGfYET3v3dSnPJvv0Q--xoNfnQylPuA=w600-h450-p-k-no
Peter,4,2018-05-19,8 年前,"跟其它100開頭的拉麵比起來，味道算是很不錯。
炸豬排有骨頭，所以應該是炸排骨才對，而且是直接浸在湯汁裡不是另外放一個盤子。",
闆娘,4,2025-06-19,11 個月前,平價，好吃，學生族群的最愛（吃很飽）,https://lh3.googleusercontent.com/grass-cs/ANxoTn0ZJPCmA8r-4XYGQIbem_J692KA87e-_x44Qsyt7hsL3EUzbi3OqBmYpSYZdFXzAbeq3dt5Juz2kr1EmqOWBTUv28PD4pRnfie1dABw_GW6X1phiMkthrQ6HACaY0uJwKynKdkG6w=w600-h450-p-k-no
Hibiki Natsumi (七海),4,2020-05-19,6 年前,拉麵和湯頭一般，不過叉燒還蠻好吃的,https://lh3.googleusercontent.com/grass-cs/ANxoTn30_Y7_cgxWt3z6KtHLRGidrYQMdTB8sN_6eVo62Lq1lwUauDDugPgOjTH-Jvkgzea4V9emNY8G8kcauPJkEPuunIhJJAOrGWl8hN_ZO8KO3aMgsYeS7hhPLtCpmusj0WkgNYPx=w600-h450-p-k-no
陳宗鴻,5,2024-05-19,2 年前,好好吃，湯頭好，叉燒大塊,https://lh3.googleusercontent.com/grass-cs/ANxoTn1ZDb7W84mK79nRDfUqsnEoR4JLQZIFtaqfBbG99nRR53FUoP7N62xwYJoT3ux4s0yMMoaJdplm7u5CfU2EjVQjrbNmHt0q3FzyTrcOCLql7klRrnhXdd0fVegxUwMOWwqEfW4P1w=w600-h450-p-k-no
Cheng Leo,4,2025-05-19,上次編輯：1 年前,日式拉麵，吃完可另外加麵，老式建築。,https://lh3.googleusercontent.com/grass-cs/ANxoTn3fnEP3cHbHCRUfuUh5Ve1nLq6nOwJ_MPtpSfuwpQigx22P7-tjTFulThKrN13xrVDbNyWIRvRAN6dCyhEaB9O4aHUCV_56rXWcgKaZFS7d2S7FfCmrEBHrpl7XvVvd2MpxUx4t=w600-h450-p-k-no
鄭鈺潔,5,2024-05-19,2 年前,喜歡 氣氛很好～有復古的感覺！,https://lh3.googleusercontent.com/grass-cs/ANxoTn3My0RYwNLSiFIDcbozqMO3F3hhTjcSlkO1lSTGlBouuOJx7VchtbYDblsWMEqQUXc-ZcuhQPbZZ_0ciD-xulL41iTZMLOyekArFg-iwwMq0UsTnK2APHWZV0vluWrWYg-uvTdS=w600-h450-p-k-no
niny yeh,5,2023-05-19,3 年前,"滿便宜的也很快
趕時間的時候會來這邊吃
炸雞有玉米罐頭的味道我也不知道為什麼
其他東西就普通還不錯
拉麵偏淡
喔然後不會擠也很乾淨蠻不錯的",
Angel Tsai,5,2024-05-19,2 年前,造訪多年，份量多且不失美味，最喜歡他們的炸雞！外脆內嫩~值得一吃再吃~,
Mochi Sweet (麻糬半糖),5,2023-05-19,3 年前,"價格 CP 值蠻不錯的
推薦小菜點個雞軟骨
炸起來的口感和嚼勁不錯～

而且在台大場次結束後
這邊交通也很方便

吃完飯之後
去哈啦打機台非常順路",
Andy Jiang,4,2020-05-19,上次編輯：6 年前,"上菜速度快，炸雞很好吃，溫泉蛋有點不及格！？
自己吃拉麵可以續麵一次，但有些座位燈光不足
有熱麥茶跟檸檬水可以喝",
Hsin,4,2019-05-19,7 年前,炸雞定食一句話，外酥內嫩，好吃,https://lh3.googleusercontent.com/grass-cs/ANxoTn1QI6e1hOLoXfZSTlP0WaRUkDZdx9OPbCgbsjeQOq5B9Q4Vw2D8WBUWspMtLTTaIccOWzIYcL5wJkXtPSkg-4DpVSdEnCLjsGK64_xU7pR9QPWlzjyfJNxkfT_kWBWu4xnJ8bZ9GA=w600-h450-p-k-no
wei Chang,5,2024-05-19,2 年前,"隱藏在旁邊巷弄的居酒屋，氣氛還不錯。
比起里肌豬定食，唐揚雞定食更好吃，十分推薦唐揚雞。",https://lh3.googleusercontent.com/grass-cs/ANxoTn3iBMfeIvndTi7fU7BmJm0VtHPTfMm7N_Zj4N9RVRyFYcpkxVVS_V2whfDbK54FII9R5FzEM1G9YDxy-J_3lVeBvCdJbQaCzdm5jlOd2YhNhi8ZBI3eYrXs30iTWqBtjVs7Bucw=w600-h450-p-k-no
盛培蓓,5,2021-05-19,5 年前,"拉麵就是會讓人會想全部吃完的好吃
湯頭不會太鹹也不是無味
麵倒是比較普通
炸豬排滿好吃的
不會太油
而且價格很優惠
老板人也很好",
Bryan Yu (忠信),2,2021-05-19,5 年前,"豚骨湯一般般、炸大豬排是炸排骨、可樂是杯裝，賣得比瓶裝還貴...雞唐揚醃得不夠入味；
除了可加一次麵，其它似乎....",
范承彥,5,2024-05-19,2 年前,用餐環境良好，老闆們很友善,https://lh3.googleusercontent.com/grass-cs/ANxoTn20ShsnmGmaBq7-dV0QH4Kvdv0yxHbM5U1c3uLv9Z8RXjOKzxx8TundN7bgAH3p4-zULsnMSNRZL1l0o76pkEZdgHUxT7mtr6RG0AkFVqwvz1xgcdRpl4xD1iEnZLQO0O4s_duQ=w600-h450-p-k-no
其昕楊,3,2022-05-19,4 年前,湯頭不算特別濃郁味道尚可，但咖喱飯的豬肉真的不好吃，很油又有一個臭臭的豬油味。,
九層塔,4,2019-05-19,7 年前,"炸雞和叉燒超級無敵好吃！
超級推薦！
除此之外拉麵的部分整體都比較普通
湯頭感覺比較臺式沒有那麼濃郁~
蛋也沒有處理得很好
但價錢還算平價~",
賴韞仁,5,2023-05-19,3 年前,我真的第一次吃到那麼入味的烏龍麵 非常美味 老闆娘很親切 還可以免費加一碗麵 不過本來的量就很足了 它的廁所非常非常有美感 🤣🤣我認真,
王柏芫,5,2025-05-19,1 年前,老闆娘態度良好，拉麵湯頭很讚！內用有麥茶可以喝。,
游子朋,4,2024-05-19,上次編輯：2 年前,"內用座位寬敞、明亮舒適
今天吃蒜味特製豚骨拉麵和白濃野菜拉麵
下次來會再嘗試烏龍麵和咖喱飯
服務態度優良","https://lh3.googleusercontent.com/grass-cs/ANxoTn2bfDmpJHNSsk2JMM5TscjmkFQRL4slEcD6CJqL3Nh8RUehgMHBYIpZGaskcJldCdXz4Tlf92KeFHKg_LW5z5VvkvoCQlqbzqAZA4tkFuZtTyks7RwKHrngozcuYoY3BX-jh-cPaw=w300-h450-p-k-no, https://lh3.googleusercontent.com/grass-cs/ANxoTn3KufFxZ5uCERUnRVt1GFT_8p6CE0o0bFo1QnJyFJHt6hQ6_gnODCgCg6mYblzoqAL67qQp6DO1rSK_SBmvUZbUxa4a61iZdQfmBF6nzH0W9qlGWvmIpQzHwdwXzWrDJo9yPcyv=w300-h450-p-k-no"
潘彥蓉,4,2018-05-19,8 年前,平價拉麵 點套餐划算很多,"https://lh3.googleusercontent.com/grass-cs/ANxoTn12o-mvLz9yJzJc4fa4qoiWJKIj4nLaSKp5gQh8VNKtU-z1sbDBH_3cgPP9hz4iognmUTXnQ_whD6M1LMlWDIZD2sVrfmxHA25Vp-TiQvOvw74DL-HovCnETwDS89IM5OFS9KBEKw=w300-h450-p-k-no, https://lh3.googleusercontent.com/grass-cs/ANxoTn2VISY75ElBgezvfOL_7uC58N8lYt-oadUZSIP0OQtDRyFOnr2k5cpIOgKGqN6Lv-n4u_CrJTAUjmCntokBPZjf7PeFQ7h5DXNG1it0rvJjQ6_ZgyfuMRUGIRZyRu4jYj0JI7SwDw=w300-h450-p-k-no"
Lillie Hayashi,4,2022-05-19,4 年前,"雖然叫拉麵店但也有咖哩、丼飯，種類很豐富😌

價位中等，能吃8分飽（親子丼）
普通好吃，上餐速度滿快的
有賣麥茶可以自取
有2樓，感覺也適合朋友聊天聚餐",
NN W,5,2016-05-19,10 年前,路過進來吃，價格在臺北算便宜，但拉麵裡的每樣小配料都很入味，所以整碗麵的味道層次豐富，感覺很用心！CP值頗高大推！,
Chiao Ling,3,2020-05-19,6 年前,"平價拉麵
但覺得每次來味道都不一樣
特別是溏沁蛋熟度
有時候連拉麵料都不同
很看運氣
但這個價格來說算不錯了",
Chai Posen,3,2019-05-19,7 年前,"因為想吃拉麵但又窮，來吃過兩三次。
把價錢和味道擺在一起討論，味道差了一點。

（在我沒來過極麵屋之前會來這家，後來我都去那邊吃到飽。）",
卡文迪許,5,2024-05-19,2 年前,人不吃 但狗都會吃 挺好的 建議店家開放寵物入內 這樣廚餘才能給寵物吃完,
Olivia Liu,5,2024-05-19,2 年前,"點了親子蓋飯組合餐跟醬油拉麵，份量很大很足夠，我忘記說飯少。
雖然店面有點老舊，但餐點不錯。",
廖晟佑,5,2024-05-19,上次編輯：2 年前,隱藏在巷弄裡的超值店家，拉麵口味在台式拉麵之中算是很美味的，有套餐制還可以免費加麵非常划算！,
ingrid Su,3,2020-05-19,6 年前,"偶然間經過的店家, 拉面味道普通, 叉燒有肉腥味, 豬肉丼飯就是豬肉片+洋葱這樣, 份量不多, 價位還行, 但服務真的有待加強.",
Nailo,5,2024-05-19,2 年前,價格不會太貴，味道不錯，有提供免費續麵不怕不夠，老闆態度親切友好。,
王俊凱,1,2020-05-19,6 年前,海鮮拉麵一碗248 裡面只有蝦仁跟蔬菜還有幾片魚版，跟店家反應得到的結果也只有一句忘了，也沒有補償。真心不推,
吳鎮宇,1,2020-05-19,6 年前,"第一次去
點了定食 寫加飯（可以免費加）
交了單 餐來了  吃一吃發現沒有加飯
櫃檯也一直沒有人很久 快吃完時
發現終於有人出來 我就去跟櫃檯講我有加飯
他說你要拿碗過來裝
我看我碗還剩一點飯 但怕等等櫃檯又沒人
於是我把飯倒到朋友盤子角落借放
拿去給店員裝 店員一直說不能分食 我說好我沒有要分食借放而已 店員硬是不幫我加 說這樣不行
我:你不是說拿空碗來
店員:那你可以吃完再加阿
我:你剛剛有講嗎？不能分食你有講嗎？我也沒要分食啊
啊等等櫃檯又沒人…
最後才不甘願幫我加 態度還很差 從進門來一直都很差
上菜盤子還放超大力……
很粗……魯",
Vin,5,2017-05-19,9 年前,豚骨不錯吃，很餓吃完超飽的~,https://lh3.googleusercontent.com/grass-cs/ANxoTn2gqNAUz-Bj0qaLbkpzw2vrwOphJG7E038WHxzWNOycoc8oVE5o-Uo7MOvDCwUyq0bfDXqjYvlzYV_bVQt4J_uKQsnnXOPCDUJk5OCj8jHeCgrniYGLRIEcsp2Rw8X7o81IoTdb=w600-h450-p-k-no
溫豬豬,1,2018-05-19,8 年前,店內裝潢是我喜歡的感覺，但拉麵普通、湯較無味，店員服務態度真的不是很好。跟店員要求加麵，對方還說「要吃完哦！」，不想要客人加可以不用說免費加麵。反正以後不會再去了，謝謝。,
Pochun Li,2,2017-05-19,9 年前,假的台灣式的日本拉麵，這樣的價格有點覺得被坑了。油麵加上一些湯頭調換就可以賣出，不太適合自稱日本拉麵。想吃同等價位附近有更好選擇。,
曾蛋,5,2020-05-19,6 年前,店很復古很有氣氛，豬排咖喱飯和拉麵都很好吃😋價位也很親民，重點是加湯加麵都免費，打卡還送飲料，超佛心的！老闆人很好👍 …,https://lh3.googleusercontent.com/grass-cs/ANxoTn3udrAZQBQ-PjOUaokNGOl23M9N9PHdjA--iusCtUUkPldDXtCzqOjVVFh5_ZnWLVJwUl2qN77yABzmyel_QNxJsYIS0cjMCDX4pJQzD1RNZB0ENyuQnqRBa8cyE08vMSE_2vzEiQ=w600-h450-p-k-no
神聖骷髏頭,4,2025-05-19,1 年前,拉麵味道有點淡,"https://lh3.googleusercontent.com/grass-cs/ANxoTn3BWdUR4z6jOYwhh6dMaJejt6kFWAfTnmw9uhyXnKKQwPPucZ7lSZZiUsNlsdeX1W-7e2OK8aFF8hI7fSIEbesE2igJLU2xWcmhQaxadtfTEApsbwmyenHQaC6_IZalGwZ6OPpL=w300-h450-p-k-no, https://lh3.googleusercontent.com/grass-cs/ANxoTn3HeT8MyfbtSr7peqbKC_p06VWLM1iwxeaIclYOwvdVZ5WFBumNOo8z7K5jzVDVlv84oapMkGj_uWvih0cvWCj6DZfq_Kad1GN0qJRds5gy-i64VIp22U_6WVmF6U1DdMNEbwML=w300-h450-p-k-no"
ch (m74196),1,2023-05-19,3 年前,"好划算 來吃飯 同時可以體驗在叢林的感覺
你吃飽 蚊子吃更飽
建議可以改名十二孔水溝蓋
蚊子源源不絕跑出來 推推",
Johnny_mhlee,2,2021-05-19,5 年前,"咖哩好難吃 是用那種台灣便宜咖哩塊做的
拉麵還可以 才100初也不要求什麼
不過咖哩真的好難吃...",
Ying Chen,5,2024-05-19,2 年前,麵好吃上菜快,"https://lh3.googleusercontent.com/grass-cs/ANxoTn3bQ2iDmu35b8FaHJXIrUPANGAJwdaYzQr--B_6DUdopkUSUVQbnpJblnAxYRH95I5HiZp-Gg_NhJX5xWbv61WPvqk3OyYleD6diefJnZND6ems8yxyVRG5WjZzM7eJHnYSUN3ZKA=w300-h450-p-k-no, https://lh3.googleusercontent.com/grass-cs/ANxoTn0KVaUgWEDLQ5FUns_LkfCcwH9ymeIBGTkwlRHxSo4TBqKwx7Zg3WJkwrygBPifFfUowdN0hYJLe0Tajy-ptZB7hOwmDg0JPVMMOolPf_g2T3RzwtupzTibyDZkIOSGfCfUDD7j=w300-h450-p-k-no"
鄭鈺蓉,5,2024-05-19,2 年前,氣氛很好的一家餐廳！,https://lh3.googleusercontent.com/grass-cs/ANxoTn3WnITqYCMJOqDqVNFWa_LLewSYv1sWB3tKQRzgyvWMy19ugMSj_Zhx9SGssB-UHq9xmzkYuTwqyawvcRlI7PtEkhbXt-R05pSjLcunTb-SjC1N3hLtNIeehv5eUSAocja-9j88hQ=w600-h450-p-k-no
公奕,5,2025-05-19,1 年前,公館小巷中的拉麵，整體很有傳統日式老拉麵店的感覺,
羊羊,5,2022-05-19,4 年前,環境乾淨，餐點不錯，價位不貴，雞塊很好吃，拉麵口味偏向台式，麵條Q彈，服務態度良好，整體不錯,https://lh3.googleusercontent.com/grass-cs/ANxoTn2plnNEacNDcme8dzYs1HMKGPjQt4nwCqf_z2m2YpZSG8gX8iNz_1MB0C9w6234unr5dpIGBB7_yJ8BhBuhFrMaHlRk_Xgn5jjCtOQI98RbS2a6zOYV-TPZPqhiD-QdTIOxs5AckA=w600-h450-p-k-no
鍾佩妤,5,2023-05-19,3 年前,已經跟朋友來過很多次了！平價又好吃~還可以免費加一球麵喔！,
氣球師RAY,1,2018-05-19,8 年前,"有個女性店員 送餐態度很差 不知道是老闆娘還是打工的
炸雞裡面骨頭偏多
套餐飲料只有很小一杯還標價3x元 不知道單點是不是一樣 如果不一樣根本誤導人家點套餐
炸物的皮非常油",
Angella Chen,5,2021-05-19,5 年前,"覺得味道很棒!
因為剛好路過小巷口，才不經意瞥見的美麗小木屋XDD 一開始是因為漂亮的裝潢引領著我們前往；覺得食物味道很棒，吃蠻飽的👍 …",
sola,4,2020-05-19,6 年前,價格偏高 可以免費加麵,https://lh3.googleusercontent.com/grass-cs/ANxoTn2bkNDyXuWrZ8HktqWCJVTh11MbX0DnqI6QV2oTLRdzCBKpH9Xs5iIaM2hIv2Mv9PgTJGMDb3n-v5r9zSI7aIvGNjS89Cdmw27UNVa5QunpQFMkHuaq5yT_GjXuF9m2SZfJNRN3=w600-h450-p-k-no
hsing Wu,3,2021-05-19,5 年前,粉臺的日式拉麵，味噌口味的的豚骨還要清淡，炸雞不錯但偏軟。可以吃但與期待中日式拉麵落差有點大。,
Caterpillar Lin,5,2024-05-19,2 年前,湯頭好，各種麵都挺好吃的，老闆總是笑臉迎人，格外親切,
HUI-WEN YANG,4,2019-05-19,7 年前,"麵普通，湯頭不差，可加麵免費
超級推薦他的雞腿塊，肉嫩且多汁，相當好吃
但是不推薦炸豬排，乾又硬",
Joshua Tei,4,2024-05-19,上次編輯：2 年前,隱身巷弄裡的平價日式料理。果然是在學區旁邊，價格都算滿實惠的，整體裝潢很有日式風情！,
Steven Chou,4,2021-05-19,5 年前,十二巷拉麵的炒飯不錯吃，價格雖然超過150元，份量也算是相當足夠。十二巷拉麵的定食內容也還OK，里肌定食的豬肉份量足，但豬排定食的豬肉就有點薄了。兩者都還算不錯吃。各位來大到大學口，如果不想吃吉野家的話，可以吃一吃吉野家隔壁小巷口的十二巷拉麵，止一止餓、休息一下是沒問題的。,
BubbleGunZ,3,2017-05-19,9 年前,台式拉麵口味非常一般，溏心蛋太熟跟水煮蛋差不多。叉燒一夾就碎，甘筍味道不夠鹹。,
Shi-Kai Pan,4,2021-05-19,5 年前,"湯頭還不錯中上，但麵似乎沒有煮開，有些麵段很鹹，味道很不平均。
環境還不錯，座落在小巷內別有一番風味。",
Ken Lin林楷恩,4,2024-05-19,2 年前,經濟實惠的拉麵店，口味偏台式，蒜酥是比較黏牙的那種,
呂明勳,2,2022-05-19,4 年前,點了豚骨拉麵 湯頭味道淡 但蠻適合我的 唐心蛋是冰的 拉麵的部分沒有煮很熟  吃的時候偏硬,
李亭葳,5,2024-05-19,2 年前,可以免費加麵加飯，老闆娘很親切服務好！朋友一起來還可以分開結帳，很讚😍😍,
胡家瑞（Ray）,4,2016-05-19,10 年前,這樣熱鬧的地方還可以吃到188五片叉燒一整顆蛋真的太划算了！位在巷口內增加了神秘感，希望下次可以在二樓陽台吃拉麵！,
陳先生,5,2018-05-19,上次編輯：8 年前,"服務生，和店長態度，極佳
好吃！價格有合理，值得推薦
原本想說就普普的沒有好吃到那，但吃了之後害得我幾乎每個禮拜三想在去吃……",
林承恩,5,2020-05-19,6 年前,唐揚雞超級好吃！,https://lh3.googleusercontent.com/grass-cs/ANxoTn3PcO9J_VRJ4RhDV0r4ittw2i5DOHNUM10L4MFe64AT9OO2ypONd7xIF4531EMVkcRoktTnNGn0HZndZbpIF0b57C56nd0U9fB0i_n6y8JxV0sW7kM_tvQj0Tv_t4sCquP81D4=w600-h450-p-k-no
拉麵吃漢,1,2017-05-19,9 年前,拉麵湯根本是用粉泡的,"https://lh3.googleusercontent.com/grass-cs/ANxoTn3TRQh_d7TPDSN-S21AfXtF1132Y82N7ZKrcC2ohTEBotn4n9e5JfC8remMKJAWo2k149QrTGzTfXaSLnDO8MICQf67urJ8D9SGN52ajaNbnOcR4c5XPFu7jsJu0v-NF5fS0r90=w300-h450-p-k-no, https://lh3.googleusercontent.com/grass-cs/ANxoTn15Rzl9oDJJ6OyEP_imUOYXOX2pmBYOmtPx6zD8YNpNd8oe-3Txf5Q1eMQkbmtjc9RUkQFHfnm6OMYcdlwnYfonNlTDGnRlnYmwzcc9mDpe5mZoVoxJjYb7VjBJFkxdZz7tQSIy=w300-h450-p-k-no"
林子竣,3,2022-05-19,4 年前,好吃 偏台式 價格可以,https://lh3.googleusercontent.com/grass-cs/ANxoTn1jNGzyUletoLsYcxTdX-yvQiElZo38fvRO-xTttLUlXv-0fx1MadIdLYNu1oqpMetP1FkH8O-bUK4kHLc5NVZsSOVw-tAWQUnN0dLykhFtinxuf0mNSt5C9Gb9uYnGgMh9RDo=w600-h450-p-k-no
無名氏,5,2024-05-19,2 年前,公館少數幾家可以咖哩再加一份主食也不超過兩百的店,
szuyu,5,2018-05-19,8 年前,麵不容易爛，即使吃很慢還是很Q彈嚼勁，蠻推炸雞塊定食👍不過小心叫炸雞塊烏龍麵炸雞塊會都泡在湯裡不酥脆了 …,
Gray Lee,1,2022-05-19,4 年前,"不建議點拉麵 拉麵感覺上只是方便麵的味道 滿糟糕的
可以多花幾十塊就能去別家吃更好吃的拉麵",
min,3,2022-05-19,4 年前,靜巷，外觀很吸引人想進去用餐，可以加麵，還不錯。不過蒜味拉麵，蒜味過淡，以前和現在都一樣~,
陳威志,5,2025-05-19,1 年前,店內很有氣氛 環境不錯 店員人也很好,
林秉秉,3,2025-05-19,1 年前,吃粗飽的話，一定可以來，想吃道地一點的可能要找其他地方。,
蕭嘉昶（蕭肥）,2,2018-05-19,8 年前,嗯……soso…就滿街湯頭不知所云，配料會有玉米粒，麵體不q也不彈的“拉麵“之一，其實台灣一般的小麵攤都大勝啊哈哈！,
Noel Peng,5,2020-05-19,6 年前,便宜又大碗，學生好去處！,https://lh3.googleusercontent.com/grass-cs/ANxoTn1rigHEXzPI2K1N_gTClvxs6pgS-MzHhk11irnCB4K2kWNQfuCiqnADJc6Kk99pTU2-ZJK-pdTa-EGJ62w24pOGSokjdyU6gfxED3XEaFl9mwUxyz3HMyDRnGcAu0PX-I333ANosw=w600-h450-p-k-no
吳惠琪,4,2018-05-19,8 年前,"湯頭適合台灣人口味，麵條比較有嚼勁。
價錢較為親民，整體來說還不錯。",
周庭煒 MO,5,2025-05-19,1 年前,"第一次來 但看起來很讚～
吃了拉麵跟咖哩飯",
molly Chang,5,2017-05-19,9 年前,好吃，還能加麵免錢，店面在巷子裏，安靜不易被人察覺，裝潢很有氣氛，常常回來光顧,
瀨戶牙（kiba）,2,2019-05-19,7 年前,"東西是還不錯吃
但員工訓練還需要加強
帶位很亂、送餐送錯、櫃檯結帳也很混亂

建議人不多時來
不然就需要高EQ",
Emi L,5,2024-05-19,2 年前,拉麵湯頭清爽好吃，老闆娘人很好，突如其來的大雨 短暫借傘 解決忘傘的問題… 3Q ^^,
Edward R,3,2020-05-19,6 年前,拉麵還行，不用免費加麵分量已經很足夠，但湯頭很淡。炸豬排粉粉的沒什麼口感,
阿郭,5,2025-05-19,1 年前,餐點好吃，老闆娘很親切,
發財貓貓 LV10,4,2020-05-19,6 年前,"位在巷子裡的一間拉麵店
裡面不大
位子很小
我是吃豚骨拉麵
還OK不難吃也沒啥特別的
價格普通不高
可以嘗試看看!",
Koro,5,2024-05-19,2 年前,內用環境很好，推薦,https://lh3.googleusercontent.com/grass-cs/ANxoTn1JV9BAX0cMwDqsMSVme-AhTZORvFfrK_FDjARFpcRVb3a4C8EPF3v7_Zdv__x3m850eBfXBR-IwpVJfJaCO1-WMyyEYiI892EKBuAgejTjzbDf0Wj_yZYu0MhuzSP6w9Kv_wamXQ=w600-h450-p-k-no
Jenny Tsai,5,2020-05-19,6 年前,好吃！二樓也有座位,https://lh3.googleusercontent.com/grass-cs/ANxoTn1Z8JUGkjb-RqxDWBs6ogPiRNmVucckHBP5GVOFPgeM0ULiTiE-KkwUQPuAbmKwM7vPKcH8lcYfBrn1XdeycENMMT6fm5ozdskPM77RsJr4fyq4hhxNJp0SocyY1HJ4weq2DG89=w600-h450-p-k-no
鄭承珞,5,2018-05-19,8 年前,"可以加麵
味道比較不像傳統日本拉麵那麼鹹
親子丼和炒飯量很多很好吃但會比較晚上菜",
aton Lazy,5,2020-05-19,6 年前,好吃，有更種不同湯頭可選，還可免費加麵，對學生來說很合算,
陳祈邑,1,2025-07-19,10 個月前,老闆健忘，單點的東西根本沒上,
Swan Huang,3,2019-05-19,7 年前,"日式豬大排定食：⭐（豬排很膩，像在吃油炸麵粉。味噌湯料多，中規中矩。點心蜂蜜奶酪的蜂蜜好吃，但奶酪沒奶味）
份量：⭐⭐⭐⭐⭐（份量非常足可加飯、菜色多樣
服務：⭐⭐⭐（親切
環境衛生：⭐⭐⭐（古典整潔",
你的美食大師,1,2021-05-19,5 年前,服務生待度超級差 人品感覺不太行 大陸人都這樣？一直聊天 講話還很大聲 有夠吵 還急著收我還沒吃完的麵 什麼情況 趕客人？趕著休息的服務生 明明也沒做什麼事zz,
黃耀永,5,2024-05-19,2 年前,店裡的感覺很可愛溫馨，上菜速度也不錯！推推,
戴Bobo,5,2024-05-19,2 年前,"老闆娘服務不錯👍
小孩點咖喱飯，很貼心的讓孩子試試味道會不會辣",
邱carina,5,2024-05-19,2 年前,炸雞拉麵好好吃～,https://lh3.googleusercontent.com/grass-cs/ANxoTn0tEfWbFJzHJYS6Dt8HT4KSJv6PWCr_Fqk4kfBTzRleoin9BUw-4muVorEr-2CDXOmwhprGNEzXiD4wyg1VvSSksvFwDBTDsowMAdubjil_RuH1pK7HlBpLrLGvpgZS6IRXOw95oA=w600-h450-p-k-no
Andy Lin,1,2021-05-19,5 年前,今天去完全不給菜單，也不是尖峰時段，幾個工作人員都在跟小孩子打打鬧鬧，跟路過的上餐人員說我還沒點，也沒有人要拿點單來給我劃，對於今天的服務實在是大失所望,
Hans Lin,2,2018-05-19,8 年前,普通通 又貴 只有80元等級 賣138元 炸雞胡椒鹽不知道在多什麼 一小杯可樂要賣38,
陳煙燻,5,2025-07-19,10 個月前,"大學吃了四年一樣好吃
碩班繼續",
Ricky,2,2018-05-19,8 年前,"我覺得湯頭 麵條都不行 叉燒肉倒是口感不錯
不過可以加湯加麵 算是適合大食量的大學男生",
Jason,5,2025-05-19,1 年前,唐揚雞拉麵真的好吃，大推👍，而且老闆娘人很親切。,
Cheng Han Xie,3,2022-05-19,4 年前,偏台式拉麵，鹹淡適中，麵條軟爛，溏心蛋不錯，以台式風格來講可以，但日式風格的話不行,
簡文通,3,2021-05-19,5 年前,食材還好，我點了炸蝦拉麵，覺得也許炸蝦稍微不怎麼新鮮，當日下午有拉肚子。,
S Johndoe,4,2017-05-19,9 年前,野菜拉麵物超所值，菜超多的！可惜位置排放不好，隔壁桌幾乎出不來，我必須把椅子拉很裡面對方才能通過,
WAN-ROU LU,5,2024-05-19,2 年前,第二次來吃，一樣好吃❤️上菜速度很快，老闆態度良好👍,
K DY,3,2019-05-19,7 年前,偏鹹，說實在，有點小失望。不過依稀可見過去賣大學教科書時的痕跡。算是和著舊時情懷來提味吧！,
I-EN HSU,5,2021-05-19,5 年前,價格實惠，味道也不賴,https://lh3.googleusercontent.com/grass-cs/ANxoTn3B_QlKCVmS844REd9QssaTQ7d6ChMmST6za144Ldq1gaLyKVSiNBUGJJg4f1x4PrxIbS9zCilPBdHgwso6adrMbsW0oO5Gdmep5vk6eBHBDemji7ZNMFi2sU1zfSEiL_WjNdwM=w600-h450-p-k-no
Rui,1,2016-05-19,10 年前,點餐收單時還跟我們確認東西，之後很久沒來去問居然說沒收到！？店又很擠服務不好，不會來第二次了。,
林立,1,2016-05-19,10 年前,"今天在店裡吃海鮮拉麵,結果吃到一半看到一隻很像蟲的東西,結果店員把東西處理掉後回來回我說,那是海帶芽的根,重點是我的海鮮拉麵裡面根本沒有海帶芽",
Henry Wen,5,2020-05-19,6 年前,打卡送可樂～很親切！,https://lh3.googleusercontent.com/grass-cs/ANxoTn1TFfkpim5zMTxG8BmERS0vy-n3ZJLt5wqPF-nPQp6bJPzgz9rmnnJdLoxyxNYhqVwE-MpWOBrJ9Que26WMRyKVofIQzG6mJJr6hzXCzAvOdLJhLdjeeRat1w-SmIcAPjr2rGfm=w600-h450-p-k-no
連素貞,5,2018-05-19,8 年前,"炸雞超好吃,多汁,Q彈
拉麵QQ,湯底厚實
走過路過肚子餓時別放過！",
Yu-Sheng Kevin Li,5,2018-05-19,8 年前,以台灣的拉麵店來說算是比較清淡的類型，並且價格偏便宜，加點套餐也滿划算的！,
伊星諼,4,2024-05-19,2 年前,"台式拉麵，份量充足，是附近比較便宜的拉麵店
加了快樂的玉米在拉麵中，特殊卻又不突兀",
hellomonkey0205,4,2018-05-19,8 年前,"符合價格的預期，可以加麵，還不錯👍
咪和胖吉常常吃，兩個人點一碗+套餐就飽了 …",
王嘉余,5,2024-05-19,2 年前,"覺得是cp值滿高的拉麵店
來好幾次ㄌ！",
YT Wang,2,2023-05-19,3 年前,肉丁咖喱飯的肉真的超丁⋯,https://lh3.googleusercontent.com/grass-cs/ANxoTn1gfEIEOzw-OVbSGVjikHeaKzaN8qddMtiomEIfQN8yWY5X2ELelipD3m_siFPKwtFfpqepkldGC0u7hCRK6xiyLn9BONSKr565_vaoNMHCLYjUKcey1qQDCYyrSkwGwz2BKg_k=w600-h450-p-k-no
蔡宗翰,4,2021-05-19,5 年前,點拉麵可以免費加一球麵 還不錯吃 價錢也很親民 讓你吃飽飽又爽爽爽,
Chad Cheng,4,2020-05-19,6 年前,以拉麵店的炒飯來說 可以,https://lh3.googleusercontent.com/grass-cs/ANxoTn3X8l4lk7SMFBTJyvp8pFGJHdKszleYfq89kaUCmdZtth4OAz7zDtskmJIxB354iabdXGRTgCdAxAW-RIWrkaNlQQ6euVO4Ze--BONX313qi_d4PXq_sl_0AuDoHFrtvCP2bd54NQ=w600-h450-p-k-no
李素娥,2,2023-05-19,3 年前,海鮮不是很新鮮，若是用現流海鮮會更棒，湯頭有點淡，點味噌湯海鮮拉麵，味噌味道不明顯,
戴維森,2,2016-05-19,10 年前,以價格跟好吃程度是尚可接受的，是個普通的拉麵店，湯頭太淡沒什麼味道。可加麵,
嗨老兄,5,2019-05-19,7 年前,拉麵跟炸豬排都不錯吃，老闆娘人也很好，還有提供免費茶水,
i hui chiu,4,2016-05-19,10 年前,豚骨拉麵不錯吃 三角骨不喜歡 菜放桌上時掉出一塊在外面桌面 有說了抱歉 但沒補上，，，,
yy liu,5,2022-05-19,4 年前,"炸雞塊好吃，可免費加1球麵
湯好喝，每次都把湯喝完
其他我不知道",
Robert Lo,5,2020-05-19,6 年前,"野菜拉麵菜量很可以
標明是可以做成素的(但我沒有)
麵體是討喜的，有咬勁的
整體滿意",
Leon hu,4,2018-05-19,8 年前,對不喜歡太濃又不希望太淡的人來說很棒，還可以免費加一次麵,
孝儒,3,2018-05-19,8 年前,不能接受炸物直接放在拉麵湯頭裡，整體食物感覺普通，店內氣氛不錯。,
賴主信,4,2025-05-19,1 年前,食物跟圖片差太多了，不會想再去,
Ray Hsiao,5,2025-05-19,1 年前,店家外觀很不錯，食物也很讚👍🏻,
Joy,2,2017-05-19,9 年前,東西普通，但無法接受餐飲店沒擦桌子，辣味拉麵也只是用一般湯頭加辣油,
吳彤,5,2025-05-19,1 年前,親子丼好吃好吃😋還會想再來回訪的餐廳！,
Chloe Chen,2,2020-05-19,6 年前,點了炸竹莢魚咖哩飯，結果才剛吃了一口魚就被魚刺哽住了，大家吃的時候記得要小心QQQ,
陳彥宇,4,2023-05-19,3 年前,還不錯，有拉麵、咖哩等日式料理，也不算太貴。,
Isabel Chi,5,2020-05-19,6 年前,湯好，麵好軟硬煮的也剛好，叉燒好，葱花加的好，可樂餅真的好好吃，價錢太好，超值超值超值！,
吳佳璇,5,2024-05-19,2 年前,蛋和唐揚雞都超好吃！尤其是湯頭，超讚！,
陳Emily,5,2019-05-19,7 年前,CP值很高的拉麵店，強推炸雞塊拉麵，雞腿肉現炸汁多肉鮮，拉麵Q彈，湯頭有多種選擇,
Pearl Chou,4,2020-05-19,6 年前,價格合理，拉麵口味偏台式，比較清淡！日式炸雞還不錯～,
12巷,5,2025-05-19,1 年前,"老闆很親切，服務生服務很好
，拉麵好吃叉燒很棒",
唐老鼠,5,2024-05-19,2 年前,老闆娘人很好，很親切，餐點也不錯，吃得很開心😎😎,
Qi Fang,5,2022-05-19,4 年前,野菜拉麵的蔬菜蠻多種的，麵的份量適合胃口不大的人，麵條很好吃，價格真的很便宜,
Yo Yo,5,2025-05-19,1 年前,老愛店！！炸物都很好吃也很便宜,
leon Hsiao,3,2017-05-19,9 年前,"算是cp值高的拉麵
想吃飽又不想花大錢可以來這邊吃吃",
Taco,4,2016-05-19,10 年前,炸雞定食好吃！拉麵還好。升級套餐有多一樣單點菜色&飲料,
周育安,5,2018-05-19,8 年前,"吃過CP值最高的拉麵
蛋跟麵還有肉好吃又大塊
感覺比一蘭好吃",
shih ASH,5,2024-05-19,2 年前,份量還不錯，上菜速度很快，店員很親切。,
JL TT,4,2022-05-19,4 年前,我覺得整體算是不錯的拉麵，口味偏淡不會很重,
Wen Huang,4,2017-05-19,9 年前,炸雞好吃，必點,https://lh3.googleusercontent.com/grass-cs/ANxoTn0U0AAWWr8VjH0fd1TQF_5BQN74LFTwJV8qTmJFTXIElpXLqw6yebgZ6bv2wqlD8SKpRu5ZhwOkAFBX39wbUImGc85GbVJ9hQQRwklEDZZTGaWc8DhKnQeBKPPQRuYSP9lWqudh=w600-h450-p-k-no
黃麗文,5,2025-05-19,1 年前,很好吃！開很久了都一樣讚讚,
柯凱文,3,2022-05-19,4 年前,"湯麵的內容物少，麵體普通偏軟
走的是台式風格，湯頭偏鹹",
jerry power,3,2020-05-19,6 年前,咖哩口味不錯，豬排Q彈酥脆，不過定食的湯是溫冷的,
多多,4,2019-05-19,7 年前,建築頗有特色,"https://lh3.googleusercontent.com/grass-cs/ANxoTn1YCni56rYaAk5AZO59cqKWf3h7UaMKLwkky0QiaIkQiP72F7oWgGlrAz8P1kV9isn2jO-PbNZOUYkKAnuuyY_aQGjR_WRGIaORLwq2nZoR8TD9A6xFPp4j9TVB05aFLfxwvzc=w300-h225-p-k-no, https://lh3.googleusercontent.com/grass-cs/ANxoTn2S3K3bKmZOM0fGQ4mI_VtQ8eeUkrp7PpF-LBZvzrlrCwmEqgy8ZftV1N2ovlYdiPDFqpUo_gmGEl92nkhGxfDglrJ9-RWO1CiKK5HpfsjoeClpikIxQ1zjSYbVPw_xndj2bnMb=w300-h225-p-k-no, https://lh3.googleusercontent.com/grass-cs/ANxoTn0kYo1curW9Wy7K61dWFj9BZK8CXpYEQEn5DqgieNu2WFFqMiHxwbQb0lk7ZqIFs0BjhsL5Uiki8E67OP9FpaKab9zhwYqr6EVPwfhkcS08v52aXB-0TP9yNPUvHBaNsV-TTIqZ=w300-h225-p-k-no, https://lh3.googleusercontent.com/grass-cs/ANxoTn0uWWW9lH3kBvbOn_-1c-Xun3EGirZ9pzMYj96NLFr4TqxO1DWJmqlGvK8dRCHODm6jbXZvQgmzU7x5czyBks_8CltD_Oqa9MOhJ93-Ycp3NZyEHdBu1avLWOBx7chapEeYcDaT=w300-h225-p-k-no"
Tiffany Yen,5,2024-05-19,2 年前,現在打卡還有送飲料！！😋老闆娘服務很好呦！,
鶖豷,5,2024-05-19,2 年前,老闆娘很親切，然後麵大碗好吃🍜🍜,
彭瓊慧,5,2022-05-19,4 年前,Q香的拉麵，鹹味適中的湯頭，還有半顆滷蛋還有海苔，好吃的炸豬排，跟雞翅,
戴華慶,5,2021-05-19,5 年前,不多說，讚讚讚！,"https://lh3.googleusercontent.com/grass-cs/ANxoTn3JC2mvAcqEJK6HtJtHi-OKDHgaADLTjylHEBd4KXtHA0NGNQfjgK70B0S5EMba0v9Hv5BA-fH4_RfQTYwRt7phZbzg16h_HOigoFQsPri-msNfsq7poKyUo0bFUi1sjQzJfEb2=w300-h450-p-k-no, https://lh3.googleusercontent.com/grass-cs/ANxoTn0FySF90OX2kSIlLs-8eiuT9SZIYPAd_xCiAlc2iijzgA8qY-D-CdU6MIAEI5EVBDk_677Z_BFctEo_1foU_wJN52NVrjaned18D27wYDEW2SslgOmrssB5wTZJ3LLsk3qR6uGL=w300-h225-p-k-no, https://lh3.googleusercontent.com/grass-cs/ANxoTn1fhkp5q84URWlh30JB4utVPVxozPzraARdZCjsnHQWVZoiRCDgTVQ6B9JYRgPN3UK16fttMDrqHlgXlJUfAwbGnZSlJvKaHO8WNLGbkLSDcZKKAoJFIlWpzHcJRgfbbCW26EUR6g=w300-h225-p-k-no"
三蘆洽Z,3,2021-05-19,5 年前,湯頭好喝，麵普普，炸雞附沾醬的會更好，咖喱烏龍麵不推,
林靖耘,5,2019-05-19,7 年前,好吃😍😋~但希望雞塊跟湯分開放~(不確定可不可以所以沒問😅 …,
Brian Chen,2,2025-05-19,1 年前,"這個餐點…
這個評分…
這裡真的是公館嗎🙈",
鄭貓洛,5,2020-05-19,6 年前,非常好吃，價格實在，空間寬敞，2樓的用餐區很舒服,
Luna,1,2021-05-19,5 年前,"麵裡有蟲，店員説幫你換湯我問號
超小杯雪碧35",
葵_,5,2025-05-19,1 年前,非常好吃 已經來光顧很多次了,
何恭丞,5,2018-05-19,8 年前,雞塊很好吃 拉麵也很棒 辣味辣度可調整 超棒 可以免費續麵 吃得挺飽的,
周家鋒,4,2016-05-19,10 年前,"很好吃 分量很夠
+68套餐 可以多一樣炸物小菜跟飲料",
劉守法,3,2022-05-19,4 年前,頭一次吃還好，今天去吃，它的蛋好像有不新鮮，肉硬了些。,
Tommas Jian,4,2021-05-19,5 年前,員工態度十分良好，平價料理，整體裝潢有些老舊，到了夜晚十分有氣氛,
C.Y. Hsu,3,2018-05-19,8 年前,位置小，交代麵要煮爛，結果沒幾分鐘就上餐點了，麵還是硬～,
小柚,3,2017-05-19,9 年前,麵還不錯 套餐的飲料是怎樣 給那麼小一杯也太小氣,
蔡松佑,2,2025-05-19,1 年前,沒有吃過這麼有異國味道的拉麵,
邱子維（ISSAC）,3,2021-05-19,5 年前,"食物普通
拉麵不怎樣
咖哩飯吃起來有點奇怪

不過雞塊是OK 的",
許小愛,5,2024-05-19,2 年前,"巷弄內好吃的拉麵，而且還有素食的耶，
料多實在又好吃👍👍👍👍",
Nick Chen,4,2019-05-19,7 年前,炸雞拉麵會把炸雞放到湯裡 建議跟店員說分開放 會比較好吃,
陳佳佳,3,2018-05-19,8 年前,食物跟價位成正本，不到非常精緻，但分量多且味道ok,
Yun ju Wang,5,2021-05-19,5 年前,好吃，上菜速度快。因在附近上班，便利。湯頭有時鹹有時淡。但好吃。,
林小默,1,2018-05-19,8 年前,"員工態度很差 講話不清不楚回答慢不行嗎
送餐送的不甘願 回答是誰的也隨便擺 態度超差",
Bu Bu,4,2018-05-19,8 年前,"進門不招呼的
點餐付錢態度才很好
麵條口感太過彈牙
消費非常合理",
廖振祺,5,2019-05-19,7 年前,細麵有嚼勁，味噌湯頭濃厚，配菜炸雞皮薄多汁應趁熱吃,
Leung Benedict,4,2024-05-19,2 年前,"午市後入座,環境小但舒適; 食物質也講究,店主用心",
How How,5,2024-05-19,2 年前,第一次吃試試,https://lh3.googleusercontent.com/grass-cs/ANxoTn0EdG4CkGW4mq5IjqykiyueMFy64a08Sb03DQjXcwPL1m3Y__FM_n2j6eB9BMikaVHJfIE9XX5SnQ4g9XNwWfFU-Br-qUIShLzbx7J5OAV8wYGOjsZK_4bCaiApyJKub-bjBIvf=w600-h450-p-k-no
宗瀚,2,2020-05-19,6 年前,"點了豚骨拉麵蒜味+炸雞冷飲
炸雞好吃
拉麵很一般....

不推拉麵！",
東有旦,4,2019-05-19,7 年前,價格稍貴，搭配套餐可以吃得蠻飽的，味道不錯。,
rosina Loson,5,2021-05-19,上次編輯：5 年前,"超級好吃又不貴加麵免費
吃三年了真的很棒",
Yao,4,2022-05-19,4 年前,平價拉麵 味道普通 但學生聚會很適合 也可以免費加麵,
Raku En,5,2023-05-19,3 年前,"老闆娘非常親切
食物好吃
推薦唐揚雞烏龍麵😋",
周春天,3,2024-05-19,2 年前,"台灣口味日式拉麵咖哩飯,
尚缺多元支付.","https://lh3.googleusercontent.com/grass-cs/ANxoTn3AsMu4W6rmAqTbwJ4iwWe6ld8O8WV6bIDhLfCk89Jd_XJOXwsFZK8m1V3zmI3EsygeTpcvQbKpFGZT9A2NEuLvsAlNDZApLLwpFfmKyVbKDK438kQaK_nw3zO97ZyyyPu0tZ6K=w300-h450-p-k-no, https://lh3.googleusercontent.com/grass-cs/ANxoTn0edShULzcfQlpYdazN1zy1Y9zzT1KtjqMOnnG_NM-_Z1my_OWOFPgZGoAncaqaDd3dHzu9xEM71epteV_jgEbYTIJBd0SATWodRgfwgJ8zwgryJqLoqyNj5JUtQ4GiTkQK0IOi=w300-h450-p-k-no"
蔡文嘉,5,2024-05-19,上次編輯：2 年前,每次看到日本節目中的炸雞就會想去吃十二巷的唐揚雞,
墨晨,5,2025-05-19,1 年前,滿古老的店    但味道超級好吃,
Dwen,5,2025-05-19,1 年前,海鮮麵料豐富，湯頭鮮美，加麵免費,
柯俊杰（KGJ）,4,2021-05-19,5 年前,拉麵還不錯吃，肉稍微油一點點，但還可以 滿香的,
Yin Jen Tsai,5,2019-05-19,7 年前,蠻好吃的，可以加麵、調味。有免費飲料。二樓冷氣涼的,
Hugo Chen,4,2018-05-19,8 年前,拉麵味道還行  可以免費加麵一次，份量算多,https://lh3.googleusercontent.com/grass-cs/ANxoTn1OiWBtn1DiIXwvbzTn7iI7rxg9DWCykkLU2so8K9zvauHwTP_FXEPtWvDztEQwgPMiVrXCpCxqvJ-6r-ins302Gcw_pSdC2RsRRQJ5owsVBDmixTvQU0sRdfffnOniWn8N6zI=w600-h450-p-k-no
林杏佳（Lîm Hīng-ka）,4,2016-05-19,10 年前,台大正門對面小巷子內的餐廳，中午時間人很多，拉麵很大碗，好吃但價錢篇高,
陳彥齊,5,2016-05-19,10 年前,"以食物的量和精美來說，個人覺得不貴，
適合聚餐聊天，
只不過位子有點小",
Jeff Lin,3,2017-05-19,9 年前,吃過一次覺得還可以，外觀是看起來蠻有 fu的,
杨凯茗,1,2020-05-19,6 年前,第一次吃到豬排不是純豬肉居然是用麵粉和肉碎做的豬排。。。,
河馬神,4,2020-05-19,6 年前,份量適中，湯頭還不錯，炸雞醃得有點過頭,
廖德昌,4,2019-05-19,7 年前,感覺比較偏鹹，不知是否這樣才能夠真正引出他的味道來,
Wallace Yeoh,5,2025-05-19,1 年前,很棒的環境，很濃郁的湯頭。,
王小小,3,2020-05-19,6 年前,填飽肚子可以 但價格便宜  店家肉應該別這麼油,
Jim Chen,1,2019-05-19,7 年前,所有東西都是軟軟黏黏的,https://lh3.googleusercontent.com/grass-cs/ANxoTn3rTlMCD0NOsT0SY6RAC49XanQL8PehvT9x2pH_r_nTmkcOGAeYFxhLO6mw83QLTiIX8uTvrIoqcSDdqfRIg61GGtabFc4r6H9f7c-z2z4ZZnQz3wyTPAlvVCiyI-1pN9KOoqqUlw=w600-h450-p-k-no
Hsaingjung Hsu,5,2018-05-19,8 年前,平價又好吃，日式十足，推薦點炸雞，可以組合套餐又好吃,
Yang,4,2020-05-19,6 年前,烏龍麵好吃😋 …,https://lh3.googleusercontent.com/grass-cs/ANxoTn1quHLMcTZ5L-0LzpHEGVsBGUovl5da25CbqIaZunZL4-3Mhxm7-F4fpIAtLngj9etza8IhCtb-m1-_getLqrz5eWGlsaYuIL4v8UXx3G4Nt2gkGqVmM1qV6pzcJJSnvReBSnS8=w600-h450-p-k-no
popoku ku,3,2018-05-19,8 年前,拉麵還不錯啦 只是喝完內用茶飲肚子超痛🤢 …,
宮村れいな,5,2021-05-19,5 年前,特製豚骨拉麵很好吃喔～以後還會再去吃的！！！,
呂浩宇,3,2019-05-19,7 年前,真的不好吃，豬排咖哩飯的骨頭也超多,
Jay Lee,4,2018-05-19,8 年前,"裝潢不錯，口感還ok,平價+份量大，食量大的很適合！",
russy0402,5,2025-05-19,1 年前,素食者也有拉麵與可樂餅可選擇👍,
Fluffy,1,2023-05-19,3 年前,這家店是「食材賣到這家來應該很想哭」的難吃,
福音敬拜吉他 / 生活日常（IG:yangxdaily）,5,2019-05-19,7 年前,算評價，湯頭不錯喝，想吃拉麵的歡迎吃。,
Elizabeth Morgenröte,3,2017-05-19,9 年前,氣氛不錯，拉麵為台日混合風，服務客氣,
Veg Lin,5,2021-05-19,5 年前,老闆態度很好，拉麵可以做蛋奶素，菜給很多，讚！,
張為芳,3,2018-05-19,8 年前,味道中等烏龍不錯，可以加麵和加大骨湯，男生一定可以吃飽,
AUDY,1,2017-05-19,9 年前,"真的難吃到一個不行
不論湯頭還是食材
只能說
唉....",
史東,5,2022-05-19,4 年前,還不錯，算是可以吃粗飽和朋友聊天的店面,
Liang-Tong Lim,5,2021-05-19,5 年前,"推推推
暗巷日式餐廳可免費續麵
料實在價錢合理好吃😋 …",
停雲澐,5,2024-05-19,2 年前,好吃，有豐富的選擇，也有很多蔬食選項！,
邱睿彬,5,2021-05-19,上次編輯：5 年前,"好吃 出餐速度快
老闆娘親切
價位中等不算貴",
陶宛誼,5,2025-05-19,1 年前,氣氛佳 價格划算！推推,
寬,1,2018-05-19,8 年前,價格平實但餐點真的非常非常的普通，用餐環境算不錯,
范玉禔,5,2024-05-19,2 年前,環境乾淨 老闆親切 下次會想再來光顧,
Ariel Hsieh,5,2020-05-19,上次編輯：6 年前,拉麵可以選的不同湯頭，也有素食的選項，還可以免費加麵，好吃,
Ahfur Lai,4,2024-05-19,2 年前,加麵免費,"https://lh3.googleusercontent.com/grass-cs/ANxoTn008r9ZFTicRYCT0oMhb-4NBLqpiuOdq55P3E_ejqMcNCYpCG2rzzecQueOJr9bxfgDulHh0Czktqv7q1RYxBib_7BXcDYo0cFkTiZzAJK-QAC8tQ4Wo_ajpLWYmPBlm82og5M=w300-h225-p-k-no, https://lh3.googleusercontent.com/grass-cs/ANxoTn3lCz_83-XZ9FwynqCH9453f_E1CrU0p1vIfq5InnGMOHhLQcFzevc1iUHRWvdUNiL7c8BZjAHIAFI_gnSs4BK9MZNPDCwXOg8V93y7S4KZR3lBRgc6-wsUh-xYFtQKPESeJrHnYw=w300-h225-p-k-no, https://lh3.googleusercontent.com/grass-cs/ANxoTn2dAd9T8v0gFGrlTTxRiw4BLJ1tHYBeSVrrGTpjpvwuouiyPerAbfIJ-DNYxo_fHUAvkmnJSmAxVLVH7Z-776QUrJ6xhCYNhJjRitVmDKecL-EfkNiJSreGBo5shW7c81VJ1D2d=w300-h225-p-k-no, https://lh3.googleusercontent.com/grass-cs/ANxoTn3SplGWaGAsPa_BAbaBJjd9tu9e-erX_bnSmFFxwqXjTkVgWVcS_qpkfNo9INVynUKG2fC5PCxn2g-F0tr8YdjSv1PNzsqtA74HJkTa6xKBLUvyH3wV_4MkMqS_fNMyY-ZlR_zunQ=w300-h225-p-k-no"
嚴恆,5,2025-05-19,1 年前,氣氛跟餐點都很不錯@,
萊斯莉,5,2020-05-19,6 年前,服務好，還可以免費加麵～超讚～,
陳芃,4,2020-05-19,6 年前,不錯吃，價位普通，不過天婦羅不太合格,
Rennie Mask,5,2024-05-19,2 年前,叉燒很好吃麵也很有嚼勁,
九九,5,2020-05-19,6 年前,餐點上餐速度快，麵量也不少，適合與朋友聚會,
Doris Deng,5,2024-05-19,2 年前,老闆很親切，店內環境還不錯，服務很好！,
李瑞銘,1,2017-05-19,9 年前,東西還可以，就是要等半小時才吃得到東西，還會忘記你的餐點。,
郭峻源,5,2024-05-19,2 年前,味增豚骨拉麵，很好吃又衛生,
chaoyi lu,3,2016-05-19,10 年前,CP值中上的拉麵。麵條沒太多特色，叉燒還不錯吃。,
Daniel Lo,4,2019-05-19,7 年前,"拉麵不錯吃 但是！
拉麵裡面
竟然
有
玉
米
！

崩潰 只好-1顆星",
小島居民,4,2018-05-19,8 年前,不難吃，叉燒比較硬一些。感覺加購套餐很划算。,
Memento Mori,2,2018-05-19,8 年前,2015年時主管帶我們去吃過，很摳的記憶，食物也很普,
Kaysen YANG,4,2023-05-19,3 年前,平價好吃，建築也很有特色,
施全全,4,2020-05-19,6 年前,前幾天去吃，味道變了，份量也有縮水,
forest353000,1,2017-05-19,9 年前,味增拉麵完全沒味道... 從來沒去過拉麵店還說湯頭沒味道...,
Kenen Huang,5,2025-05-19,1 年前,cp值高 闆娘親切☺️,
濃湯棒,4,2017-05-19,9 年前,"野菜拉麵，蔬菜很多，麵條偏硬，湯頭還好
炸雞塊味道很香",
CHEN YEH,4,2025-05-19,1 年前,最愛有獨特藝術品的餐廳了,https://lh3.googleusercontent.com/grass-cs/ANxoTn2twWEeCJQW_BCSvqup3noGt-kDBhpUStnW6oNL8U-ZQjzmPpVCetzB_mtWH5sK3aFu-X0eM_5aU6N1wtWt5kHBJXZjuIXBkTCDXUZQlgRHv1Jrc8Ba9Ccfy2QiRj0pqhCWeQoz=w600-h450-p-k-no
Sampson Fung,3,2017-05-19,9 年前,"份量十足。三人分享二份麵無問題的。
親子丼合我口味。",
Daniel Zeng,2,2020-05-19,6 年前,炸蝦和炸雞塊差強人意，大推檸檬紅茶，跟檸檬紅茶的味道一模一樣,
Max Shih,5,2019-05-19,7 年前,吃拉麵可以免費加一坨麵，這樣子超划算的。,
K Kao (Kk),5,2024-05-19,2 年前,"可以免費加麵，還有紅茶，很棒！
推推",
James Bond,4,2016-05-19,10 年前,麵不錯，飲料的古早味紅茶口感比較特殊⋯,
Erin,1,2022-05-19,4 年前,難吃，拉麵味道跟超市買的快煮麵差不多,
程璟昕,2,2020-05-19,6 年前,拉麵很棒 牛丼肉偏乾 糖心蛋像滷蛋……蛋黃全熟,
Alexis,4,2023-05-19,3 年前,"很便宜 適合學生
口感也很不錯
而且有蔬菜拉麵","https://lh3.googleusercontent.com/grass-cs/ANxoTn3-zghpK-750_eS2YhqAii3rNDCycLrwrRV68WDDJgPOBfmugS8bgWagAVwJLhwHJXjsKys27RlBwJg6xDvLEZq-NRnHoBDY-uXRDD7EQwWPgDl0qWIdNBTZnI4vy8blOh3sTOw=w300-h225-p-k-no, https://lh3.googleusercontent.com/grass-cs/ANxoTn2ClegnxkFqLJgqavbsxmn5ijEnXF7ATrCHuCkdyqeB4gPIan048kOOmM5_pSBXwpltr6Fsonb_CzV5ocjL2KHkvaHoLUIRdWbrFWIeFSbD7Hnyn3gKoYttSlSdoyCVhJUE_KA1KA=w300-h225-p-k-no, https://lh3.googleusercontent.com/grass-cs/ANxoTn1cWOIUTQKR4_GemxjdcnEWpKlTJXyTxmK1ZZIj_FU-MH6vnvCIaQDt0Vaw8U60G-CFZ499i2xHtXiALM3uYlD02trWTH2fALVpJ_ts-LNsxJiphZvB16BbkEY_t-Rvs_BKK3az=w300-h225-p-k-no, https://lh3.googleusercontent.com/grass-cs/ANxoTn3ijtYeREyobntA9-1hgzbw0rykl_rGIq8owYitnYvfOvtRw8ZEPEszTirbApWuLUP1cx5PzG3br1TuZ-yrWEW3Vi3I9Dpjaa8diuNZB8-TdKbZ7A87A9tzUgJZm37UtH0DeJSimw=w300-h225-p-k-no"
陳以玄,5,2024-05-19,2 年前,老闆娘人很道地 非常擁有人情味,
蕭美華,3,2019-05-19,7 年前,單價140以上，不貴。但湯頭有點鹹。,
楊鎮遠,5,2024-05-19,2 年前,炸蝦烏龍麵的湯很好喝！推,
Chuan-chuan Liu,5,2024-05-19,2 年前,物美價廉，常常吃都很滿意！,
tsai hank,3,2017-05-19,9 年前,環境不錯的餐廳 美食就很中等 不用過度期待,
Katrinamay劉美惠,4,2017-05-19,9 年前,東西好吃價格合理，會讓我想再來,
宇浩,5,2024-05-19,2 年前,好吃 老闆人超好 體驗很好,
Sam Chen,5,2020-05-19,6 年前,建議不想吃太多肉的人，可以點野菜拉麵加套餐的肉，野菜拉麵的菜量足夠,
茶葉蛋（茶葉蛋）,3,2019-05-19,7 年前,可以加麵 服務很普通 店外環境需要改善,
邱柏嘉,5,2021-05-19,5 年前,推薦這家拉麵店，去公館可以考慮這裡👍 …,
陳裕翔,1,2017-05-19,9 年前,人潮少時服務欠佳，上菜時一臉不爽、口氣很差是怎樣= =,
崴.,5,2024-05-19,2 年前,"老闆人很好,餐點也好吃",
Coral Lee,3,2018-05-19,8 年前,飲料有貴,"https://lh3.googleusercontent.com/grass-cs/ANxoTn3hVWkDBPjzb0sNc2G-VArfCfw3a7rPVuHb-II4MS-dGyYXF4MPBnU7NiX8aRkHw7TtTuL-Jf25_oG4l2VGIiQdU1X9_im4DBFouZ3KQfnMVHkDQH2E3bIIboKFJWUcFHI70K0=w300-h225-p-k-no, https://lh3.googleusercontent.com/grass-cs/ANxoTn3tDrG_TXDjKTKYqvw4SQGdAP3iTbTwpVVKcdbWt1sIrMjqGy2nDXa2fVUpcQOqmJbiNChsxNU8gjNJQ3LdT_pstcFAeL8biNIbj5pjKEqwGtZ9gYl-JmK_uJxbdUYobhwsx_iK7w=w300-h225-p-k-no, https://lh3.googleusercontent.com/grass-cs/ANxoTn1ciPn-6MdaPaAWbgUEXaqaM4AB_GfTLjpSu-xQ6AVjYuq5g43Sf81HyFIVG_eH0PP-0VtU69wqsdW3XJPi5T5TdP2SXdGD-vGVz61KRuav-x4H0mFUby0SADUGEr7vxUq_nYEQIA=w300-h225-p-k-no, https://lh3.googleusercontent.com/grass-cs/ANxoTn2Zh6PAW1O7wSZnN_doSyE5rwEcFLbuG4GKob6xZA5L9v-uUWmFq-VF9SCBOW-I51JSThePnpWJuSbZOSOxh7JpwDwNWUHxRORstVSgH61V7j1TYCzsVn_Jgnmv32HxPCTtnKakZw=w300-h225-p-k-no"
Harvey Su,5,2017-05-19,9 年前,東西好吃價格又實惠,https://lh3.googleusercontent.com/grass-cs/ANxoTn0-dQwZ6ESqBNHHrJpdeOFO6Bv9yJoLM94LCWvnx6jXdbY2ON5EQ5TcTBXB9IuV6W96QuqsOX8HSJsjIXPel3UJQOqc54reqn5KjN5qnjDNpxHC-RgXjHp_VAGNmbihkV7al02cJg=w600-h450-p-k-no
陳冠宇,5,2018-05-19,8 年前,便宜又好吃，再小巷子裡走過別錯過,
You Chen,3,2024-05-19,2 年前,希望環境能夠更乾淨一些 食物尚可,
高伊林,5,2025-05-19,1 年前,拉麵＋雞翅，CP值高,https://lh3.googleusercontent.com/grass-cs/ANxoTn2us2PpohW9Zs6XDUxVlQQZjaXin_tceBUkO-ur-u4BmcfbCQA2Mw2_WPag6XnmLsYsK_YhsMtTKoFwaUHdFT4-lyYdzNlxeNatf1vyox083ZvIZLkfBfxsUmd-7BeUvEw3gRtAYw=w600-h450-p-k-no
Lola,5,2025-06-19,11 個月前,大家都推唐揚雞😋 …,
呂宗憲,5,2024-05-19,2 年前,服務好待客親切  餐點CP值高,
Felix Liou,4,2022-05-19,4 年前,丼飯拉麵都很美味，炸雞翅不可錯過！,
亞,4,2018-05-19,8 年前,台日混血的美食首選☝️氣氛好❤️食物又好好吃哇哇哇❤️我愛❤️❤️❤️,
王郁軒,4,2019-05-19,7 年前,叉燒很大塊，可惜吃到後面會有點膩,https://lh3.googleusercontent.com/grass-cs/ANxoTn2KeO6PjJLc1YqXY4T4qiNR1TpJ6auWSOWdVrRKUgCfIlJqTUb7pC_xQ8hRbE7uJKWigCQ2glmNDgVqd13v5UkC2LFmylXe6Oz6IwOnUsrPe5kt0M9A2Xe96yQbUxrlvPHf72Z5=w600-h450-p-k-no
Neil Wu,5,2021-05-19,5 年前,我有經過但沒進去 應該是好吃的👍 …,
Tommy Hsiao,5,2017-05-19,9 年前,平價拉麵 大碗好吃,https://lh3.googleusercontent.com/grass-cs/ANxoTn14X63lEFJqhywH5DLdQOvvN-z1jsVHkT0MuuPwyYRVOKfjP-UaNkt27wQKIVAc48YDhi4R4vc6r-xeYlIFsXl1cR6Abz6Ry45tbUw4dJuUQfzi3NrlHXI2NgLVXFzsl2-9YA8=w600-h450-p-k-no
柯俊賢,5,2022-05-19,4 年前,飯量足，唐揚雞夠嫩，又不貴，好吃,
Sunny Chang,3,2022-05-19,4 年前,隨CP值不高，但可吃，不會失望。,
Hiroshi Sai,1,2017-05-19,9 年前,以我日本人的角度來看、他們的拉麵非常的糟。這是台式拉麵。,
A LIANG,2,2019-05-19,7 年前,湯頭很淡的台式拉麵，不會想再訪的拉麵店。,
Yi Ting (庭),5,2024-05-19,2 年前,裝潢很棒 餐點也很好吃💯,
檸檬,5,2025-05-19,1 年前,非常好吃，很推薦,
秦勉,5,2019-05-19,7 年前,Cp值高，點套餐加點可以吃很飽,
かいそう,4,2023-05-19,3 年前,老闆親切，餐點美味，店面風格特別,
張鈞涵,5,2021-05-19,5 年前,拉麵很好吃，湯的濃郁程度剛剛好👍 …,
Jay傑,3,2021-05-19,5 年前,口味尚可，不喜歡炸雞的奶味,
沈家妤,5,2024-05-19,2 年前,溫馨、菜色多樣！價格實惠❤️,
Joe,5,2023-05-19,3 年前,可以免費加麵,https://lh3.googleusercontent.com/grass-cs/ANxoTn2HX8sgiykPiQItnwMyB3zrEYwcluAdy4LOAqwF1SrjTnyPiZEHmXfQOgLfSNZOK7QidiVORGVjwHs7oGuwh15QG3Sv9NNjN22GsSfxTkvdj6mVAAYl9PotaJlb-of2A_w3eKEs=w600-h450-p-k-no
Noel Lo,4,2017-05-19,9 年前,特色小巷，價格公道，蔬菜拉麵，大大碗，多類蔬菜，正！,
S11230156孫耕齊,5,2025-05-19,1 年前,環境悠閒，清靜吃飯的好地方,
吳沛沛,5,2025-05-19,1 年前,店裡復古氣氛很棒,
Willy Chang,5,2022-05-19,上次編輯：4 年前,"不錯的台式拉麵
有提供一次免費加麵",
Eric R,2,2022-05-19,4 年前,湯頭不香，配料少，豬排根本是排骨。,
吳強尼,4,2019-05-19,7 年前,評價的日式套餐，表現普普，就是給大學生的餐點,
王生綸,5,2024-05-19,2 年前,我覺得非常棒 老闆人很好,
yuchi,5,2025-05-19,1 年前,隱藏在巷內的美食，口袋名單+1,
俞芷萱,4,2022-05-19,4 年前,拉麵整體都不錯，唐揚雞塊偏膩,
陳妍甄,5,2024-05-19,2 年前,拉麵很好吃！服務親切~,
Lily Huang,5,2020-05-19,6 年前,"好吃又舒服的拉麵店
熱麥茶無限暢飲 好溫暖",
陳柏翰,5,2024-05-19,2 年前,老闆娘人很好餐點好吃,
林沛綺,5,2025-05-19,1 年前,Cp值高 老闆人很好！👍🏻,
YA J,5,2019-05-19,7 年前,很好吃！而且加麵不用錢,
joseph Kuo,5,2025-05-19,1 年前,加麵很划算,
ZONG-HAN XIE,5,2025-05-19,1 年前,嘎哩飯很好吃～,
Dio Pacino,3,2019-05-19,7 年前,免費加麵等了快一個小時沒上，放棄走人,
陳鼎軒,5,2024-05-19,2 年前,能免費加麵，量很夠,
宸與親,5,2024-05-19,2 年前,食物熱騰騰的～很溫暖，環境舒適💖 …,
胤（143 鄧胤宏）,3,2017-05-19,9 年前,味道口感普普 但份量足夠 飽足感佳,
小黑,5,2024-05-19,2 年前,唐揚雞超好吃！加麵加麵！,
Hubert Chen (陳信安),1,2020-05-19,6 年前,炸蝦咖哩只有一隻，跟根本黑錢,
Dora Shiu,1,2019-05-19,7 年前,"叉燒零零散散的..薄薄沒味道
拉麵軟爛...",
陳彥朔,4,2021-05-19,5 年前,拉麵不錯，麥茶好喝，咖哩普通~,
X Liu,3,2017-05-19,9 年前,"適合想要便宜聚會的肉食動物
但是空間很狹小",
請叫我派大星教授加博士先生,5,2023-05-19,3 年前,價格好實惠哦！來嚐鮮看看🤤 …,
孟芹,5,2021-05-19,5 年前,平價拉麵，炸雞塊滿好吃的😋 …,
高翔煜（Hsiang-yu Kao）,5,2021-05-19,5 年前,與高中同學舊地重遊甚是美好的用餐體驗。,
陳家恩,5,2023-05-19,3 年前,老闆娘很親切，服務態度也很好🥰,
265C142朱明漢,5,2024-05-19,2 年前,好喝的檸檬紅茶,https://lh3.googleusercontent.com/grass-cs/ANxoTn1diMig1-SlmuZxwQEd72MjVq7b1-SMRcB0ReWFQT5bsOKk-0Qe3FJy4mYmjy1TK0NoGAt9WqxuBELWjNgJPbZi0I0gz_NlFvS7MmtRRNIkJ0iBzjivfWB1ccAAMXUt0PSEF5hJ=w600-h450-p-k-no
輝宇,2,2018-05-19,8 年前,麵硬 沒味道 炒飯 不如路邊 跟本油飯,
Tzuting Wang,1,2020-05-19,6 年前,咖哩飯是用澱粉液稀釋的 有點suck,
洪麗玲,4,2020-05-19,6 年前,拉麵很好吃，湯也好好喝！,
