Username,Stars,Time,RawTime,Text,Images
Jason Wang,5,2026-03-19,2 個月前,"黃金雞湯拉麵（雞）很好吃！大推
肉很多塊不會柴、吸滿湯汁超級香😍

整體來說餐點、服務都很不錯的一間店！
空開廚房可以直接看到店員作業～
（只能現金付款）","https://lh3.googleusercontent.com/grass-cs/ANxoTn2TwJztmpWR4v57L2PXXLL1YBovZxw-t-9dNGHfVzYJFBdRFrmGH6pJAWDz_mBNKs_yVRo-I2fdRrl3YSbuIgpnHBzi5KIKE4LADu0j_lvpFMeK5D_UyGAKwFnin3uoTDCSW6senR0BobbK=w300-h225-p-k-no, https://lh3.googleusercontent.com/grass-cs/ANxoTn2kaJMcZvlmfebLJRyqOV7UqrYKGCnv51cCGlFEL9wEO2r_oKDo6obvn1h9LcR5xLzMZzR4ksMfsV_AwGkI0Hb0Ztaa9IDc-uJX8m0rlBeOv6nhwsoGhp2gxIUfuIK8D7f7p4Vl7l9xNqbN=w300-h225-p-k-no, https://lh3.googleusercontent.com/grass-cs/ANxoTn3tbKoPLt-xoHI8w5t-kDs0YR4UKJxhwSYZ7Ye6Ezho3apOJKvuTgLy5q7zAxVD-POYtCearwGZSvRMufjH4OXc4awKDb7f0luPgNIFjLwhQtvVW7hdqId3JPsCCDkMR0SL2KH7GvUTT_0=w300-h225-p-k-no, https://lh3.googleusercontent.com/grass-cs/ANxoTn0G7Z-sVimlX_m4BZVMs2qHFo5WtDsesRMzuDpvZWPHmRIMPDNc2lbyEttBNI5KTIcBHRPYCjNXnpwf91xb20bAn5tXZcf8j8J34q4xPm2UWONVJ0xrZlB04vLFNl4Fz754NgFRYPvK-AI=w300-h225-p-k-no"
Min,3,2026-03-19,2 個月前,氣氛蠻好的拉麵店，但拉麵覺得就表現普通，看評價覺得整體而言好像過譽了，但從接待的服務生和廚師服務態度都很好，不會因為很忙就不耐煩，店內氣氛也佈置得很好，個人覺得不用特別排隊等待來吃的拉麵！,"https://lh3.googleusercontent.com/grass-cs/ANxoTn2hoUWgBacHAa2_QDOfF8IVR1XgVrqUeDBiZ9OOkPQUw63yt1AsVmWvbz2eLXhT4AjL1L7BQUzY5sWPOtY26mOniWth2dAdOwrElcLbWH9ICy3sH4RA6uSeSnf7bfJRo8GLaVJ9RrXamUsW=w300-h225-p-k-no, https://lh3.googleusercontent.com/grass-cs/ANxoTn3kNfdLLM85WHt_aG9V9hCHNJbVz0KbEqDqGFY6v9KmDWai0sjo2DLm8P0DpbgRHufice_QC-daaVJN2-J6htEk_VyqakjKcMCGsBPWcTQ6AV5NgqEHUw7EtutbFeE0VydlzH7iDsxXhr0=w300-h225-p-k-no, https://lh3.googleusercontent.com/grass-cs/ANxoTn1xtBLHEW1x1tqr1u8cySVSqPJIz2UEpIVqh3bIzfr9rdNzb50VAWdxQT3Nz9an00PfhUMW-V26HsIQEPW2rJPLalhxih2EtWPf_wjMayO3cBfscpqebjODw81ukIjuWf7E57PmBiHSwgbY=w300-h225-p-k-no, https://lh3.googleusercontent.com/grass-cs/ANxoTn3sYzLPW4AcJL8GftLr8d-QYrNfyAxCKEERO5OXJy8Lhz5fR4sQfyzJcG7alfSFNW8x9HgU2Q8f0sZR4xJ5gFvb3Nocn816ZfIf-1dbm4FnSurW2RvSzpsA5Vh3GcaFS4l2PQvXdMC69L4=w300-h225-p-k-no"
Michael Huang (Michael Hwang),5,2026-01-19,4 個月前,"放在口袋名單的拉麵店～
看到不用排很久，就趕快進店等待入座。店員們都很親切的招呼，看到冰水不夠就趕快補，也會詢問口味習不習慣，可在加辣 或是 清湯。
拉麵也真的符合期待，覺得很好吃。湯頭、叉燒都很美味😋","https://lh3.googleusercontent.com/grass-cs/ANxoTn1enUqekxDFDxHk9Wg1Xrh98GDTgXw8-RNnQjuqUQ8HqqxcUrzYAX8mFjOOYjeCJ4_vFUAXdeywDfpxE5VCgnEwrlBSRl1cAmJ8our9dOqPLJNaadte7jsp4iFHtF3EyAq1H9-fYhDKuMP7=w300-h225-p-k-no, https://lh3.googleusercontent.com/grass-cs/ANxoTn3LAl1BgSKJBQJjuH7ODh7bYyIb5-TTFWZyW7OP0f1ZGdatRFEu8ZpmqsNAsnYZMTcoEANg_lvX6qauNXJDATL7V09358i73l4VVtt-fGI8brd-zHsppwu_bFxEAx_wuvMMmzL8ywInmZ3c=w300-h225-p-k-no, https://lh3.googleusercontent.com/grass-cs/ANxoTn2Oh_XtKInFd0_Zd45hgA3Pnp_igr6-NeX4IAJ-k7VMmHb3j9usBR6S51oSqSZkW1vAO28y7d0U64-eLTQY2qolsNLoTkPy_ICTP5JHPoJziAO8gdeBEGxTxI9BGyRfWCytyABnN9zDupw=w300-h225-p-k-no, https://lh3.googleusercontent.com/grass-cs/ANxoTn3dW6K96rBcpiY9kXhJdXtR8IolpvSB0lBnuCaAgf9vYVkZec1q4H58eIB_rWYHXqmfl8P_v2Fvv_3aZFbGgDjMPfcutDU0AWzPiiW4vP32UxI6AuHyA6ZFcE--u-ApESDLnDrkS7q0Ed4f=w300-h225-p-k-no"
Gemma,4,2026-01-19,4 個月前,"常常用餐尖峰時間經過都是滿滿的排隊人潮，但店內的座位量來看應該不會等到太久。
使用點餐機來點餐付款很方便，且出餐蠻快。
店內整潔明亮，用餐環境很舒服，醬料區及廁所都很乾淨👍🏾

麵條有兩種可選且可以客製軟硬度，湯頭也是可以選擇。
個人口味覺得原味豚骨湯頭蠻普通，辛味的比較出色。但麵條很好吃！
肉類處理得很剛好，軟硬度適中、入味但不過鹹。
以價位來說配料跟份量偏少。
配料溏心蛋要+40但是蠻好吃的。

店員很親切會詢問口味是否滿意及有沒有吃飽。","https://lh3.googleusercontent.com/grass-cs/ANxoTn1Qm8Vnt7svDFakdgf2NZwOMCyXZn471hI4teXiD4M44xvOLLQHJhG9yyvu24rN_8wKpShcqZc6EsVzE9qqjQxnvxou8t1KXB6jr7-ga3ubZKb6NQFbJL8qSW92FusU4YTZs_UGilyGdTnU=w300-h225-p-k-no, https://lh3.googleusercontent.com/grass-cs/ANxoTn1LaLM-4RQJbZ7kGFkjUK9z972LMdEwM82YkRM8cRVRyt0OCYxH0XIJj_vmZxgI0widjCkXyag9lOYtkpGbYGQuM9slxs-hIJL3-XDoaPAJu7YjuuRBK9vvLEwEi7dfEOvsLOBqNLirbqJF=w300-h225-p-k-no, https://lh3.googleusercontent.com/grass-cs/ANxoTn0EBlmKJSJ3E7fQUTO8jeatp_93fPOUf8ezbsDZeycd0jvf7GZYjWDN1ZHOsSUvAWWyh_LvZEVhzVdky-wPiCueQXEex3ePqFaMnq2--0Ji57mhP2lukFaX7heBPlUAYJp478zqSwWonXZr=w300-h225-p-k-no, https://lh3.googleusercontent.com/grass-cs/ANxoTn1EPlLOf1iQCHru9HTiqZJxfrT7o2crK0mQWvB1j-E6VULk7I9beNtKr0YfKFiFOF1hoNAv50IhiWe1CbE22RqE2NjjulFc6DyWLZcZu6ed3NsG54rOqkHJZVNZ3npjkmvggxp0Q6GYUg4=w300-h225-p-k-no"
Yung Chih Hsu,5,2026-01-19,4 個月前,"維持隱家一致水準
麵條讚 肉肉好吃
加點 叉燒拼盤 很過癮
推 雞腿叉燒
公館店真的很大(v.s.赤峰)
候位友善^^

-濃厚海老沾麵
肉豐富 醬汁濃郁
記得中間要再加熱
冷麵+熱燙湯汁 很搭

-柚香干貝拉麵 + 糖心蛋(另點)
湯頭多分海味
對中份麵來說湯稍少
+清湯/蒜蓉 另種風味 也不錯","https://lh3.googleusercontent.com/grass-cs/ANxoTn0yT6HWQRvkm-EQpN4dnqOsnVLTqHQp4iiqXqR3mv7s3Ln30mBzC3POUqlBHpBRJGnX5ILjO8im-sdfRSmpY9IBn1tAs_qnNlIy2gLxLNAMpOSrCMibfj-YNIpW2gI2GT-xDwbOhNqiX_4=w300-h225-p-k-no, https://lh3.googleusercontent.com/grass-cs/ANxoTn0eZ1KkTSlAz-axAObtUrFVudt9RhsQRFZERQVAw74spNUftW-qb26dA21IPUN2QPxszDgWcvawhUxs537eIzoJSzvtWnIcPDkvwLxv9XGy02TWUbSxXPKR2PDLxn2S47OB3XSKESqqJKA=w300-h225-p-k-no, https://lh3.googleusercontent.com/grass-cs/ANxoTn0p4TRD08qNaWUec4OAjjqfg7gp_MpNkBjeID0airCFgsJPYckw2sWeo3c-93slhYDAj9qQhW-yI9v2aZL5PzqPnupZpirf8yVcm0GCn8xJCwYTEQFlrN-0njtg9b42ZMtK00EgmInGY7BT=w300-h225-p-k-no, https://lh3.googleusercontent.com/grass-cs/ANxoTn2x6qF3-K_7WqlcxA-WWCDlhbMcoxB9iUoqEJnooaRaiheVOQoVoch6QitytcmN7Vno_o_2VkXT6EH-7qeh7ZvKXlmkqGuyM3G7H2xXJO_ywBgylgyXslGaVpY2m1j5uQt3yxpUB4ktWnA=w300-h225-p-k-no"
這一週我們,5,2026-01-19,4 個月前,經過3年，總是大排長龍，終於某天下午5點經過，可以進去排隊，太開心，當然衝進去，點餐機點餐，吧台座位，可以看到他們內場的忙碌，拉麵上來，吃第一口就喜歡，感覺像在京都吃到的味道，值得排隊，雖長但很快。,"https://lh3.googleusercontent.com/grass-cs/ANxoTn3NBwTIH4gyYKCr-v0kScLMg4JwgutaD8-0-RP_GvrJ_4fOl2YC0EW9pEl0R0WgqRp9Xa7ENu11PEUQNfJp8_RWSEGNOyS5uBj4BnhDfa91Mo2FFPVG4ig_MO_DFCtDVtYcHzc4WQVDZR2Y=w300-h225-p-k-no, https://lh3.googleusercontent.com/grass-cs/ANxoTn1qJ20Idibbm2KeBhKar1CwhM_i9rL3Fg7dZmDQK3cReuyD43M_hd9d3uV4uLf6Pw2VBJQI71SP20Ax6dkfrAPwc04UgyIPNi-4v9k6MzyXMX2UCnQSDUCGSczfAyggJxHpn071NLtqcbe2=w300-h225-p-k-no, https://lh3.googleusercontent.com/grass-cs/ANxoTn3zqsqg6JcES-Vk8KyO6DeVxysQp2kZGQsZ3ji9s1a478eBu23QGtjKgQFymXt_MfaXyYcpeCz_kvm4nTm9vgv52gvtyArj8XhAaZvqivjctUVk9zn7ktTnPRDSBwgFkKRcVXg7zarQtdl4=w300-h225-p-k-no, https://lh3.googleusercontent.com/grass-cs/ANxoTn3C3OCljsALVmfxPL7WFC7AsA66jWKhfLgEk23sTZtq1GPzEUNl-7fkW78YHnxa8ZMATylj2aBxfChCNU4WaOf9_hhFNfnPfOsc-2gdPSqU8f6RZaCVJX15Ws7PrvVt1ZsTIjEbn6H74GIU=w300-h225-p-k-no"
Mia,4,2026-01-19,4 個月前,本來想吃看看柚香，不愧是限量已經沒了～海老沾麵，肉就有2種還有2隻蝦，肉質都不錯，沾醬有蝦味，偏稀一點，蠻快就不熱了，但好像可以加熱，搭配麵蠻涮嘴的，還算喜歡；豚骨醬油就相對普通，湯頭感覺比較常喝到的口味，且喝多有點膩口，麵條都蠻Q的～,"https://lh3.googleusercontent.com/grass-cs/ANxoTn0J4qWwtGwYkQEyX6lrThO9Z7M8Ro-eyZ3pvk_PNs0imcoNUw6QBrSQiN_swdmXOpXTHQsCZAOG4d5YECgmCzJ2o6pXZGZ69Pr8D46lI7yFGlLSG7rPJ8rs_Hum26TCY-l9Itv45cADALHD=w300-h225-p-k-no, https://lh3.googleusercontent.com/grass-cs/ANxoTn2L5jp_vypR7y9UXKfdU1Rs49kQL7Bv8dyHlDGfElPFnpHuzxx_ePmYlhBvxsrRP3JSXnN-HaoZefuezq6m0ahnGXj_pzOOIs5k2IgXvnHaCB2zQx29r0IC4qWlJN0tqam0ZLMOgGOySRQ=w300-h225-p-k-no, https://lh3.googleusercontent.com/grass-cs/ANxoTn2rRRgRFf6buPQmqIlDaQj-a3z7bqXftDfR5gIOfVrDzqZHRCuyScP7TOPJUWRthG_nelnfxw5gmvS0BvZN4DA6_usNK91MRFCzmRV4Z2qx5bOvmZ50qKuavuE2FKQxLRqRMO5VCCex1OFc=w300-h225-p-k-no, https://lh3.googleusercontent.com/grass-cs/ANxoTn1EBaplpcV93yf_m0XqiJkI6HmCoAHX7tgc6H_qub1J83cQBlCn3YISZsLWxDSTD6Op1XAUTTC9MoRH3QjvPkji3xMq3GuUtyKeNZq1QhM1iACpdCFNaijal7wvECoKtBu2wK1NpUpXG8OO=w300-h225-p-k-no"
洪大仁,5,2025-09-19,8 個月前,"隱家在中山站、晴光夜市店每次都很多人，成功引起興趣但就是缺少衝動！今天經過公館店意外沒什麼人，就想說來試試！立刻鎖定這碗主打的「豚骨醬油拉麵」。有店員引導，排隊等候使用販賣機買餐點餐服務，才能入座用餐。每人低消金額是230元！
餐點上桌那一刻，真的很有衝擊力。
•	叉燒厚切炙烤，帶著焦香油脂。
•	湯頭濃稠，乳白底色中透出濃厚的滋味。
整體味道濃郁到位，搭配蔥絲與海苔剛剛好。
重點整理一下：
•	口味整體： 滿意，但不輕盈！
•	麵體選擇自由：粗麵 or 中粗麵，我個人覺得中粗是最剛好選擇！
•	湯頭濃厚，偏向重口味的菜單首選！
•	叉燒炙燒得很香，但油脂不會膩，肉質紮實中帶滑嫩！
不用排很久，就能入座了，店員很熱情介紹 也很有活力，覺得服務OK！每個位置都有水、衛生紙、調料都很方便！跟其他拉麵店比他們位置也算蠻大的，不擁擠！入座前用點餐機點，有載具，可用現金！幾乎都是吧台位置，可以直接看到內場服務人員工作樣貌，感覺可以跟客人互動感覺很棒！餐點美味可口，湯頭清爽又濃郁，希望有機會會再度光臨。","https://lh3.googleusercontent.com/grass-cs/ANxoTn0qADN8MQzMaJHn5b0WjcKYAx1Xgh79cKWrhLCpc_vLZW5xZJqqO5uGU_SZSQKUT3_UeYVxY1ZRq7tIm9VBBzi3k9D3E1NgCJzEgWtXy3b9jbQq6M6rxZKDPeqBwpVIurfAHE4xrD7oI-Q=w300-h225-p-k-no, https://lh3.googleusercontent.com/grass-cs/ANxoTn2qBLXr1kfHaP2CeIkyjAQiAd6XIkyV22IyidJt_z_xUq5XdcRbVV9iWebkmTmpR6J7GkkgQI5aEWcYbmqLmg2YJDJaJQE2rdMJVCnv3Wkjsx_ZRXHyXYTC_xn3fh1lHhjMTnWX-m6H6NNj=w300-h225-p-k-no, https://lh3.googleusercontent.com/grass-cs/ANxoTn3wyCOYPhSYJAWiGfikkC8NgUzFdPs2tG97A5aOdl17f-Bs2Bj8mJtvsuOGlj-yWldlvEocLnvDedtOhXNd4RwSEumwi440etOA0P-PECOH_qd2-IYMoHVshGrGzNk2y2yZW79l2UJ-8-w=w300-h225-p-k-no, https://lh3.googleusercontent.com/grass-cs/ANxoTn28UTw6Y7CRk6KX6C760AmddxAByG4scndhFIa_mWXb57emI2Hr6n6l50Jifj3C1YlRrfNtJpBuQ1Ahw-PaWetZa9r5A__GxXgj6yc8yLENyz69YrF12swY9CJzL6lziqVUI14MkShZsThV=w300-h225-p-k-no"
蕭紫均,5,2026-02-19,3 個月前,這次和朋友經過，想吃拉麵於是就排隊候位，大約等20分鐘入座。我們點了基本款的豚骨醬油拉麵&限量的柚香干貝拉麵，比較喜歡後者（非常特別，口味清淡好吃）。總之我之後應該還會為了柚香干貝拉麵回訪，算是蠻推薦的！,"https://lh3.googleusercontent.com/grass-cs/ANxoTn1hvOjK_WWFJFne0h7RX1Ko5WhDB0uEZ6rJbCUM6D-iOZ1cT-G-PfPJbFBMFP_CZ47gE7NHnmpINBKW5CxK7K7QOFWml9-Q5eHBPsN4c847ITUNTeBDlgkRMKvrvQ8QL-jX4fcDzXmxW6jY=w300-h450-p-k-no, https://lh3.googleusercontent.com/grass-cs/ANxoTn2KMJ1yzT4oLRHsJeX6CREm2PjK4deVEPXsRmb96_g7sjNwoO_TffOOEiDcLgKm7ds8EICjvEjZ6Wqy7z-AzGS50iF1w70ka_rX9dT-pYWrWYTK8zhb1-g5U_pcY0Ra00at3Y0soB8_NPaM=w300-h450-p-k-no"
C.Y,4,2026-02-19,3 個月前,每次經過看到好多人排隊，當天時間比較晚看到沒人就直接入內用餐，點了雞湯拉麵與豚骨拉麵，個人比較喜歡雞湯清爽口味，且舒肥雞雞肉很嫩！,"https://lh3.googleusercontent.com/grass-cs/ANxoTn1RrX9NeE1YMy4l8Bt9qdSgIUeMmMVSDOmR01RrDtCw_EW3rlXRru2TMmcfoQN8Q6xos7rAqhLgqjk9kYzcJJnU8QVqbMvlw5HzmotlPuw1ir5wlcTRHMiGbGXUyWkXKrRi7dJ7jMXp-zg=w300-h225-p-k-no, https://lh3.googleusercontent.com/grass-cs/ANxoTn06CF-za_u-l4LQWx5A3PHZEgzQ53HMMPQ97cWSMVgmPZHxdl-PBveICiMtKzIRT3_R8AoeEdfXPTjcD3ePtouozRm-vegf1iZCx1q4CGrEHXsx3R5S3txvxJXApCjAfNVcBEORrWeRYSE=w300-h225-p-k-no, https://lh3.googleusercontent.com/grass-cs/ANxoTn0jnXzfwMelMi_gqG8cO9g70l_Xj9LxwA635PnADfWYFH6q8rY6CSsYagZwvE0fXLPL_QNNgLzOIKL3nz4fS8fA427kj-ayyK5d9LuA8VIHhpE1gAEhSrGWFU9wCqNuJ-nMZrfLM8SJCIWt=w300-h225-p-k-no, https://lh3.googleusercontent.com/grass-cs/ANxoTn39B88WyPCLNCBqcuMHUCFstWv0OK2zTWzgyk-v88iP6mLnrwVQD39e17lOVhWETX7DnmisJVfkLR8YhYTsQL2PRx69r3GSXGwRsYNIuAWzwtDGA6PkLF3X-voftlrzY7EwIRDXzIpnGZGv=w300-h225-p-k-no"
Jessica雨沛草生云,5,2025-09-19,8 個月前,"每次路過永遠都是大排長龍，這次經過竟然沒什麼人，看起來還有位置就進去光顧了。
有店員引導，排隊等候使用販賣機買餐點餐服務，才能入座用餐。每人低消金額是230元，我們看到“每日限量30碗”的柚香干貝拉麵，就心動點下去了～～～果然料多味美肉大塊！！
幾乎都是吧台位置，可以直接看到內場服務人員工作樣貌，感覺可以跟客人互動感覺很棒！餐點美味可口，湯頭清爽又濃郁，希望有機會會再度光臨。

唯一缺點是：碗是有深度的碗狀，不是很方便的拿握。","https://lh3.googleusercontent.com/grass-cs/ANxoTn3bJoFsESyhvC0wXBh__CyFWT_B3xB4LvNLDDPTGgV7gInjDZZgAD45d9exbzY_GSm1oD-IQ2oJzC7oqBbvwbDI6ix2oaQfscdLQOw45SqMQCRNTNqUFDUu9kwY95lUm1RzF-ujzXjFWDAO=w300-h225-p-k-no, https://lh3.googleusercontent.com/grass-cs/ANxoTn1vHpKgY5x3nfpMYHDDvLR9DeXOLGA1bKc0Kb0Ek-qT-L7B-Wq9U87-aEpHZZYf1-UgUA7wo9oqD90jHRvr-XWgt2qK4wUmNgcj3rtkgYDOt28fEzZxZEoi4_9trxpwvcXBUXmnKmCpycxd=w300-h225-p-k-no, https://lh3.googleusercontent.com/grass-cs/ANxoTn2y3cRdhkPnzEKVmd0xQqTHhZhtu5vtMvBmU9HeYi7g0xFCIfVsUq67e-6EnHBAk5Lj9pokK6jSI8GP63dtB49MZGP0E9YkdWq5JwNz4mNb97ospbYBxdl5uJgEjTLCGiii3Q5GhkXcd0hg=w300-h225-p-k-no, https://lh3.googleusercontent.com/grass-cs/ANxoTn3cNBHk4au_IMOiT__G2LP_qBoDbN1ttSK9_RG3pF__rQtNUgJp_PDW1VAroLPAio4_MGkoIVx3hVcCesaWBFzeG1dqB2axMOMkIAur00Pnw5Q8g5Q0GCKPzTwOYaenUYVHl3cYQSbAoBA=w300-h225-p-k-no"
林小美,5,2026-02-19,3 個月前,每每經過都大排長龍，今天竟然不用排隊就進來嚐鮮，湯頭濃郁、服務細心，唯他們的肉片切成厚片一片，吃起來較不習慣。,"https://lh3.googleusercontent.com/grass-cs/ANxoTn2LBlgol1gCcZC5xngVLI78s_LeN36kRoJ-3NxEGS9VPiUADyZHZUMeG72TwT8Tu3IMjklN2UNJoDV-4koiree6DpT8W8CZV2bK1z9RMqLk_zggLPDIZq-El5E5NnMcGOIPPIIgDEH0yRTO=w300-h225-p-k-no, https://lh3.googleusercontent.com/grass-cs/ANxoTn3CAoOVJagFPWdbF4gNhvIep5a4igTY--4sP8Ye8KrXhQRZTXGc_nK6vFvn0EfTMjftxrKbwadJKQw_kFJaMBPfIu55eqseH4ZWyeUlQWeyaNlXUgrRLhYAFHWW3QNBSJ9sB58NRXd2shLq=w300-h225-p-k-no, https://lh3.googleusercontent.com/grass-cs/ANxoTn2xhRd8Cc0Ao0jY-t8znQjimuHFXRbfO_TQ44DPVyiVMLwNldOVpSRG_gvOV-hHWR2DrixALrJxdt9ZJWvOIWk_7sbaMO_TVbekeX0a5SnWZCbkBgbZr1yrbm7oX7R2uZkjGcxJC-7i6_mK=w300-h225-p-k-no, https://lh3.googleusercontent.com/grass-cs/ANxoTn1ULEKSZp7nQD2oS1d9rAvvPIocfko1jaNWcyIEjhyi3ZeZzOcex5aES2m4Ej7cc3nIoEuywsYfNYxc_PWhEOA6-DEezAFZRv_3j__pyTvVR7k_Y_rwoHI_RfDj2-Hgmz3zX5ajy62Cktyq=w300-h225-p-k-no"
Mark 23684784,2,2026-02-19,3 個月前,"今天點了擔擔麵，很好吃本來想給5星
但不曉得為什麼到家後開始拉肚子，發評論當下我還坐在馬桶上","https://lh3.googleusercontent.com/grass-cs/ANxoTn05TScO606KhP5QDjj7PnP_AoONTTszfeb0OtZxp-kNSaAMp96-bWsdDEBqG7v8g23j3yzf4F5ujlWP4l3Hz16Xg-VQeCiDTrCP5N0R0KmJRt-NThRNb8gntFQSxhtuaba3qDf22On536iC=w300-h450-p-k-no, https://lh3.googleusercontent.com/grass-cs/ANxoTn0jENP-ZyRRE4Eo88UqpAdNAC_50yFe2zfDYjvhUYxGqbetUBeyJ9od7t7LPtct0wt5gyGmECBzQWIymoTUos4TN0deFJ5-zanEylLoDyplileyHGxdf-qZ8-xy6970izfF7Lcot57xDkj2=w300-h450-p-k-no"
CY Y,4,2025-10-19,7 個月前,"📍服務非常親切，平日中午人潮不算多
📍上桌溫度是熱的！非常加分😂好多拉麵上桌溫度都偏溫
📍雞湯順口好喝，喝到最後有點鹹，還好有提供冰水，麵體很有嚼勁，豬肉很嫩很好吃，3片也算多啦，只是整體吃起來有一點點空虛（拉麵很容易這樣？🤔）","https://lh3.googleusercontent.com/grass-cs/ANxoTn3sRChmV7oCMGy7_gMusO4JJbVYNUPWX4IZdufHUI2AR6jyDZWiGWqepFwLT9Xx692fnbNpQmGR_A05onoB5Rcv-bInqvgYQddJpTpu0nldZdci3ObAXbi_MASP8pPESmeIrkwpDBpmbXwa=w300-h225-p-k-no, https://lh3.googleusercontent.com/grass-cs/ANxoTn3-81yp-w_0LK3vo9O8BpJBH0pyA1N38cSjlUtBPIWGym-6kM_U4MncMrS7DDHtpQOi-CT2cN10Lm7ldqn3vbpxLyHwS0NtbmmF7IiMFqfTN_OK1IMLpclbR200NcqSDmfwRV657RK0WkvT=w300-h225-p-k-no, https://lh3.googleusercontent.com/grass-cs/ANxoTn0s4SmFtlLWJj2Mb-7bMjIigGRhvZ0OOHFVFFDdJgzyrRVyooxH-IlX-vnNjbpce3l1F9oE67VRQYx6P6xieG89mQcP6mUA6q9Xsp68QZXBTnnr-kXjG4b_4uxbcI0mv-T3aKO-_dQ58a4=w300-h225-p-k-no, https://lh3.googleusercontent.com/grass-cs/ANxoTn3ZfAeK-1LGeEbMCEWhEdHpU3MsZLxFY2frosUP4ofXkMysI_cJzfjd9pIR2LxUYu7KBWuc-H_mZstSvQIqY49OTaPrg9DPsgVfuVkBPM5BbfqUmjfdCYUsgdZl9jB2lTb-03N55p7ak1pV=w300-h225-p-k-no"
謝宗勳,5,2026-02-19,3 個月前,1/17週六 去吃朋友推薦所以特別來吃女友雖然覺得還好沒有很喜歡但我意外能接受甚至喜歡而且不油膩可以一直吃麵而且叉燒飯也是很香但不油膩可以回訪店,"https://lh3.googleusercontent.com/grass-cs/ANxoTn2m_akarAyR1ME3czvlOsE5a4oI-k1agvGgDELdU72uiTmY5Sy9HzDXkp9-bAD4uF5oNMUrGqnT0pN99zwkV9cuOQ9TQmysjcRhSvPX12-oqFcUUp3CQYvSci19J72IyLmLiDluiGjttd4=w300-h450-p-k-no, https://lh3.googleusercontent.com/grass-cs/ANxoTn08PyavjGxvDSMeAmhx4NgbUIyFm7V4sOkVHicxAwjg0slVqfyZFkD5BYq8Rufmfvz2h1mfd1diU9CWdwCbbuO7zTpeCec5QWyIND4MrX9S8T6rEuXPAHIKDbgatnl3K1xpBA2-dNImAM0_=w300-h225-p-k-no, https://lh3.googleusercontent.com/grass-cs/ANxoTn1sEdxxAPjHkH7nXPLqaAC2LlLLsm5zrbJzjmDcvZLHPprzmgZLZitsHt3eN6nQLnLMNx2iSyohF-XVGbFCE9OH6CD2Kpa9Vu5_BkizYKCoo6Usqzjd6EDoIH7qLjObXCKSIshn7BZIunmj=w300-h225-p-k-no"
Amy chen,4,2025-09-19,8 個月前,"週日7點左右到不用排很久 就能入座了
店員很熱情介紹 也很有活力
覺得服務👍🏻！
每個位置都有水衛生紙調料 很方便！
跟其他拉麵店比他們位置也算蠻大的 不擁擠！

🌟黃金雞湯拉麵
裡面只有豬肉3片 跟兩條菜
豬肉味比較重 更喜歡炙燒的
這碗有點失望

🌟濃厚雞白擔擔麵
這碗很特別 層次豐富 有辣 湯較濃偏膩
覺得不錯！推","https://lh3.googleusercontent.com/grass-cs/ANxoTn33DPifrHAp-y4ac9fj4jF2uiAcYYACGHZtu3IDbUq8tbAigUYaBjzbDW9tyQyT7I1laT6XRSJ3zfuswHmufSiunTP4OFcVxHMbEnmx_231hP7MLVHhFx4qFji-i2eZsYE6kqzpzlXzPU0w=w300-h225-p-k-no, https://lh3.googleusercontent.com/grass-cs/ANxoTn0VXffuZ2p6HDoPWbSgcv_Ap_dw3YtFbRgtIqjkCaPwpSK-IzOTwI20aseQJTHo_01bbE8hCxmjNAb7SxNj25pr34_d9uhNvmeB5qNk-KCOh4_rQUzEOTp6XK3r8qQY3XI709T4OyHZNEZB=w300-h225-p-k-no, https://lh3.googleusercontent.com/grass-cs/ANxoTn3An631MqmQYRozH_LVRV9Qy0ltbDlCfLsnohpD2Afsmk38gnAl67CyprnNBGftAIuSPLqPujMpqAVpARuQvouRzrkEwuRme4mSOsyntqibcX-HZrN-8xhVGRycrCQHnHwGoe-yY4re30GG=w300-h225-p-k-no, https://lh3.googleusercontent.com/grass-cs/ANxoTn19vLAqt-2CZJRTo2t6_0eBmQwd-dJObr4kVXVm3DwIjsiYgAr-NAaAiH8NGybN8_mgMF3aZZ8Trn-X6M4kl9pnKfcTwzn7zF1pRx3me6Hbxe7SSX99fqKu_Rdu-1dzS29dJ0_102rpx-0=w300-h225-p-k-no"
Jenny Kao,5,2026-02-19,3 個月前,"公館的名店
那天經過剛好不用排很久(⁎⁍̴̛ᴗ⁍̴̛⁎)
拉麵湯頭很濃郁，價錢也是正常拉麵店價錢，麵體可以選粗細跟硬度，個人比較喜歡吃粗麵，叉燒給的很大片👍🏻店員服務態度也很不錯～有機會會再回訪","https://lh3.googleusercontent.com/grass-cs/ANxoTn2QPFmafxC_QawRgBo_a9XZTBwzUp8mwQfik8gRQlv6J7YCkCW8H0C20x1C7QYw4mW9z5xysFfoJNPnUxf0-Y8E59IlPAAI3hHO5lxSUg-ZusKcE8kqXQe_JcXyFQIiTNDd65jgVOfcQmEt=w300-h450-p-k-no, https://lh3.googleusercontent.com/grass-cs/ANxoTn1_TQux8Izf0zH40ogFThIROvR0PhOVO3artnL63--J22DmyJVgoujyTvV-nw73ssB4hy8u7VkMUG9fiPtmbcLwFv4KGEMeSE_vn6m9iI6-wkTenAMQEOlJ3Z6tTn3iL0YF4JcIY3Ma7chO=w300-h450-p-k-no"
Syun,5,2026-01-19,4 個月前,很香很好吃的豚骨拉麵！！店員也很親切，果然是名不虛傳的隱家，尖峰時刻可能需要稍微排一下隊，但非常推薦給喜歡豚骨拉麵的人！！,"https://lh3.googleusercontent.com/grass-cs/ANxoTn09RwdzR1Y41qLjI-qEs2jaA650CY3W3DR8CoS_uPMywNPaTHhRTKe795eFuE53vjBYf_x7weG4YrkdHIYbK5v9WBsffyNPtAHulZiftuyTLnZE-JI6y11ODu6AE9VKy_DyNNut-WSz6lG1=w300-h450-p-k-no, https://lh3.googleusercontent.com/grass-cs/ANxoTn170aht-bPcJO3lfQZVtMT0xXsnmlwO4AtTJjIIZRq_yLc1uZn4vAsc52iyqHQBnP_oUGPdHdbr2I9sVzRooHBy_R5zVV8EP8RRam8ktpKVrHmUsqXKkvYevnAeWtzVf-Rnw86GtegzQuk=w300-h450-p-k-no"
Una,4,2025-08-19,9 個月前,"🍜看了兩年終於吃了
🥢隱家在中山站、晴光夜市店每次都很多人，成功引起興趣但就是缺少衝動！今天經過公館店意外沒什麼人，就想說來試試！
🐓點了黃金雞湯拉麵（雞），是清湯系列但入口還是很夠味，選粗麵普通口感加蔥加洋蔥以及另外40元到溏心蛋，上桌冒煙感很舒服，入口溫度也很對，是好吃的拉麵但不至於驚艷，雞胸肉應該是舒肥過非常軟嫩，湯頭還可以免費加！但怎麼吃完很空虛😌
💰入座前用點餐機點，可載具但僅能用現金，希望能跟進線上付款方式！","https://lh3.googleusercontent.com/grass-cs/ANxoTn1aQO_R7sYOkcBm3c_t8vVrazvhhn-e9TaC0qxdIvRLDddwTd7J5jlNZBpEg554wvrvn1JMCEMvFFXRytwZd_kwneChUxTZ3db8UZvAtM08K5oz4wGLjPJ1axMzInbvcTecOnWbdvw_Ham3=w300-h225-p-k-no, https://lh3.googleusercontent.com/grass-cs/ANxoTn1yyXCK-z1femcV8svL5oAzmbPeH3-HIDFqEIJNVKTYT2fj-Blp6DhovNzRGF8_NJ7wcjYPmtHERFYoBGIOKsCAxvHtQCd0kXR0zibb5sQ56UiwhqBTRzLuL0CzvZ-vI5H-rNLJ1yF9dII=w300-h225-p-k-no, https://lh3.googleusercontent.com/grass-cs/ANxoTn1RLfaro5zzgVqHlY1PZ5gENmIpt62mGNeERaZ2nI644Z65zZp16h1BCTf4-ZXLFrXIdxqIsQwSTDZlx39aA6ndtJteS5sN8FtJSVJPPxWG5hfu7m7VAb9Pxwmdl4xmYcFXyq9vsVIvAlrx=w300-h225-p-k-no, https://lh3.googleusercontent.com/grass-cs/ANxoTn2hQZPzN_hr-pbKQVFTPIgz1VwLsUZYFbqi8uEPDOhqE-2ruYg9XVGN2nxpxBJcNOE-BiFRfU7FacttcfS3XKlpwH_enyjJJ9r9F2TXJng9bDW11KTkZzQGgt-BCuEnc85e7ol1F7ENvv7t=w300-h225-p-k-no"
鄭雨函,5,2026-01-19,4 個月前,"很好吃，不會太鹹，店員也會上前詢問口味如何，是否需要加湯調整，用餐體驗非常好，很喜歡～
平常在中山吃不到，今天在公館吃到了！好好吃🤤",https://lh3.googleusercontent.com/grass-cs/ANxoTn2KZgTBZXXc9G97cXipH-7w_EnQT55IJWF5roZWbzKqEPEc6LOtq1ZUq0j9cXL_X3wLmxlhv4Xr39yci-62jyRVekayg7J7MvDWMwd8iXj_XYLO--5iS1aRK3hbsaFs27yY_HKpXqORvp0=w600-h450-p-k-no
王淑惠,4,2025-10-19,7 個月前,服務氛圍熱忱自然親切，麵有兩種選擇、口感可選擇，吃比較清淡的可免費加湯，我選中卷偏軟的麵，湯頭濃郁香醇風味佳👍推薦,"https://lh3.googleusercontent.com/grass-cs/ANxoTn16BWBrW_WSHTfrV4_I2J8luwMOXHfNlE8JyBSSSJ2eIutVDwcgfS_pDirJyjjZWOnvlATw0lzpZSfc6EUd5WfVwM19pp-yscq5VOhoxClGg2B8_8vnQ7zO6h0xsg11ifenUo51m5V-6_dM=w300-h450-p-k-no, https://lh3.googleusercontent.com/grass-cs/ANxoTn2f4ve3RbryFZyfn33nzauFzJ351RjpcrGvIrUQ5cWZMsMEjGvhLT0hzmR_nDcd8zDf27mNldQE9vb2dKABfpzs_qVcQ_n14FfKdrIv2QsHwW0ZYOdBoVHGmZq3uJ0KBFFB_X8Y88BUaVQd=w300-h225-p-k-no, https://lh3.googleusercontent.com/grass-cs/ANxoTn3ramPolfZVzvXJ-wX0HQn62-rveML1cRNz2XCtYVTPiSjFlIjUd2Ps0st3tKGlc4x7ROy_w2X6C29RYJfnaQQQsQ8kPQ8soQURxxGfP3R1Tt9iQTmftrkR5RqgdZAA2e5Dw2kx0hLy0dok=w300-h225-p-k-no"
坤正林,5,2025-06-19,11 個月前,"【隱家拉麵・公館店】── 在濃厚與辣意中找到一碗剛剛好的辛豚骨

說到台大公館附近的拉麵戰區，我的名單裡一向是「真劍」與「鷹流」雙雄對決。最近聽說真劍已漲價至 300 元，讓人開始思考 CP 值的新選擇。某個雨夜，我決定轉戰位在巷弄內的這間人氣拉麵店——隱家拉麵（公館店）。

🍜 不愛雞湯的我，點了「辛豚骨拉麵」

我對雞湯拉麵天生無感，所以一入店、面對自助點餐機，立刻鎖定這碗主打香辣系的「辛豚骨拉麵」。

餐點上桌那一刻，真的很有衝擊力。
•	叉燒厚切炙烤，帶著焦香油脂。
•	擔擔風味肉燥鋪在湯面一側，辣香濃郁，完全是整碗的靈魂角色。
•	湯頭濃稠到無法喝完，是那種一勺下去會在湯匙上「黏一下」的等級，乳白底色中透出橘紅色的辣油。

整體味道濃郁到位，辣度是中上，後勁帶麻香，搭配蔥絲與海苔剛剛好壓住重口感的膩。

🍥 重點整理一下：
•	口味整體：👍 滿意，但不輕盈
•	麵體選擇自由：粗麵 or 中粗麵，我個人覺得中粗是最剛好選擇
•	湯頭濃厚、辣味到位，偏向重口味黨的菜單首選
•	叉燒炙燒得很香，但油脂不會膩，肉質紮實中帶滑嫩
•	肉燥有點像台式擔擔風味，是亮點！","https://lh3.googleusercontent.com/grass-cs/ANxoTn3xHIX590mGI4F3u0wRVdNT8tS82oAWwd5y1q0QQdpGWp1OUcShWr1cM08VI1N0a4BirxWLu21mNngr4sV5pJAJLZcfZifaOK5H8crwd2MOkfGP7a9z3GLzK-PeKhn97N0who9D=w300-h225-p-k-no, https://lh3.googleusercontent.com/grass-cs/ANxoTn2YN4YIYTTn146bQono-xk_-iME0-I3XSceHFA7u1JuSovPQ4r0In3CVLxI8oHA3DIOkChuxMJr-kqJTAlFlQXb3TI6fBb0yyCJKqF5kP6fdRP3mAiBLdNGMIry9KR9PWy5FxnW=w300-h225-p-k-no, https://lh3.googleusercontent.com/grass-cs/ANxoTn2pw01A-lCy4GQzChPb1HAVYPiYlHonXiMRkaf2SMQsECfoh6bWXPceVDgkCIkBJk_dv2yGoYfGin7B6xEyqOz7ayfbMrXCux4eX1rQ8NNAOcvfXU65hhWLYuGGt11xgwxrMl2V=w300-h225-p-k-no, https://lh3.googleusercontent.com/grass-cs/ANxoTn38McuGGUBM95x_BDmRJfdMBe4pXM7GjpJv8rq4TtieeDp1-ILRsWvUvJk79ggcvwtI6crPa7bQgcUuJUHxhLYMo8LI_slpC-ChQTeLuSIsGdOBjfQ3rRTL3Jkm3HLMuSY6az-p=w300-h225-p-k-no"
Lorraine Hua,5,2025-11-19,6 個月前,"拉麵好吃調味也非常剛好！
決定要來評論是因為今天吃一吃突然聽到捲毛老闆（應該是店長？）叫員工去關大門因為外面有人抽煙不要讓味道飄進來，不愛煙味的我決定以後公館拉麵只吃你們家！",https://lh3.googleusercontent.com/grass-cs/ANxoTn3ld0dgTja6rRQYOAun2G0wfe3wAQQhJgC6XB8cZqG0szdHvC5H-xPxSEybytN2YA17mScZLqqwsti-PfI7ONvhjQ1XdGvHLQBa91DpfcuSQLQf_J5DBa7lCTBm1SODx4-Np6Wr6aBMqNYx=w600-h450-p-k-no
阿臻,4,2026-02-19,3 個月前,"食物有特色，也好吃，但價位不便宜。
服務的態度不錯，也是附近的名店。","https://lh3.googleusercontent.com/grass-cs/ANxoTn0JAKko5HUsTUQenllr5XAmuyrqWPiQZqnswSt_jOeeX6vI2MB23Pz-K5Ed0iLgLVm7-3c8ktOcmHR0iF69KT5tX0bmGTgO1aaqE2MEjyVWuMjuQ0JzNKvMF2gsda2CQ87e2nA6vY-uOH8=w300-h225-p-k-no, https://lh3.googleusercontent.com/grass-cs/ANxoTn1ebzqI8McqhiY32p9qOvpqgdd9AGeqelh6RGaXzFsJQd4DaqTeZqPg0TQsUJLENW_CLhWQ8u23LgSLKexWYp1Lh5hOYFL6xKGsBc-oI8-_2xCWaw5f5ckecxoLQWxDfa-Ec9owQTH7PlPs=w300-h225-p-k-no, https://lh3.googleusercontent.com/grass-cs/ANxoTn2O02s5zcEsRmRzfDYwIdTfAUdIDm0lpM3tQMBVNozwDwstLoCe8nr_Bw11kiXQEIA0-_gJu8Dv203umAAhqX_tASPPRJBQA2pRn0DHzLCAH2nu5VlFXOM4865XDK2W7q5gGRjEM12EWz0=w300-h225-p-k-no, https://lh3.googleusercontent.com/grass-cs/ANxoTn2ECSTM-PJRhJeSKrCY8QUIdLM7RzbGABsoW0kdB8MfnYP3_5iJ9TkE2A_xLaOt-zwq-q18rH7Wfnx0XxpjB8HzYw5IJCxo7W7yxJPOJQNxWB08degky1RDmXcxCFd41najvnloK70VhmOu=w300-h225-p-k-no"
丸子,5,2025-05-19,1 年前,"來吃隱家，其實算是誤打誤撞吃到這家的 原本打算吃的是另一家，結果大老遠走到現場後 發現沒開門，鐵門緊閉～明明沒說公休，卻沒營業 直接上去給一星負評 天氣好熱 走好遠又遇到沒營業 超氣的。
後來搜尋附近拉麵店有開的，發現隱家很近 又距離後面要去的地方也不遠，就選擇來吃吃看。
進門發現 店裡位置大約20幾個，真的是超大ㄟ～～用餐氣氛也很舒服 不會太過吵雜....整體感覺很棒，進門用機器店餐後 直接入座 不用等真的是太好了(腳超酸)
然後等待的同時，居然有幸遇到台中海鳴的前員工 因為我只要有機會去台中遊玩，都會去吃海鳴的濃厚海老 真的是超頂的蝦湯。
然而 能在台北的拉麵店被認出來，真的很驚喜...XDD 謝謝你認得我。

回到拉麵主題，這次點了『濃厚雞白擔擔』其實在雲林也有號稱擔擔麵的拉麵，這次來台北也來點點看～嘗試一下不同的感覺。
也家點了蔥絲...很特別的小菜 居然不是切蔥而是整根蔥直接上～

太酷了~~麵上來時 發現有配置各種肉～有豬叉燒 舒肥...共有三個種類的肉～太爽了！雖然我會特別注重肉的部分，但發現有超厚叉燒肉 真的太驚艷，以往只有山嵐才看的到的厚叉燒 這裡居然也有，而且是炙燒過 甚至還比較厚...口感當然也是挺推的，不會過彈過軟 咬合感適中，另外也有雞舒肥跟豬叉燒 都是水準內，全部吃完滿足趕快爆表....還有湯跟麵還沒吃，相信吃完肯定是幸福感滿滿。

麵條是ㄧ般細麵，口味沒到很特別 但麵條很好咬，也很好吞嚥～不會咬半天才爛才能吞進去，通常吃到這種都會讓咀嚼肌好累><
然後湯頭的部分因為是擔擔麵，加了不少調味辣油...雖然我選的是小辛...畢竟當天身體有點微恙，暫時不敢吃太辣，不然通常都會直接大辣吃到爽....不過小辛也剛剛好 是可以把湯喝完的程度。

而且也附有糖心蛋，好佛心 前陣子蛋漲價後，就很少有拉麵店有含蛋了，加點又超貴...所幸後來我習慣注重湯跟麵就好。
不過有蛋的店家 真的在內心很加分唷~謝謝隱家。
然後看了碗的構造 雖然看起來不大，但其實光不加麵這樣 一晚就能吃到八分飽...其實也不會過多，很剛好～
有機會會再到隱家 吃吃其他口味的拉麵，辛苦主廚們了 還有可愛的代位小妹～ありがとうございました。 #碗底的感謝讓人感動","https://lh3.googleusercontent.com/grass-cs/ANxoTn3WzWO4dGNIHguW_meI25YnLaKtxWE8lz4fIsUuYmWz9GhNa0JblIRboXhGeegNOMbnFufDRYnRgcjmFRiJcAbWzRjwXnVwHP3830c3O42apOTGk0GjjPZNxVnhyYVtuWnCQE5J=w300-h225-p-k-no, https://lh3.googleusercontent.com/grass-cs/ANxoTn1HCkEOG-4kF4YGfPnry3wgUwkpGhV-rQRj5SBpmYds15HNjGTFDCX_qmgeyPSCwwLo3c0yM9n9or-X9oksPBVTlLr8XwSOgvzgaOnFWLXud8pyIfqSzMFTk7i3YazKs-oNf3v7=w300-h225-p-k-no, https://lh3.googleusercontent.com/grass-cs/ANxoTn1ebvB3Zwykmy0l_e_kwnHUbMELawN1u75jUyBoMEz0u5uY1s--IdijpSLI6bQ5r-yBHY5vjgL2pjDrsZnS6Dg_OjO9pH06BwVornQ8Vt2tabUT0svR38cqUQ-1pLCLmepsDbA=w300-h225-p-k-no, https://lh3.googleusercontent.com/grass-cs/ANxoTn2GYsNHTGpa6xQ2XocdmX_Rec9Lxq-nBBfEg3y4pPhmTqcrxBw0iTG2dJUOGUm0-DWZUUn70Aj3fbqTmlZDpem93FSLSlxalbVF_A5hHL_tLvpGDdx9kbQlHMttoDeZJc4nZ1-vsA=w300-h225-p-k-no"
JASMINE LIN,4,2025-09-19,8 個月前,"週六晚上6：40左右到店
裡面座位上只有幾位在排隊的人
等候時間約10-15分鐘就入座了👍🏻
選擇麵硬 但其實吃起來沒有到很硬
日本味湯濃非常濃郁 一般的湯頭較順口～
還有點TKG飯 整個拌一拌要拌的很徹底很好吃～～一開始沒拌好整口都是美乃滋的味道哈哈 overall不錯の拉麵店🌟","https://lh3.googleusercontent.com/grass-cs/ANxoTn1ft1gQ4wauN5-XqHynPtMiIzGHO4Vi3qH2ZWh1bDH9TEa1Uo97WNL2acuNrjZGRVzvvvQNdh-V_NugZS85ReVMsJedubEASCzb3EwmYHM7gcPhqlg-nw2pRpIxEPg0Vc9sGXCzREac8n3a=w300-h450-p-k-no, https://lh3.googleusercontent.com/grass-cs/ANxoTn3MDpIe5xXOLD6-eGQva51ZqIlWNaRYL72YxT1YOlnEnqEqQVF06Egv9zowHrdrXjYD2PneE28Vq9NBBMqxfFys3QctoWS0BySNBzg9VbKjgb_KL2T8tspBGSWuu1erOGGgDrs7ZN12NApI=w300-h225-p-k-no, https://lh3.googleusercontent.com/grass-cs/ANxoTn0Bwwm6XqMn8XV7VRGtTAmD28CdvVzXUBTSWfNcYQMhFYAp5IBFwzXFrdjD9gxrYD8yG4YwYUebG_HhlphkFosWsVqas4BXZfLLTgJIlUfQih7hA6OiIFFwYYB659-hT-MoL0scdQNwbCY=w300-h225-p-k-no"
eric lin,5,2025-08-19,9 個月前,"平日中午去 小排了一下，看到還有每天限量30碗的 柚香干貝拉麵$280 就點了 。
干貝很鮮甜、雞肉跟叉燒都不錯、但最利害的是湯頭 看起來很清淡 但非常濃郁好喝！","https://lh3.googleusercontent.com/grass-cs/ANxoTn3IctiCpMJIjNwRVvriCgLCQ5esEBPR3bnDsR1UQGXE6Gn1BnF4SlHMrqTO1aj5pX_YkrIIOjerXApx_k2u0b2R4Ko0QmLpmiF9ta2PojIrg2iAe7Fe6BHSjwVta_vU3kgRAsiy8Riezgv5=w300-h225-p-k-no, https://lh3.googleusercontent.com/grass-cs/ANxoTn1eltuYpagh3u27_FszKuVHEve75UAcfIRFn4uWEqw4USH_IgMLgEJvJsEOR4eVRpYoQk1yM4qWM9XABwHUJx-JL-9-7p9AYMAaDMu9cpt5EUCAW1x0xsH3h6WgxpOCn_masOjQHJeKU-Wr=w300-h225-p-k-no, https://lh3.googleusercontent.com/grass-cs/ANxoTn1d9feqH9eVcM6FZ3wrmDiTn1ghoN2zhMSmv-bL8n7E-WYOXgwJxFO-fx7QH6nRWUYx9rc9OIdt0eaZwC0XP_hoWz5tHeAcfHN-jJ86uX5Owksz3iQBt3WDNe3YFREz-71JJfBpjCZw-sDN=w300-h225-p-k-no, https://lh3.googleusercontent.com/grass-cs/ANxoTn2Xv8S7UYGAyEO_jWdk61529I3GKyz1qGZE8dwhXksY_o384UE0ovBTX9OLFdQVxEpyLb5GhnjbisitCXpnmoY_y6zZZeSHeM5mxKQ4NkBfWK1MQd1jnKiMf7v4gD3HxtZq3dDI8lKr1syJ=w300-h225-p-k-no"
林駿汗,5,2025-10-19,7 個月前,"需要排隊，適合平日晚上來吃的好吃拉麵

本日餐點：
醬油豚骨拉麵：沒什麼問題只可惜沒有溏心蛋
溏心蛋：好吃但比較貴一點（要40台幣）
叉燒拼盤：切的比較薄一點 但蠻好吃的","https://lh3.googleusercontent.com/grass-cs/ANxoTn1FJOeD-nrXJqvGtE6D5uhhC492Wr-n4Jantz6EU31DpTvi67BsuM-QM21JDpRXULcWRCTXqZiGWcuOJCbU8QSg-ft7mcRyixEuAHYB8Qocs_-hPpOU83m0knLGRh1HCvNhRH5n6EWLFIVQ=w300-h450-p-k-no, https://lh3.googleusercontent.com/grass-cs/ANxoTn1reF587ys_am6eUZzswVJvKRgaUiD8cb_0-i8RCtgTqYJglpRBBkGaMSt0ks90W3aSe4oqsyDiwikjGZ6F1t8ubtfVpbvMl3DquzPcLDSB67kMVkU0-Ccg0mRQLbkKkLQ8e2iw36-n30TI=w300-h450-p-k-no"
James Kao,5,2026-02-19,3 個月前,"湯頭濃郁，麵條很q , 豬肉與雞肉都好吃，糖心蛋入口及化，好吃！","https://lh3.googleusercontent.com/grass-cs/ANxoTn1F0BCDHA8to_XsizOInDsccQkio8QsU7UfdZJQYJ2ju6k_lbjNPhKWO6FoMq3ePLZKFKBgbkUazhNK7LydHMVP4KI4OFCSpl9TZKXKaea0T_48nHQ5TjUNRrUu2qpVieyQx7udcnGgoa0w=w300-h450-p-k-no, https://lh3.googleusercontent.com/grass-cs/ANxoTn0oCaEql0z-D8Lvi0R5DnOTfIrNzyztfCKZCkholo6gj4MRE2d6Xj6K9ckvacaBn6K5Ip8EBWruu20qiLeaD-cW4ZeyeKK6pBrjQbTpwXftZHCDvUOCl5gf18ANF-jsSIFYW3tu9sYrWXI=w300-h450-p-k-no"
威翔,3,2025-11-19,6 個月前,"柚香干貝
湯好喝 算是沒吃過柚香系列的人可以試試
但那個叉燒太誇張了 小小一片都是筋（？
超級難咬 嘴巴很酸 而且我是每一片都這樣
麵是會隨你的咀嚼會慢慢有麵香出來
但我個人覺得這個味道很膩
蛋+40$ 可以不點 感覺不夠入味","https://lh3.googleusercontent.com/grass-cs/ANxoTn3JpStrJuA3iKWvp6A5OAof-U0yMthXG9zFK1uBX-Z7HLWT5QRmc6696_kvWnPklxCvXKgfE3T7ELakowWiSukqwiwjVNcBD5PgEZIjcdf-28JeJP-OkwfsqFBoASd8oVUaXgKBUGulilg=w300-h450-p-k-no, https://lh3.googleusercontent.com/grass-cs/ANxoTn3j5r3qf5snCntCb4TrnZwOcDrTV37wYqC3Jq2d41ILGrgSVYaPOLtsuvYC-50F3QEe89VH5tOa6g4dO0oe9gTFAVY5gRb7Wxluybh1DdrzmqIHU1qMmPru7uNXNEt1JlD5i4MjHKel3Txi=w300-h450-p-k-no"
梁育銜,5,2025-11-19,6 個月前,"隱家拉麵真的蠻不錯的！
湯頭很香濃，豚骨拉麵喝起來很順口，叉燒又厚又軟，超滿足。麵條有彈性，可以自己選粗細，吃起來剛剛好。
店裡空間坐起來舒服，人多的時候可能要等一下，整體來說，味道、份量和用餐氛圍都不錯，下次還會想再來！",https://lh3.googleusercontent.com/grass-cs/ANxoTn0IkzV1c_umgMVsUVkVLO8uL6f0lyDO2Yk_v1_vXMEtjocKSdgYXCF0lBoydyfIYlplw9k0eaa1vwKc9B8Cc5PtXIfyVh4M1X3ZssAcPNh_ADlDVKWtsaKgJTDWd0SqK5DFeeYL4Hht_a4=w600-h450-p-k-no
Cloud WU,5,2025-09-19,8 個月前,隱家拉麵，每次經過都大排長龍，趁11:30一開門來。點了辛豚骨拉麵。粗麵。不論湯汁麵體叉燒肉都十分美味。下次想來嘗試他們的擔擔麵。,"https://lh3.googleusercontent.com/grass-cs/ANxoTn3UTlJR25GhiV8oCID_eCL-sLWFHY_ZJQXGVdeq6FQhNbtSjq2FZr9sxtdxIFlvlsdQvSrueqw4r32idcN5udIa6hX4EZL7VWyhNW7pVkPPUz3mhyboVR0XETZmRaKJVufRl5RlXtImbqVD=w300-h450-p-k-no, https://lh3.googleusercontent.com/grass-cs/ANxoTn1_4EpTntde5MtmOP0bFXlJzhJ93diuTM1JhnPrmTaeSCxeDaYpcZer6BuA9qOY7-lrLu_oC3Ykt8GP0010_ySEAftS4AOdFd_VSdGZMfZ0tfVS5xUSDb6KGxZb-d_aEAr7Cvwvsib4QoOm=w300-h225-p-k-no, https://lh3.googleusercontent.com/grass-cs/ANxoTn1U0bE9y-KJhTEzUpeCyigx_yNNz8tl33lJl8xouKM3RQm--LTvwpebsi41ASaL-o8z1lQRpl03t2WdMGfniQ0_cXZAbAD47YgOEuUTj0qAXvDEoE5_SzgJPrN3p4bi8LSdXzJQFR4BGmKl=w300-h225-p-k-no"
Howard Wu,2,2025-08-19,9 個月前,"生意大不如前了，以往排隊還能排到汀州路，今天六點這個黃金時段甚至不用排就能吃到。

雞湯變油很多，雞本身的味道反而少到嚐不到；碗盤很髒，沒有洗乾淨；其他拉麵的料還沾到碗裡。隱家也終於回不去了嗎。","https://lh3.googleusercontent.com/grass-cs/ANxoTn2P5N5AmRgUWZQMuwZqWTtGPHq73DB19NTgsM1dV2GZGL6Fw0ElYU3ZxUwlN7aiZVlprCwlid0tkMnIhl4kVVrnA7R3NjdtSOgEvLXox93Zql8SDH2tYLXKkG6CoqflW897jGM5uYVltc1t=w300-h450-p-k-no, https://lh3.googleusercontent.com/grass-cs/ANxoTn3b7LxjAdelJOKTiusRZpmOpu0sxk9ZpTt6vS6CRWjjADWvZ4Q2Kp46rnn-SlL9s2NzbhFrt9EiwYXb0lHJx2KQ74vejcHw7ar2GIncA9WnDIKkBSbAiUItQ7Oew1Jtqc-A9qZxYvGQxJXt=w300-h450-p-k-no"
WanTing Lee,5,2025-05-19,1 年前,"自己每次都跟失憶一樣，要再問一次：中捲麵較Q/粗麵：較硬，有嚼勁. 所以我們今天兩位都點了粗麵，很喜歡！

辛豚骨拉麵、濃厚海老沾麵 口味濃郁香醇都很棒！
沾麵的湯比較容易冷掉 所以可以加熱也可以加湯超貼心～
TKG飯，基本上就是白飯上鋪滿肉燥加柴魚及美乃滋炙燒的香氣十足，再打上一顆半熟溫泉蛋，可惜下方白飯黏軟，不是我們的菜。
但會為了沾麵及拉麵再訪👍","https://lh3.googleusercontent.com/grass-cs/ANxoTn39XCtWPCoI2Ejh3JTRQf4FeLb4MweKfMzVBhL9fJB8MjVlDANtlvq03gSZAyrLHClK93ER1OmVmFI7TBR4uUHduFe1uKjSrvGzY4vyDCZFp0vrtJ1sR5PKbcdQOUWjAD9_dBvz=w300-h450-p-k-no, https://lh3.googleusercontent.com/grass-cs/ANxoTn2gU61eK3QwtQiBJKPpyaoVe3K5pwgmu5VpClrws4E-ZlK3hDFto7DiqCksuZ4s8Gd1p2gyNloraCLh6fPBbeuy6NwRL_--KfcKiqQDv5UHv4AQTE_RI7-oTx06Z6dBcbcB1okJNA=w300-h450-p-k-no"
李英慈,5,2025-07-19,10 個月前,慕名已久，難得這次不用等太久就有位置，自助投幣機點餐，這次點特別一點的口味。蝦湯頭蠻濃郁的，麵條也Q彈，溏心蛋有水準，整體而言，味道都在水準之上，價位也不算貴，值得再訪！,"https://lh3.googleusercontent.com/grass-cs/ANxoTn1A_Mhg9KfTtEZprGjBhYVLYNOhjsnZBKxEV9mWy32d415mDUGdg9pwDm3axIXuz6a-ih7_92KCVoTBzihgraEexxbWSMFYi8vHZlWoAWvDk2bI2nVU_2NaChQW2v3YsVqlbwaFwG-sumDX=w300-h225-p-k-no, https://lh3.googleusercontent.com/grass-cs/ANxoTn3n0Yd14qCmGGXB-tQUvSvK34nououAEZ_a2m6fP68deJ1EQJhbyTBAZW2JCoFyTRn3Ef9hBJ2Qrl3oqcIwlrcvTAaGYKG5Bglgcwg_mJdoTT4PNdtmWnJXT9OHAjYvK7W0zOl_bz9Bz7S2=w300-h225-p-k-no, https://lh3.googleusercontent.com/grass-cs/ANxoTn1tq5pEutMM-p98-WBefyh0kEA9zRFU3EPIw19ok0j3uhFtia0kKgxA93qKfeWE5stICXr3HKPphaLSJYhBM9VPZ_vgx_euUbxo0eVL3xEqrT4pX6UCTiaimyOUbL02q43jXP5WwAJnnEWj=w300-h225-p-k-no, https://lh3.googleusercontent.com/grass-cs/ANxoTn0mUdehyZuA2xS9cAzsTDHFAMa-77XjK9YkjMQlPDhCIHPS4JycrDk0zeyqiohp2rH7Sh89-SVlULNhhSBsKGb9FKax8vRMeTLD5euLwlwYy4olbjS6_WtyS3FcGR43jSptw4FsmBypHSR5=w300-h225-p-k-no"
張阿政,5,2025-08-19,9 個月前,"人都很客氣。協助候位，操作點餐機，帶位，甚至要離開時會詢問有沒有吃飽。（沒試過說沒吃飽會發生什麼事）
餐點是日式的（是偏鹹的），點餐機可以調濃淡和麵量與種類客製。
裝潢也都和日本當地拉麵店一樣吧台式的並且有附冰開水自用。","https://lh3.googleusercontent.com/grass-cs/ANxoTn0Dv_9CLa_GoQ0W9LfXAbfD8bgoj9FeHNLPkwKZn8bqQ1ymzBbbxdEtIXxlUQcGjchIXexM1nIKPqaXsJdzKIt0Qs6Az6yti0lcCY-jMuenPyJ7K1BtCdcuSESGxWTGOtmnoh-rE3r3YANZ=w300-h450-p-k-no, https://lh3.googleusercontent.com/grass-cs/ANxoTn2R78LGTf87U56XWzPxlneVZnbgLO7SztvHOtbuo_1MFESSGHvSTihcCVkLXOn20-IN6Q6KEA5eETNqiv03pybCHoIFQuE7tUQLXOsKJ5ZFzxNZe0ZCuYO5_3mL8RH7R7LrprgUzvlFjqTI=w300-h225-p-k-no, https://lh3.googleusercontent.com/grass-cs/ANxoTn2XCsSImgSkukZSZfRRsxTFWr4xIgLawRhMGElsOjyT39L0GfzScJdjkdzWzzmCsB5fBr04F6Dh49c34SDnyqOt4Za-6mAMXoV-ncwT14OhG64nNNupHewmtQWNq1jzsZzKgc3FgV3iSV5O=w300-h225-p-k-no"
geranium Chen,5,2025-05-19,1 年前,小小的店充滿日本風情，平日晚上也是滿座狀態，但還好沒有等很久，我們點了雞叉燒沾麵和雞白湯擔擔拉麵，並多點了溏心蛋和干貝，爲拉麵增添華麗感，每個品項都很驚艷，拉麵湯濃郁卻不會太鹹，麵條軟硬適中，雞肉叉燒切得夠厚，但質地幼嫩，超讚！,"https://lh3.googleusercontent.com/grass-cs/ANxoTn0GsnWdGyIq8YuS3MP8hvKzu15pChKIjBBxJKNfG2zXwa_MBcKRLezkLC-DijAjCeoDfOeBfxKEFMpEJ2bcBRT3x0HM-fRdlR5rXXLreM31YDEUdN8_MxYW-BRI4toIy26omEjd7g=w300-h225-p-k-no, https://lh3.googleusercontent.com/grass-cs/ANxoTn3wNA3Dxv-dsn83coN8V1BDQX6k4c7fTmbxyuCre3Vnq_5kfHzvn1f0R5OPrT1ld08TCeEyMKCZ4eGwrBZN8J_mLGkbO_Dlc8naKyNixG2zKFgzrBi1_3Mdf5rBpi5l_3LE3Bzn=w300-h225-p-k-no, https://lh3.googleusercontent.com/grass-cs/ANxoTn0UdDzpPgWnO6UGekCaRWhnOpfSNX4As71DL5mafq5TX2p_xRgSJBXHXKeLe3ujBEs3RcIRQagAfSeVs6YIEG4PwehEBbOw6q8CWqQjUwlxz52-iilYO9XiCgwKTwXIi20yB8CfhQ=w300-h225-p-k-no, https://lh3.googleusercontent.com/grass-cs/ANxoTn15sIlNG29J0geRiHt5WiI55s7Q3LMJXnWVfeqzcxHZ4am2KRx6p0PARu_jzbgiFjuSQNnCmLKhRySjNpVr41rg3FmpiUkpTISXPfFFTK0RaDjOYvbhtgbIzVEUi-bghwk_CVnF=w300-h225-p-k-no"
Jennifer,1,2026-01-19,4 個月前,麵量少又貴（260元），高湯味道及用料普通，雞肉軟趴趴，不值得這個價格！此外，中午快兩點用餐，店內明明一堆空位，卻硬要把進門客人集中管理似的，大家肩靠肩坐在一起（吧台前，而且還在客人前方正面用瓦斯槍烤肉，當著面煙燻四起），這一切帶位法都只是為了方便他看管客人？我們想要移一下座位，想要可以舒適一點也不行，還被店員高分貝訊問座位有什麼問題嗎？實在是讓人觀感不佳。當下我們趕緊吃了十五分鐘就閃人，大大失去原本想好好吃頓午飯的心情。最後就是沒有給發票！機器上按了半天是按假的嗎？結論是不推薦，整體表現不值帳單上的價錢。,
Mickey Xu,5,2025-05-19,1 年前,"叉燒拼盤記得加購呀！
干貝鮮嫩多汁
黃金雞湯拉麵🍜
我超❤️，濃郁又順口的湯頭，真是讓人忍不住的一直喝，加了蒜泥可以晉升為蒜頭雞湯，很棒唷！
不會太鹹也不會沒味道，很對我的口味
拼盤的肉都蠻嫩的，好吃
麵條可以選擇
大小碗也可以選
口味也是，蠻不錯的
桌上有冰開水、七味粉、蒜泥可以自由搭配
雖然位置小小的，但蠻多座位
等候時，店員會熱情的招呼
也會告知可以使用機器點餐
還會來詢問是否需要協助？
用餐完畢也都會詢問客人，今日餐點還滿意嗎？
很用心的店家👍","https://lh3.googleusercontent.com/grass-cs/ANxoTn3rZ4rNTT6mwYw-3XDDrT84_iLY4aMy3WyAJ7V6TsJ3nRrKXZ717t-H-_K03KmXzpKVC2rrUoWqV4E2Tg7T0nHXk-xFILZzXdhYbPCpVTUBwkpNURdgavvRqr2B4CfyDIVwXJgd=w300-h225-p-k-no, https://lh3.googleusercontent.com/grass-cs/ANxoTn2H8GnH0z94RK9zbVwiWZ0IcwnascmhrbnKvqb4SX3Q_9AcfsxhRzRSsrHgGWhPg-6zJMeZyyDSUlYRqvBS5cU0-ivL3rOmxdD-X5TrLKhy7o9af_uL23kOcQtJKEUDSMraytig=w300-h225-p-k-no, https://lh3.googleusercontent.com/grass-cs/ANxoTn3ja3c2V0ArlAtZ0oF5GYye9nSM1LjSmJKxidmmaP-BguhZ3efRBimNrjAV_VrS6Bn1MqzjRQki7J_y1bCeMYuFNBO09pzt3oQGnEZR8ZgtT7xkfbzspS0cpJMOih1xiUofbiM4oQ=w300-h225-p-k-no, https://lh3.googleusercontent.com/grass-cs/ANxoTn1r6a1EUrEMDL4pXD_-alVDF868zFGFdTyxnj5RlpUW-XACPFXJW9Up3q3LWk300ckNhQcl_dfiVH4x0WCw09aAsqquYh9cy1TVXp2IZLhYHBifo3-87s4BbbypjwIsKqLHs6cQ=w300-h225-p-k-no"
賴俐伶,5,2025-11-19,6 個月前,"G湯拉麵🍜好吃大推薦👍👍👍👍👍
員工氣氛👍👍👍👍👍
整體分數給過高分評價推👍","https://lh3.googleusercontent.com/grass-cs/ANxoTn2sKa_0byC-eFhNZIxn5uLi3Og-nSOza4V3I_pXc4MfN67DqqERMLeYoG77lJLsduMgvrYpxzH0fLKNq7RC5FIXcy5gw4jkce7CzS8heL-XQUuanY5VLw_N28CSpgcOsW8nsYDgqeJ7SG8=w300-h225-p-k-no, https://lh3.googleusercontent.com/grass-cs/ANxoTn1gw7OBYLV6yM3HG1kt7G_qbfXrithQKw0WbVp8SFF18hlTknl5ArePYWjrYJkZJFDBnK1Ra7e_jksQrlKJiDm8QHWJEqzde2UBDrrG0rs78u4mO0iuPW0LcXt6tWrJVTLqm1kTehuYVcvd=w300-h225-p-k-no, https://lh3.googleusercontent.com/grass-cs/ANxoTn1ISsJoZRqRbwlGkprUOKsxN0tMtpZQXE_-uEa_wJXkHVFInm6d3-SRzBZwPxdUQHRIFzx1uGq_73wcqk9ytU8_57c417wDAVxxQJtvxhEkm3wbylCUVL6s1_DoVf5cFeit1dGqmiH4WW4U=w300-h225-p-k-no, https://lh3.googleusercontent.com/grass-cs/ANxoTn3fhM07qPxA8niub-5rj7xuAEun6QkTMArKb7DZkzhGgD04-nlF-R-t8PWIGHj_qRB9C5SE72lnFP_M7je1s1EWEOLCTimKgkTs-SKBeQMiwJwnk_tQ5s2UIZi85nv54h1n6zCCm-bzFHSc=w300-h225-p-k-no"
Hasa,4,2025-12-19,上次編輯：5 個月前,"每次來這最常點辛豚骨拉麵，覺得整體與辣度的搭配不錯🌟，不會覺得有那裡特別突兀，旁變的小碎肉伴著湯頭一起吃入也蠻讚的

☑️這品項可以調整選項如下 (順便偷懶註記我的選擇)
麵種：✅粗麵 or 中捲麵
麵硬：✅硬 or 正常 or 軟
份量：正常(120g)、中(180g, +$10)、✅大(240g, +$20)、特大 (360g, +$40)
湯頭：淡 or 正常 or ✅日本味(濃)
辣🌶️：小、✅中、大
要蔥：不要 or 要
☑️至少要點到大碗(+20)才會有那個好吃&爽感，上次誤點到正常(120g) 導致少了爽感，甚至還覺得不好吃😅 拉麵的份量也是會影響到好吃程度的
☑️想吃溏心蛋(+$40)的要記得加點，預設是沒加喔~","https://lh3.googleusercontent.com/grass-cs/ANxoTn1OP4MA6QSVL_gXyUwz4X75niSDOrSYJj6sn_lQE4fQIm2LcIfJYnegRM2Mpbtg4tqI5KRH9LWImabSXDAinLX7T-6QqT8D5J-b5rn9HZK_UxPB3_Q58uJwh78_lffC7wa2H5c=w300-h225-p-k-no, https://lh3.googleusercontent.com/grass-cs/ANxoTn2a37qyqiOBTB3sT0Ewydnmv63-cBzQd-K3Xj8VJPTHyQy4gyz8vAOYu5EtJMaztsLuW_VnQwpYYHYPsoRNQ2o0U6fnoA7JIIzuFSGWG9UeRCNP87jRCM732EpnP8x5VGFGKXYOdg=w300-h225-p-k-no, https://lh3.googleusercontent.com/grass-cs/ANxoTn2pWbvFHW2qpqirb38AjAkys_xxg-fpvHLjGZF5xmWE-ytlSgwqLQnIEBBC1Hf8tC8NlxUE77xY6C4Qh94GN3jdW9Idw-ZtDkJqcz2k6qe8xPrfmP8JuNLQLRsaJGMTIRDNWg=w300-h225-p-k-no, https://lh3.googleusercontent.com/grass-cs/ANxoTn2mR4UaI_fqMeHP6-MG9OPf81YWWbi8CkzK8yMInROR9vA1fCzBAYKWkRneQEpYKB9TqcwE6ueORrABT-2wDySTZs7Dlm-RwPlk9Y4_BWyRvtrkwu8byFVillJN8NAndG2_6qa_qg=w300-h225-p-k-no"
Samuel Chou,5,2025-05-19,1 年前,"令人驚艷的美味！僅收取現金。

🍜濃厚雞白擔擔麵：雞白湯底加入些許紅油、洋蔥，風味濃郁卻不嗆口，溫厚濃醇，美味！從第一口到碗底都很滿足。加入的辣絞肉有肉汁與香味，搭配麵體一起拌勻享用、非常涮嘴。這可能是只有在隱家才吃得到的罕見風味。
🍜辛豚骨拉麵：豚骨湯頭加上一球辣肉燥，非常地鹹香來勁。辣度可以依照喜好調整。
🍖叉燒：調味清淡，但是搭配濃厚湯底恰好。肉質軟嫩不膩口，厚度適中，與湯底琴瑟和鳴、相得益彰。
🥚溏心蛋：中規中矩，調味尚可，蛋黃體偏向凝固。在拉麵中存在感較薄弱。
🥡麵體：有細麵、中卷麵、粗麵可選擇，硬度也可調整。我是點細麵，硬度適中、熟度均勻，不沾黏。
🧂調味料：七味粉（辣粉？）跟蒜泥。拉麵本身風味足夠，所以沒有特別嘗試。
🍚TKG飯：鹹香的叉燒塊淋上美乃滋，還放了一顆溫泉蛋！怎麼可以如此誘人。看朋友迅速扒光就可知道美味程度了。

環境整潔舒適，有日系風味。店員服務溫和有禮，會主動補水相當讚。
假日中午排隊速度比想像中還要快（<10分鐘），店員們動作俐落且專業。

用餐體驗相當良好，是會讓人想回訪的店家。無怪乎常常見到門前有人排隊，厲害！","https://lh3.googleusercontent.com/grass-cs/ANxoTn0cn5P6tT6ljDSyCjpjMypbb6XbUOJlVE1JLQGJhiW7Rqmuobt7Qnid7JNt8UfURjfnne-_RB6QgIAcC-DO0Frpq0GWzs-QTC01UD9Ip80RUyEXI_deqf0BsbtAwKSWjeQcORPq=w300-h450-p-k-no, https://lh3.googleusercontent.com/grass-cs/ANxoTn3g_vqsJlMA-vlTxhOaVOxCZ_oOZDkLoK4btAb0yuAdopAEmSEGWMmQ8ZFTE9P0tkgJMF7Uv0rqfBjgrNGysa9ScBVEt46IMqrneh1Y6mkYV8mpzZr_mHoPJ-MdsYjrr8Z_ZoA=w300-h225-p-k-no, https://lh3.googleusercontent.com/grass-cs/ANxoTn3AeRJk3VrwgcVfWpYtDqc-IApyI8L3fCkOTfNL2bUVLrI_nBOm-r_GiJdgyPy2jfJ8Sy3VeDHq0RiAqS7rJ2hGNEy6zu6SRbilq-3-ivdNlUncraHx7nljt7xtEU-37JiVhSuqGQ=w300-h225-p-k-no"
bakeli hsiao,5,2024-05-19,2 年前,"隱家拉麵給人留下了非常驚艷的印象。他們的濃厚雞白擔擔麵令人讚嘆不已。這款拉麵湯頭濃郁濃厚，帶有豐富的雞白湯味道，配上適中的辣度和香料，讓人回味無窮，每一口都充滿了層次感和風味。

除了擔擔麵，隱家拉麵的辛豚骨拉麵也非常出色。這款拉麵的口感非常豐富，豚骨湯頭濃郁而不膩，辛味和豬肉的香氣相得益彰，吃起來非常過癮。配料的搭配也很用心，讓整碗拉麵更加美味可口。

除了拉麵本身的品質，隱家拉麵的服務也很值得稱讚。工作人員親切熱情，用心服務，讓食客感受到賓至如歸的舒適感。

總的來說，隱家拉麵是一家給人留下深刻印象的拉麵店。他們的濃厚雞白擔擔麵和辛豚骨拉麵都是絕佳的選擇，湯頭濃郁、口感豐富，讓人愛不釋手。如果你是拉麵愛好者，一定要來試試隱家拉麵，保證讓你驚艷不已。","https://lh3.googleusercontent.com/grass-cs/ANxoTn3w8C0LD-m0ZOqGLdudIuxRxTfttJvz5TaUrxPyA1RQFUfhGdrmwbc7S23FYzfyR-yCXAPvghY3VuEIHi8pWHk39-_MAWa1AAK-xj17Azn_roVxyN1sTDx7khFhhwWn8KDLqmNk5Q=w300-h225-p-k-no, https://lh3.googleusercontent.com/grass-cs/ANxoTn34KzGTR2H7PM9lS7NsM_6EamnJfpKtWL-_Xx3b3eYq0emX_qOJyHQk5XYJoCrOD5Gs_QG_pXHUeJ5flD7GCqV-lvsBFTEXOhWT8Louw8Y70qrymM4PIbCAfIvacKRKdjZgsRFR=w300-h225-p-k-no, https://lh3.googleusercontent.com/grass-cs/ANxoTn0z4w2P3Dh45Dau6gvSkwt3jsjWNyezxAbF4SOtBrTDGdD4vArm8ho3Ta1KwQGjxSrBXRtlqrMYd3ggsJKVQVGXlJ1mgdJNJgMU1lLPsSUL_NmcDciw19A82Fcd9BBEHidYAJipsg=w300-h225-p-k-no, https://lh3.googleusercontent.com/grass-cs/ANxoTn0cDdq-6U8nVg2Nf40o9ROzeLEcTiQWP-nCPca53Tml47Gyt1LHn8pdtUNUdyxS3vtX88qr0MbXzrpSH34Dm6Pn4Lpp2sp0ZeEtRgnQGr4uPvXQGlt_Uq5Uw1-JEtBEVmSgM-E2=w300-h225-p-k-no"
Amy,5,2025-09-19,8 個月前,"雞湯拉麵讚讚讚👍🏻
招待的服務人員的熱情也是讚讚讚👍🏻
之前就吃過幾次了 一樣好吃！
叉燒飯不太一樣不過也很好吃喔😆👍🏻 …","https://lh3.googleusercontent.com/grass-cs/ANxoTn2vjWVuWpoKS9dgaBGZjLhapA0HJ5aGwr5CL8iltHiTAPnXNJaT8KPF-poh1zb0T9v0u993cYBKPCFyb583-aiNQD4YvC3zJ5oh9Z4AYa7sOwpGBXvBWMXS_v6suuaYA8XZOPpUaswsDdJM=w300-h450-p-k-no, https://lh3.googleusercontent.com/grass-cs/ANxoTn2YEgfPyOAoCmzbmiuBoctGQqgeMR-9eDRce34XoXb-OkEIL9_o-Iqr8IS9-SpWZYg0sS1ts6YjGSgFkfd9xZZyqoiUtCz-V1NRsX6danZ_vL1HcYW_8ZBfakQ2x3Wv3NA70lYmSoOzUNaO=w300-h450-p-k-no"
派大星,5,2025-12-19,5 個月前,"湯頭清爽無負擔
麵也非常優秀
飯蠻鹹的重鹹的可以點來吃吃看","https://lh3.googleusercontent.com/grass-cs/ANxoTn1vBXVsz3kBNWFyqRBHFPydbCVil8EMkk5G5DXWJX5yFFIT6V2Gl7Yryl1h5FV3gD_92_EMAYHm8x_4NJMDg4D8-YVvy8OxN5lfVzXEDr8Lg1RGLrH5LAyzfJ0Ap89HL7i5Kw-hc0HAFHw=w300-h450-p-k-no, https://lh3.googleusercontent.com/grass-cs/ANxoTn0F2GVH5rp3eit1zi09wDmDlR7rxAGiuRAZ4Z64i861g9oN25by5pW6cbHhbDS-VS-vyBmbF7MhIia9eQoEkCtWbsAcajSkSvY_WrPhNcEEYjyIjBbwc3DJERztJoZ21De8hm0AcqpA-6p_=w300-h450-p-k-no"
CHING LIN CHEN,5,2025-09-19,8 個月前,"吧檯只有幾個位子 不過翻桌率算高 所以等候的時間可以接受
拉麵很特別 大拇指的啦～",https://lh3.googleusercontent.com/grass-cs/ANxoTn2RRQu6A32_9i7u7weTebUgfX0u_cJHJYqnhWyCZ_sh1rPpLNVxbGsjteWXBAk5VrLKNFXSG3kUwZRfPjbn4YT9AaqBIsFvha4Hwp2Si2kS8rR_9D9QjgS8rutepD9wMeLqJQtcjc4P1wej=w600-h450-p-k-no
han,3,2023-05-19,3 年前,"麵條可以選硬度，選擇硬麵，還是覺得麵太軟。
配料的部分，個人覺得只有叉燒好吃，其他的肉就覺得很普通。
湯頭是真的很好喝，真的像日本味道，夠鹹夠濃厚！！讚（事後可以調整湯頭濃淡很棒）
有一點值得稱讚的是，服務員態度都超好，還有可以選擇麵的份量。
但是，對我個人來講是一次店，如果沒有排隊，有經過的話也許會進去用餐，就不會特地過來用餐。","https://lh3.googleusercontent.com/grass-cs/ANxoTn1KBYp4caYas9048rZb70uuwzoABO_Vr0Ur2KlBWlgdIZEV5vwvisIsB5Xps3LOOKFjr3fWdBevSEbOxVfePqp0dM19zMFlhrfdW33-3oAmtACN_R6JfR7Rfht_vnq-Y-2Nk_TV=w300-h225-p-k-no, https://lh3.googleusercontent.com/grass-cs/ANxoTn2Xizhy1URXiEhCzBrfEr4_6zQf8m79fuYAqTb1aq-8vUjoyqZnLqiSh0PUJQqCBvxpkj2mhAldAut8h6IC2ZAZ5SHleCLt6CfNvUUA0cY_LqFzDAUer--8VfY8viS3bex3_YqyPA=w300-h225-p-k-no, https://lh3.googleusercontent.com/grass-cs/ANxoTn0-CZySPezayennR84OfmZWbIVr2G1agBrLGlFzgTPdAWqP70Ti3tpTUjXgpi5UUHXx5QpKAW9PFnzH_b-A-lJRf4yYQkK2LJgR5pNUH4R1p2yrXyA9_rqhP_VxNgfAwZubzdQ=w300-h225-p-k-no, https://lh3.googleusercontent.com/grass-cs/ANxoTn0odGaimRH06RWAa4BJFbY-ak-0egIkLvyWdo-k_lPMaUA2vhXWSrRIZT87BIDZ0SnQWJSUBQsoAndiHEk9_FF4yTCV7j8lJrYjoTCwdMppTHWp0emjFXowr0gVwpd01zBBEegQHA=w300-h225-p-k-no"
楊傑麟,5,2023-05-19,上次編輯：3 年前,點了辛豚骨拉麵中捲麵硬麵小辛，優點：1.正常濃度湯頭濃順好喝；2.辣肉燥拌開再喝一口，不辣，喉頭多了一點刺激感和香氣；3.店員會主動詢問是否太鹹要加湯，畢竟是要沖淡鹹度的，所以加湯的話是加清高湯；4.加點的豬叉燒偏肥香嫩好吃；5.原本碗中的炙燒雞腿肉厚度不錯應該有0.7～1公分；6.點餐的時候可以選擇麵量是否加大；7.內場.店員收完客人的餐碗都有沖手；8.有冰水可以喝。缺點：1.沒細麵；2.點餐時就要決定麵量是否加大，無法在吃的時候決定，第一次吃的人會有點猶豫；3.沒另外加點的話只有配一片炙燒雞腿肉；4.沒溏心蛋；5.炙燒雞腿肉冷掉香氣不足；5.收完餐碗如果是洗手或是再酒精消毒會更好。最推薦的座位：9號和10號，因為就在面前炙燒雞腿肉，很香。,"https://lh3.googleusercontent.com/grass-cs/ANxoTn3ry6thBLaij3jpWUUnYW8dUrBBwTXm7HYToOvM5RuEs9HFFJ4uGpkAnTKl44AC0-rY8Z9YNQ5vkD-Cv5FMbZ5q1i_EYQ9Z_3yR7Zs0PjOcq37WGOoDxsaFpp4b61MCCztFuKrzEw=w300-h225-p-k-no, https://lh3.googleusercontent.com/grass-cs/ANxoTn0exvkBnV66KUT9BYWckvbw0ywvK5lL1bFfRht5riZ6QP-p9mLwXRYvEXOfTUifgMUJy-xhgbrs8A20bt38qwA-W97S8K0FATrCqYaM-_RgwKj_UsVHYA9AasI2kc5smjnsL_5R=w300-h225-p-k-no, https://lh3.googleusercontent.com/grass-cs/ANxoTn1olr9GUub-Snh1QCzsY4T8FD0eMCyWnT15s9wmuPDOSGp2U_Fr_LagGrQ2tsabjSaTa-QN8ETBWnceU8cX2fC3YPMqVLKPfdH_zouu4m4o1IXQyM_eMCoI-rtDimtBvI9ae2p5Kw=w300-h225-p-k-no, https://lh3.googleusercontent.com/grass-cs/ANxoTn1Laq8mFknVG4j2HEzRezeBr51FIDDQeWEzkKjbfqYxfSuWrpv2pF0PyDaz4QjJckVvMEUXEvgkfV-DTD-eDBjzd3V5nF8ElVJK2hdom8engb3pzQUSMFp910aD5HPl2fXpoNVI=w300-h225-p-k-no"
黃鐙鋒,5,2025-05-19,1 年前,大家都說內行看門道，在隱家可以看到從開門到領位上坐.點餐.上餐前在次視覺享受看著團隊默契十足認真對待工作。這碗麵就不需要在諂媚的去介紹了。,"https://lh3.googleusercontent.com/grass-cs/ANxoTn2IdpKoFl2B_BVAlHGTRGcDstqO7s6AYF7taFPSfzW9aDE2Ls3oKpXVl8Q6vjohwY15psq1HrhW-NM99wt87YMRZQxd-VJ_lYg732bdb8PGC2GYivr24yHu0rTTf9EdK4GE9Pm1=w300-h225-p-k-no, https://lh3.googleusercontent.com/grass-cs/ANxoTn2eWC67DyOYHfv_Ds01p_fB8GcxhsZbr6HuIw7xgg9Hg7QpjLVAOUXu7zenamdb4zP5jt5WNjQBNsiMXHTS2zZHuVc4BFlSJ52K4ZT5hwdOIALWn17Gp82BdXp-Kl8pI1Betmi-=w300-h225-p-k-no, https://lh3.googleusercontent.com/grass-cs/ANxoTn0S_buUreZGm1Tg4BdWNCZuS4KY0QCAQxDTi0lGIGcDFQRQkLYuY6v-pOdIsbvspeklABbZOIc-GNxKNt7tyqnMAoAvzgDqAY8GF2mhDWKBLClPpBZN8Wg18d9BERb9q3XsYWCj=w300-h225-p-k-no, https://lh3.googleusercontent.com/grass-cs/ANxoTn1_4McfTHlV488vXVAjbRFI1f_8CDhHiiUZQIVG7-WEKtwuEU63CEfG8Bnw1dTsED2A1wUD83UqVpXMMXZjkWdOJR71LUz-oBii5kub8ludw87NJCPf3AIDa5qIZMjPOhYOPxRQ=w300-h225-p-k-no"
Wen Huang,4,2023-05-19,3 年前,"販賣機自助點餐
需排隊但翻桌快不會等太久，候位的時候餐點就開始製作，幾乎就位剛好就上餐👍

今日用餐：
🔺濃厚海老沾麵 $280(大碗240g)
🔺濃厚雞白擔擔麵$260(中180g)
🔺柚香干貝拉麵$270(中180g)

綜合三人評價：
湯頭該濃郁、該清淡的程度都剛好，麵條的硬度夠！算有嚼勁。
店內環境、音樂、氣氛營造不錯，服務親近有態度，不會有職業倦怠的感覺。

吃完還是覺得跟過往吃過的拉麵比起來稍微普通，但感受得到用心值得嘗試！","https://lh3.googleusercontent.com/grass-cs/ANxoTn0ZfHsP_0k03_Hfaxnnn3rYCHo1CiS2BHksMu0rMzvD416ILD0tBIYG4OTGvaB3xT6lKoL3BMOR25ter_QztaZlxsPZSRTM3YVnDQp_Bs8nF3F_qx2g92wmmApp_WcZeMdOqTA7jQ=w300-h225-p-k-no, https://lh3.googleusercontent.com/grass-cs/ANxoTn3LcrtOmkmXMiiPsquX_Cp-1BqtZKFLFkRy17Nb8SY6rU1MfIKuDsRXBBeQvnfblgiWH_CDilP2pAud0u3qFJSA4U5QVrVNrHJzjQgX-zsuaHqsEStrIpwvZo6DFd2jCl_Hxf3J=w300-h225-p-k-no, https://lh3.googleusercontent.com/grass-cs/ANxoTn3kCbYDmGZZlJh6gQAJyHkU01GNj51rc5bM_Z7CDmahNAM_75n3Vjwr3s7o4RYULZnGRcNlsdP3YwXq2d65ozpqGG1IG1eLQpmTkZN8MsHFoCyGhDwCFXxHOd_okUsyX5b3antCYg=w300-h225-p-k-no, https://lh3.googleusercontent.com/grass-cs/ANxoTn34FGDKPuHyJvOfc9-i2H2TTYdRJMRyEt4Phryo504NEF_JO_sHbLHQqYkE_TJF9f7G29X4FsUecKJ6Vr8MIg3aboi_05PqFcHNJsIETuz-OhZLDp66E1O5lt0ftjSF2CFvO49x=w300-h225-p-k-no"
Grace Chang,5,2025-07-19,10 個月前,入座有現場人員有序安排，周一晚上7點，等待時間約20分鐘，點了醬油豚骨拉麵跟TKG飯，味道都很濃郁！,"https://lh3.googleusercontent.com/grass-cs/ANxoTn0yeBKiiYF00n3Qb6bNV7XeyZZbmcnkcYk7Pa9deIzEqNrWcnf3D50nn2LuRXTo18HdDj5Y3gkd4ORfe3wFi60xQz08jdBRpKYW7MV4A8Jw6NolJlrQZOgyM607M-YBJ5eRsOowXkWjHQrX=w300-h225-p-k-no, https://lh3.googleusercontent.com/grass-cs/ANxoTn3o1MfcrbUB4ikUMtt-Rt0YhQ6N25UBflvlbOJ-IFjlcb3_cAd0Jx6fbFCc2W0tBEtSuzQ-HAgXlojDgKsdVQvuTeHxzxg_pdDqfVciajNmARZJWroBwu0WjWkiobp9HJmTU9jFwOa6yyU3=w300-h225-p-k-no, https://lh3.googleusercontent.com/grass-cs/ANxoTn0kaUIG9et3RmqQ8r4bP9gA_VTgH-AqnOGGetZPC7le05Nnn-CHVUM_KN3I_0rA9LRBOeTurwtZN54JH_HIhL8pz4jWt7RMq4NfloamrPFY3Xlf6OehpvjxbUxpJTfX-YokZlXtFyizdWGd=w300-h225-p-k-no, https://lh3.googleusercontent.com/grass-cs/ANxoTn2DML0b_16dKh6NdWA07FhJauapgZA0SlCL_bw2TfEFMzSLRIJ60USvtiFC-5RPWkKFrDbk2Z9BNh0iZKpu9mM94noGYDwr-9pTVIyt-s_9OYQmOtFGYumxccnN-P50JS4_DSvi4hTfQ1eF=w300-h225-p-k-no"
靖鈞（Roy）,5,2025-05-19,1 年前,豚骨醬油拉麵、濃厚雞白擔擔麵兩者湯頭都很濃郁，與黃金雞湯拉麵相比，黃金雞湯拉麵湯頭偏清淡，桌邊有七味粉及蒜泥可做調味，服務人員親切，店面雖然不大但整體還蠻溫馨。,"https://lh3.googleusercontent.com/grass-cs/ANxoTn3wjVnYO2FfF4XvGUEXcsEr3wgfmj80K3OQInYPZJ6vxmBjrKwOTACfS8NoPQcrxVl8EkIqS3Rs8KHntlMVxBrdlYKvkvp3s91DktvEXPAJPAP85AAqPHUdqhwoLsoJRrLzF3S7TA=w300-h225-p-k-no, https://lh3.googleusercontent.com/grass-cs/ANxoTn2eLqjKK62JPUWvCLtkI-2AZlfb4OP4YKEuEJBrI_RLrE8YPqZcbhvvOfZzcqsZdq2GHUlUkojt_z4vZSKBOkw0h7XqKpNGtRQ6kX_ahZoi26RaDMkfrrMS0uRJBl-BU_Tpx_k=w300-h225-p-k-no, https://lh3.googleusercontent.com/grass-cs/ANxoTn05KGkFRd6nILugC9a8nEWGx3PTVYLDKVnnXBlBDso6LSJHCc2zRHhTugONneI6Nft142MrxuOLlWW_kgCN6xk19kBIoF7YkI5_NalapuT9FLxSvapRgC0pSNFXrLdad9GsUWbN_Q=w300-h225-p-k-no, https://lh3.googleusercontent.com/grass-cs/ANxoTn1iJ2-sL6SFqN_XIcUTvR_aUzDKrrdlmjsYd-zfokHj2L_A7y6Vo6I5tpyunJByGLtAID2jAVAsTgo2oTQ1R5btGy9igLOKAAcJvx8YxSK8sQxD6kYoD-skh5kqPiPEc35ks819=w300-h225-p-k-no"
邱藝瑄,5,2025-05-19,1 年前,"20250323
本次評價『美味』👍👍👍

[豚骨醬油拉麵] 230
很簡單美味的豚骨拉麵，味道鰻濃厚的不錯，麵量和肉量稍少一點。

[濃厚雞白沾沾麵] 280
點餐機的微辛，對我來說超辣，雖然雞湯味道很濃厚不過都被辣味掩蓋了，不太明顯。品嘗前三思。
面量和肉量也不是很多，讀過因為狠辣所以會喝一些水，最後反而會被""喝飽""。

[TKG飯] 80
其實是叉燒飯，不過加了一顆半熟蛋。整體除了美乃滋的甜味和叉燒的味道，還添加了濃濃的蛋液。很不錯而且價格也實惠。

_____________心得文______________
很久沒來吃這家了，因為以前吃太多了所以之後通通往外跑。如今回來吃吃看，就被""辛""到了哈哈。","https://lh3.googleusercontent.com/grass-cs/ANxoTn32M8Xa2JQrNUVbQfhuh6YTtYtXDnqqNAE4B_lmURBtlvcdL4PM8NzYeFT0FTjXhOaNyd4zXf_HqPtNtirjCEgSo7b0iIDpHVFcQOZvk5aNbpT5CV-BjoV_e0dmeUDUdyoRjIgT=w300-h225-p-k-no, https://lh3.googleusercontent.com/grass-cs/ANxoTn2FQ8-QgwdxO_jpX4NJueQ2xZbbsxD_Sc5FJdqZ3f2PBLbcwKvaed5WikhcDexrgX5EEBsSAlVWoATIkTGg3ZrWHg6PUzjk__mYtyUU-hidvvoTJ-32uRhQRhPxQejygwhT79mM=w300-h225-p-k-no, https://lh3.googleusercontent.com/grass-cs/ANxoTn2-k4iaLfCl6fvc5QLRqLkYId84Sbs57WtdYoxYd2SrnX7SwcWZsJGTyIMqhgxCbxKEB9KE7LXn3t0Aa3eXEtT3SIMmetiB28NRpkv3DJGIZuu_YPjfEpx91EiVTKkqoE09txzZ=w300-h225-p-k-no, https://lh3.googleusercontent.com/grass-cs/ANxoTn2oUI8snFiZ_zJ7v6tTaa7NLpc8pOEzvlMD-91oJYBOPWa_ewUUkkawZmZTtBuDHZLe0wl7yism62MBkvU7LmzCGJ1H0cA_ZLRO6rfmwV4XoKrd55zck9pRRRYApZkDANdItHp6=w300-h225-p-k-no"
吳可,5,2025-05-19,1 年前,"颱風天不用排隊, 太開心了

海老沾麵非常頂尖。 醇郁的蝦膏風味的濃湯，沾著冷麵，在嘴中混和，很有滋味。
海老／雞肉片／厚叉燒／青菜... 有不同的咀嚼口感與相處。

沾湯冷了, 可以要求再加熱，很是貼心。 本以為廚師會微波，竟然是放入鍋子裡重新煮過。 熱湯的香氣，更濃郁了。","https://lh3.googleusercontent.com/grass-cs/ANxoTn1b2JQ6Gvww2SsqMbQuzu9zEotNVSYjGvINiiQm4wG0BzBsnHTpjk7wuX7ZR77AqQD0lMBpIvzuNrikrzb8zu1bdnAfN4RDC93mu9OK_wHg79JgxrdZaEGZ2ARzrTa6meYcHHoD-g=w300-h225-p-k-no, https://lh3.googleusercontent.com/grass-cs/ANxoTn38VEnFqEWYJql_uxwyiR4CuYL4xtjYBuUQYmNXf5QxW6FAoZYgyAVFgbKcOLwxH9EnHkTMCXYk60Z7VFPctQHn6t1mdr_e8dR5GegVL1siQVZ0txiLnlYo_tmGMoGRS_1hhsM6=w300-h225-p-k-no, https://lh3.googleusercontent.com/grass-cs/ANxoTn3hhnwMWqhQjZXGPDweps03Ter-GsyNtGVzbpDm5J7D1kGM3605LbXTy7ze9v3_48n6orJlxLLa0KjhMZcMAXQonV7KvJpFuaTHRn2peHsBTaLM_6-5EHm_JI09uE6guHfdxGSpig=w300-h225-p-k-no, https://lh3.googleusercontent.com/grass-cs/ANxoTn0IGjhncXnmnpGpqeJhQ2OpfPZw199myvQCfun8rxGyXeICC3HDhkeIeZ6px8KgtHX6n_GA4v_YXc0COzOcbjdTQnwfZaRO2sRPiWfJ2lKhd8yzX2_n5FVbDFr5fY1sZO3JiX1t=w300-h225-p-k-no"
Ryan Lee,1,2026-02-19,3 個月前,"與友人同行，她近期打猛建樂吃不下
於是只有點1碗麵，店員堅持要點2碗
但我訂單金額$500，跟隔壁2位一人一碗麵一樣；覺得好笑～
明明座位還有很多，但店員卻不安排，讓客人門口排隊，這邏輯是？
湯頭可以，其它普通，不值得排隊的一家店～",
精靈,5,2025-12-19,5 個月前,店員很親切，口味上也都可以調整，吃起來跟剛開時一樣～,"https://lh3.googleusercontent.com/grass-cs/ANxoTn3sIR5KdtrruYoK4emTVChG0kUuYNr5cE30o9ydzU600O71f33WHN4oM50hhEg2-Wbjn2-bKv68TJt-KImLXl4qYGft0LBwktIg0UrcAUYP7h4XAHkCjeTgzKre6-NOPr-A96xPnoCT18Gh=w300-h450-p-k-no, https://lh3.googleusercontent.com/grass-cs/ANxoTn3RtTbqyGucXARr7yGzZisXYyV6yXi7L7IKrV0eIUWfzqc3ecd9I2DAEOguR0q6Ri0MppQqKuYGOSkQnAmj1kx1LxhZk_Wg_qPjpowsFNH0CLMId5j5NZdnAwNFLZibO8-HMASPkYGyuFcp=w300-h450-p-k-no"
*姬子*,5,2025-08-19,9 個月前,拉麵湯頭很濃郁！叉燒肉超厚超好吃！口感軟嫩還不會油膩～非常值得嘗試！,"https://lh3.googleusercontent.com/grass-cs/ANxoTn2nwz9_6JMnDOTr-mnsIINJTVj-W3jMMWYQqYtYWMGtvgZmi8j_AmRy8j1ONFB6mP2Id09wQf8mfdsfWWTf_1Zqn3BBKzw5Yl0ddK_oatHnnyeZEQ2tOUJnhaiB_SvvqNPrEPiJ0B2nPiE=w300-h225-p-k-no, https://lh3.googleusercontent.com/grass-cs/ANxoTn1bBi9hnS7z9SgMxozpQHmMTHP30owFMkl9gy0ZhGhHxFwnTecMxON-olnkSYhaIxXWDWAKS3Ln2K8g1n5jM3S5W1T44izfjPCBOVEjFIyc2vh79wRk11yNiMT1I3mfVcfNirXTXVY9mprj=w300-h225-p-k-no, https://lh3.googleusercontent.com/grass-cs/ANxoTn0OpDvh4lIKx9_Gjc9dE_B7LlKMdtVBVXuJNOawOBCxud_M1js_gBxljtal6tP3HxQ0wYpnYqFWZVNkaRX3gGvXI6unhh6DpsK7jv0o6WmXJn5j1LSHNjEjQHJAFVxaclnYPBeN-2jPuSaI=w300-h225-p-k-no, https://lh3.googleusercontent.com/grass-cs/ANxoTn2K0JOvMSPz8nHyTIUBhBVgQJvkvGj2qbVB5-10lcC16LkjVdQr5rhma2-fNVj2iv60r0MtcIWI8lVKPvb0AO1UxA4qpWxpmsGgdK75gHL0kzbT1HgJYs5bMLufwbS06-7wqSe2nWUA7J4=w300-h225-p-k-no"
家光（公子光）,5,2024-05-19,2 年前,"偶然發現很多人排隊的拉麵店，剛好想吃晚餐前面只有七八個人就過來排隊試試
1.價位方面
平均250-300人均消費屬於中價位
2.自助埋單
輪到位子是到機器買單找零，服務生會拿走單字就可以就坐也很方便，服務生都是漂亮妹子喔
3.辛豚骨拉麵
可以選麵量（大中小一樣錢）我是選最小份120克其實很夠了、日本風的湯頭、最硬的麵、小捲麵，大辣。 其實一定要選大辣，其實日式的拉麵幾乎不辣，但是濃烈度跟風味最佳。叉燒是特別的很厚一片圓形⭕️有炙燒過，口味還不錯
4.配料
最愛冰水🧊跟日本的體驗一模一樣，如果要蒜頭也有
整體有在日本吃麵的溫馨，最後吃飽走時候還會親切問候「吃飽了嗎？」小小一句話讓人感覺很暖心。推薦大家過來試試","https://lh3.googleusercontent.com/grass-cs/ANxoTn2HWHMb1qSqjz6wOmsYUWBZbJw4gqPGVKJEdwn1r44CEg6vLgnJWVwGUzicZlEZx01WQwGz5cykhXfG5H6sOyRHnbd06oJ6QBktWAmHnVX3DX3_wkebP1khOGIHVCZh92MdsfYs=w300-h225-p-k-no, https://lh3.googleusercontent.com/grass-cs/ANxoTn385yBmeSQV8colpd72xCmgL6Q1KIZ161EmYquzGkkdmTKhZ7SYih2gzgjKmAQVheF_GWzbJlBabiVaL-SOcvspwhYQ-dKBWB6Vao6WxlahVLOInbrVkYdbIFUclkeMSxkl_Ro=w300-h225-p-k-no, https://lh3.googleusercontent.com/grass-cs/ANxoTn2ztY2KJs6HJVHJyeyLbZybqSsc4nPz3fTXxi3wdZ31XJPZBYo8BzExXFITSppcLJqTNPNehlI6QadC0ietRh4-Ymv6fvyeOPqJ7tgUIgE7A3woB-xlgK0tqmpJpa0IcFJASank5g=w300-h225-p-k-no, https://lh3.googleusercontent.com/grass-cs/ANxoTn0F80QyxYk52cPG8bafiu1ER7q7MsbBvtE6kx_jges_W87XOb2BUJ1iA6ZNp5iodLGL54qAOGYXL3GhJXQJfqi5VqmFjdw1YKvvltASKGoV0ij-H3HmhDwzidaPGyY6UIj1VKSZ=w300-h225-p-k-no"
bang C,5,2026-02-19,3 個月前,難得路過不用排隊所以來嚐鮮 沾麵醬汁比較稀不過還蠻好吃的,https://lh3.googleusercontent.com/grass-cs/ANxoTn15E60nGFFgcsx-RMOdKYM9jPhJrYhbmXc8cYA9JuCSLuZJzE0gUicLLEMsqzVct0HQ-aMf4T5o5KwhsiePwkNuW19hRVpLjlVgvaVH9xbDGXIsVbpsRFBAGTEcApHhjx25rBJYbGM36Mm8=w600-h450-p-k-no
Irving Cheung,4,2025-08-19,9 個月前,"柚香干貝卷曲拉麵 😋
這是限量版；
推薦：卷曲拉麵、硬些
干貝：鮮甜
湯底：清香","https://lh3.googleusercontent.com/grass-cs/ANxoTn3iS35H5iM7a16TlqY2sa6ta70Xl9OWPDdviQKVupbjMfZXbZ8pJ5Ci8m6Pc4u8rh7BlRB34iuqD4h8SRevowgrb5u9Ml05o4eXTccsf52mb54CGrOoDX3jwceWEK3PVClhsSY_X33NHFEA=w300-h225-p-k-no, https://lh3.googleusercontent.com/grass-cs/ANxoTn0tofOuYhmE-p89ZiuJyr8DMp6ULJov61eBZCkEPhtPQaxFZZBaekwfxz1m3WTUEsDpmdkXfpcrgz_Yyd6Y5BmDfJ8mSPIutFYh9l0pBcPq-xAJAMplZwufc3UdleneRro2B0Wv3zwYHg2F=w300-h225-p-k-no, https://lh3.googleusercontent.com/grass-cs/ANxoTn1YGUDlTRDnqf67zo7dMTTPHdyLxR4T9DM9J-Is5Nww1hmxOILszybDS4LQ_uMN66w2fyyUoQJ1onf_C1ZtGCjAZSnASSnwI789Do9djLT49WRy5errwW1MH4IOhvJ0NOr1KYluu01Omwlu=w300-h225-p-k-no, https://lh3.googleusercontent.com/grass-cs/ANxoTn3Q9zdPgQ9WoCCG6XTI7I_NYeYarEdsZNnGeJ8hTMrsg95aXBZqf6A7f5W5HKpbsmORS0HnNiksANCv3-SCUYQaYOp8itb3gwJtP9La68ip3mRJVosMF_XNy6H5rr0ijbJM4qz7Ei98dQQH=w300-h225-p-k-no"
Simon LEE,4,2024-05-19,2 年前,"5：20排隊等了大概10分鐘。店內空間不算大，但座位還算寬敞。
湯頭都很濃郁，味道也很棒。麵條的口感也很好，不會太硬也不會太軟。叉燒肉很軟嫩，入口即化。
洗碗的員工很認真，由於廚房是開放的，一直看他用洗碗機洗碗，檯面也擦拭的很乾淨。","https://lh3.googleusercontent.com/grass-cs/ANxoTn202d5D4bgoAvBg38KXzbDz7TiIJ5lGSNxtKNznNJpJlUKdfbx9YrAPvnxAcYbqnGmxXKuy2yX80WF4ssMjHB0kJX7lEoz8oQIFwXaCbWLH96yBtJP1VR4qeZAgRF9TwgagxzKP=w300-h225-p-k-no, https://lh3.googleusercontent.com/grass-cs/ANxoTn1LDtVHdhj_4fT-CFBdSuBPJE20OjJ1tBWeoZ6nRV3fFDxh18WmFBo32sUNWUrdXshyZg9i6_bZK5awvjTbJuqi1bZD9tvl0M9SubdQPlG0XiiDfrcA6CPIYyY8RRMlgK9L3ZN_KQ=w300-h225-p-k-no, https://lh3.googleusercontent.com/grass-cs/ANxoTn3OjMQjrD0juRDqg7MjGMzlv-eXJHxwKFO1O5C4Raj6SknEUqpe6vB7_5t-FgoZg8FSDQJxnBzFT-_572PZBpQqSRKiJ9rHSSx1irXeLbDAV_C17-WjXQUIu-0mKoqstqPADRIt=w300-h225-p-k-no, https://lh3.googleusercontent.com/grass-cs/ANxoTn33jEJ1OVuBZDhGQlajYqlPDlyeYoKMOlotObU4qmbFOzULPHeHWfOg9POT2le5KLlRkRA-gt7AN0qZQFr97ctazZHFTOS5AXXWiLA7TM9gE7tcrtkzy39tB1rrW5p8u1qjbyh4UA=w300-h225-p-k-no"
Ming-Shiu Lin,5,2025-05-19,1 年前,中午去不會太多人，干貝拉麵湯頭清甜好喝！干貝也還行～ 雞肉叉燒跟厚叉燒也蠻好吃的！推推～,"https://lh3.googleusercontent.com/grass-cs/ANxoTn0YAL9oMf_YDvWcA__hdNulAAVM4uMXHfkyEzpYhQpQHWvahqmfGOxeOiY74bGxVuHAEmK7Uui07XpWW1jODEnXymKo01Uv5szKn2QP3UGcKIuiXokRd2_-9Vw9idIN9GMZfFQE=w300-h225-p-k-no, https://lh3.googleusercontent.com/grass-cs/ANxoTn3HV8wH9-WA3NvR7BWjtndA6uBiRfGG-Mkyp9dDkyvOmuYQ2bh3JXk3F5CZStGKno1KF4_xRTVgOcly9CkgOE_JG4atsx5pCyGdibaPRmSRQ7nC7U2hksLvtRsYAqY-6KUCP1bBjw=w300-h225-p-k-no, https://lh3.googleusercontent.com/grass-cs/ANxoTn3UblKJrSFFxYbqevyW5_faPXxHz-WOljm4Y-9Ic2dPBH7h6KOEFzjscYw9s2I_vEvABxyDxQcZamYlngj2zbftyxVRiUrk5YnsfxgqvDBTG36TwqER7xSaiojLtDv1Ccffgz-R=w300-h225-p-k-no, https://lh3.googleusercontent.com/grass-cs/ANxoTn2AQnRQGpBshZ2XBfmXNYCEeNHuEicPl9rOT6ISrVCjMkFvB8cXUdTBcfMHN0vnhsh82mkizslYSWNgs2UG9jv-WxzZl7vBvuIxA6D-w2Lerhpdx9PZkLfbbBzNdQViVHI_KHckUw=w300-h225-p-k-no"
misscool,5,2025-05-19,1 年前,"二訪，點了辛豚骨拉麵、黃金雞湯拉麵、柚香干貝拉麵（每日限量30碗）⋯
服務人員親切、麵條Q彈、在自助點餐機上可以選擇中卷麵或粗麵。
口味部分有分日本濃與正常。
叉燒肉的豐厚感、湯頭的濃郁，再享用辛豚骨拉麵小辣的同時似乎似乎置身日本。","https://lh3.googleusercontent.com/grass-cs/ANxoTn37LI_ljLPp6urdgpT53Ex-_0ODxqwl10gZbOhKoudg1QmXQrzueZN58z2hG0SyMq1FsTsTdHjGO4UoOGxZZjIGzAvsfvu-lBmaEzmAzJwC7GwScW6Fzt4S3wLZqlUFdOdJkET7WA=w300-h225-p-k-no, https://lh3.googleusercontent.com/grass-cs/ANxoTn2iyGJPEzTuW9wpEC0OZGf3l5seLgrGe0wv_huauWr2uWz4leg_Dx6W84J1SCqyx73JJqFszoWKOSe_hAxR19prcq-8syXGdBDzBhY6o7rwuSy_f462QRHrsQERWqOaPyKL_NfP=w300-h225-p-k-no, https://lh3.googleusercontent.com/grass-cs/ANxoTn0_t_ihyAZInfktc7t5txCxH8CkOFvCoQ2clNlso1q5djZUz9yecYJ0iJKVfdTlbrJ87HuQRzOZ4iOY9avl0-BDbiB25hq4YgDTTwdGwyx_ulR56IPnlYoxeTKo-x2Lcp1J_LeZ0w=w300-h225-p-k-no, https://lh3.googleusercontent.com/grass-cs/ANxoTn05sp1RQRoOqZGOP_DWpxe5Ust0OygBZjNL9gNV03xv99ahJXeOrKxvBv-P15xxm7FmWXCdreEElFipJgI5XIOkoaaURnfO95IkV3PVXW6ZO2vlARKSUpIETNxxqdK36xirRzIl=w300-h225-p-k-no"
大神一郎,5,2025-12-19,5 個月前,好吃，尤其是TKG飯，吃起來像是更濃郁的肉燥飯+半熟蛋,"https://lh3.googleusercontent.com/grass-cs/ANxoTn0zFC2jJ2jBAR3bI_zSh4RtyTBqxdR92ZqMERf1K2KuIpg1iqsyiCKSAyi6Bjo9IRXwj8Tr8LulfLUhmZmMGzZz-HOTxBhE9Tihj4aj_PumcZts9UIT1cY8mDsU2bxVFdSRGfVZcUS6w70E=w300-h450-p-k-no, https://lh3.googleusercontent.com/grass-cs/ANxoTn05hO8kN6eCXcUoXrYcKAp_6t0UPiPbnYkJ9wxNDY_NYPK99RR8Q6MSgDLYJS1qk2g5cdt2C7m3yxu_UraxJF3xpgFaKaja4WFZH22_B6x09CvDWMhnEy6SV3_dLTIruoytzmjz2kRtunY=w300-h450-p-k-no"
徐培倫,5,2025-05-19,1 年前,"點了辛拉麵+一份叉燒拼盤
湯頭充滿滿滿奶香味與動物系特有的濃厚韻味
正常口味的湯頭 我可以喝兩碗
麵硬的口感控制的恰到好處 嚼勁、口感十足
溏心蛋是蛋黃有半固態的狀態很合我胃口
把咬了一口的溏心蛋浸泡在湯裡面一口吃
滿滿的幸福充滿口中
唯一可惜的是 整體轉味要素偏少 只有青蔥
吃到後面比較膩

拼盤的部分
很好吃 但唯一可惜的是舒肥雞胸的口感都普普 沒有很嫩
但整體份量很大 才130塊 cp值非常高

非常值得二訪
p.s.用餐時播放的剛好是あたらよ的歌 大加分","https://lh3.googleusercontent.com/grass-cs/ANxoTn03CLpgJmhzcelhLWVixF0zbvMORGNzcIFl3lP3Mgg2v1P5O3GL-pJNj1cIW4OdA50JDP31gRxPbvH8ZEb05Nuu-AZfCi5Zkw21ILzfK91yK3_PxuN5ZMZovZZJIYu1IhFbh30=w300-h450-p-k-no, https://lh3.googleusercontent.com/grass-cs/ANxoTn1_sI60MR-yDc-iZNjXZiwdqPZ0ld3rPiZEn5ss4ef9jOtE76wOsMWk6aca0MNdWA3Dx7LhtmmBbCCEMkYJJxpCO5jnBFP5AMoyPn7tqnI17UmaHa6vCX5f1ELBxJxPV7lwYd31wQ=w300-h225-p-k-no, https://lh3.googleusercontent.com/grass-cs/ANxoTn2B87zgIMROIVJ_grDN6-OaIBQtLFxI27TO94YMh6U0VlPpLjHoSK8y9Eg_DPIO_TdxxW5p2U29xRBpiC3XClfk4EyDn6xJlqLDZhllSCTBVcs8zqflgUjW1e3ZOOgtg5QwQn4K=w300-h225-p-k-no"
May- ̫-,3,2024-05-19,2 年前,"二訪隱家，第一次是在士林店
本次在公館店，平日六點抵達，大概等候20分鐘入座。
限定口味柚香干貝已售完～
店裡還有等候區，以拉麵店來說空間很寬敞

本次嘗試了兩個不同的口味：
✔️濃厚雞白擔擔麵：濃厚的雞白湯湯頭，濃到偏鹹，加入辣油，還有辣肉燥，變得超級鹹又油，有附半顆溏心蛋，不推，好油好鹹😮‍💨
✔️辛豚骨拉麵：可選擇辣度，豚骨湯頭+辣肉燥，吃起來味道比上一個單一，但至少沒這麼鹹，就是辣豚骨拉麵這樣。
整體來說比較推薦之前吃過的海老沾麵～

店內有提供免費加湯服務，店員們也都很親切。","https://lh3.googleusercontent.com/grass-cs/ANxoTn3-ddn9dAqYgsz3lH2tptCnsZbSoxzYpj6ApiJ7Ah0pXpAGnk8R0IkQV_NM3aUNTGXcPBVgWzGShoNSHBmCMrPQ6ab7xEWozsICBZGo9t47xAWk0s5ElKENpv0oCMGelbcXUhtk=w300-h225-p-k-no, https://lh3.googleusercontent.com/grass-cs/ANxoTn04hq_rpEreeDnNrc2w6BI4IeJ-ep2SduPhS0RA3HE-QtHp81eR-_jDQRHJd4kttf3mWINTWdycyT31VPveAzM-_unV743auRSQ8xe4GGjd7jyb_Dpn-dRXECzZRCIkQcoqrmcmvQ=w300-h225-p-k-no, https://lh3.googleusercontent.com/grass-cs/ANxoTn1rMUs8gG_3DngDuPfg4CuRh5pouJ1gxqmCDYv0ZquplNMmIuXC8KQxx_SKaaV6PM5OCLsDxbP2iQvYPiujYmD8DA0yGSOnJvl9bxqbUieJ05YQ24en0N_zaQ_E0FocS-p0HjoO=w300-h225-p-k-no, https://lh3.googleusercontent.com/grass-cs/ANxoTn1NinbdymH-PYJBeH3kha_UbektLx4NOpF1Tt7yCeP4mCzzM_kMlYIgtUgc2LCS-ve28508GXUZfMB59q-NudZ-A35XjZP7RLEfRQv1v8FkbIzVLV4PMWc4x5OIoY2XyLfqzZMe=w300-h225-p-k-no"
小賀Shirley,5,2025-05-19,1 年前,"在公館很有名的拉麵店
終於來吃到了
個人覺得價錢不算貴
店外大排長龍但其實不會排很久哦
前面十幾位大概半小時就排到了
店內氣氛很輕鬆
員工們感覺都蠻快樂的
這次比較晚來沒吃到干貝系列
下次想嘗試
點了海老沾麵跟一般的拉麵
沾麵的湯真的很濃郁
滿滿蝦味真的很讚
旁邊的叉燒跟雞肉都非常軟嫩
吃起來潤潤的
飯也很好吃
用的是日式美乃滋炙燒
鹹香鹹香的
一般的拉麵湯頭也很香濃
麵的份量都給的很足
非常喜歡這間店！","https://lh3.googleusercontent.com/grass-cs/ANxoTn3UqdBQQ_jDsObtY3VnWolPA3gUGrm0gNxhnPMqKSmZlqUwcT2QewhFm-sfqRef4mryn-2l1YMeb5U9Fx23e0dEPznbC9k7-fXmhN1TscYiZ6g80DHnAkqFsVwVMfNV5sR37TuW=w300-h450-p-k-no, https://lh3.googleusercontent.com/grass-cs/ANxoTn0k9uf9lgUcOaY2kwSX0faoTO-yCASytq2HviWOs0tOPa8_EtkYdAUvs1NQkPdqykk31lO8uRWOZ3IYNc30vkOGTfOGZT_BgvvQizCNEFXE3wjneKGJHKH9KgvAx-3O5DKAkze87w=w300-h225-p-k-no, https://lh3.googleusercontent.com/grass-cs/ANxoTn2PSFY-OHDI6AePJcE8kXlb8GPgRJHfb6yc1RZMJ-g204zBFeqVMJsp753MbDU7Joboy2J4ierxpqeyl7MStSDXbDR4s_1UzOBx-PirfBf0EPKhNAHErtOiDPEJsgvJIfBVv_cx=w300-h225-p-k-no"
葉蕙茹,4,2025-05-19,1 年前,"拉麵、湯頭表現都不錯,價格的話200多一碗,硬要挑毛病就是排隊排太久了,我們排了20分鐘,適合不趕時間的人類。另外有個細節,建議店員頭髮要綁起來，個人對於餐飲業店員的長頭髮沒有綁起來,覺得有些影響衛生。","https://lh3.googleusercontent.com/grass-cs/ANxoTn3H5HhUomPtcnklTVd8V7LvhgisCcNjmiXNAjSttMqSrizSRlEPMB-0ZFh0_5hgdD17422OvOkboYrzYRhasnKa7F0oTcyjqlvonlR2LcnLyZsVbsqBlz_Xp2dDFZAaG2xJg77d5Q=w300-h225-p-k-no, https://lh3.googleusercontent.com/grass-cs/ANxoTn2UHqtUnqacp2YPngAC64LQJhiN4gnHNS7bngvTKh6qpFImQaGeGBFk3WjeZxrTOcoiD5hP9bxUkNJ1MO0m0K4aN_I1lYyi3II1WT46buaJqKWhykSrFSkk5PehEPCwLYm5AIb9Eg=w300-h225-p-k-no, https://lh3.googleusercontent.com/grass-cs/ANxoTn0s0pGDs5toqrDvfyrIFYxn1unPT9zP7-zc0TMF1yEGz3wrDFA2nBj5JwAmrKZfpjjNeINjVwB7w51DE_b296o7C4U4hks3SdJdr1ySJV1eV9-2__Yp_8c3XWhw1XKfG-N5Lz_A=w300-h225-p-k-no, https://lh3.googleusercontent.com/grass-cs/ANxoTn0n7a7vXjaZRe1yBcQpk-dFUvgch8sr3UohenoFb_2qrYSVWoDVHKtLGJ-9aDxSLziyV2H2cVci99b9YYyxNoSBNNlWmzOxYa4ettOpRMyzAuHeBTJ0CvP7zXb1Dm6RuUGvb-R8pg=w300-h225-p-k-no"
Max,2,2025-08-19,9 個月前,上胖下細的碗，量超少，這樣240元，超貴的，學生都不敢說實話，聽到他們說吃不飽要吃下一攤，然後員工問了都回有吃飽，真勾以！若不是小鳥胃的人建議換別家吃！,https://lh3.googleusercontent.com/grass-cs/ANxoTn3-KevhxqG1oY8bolvzsmMlz4dtO-1_PDLT6ql0xFx01nGFalXjDvjG7UnGelRFblaGj7h-pL5ARE4E0BcxeTi1QBDtdxYpm9xNscyYIOkIhkscs4g2PHJzWEkgSQDZgLxQLoHOL9EmjwZz=w600-h450-p-k-no
Dora,5,2024-05-19,2 年前,"點了雞湯拉麵，豚骨拉麵日本味， 一份燒肉 ，豚骨拉麵湯頭濃郁好喝，口感偏鹹，裡面加了很多蔥絲很搭，這次點細麵，麵質口感加， 雞湯拉麵一般般 ，一份燒肉裡肉量肉質都很優。
服務人員熱情，專業，帶位招呼都很到位，訓練有素，真的很棒👍🏻👍🏻
店內乾淨氣氛佳
下次還會回訪。","https://lh3.googleusercontent.com/grass-cs/ANxoTn3ofEazVEVG3zoUKdB9W3EBhO8QDq1EJ76E7N3OeCbNmO6YTmS8xehzOx9hwYKKFARiKHAlhN2IHOW8FH7dVvj410moIEjZF12kLfHpfB8YcITcJjhiBiM0oeNPVsOX5GNZ3QMv=w300-h225-p-k-no, https://lh3.googleusercontent.com/grass-cs/ANxoTn3R2_jBKEc_a3EdzlOJqcI6dPDmsgeRhBZ1YSOiLf_n_cby70BdR4kjlcw5gvrnEJbQtJ6D8k3TIPm0Om4mOPZmh10LSZPpiNt94Lf5OtRW26H46ORKII9ePjqtcyzfh2Yz04Ck=w300-h225-p-k-no, https://lh3.googleusercontent.com/grass-cs/ANxoTn1dJ2DyWSKlbH75oIdRI4GjZm-ptS7afKoaMeW6KPp0LvwkLJGTm2s4XexiHHq56zcUV0D1fulDQZ1uy3ANY9PGwXrKiV8iQ5C7achQu3kzHeEq-ZaISpczajQSZUZD2sFWtdS6=w300-h225-p-k-no, https://lh3.googleusercontent.com/grass-cs/ANxoTn2yqyB0YnElmCxa3_Vu-C7StjfcH9dHEllbCBgv3CmhMw4U0ScpaZ4xbpKgW9vgSA7SzTU9do8MJCY2icq7PyvP4BxFT-JEUoAmCKS33q_WI5eM3egH5LyoNhbtYQfQkv8xrYF3=w300-h225-p-k-no"
莊純榕,4,2025-10-19,7 個月前,"平日晚上點餐後，上餐快速，
辛豚骨湯頭味道不錯👍
服務人員親切可愛❣️
肉片只有一片🤔",https://lh3.googleusercontent.com/grass-cs/ANxoTn0B9qrcPPEmWmQ-E-qNixyme44pgCfGd4R3TCTgfF_eLgZlYStVz9yN3zDyvp76BhZcFmoqj0leK8R19Z4gWlrr_QJay14Vl492B34tuTCqrYUL_zVcs6R1CQGeApgi0_YGqnZwGsZJ8iM=w600-h450-p-k-no
Mili (牛奶),4,2024-05-19,2 年前,"奔著海老沾麵來的
不到地雷程度，但有點失望
沾醬不夠熱，也不夠濃稠
導致巴不太上麵條本身
蝦味是夠的
但這個呈現更適合做成拉麵
而不是沾麵

對了，其他的拉麵是好吃👌

平日晚上20:00後幾乎不用排隊
建議不想排隊的夥伴可以在這個時間來訪
店內座位多，出餐快👍
其實翻桌率很高","https://lh3.googleusercontent.com/grass-cs/ANxoTn2bbGkYkdYmPLdcCOprE99g5lGv-gtT8NvrlEj2IW9-o2tQXKFhsf4OfKKaviQ2xH8ro8umawY_QwFTPdv91Qkf9VRleKwHRM4RlTWIKge2FMFeEYxN-pei7ghwZZA5fDape0UXjA=w300-h225-p-k-no, https://lh3.googleusercontent.com/grass-cs/ANxoTn0wBUfRT9oBH8DaSERb7EkM_JC0zH3C8gNnq4RHOcQB3rbripjf1-9UaaAkgDkvE3d0U_9UVB7fn3Q0kNCTbxLvC6U-DMi2k-uxwRNkn18CqKJikvl7LLeMViE19q5sI3XMiDvo=w300-h225-p-k-no, https://lh3.googleusercontent.com/grass-cs/ANxoTn1d5zKrByvNaGvi6fzBSPnBGD6Uiat867S-1v-BIW3FoUZVPEz2ZXfgXMHF6sZG6KTLXXUZ8mKuddKzi6yXz4W66FzxgHCvXQrQNx2g5TBeOFOoHvf4Xooj7ytV5uB2UkNGqMOzhg=w300-h225-p-k-no, https://lh3.googleusercontent.com/grass-cs/ANxoTn0yrATlCLXNuU9aymlYgnUQntUhDgZnfn73lf3zsfC4C6zm91z4dHVKxjgUpQwWp4Z5nbeD4Sw0n_HEU6SbNKaRJLYmMt4KHr1u38MOM94NJd3jewWhl_uQ5lOQiu4bPoK0Wnt_=w300-h225-p-k-no"
小美食家,4,2025-05-19,1 年前,"星期五六點初到，沒什麼人排隊，結果出來時大排長龍

拉麵軟硬度選了軟，但還是偏硬

清雞湯拉麵的湯不死鹹，蔥給很多","https://lh3.googleusercontent.com/grass-cs/ANxoTn32S57SQ-0zVs_vb3Ti7P1PgF4VE_5L_ba2UPoRvuuX4DQj729EXptYE7QLXJqkOCKQGKtPJB_9UDNPWSzyM8UmQXQD72QLLbhNlF53xrYAfM98vfF0CWBDqfVn4H0dfRMYg-QIFw=w300-h225-p-k-no, https://lh3.googleusercontent.com/grass-cs/ANxoTn0r2dNujsGAW6pWXsHBlJsQXhYb7684phkP8z2sSWkiC1NcRHSyRgO6Ai3JJry9Uu0BZjMWosdV2-wMMowg1nv24hXOskxR2Hg_eOFXsg67chAGSNUlZB-iY69nW9j1ZtZdOak=w300-h225-p-k-no, https://lh3.googleusercontent.com/grass-cs/ANxoTn0jhwsu-OA42HKcn4blfR5j9Z-0LFofSUkTQft6y3a3EIMRluNoKmWA5lTdgX6yA1n5YCU6qddeg6FAGKcEte2YoKDyIHSsbvrtp77CD1NT7FjMP5MlAZORRZIiVlpKaGF_NmWN=w300-h225-p-k-no, https://lh3.googleusercontent.com/grass-cs/ANxoTn3TrENTt8Bjr2A-W7b-7EYX2zGxDnlxwqlcGm4hm_rz-_AKYOrGYKleY2jUXBi00onjs1L9WawEaHAzX6HTLayTpQDh_DTG5Lsu7YD23uk9CPNWF4KdCtbmNy4lTuz-dF6uSP2_=w300-h225-p-k-no"
黃哞哞,4,2024-05-19,2 年前,"這碗拉麵聽起來確實很豐盛，份量充足。雞叉燒的口感爽脆，給人愉悅的咀嚼感受，讓整體口味更加豐富。溏心蛋的蛋黃軟嫩，質地恰到好處，為拉麵增添了濃鬱的美味。

然而，湯頭似乎是這碗拉麵的一個小缺點。湯頭太稠和稍微過鹹可能讓整體口感稍顯沉重。稠濃的湯頭可能讓人感到飽足，但有時會讓味蕾感到過度負擔，稍微影響整體的食用體驗。同時，過鹹的湯頭也可能掩蓋其他食材的原味，使整碗拉麵的風味略顯單調。

如果您喜歡清爽口感的湯頭，或許可以向店家提出調整湯頭的較為清淡，減少鹹味的要求。這樣或許能更好地平衡整碗拉麵的風味，讓您在品嚐時感受到更多層次的味道，同時保持飽足感。

總的來說，這碗拉麵擁有豐富的配料和充足的份量，讓人吃得盡興。儘管湯頭稍嫌稠濃和重鹹，但這些小問題也可以透過微調來提升整體的用餐體驗。

要說缺點的話，排隊排好久..","https://lh3.googleusercontent.com/grass-cs/ANxoTn0I2IvOw6TtpBiysrKU7flR4gCuaVXvSudLDOIw4QhfoR4H7yFCefX6T1jq51VsMVkAjrWuZ8fCYyEF947iFZt3j3TSckJ9jIis0E7I69Nm4YKYCpYGYDmmpfCLkT3zwCVvJjPm=w300-h450-p-k-no, https://lh3.googleusercontent.com/grass-cs/ANxoTn2uXqKJcYTcFs4GiVziCGT-VFpstl8NGjhpDC_awJYciDBXNWjuAwFnGVBiu4W74e1QkOgMnZ5XIJ6RF2C4WbZ32KslaCyjpsb_vDSHjJw_xxsWtlcjxVXGBZoaMKB0pGwvDKYx=w300-h225-p-k-no, https://lh3.googleusercontent.com/grass-cs/ANxoTn17-hLuFP8pYjx4_SjBDIHJpFygXD8S1T3ne3Y_hgqqStHXGq3L0fs09CxGPSYZbnLrZfIKS0Wdz2QkdLgjnTd3Cpyd11jEic4candSGSMIxhFCbEDPctTx0YxkHFiYrQKwsTo=w300-h225-p-k-no"
吾子珚,4,2024-05-19,上次編輯：2 年前,"*豚骨+溏心蛋220+30=250
*蝦沾麵

蝦沾麵的湯有點冷冷的沒有很愛、湯也不說很濃的會黏住麵條的那種，就是期待很高失望也蠻多的？

/

以前覺得在公館且麵量自己挑還可以加一次面這個價格還能接受、但現在250一碗麵加麵還要另外付錢真的就沒吃飽又不大符合一開始的期待了。
原本日本習俗本就是讓人吃飽不是？","https://lh3.googleusercontent.com/grass-cs/ANxoTn1N1zu0VaXWqSQmQTV8cRsYFuDC-X0uz3dKUuWwoLgL3p9RY6-d-k5VAZvs5MV5JUdyABYhUqr4RZdso_R2k7BhWL0Nv25u9Gm9y3NdQJuY_1r4WE9_-bqDGnD6W5ay2VsSgLbX1g=w300-h225-p-k-no, https://lh3.googleusercontent.com/grass-cs/ANxoTn1sE5IUKZBs0rYrLwElzR8xaJKoYatboecvWQY5m58JLhCsRyBDgq3JBkJ6QKAI19ZHAGo-qct9nzL8VCMynwhKBQBtLSVDlRSVnr06Z_Yz3uqSAndxEInvnvUl3n4gAC-Fcb2q=w300-h225-p-k-no, https://lh3.googleusercontent.com/grass-cs/ANxoTn27tYmgJtIQZA0UA0Y52NmcQXywkodUYC5pPQBjUyEyDzceIKOoZ_j8xcf7_t9TSpfRHgHV9LTN8bHtcMe_LWYuOwK1Ic_umkSAJOzwqS4D6YyPUGNUCNOmeJdhVEd_59ULo0y9=w300-h225-p-k-no, https://lh3.googleusercontent.com/grass-cs/ANxoTn3R7NLODVMMzs5at5A4XnQB2GtwS3iij4KNkugxTgV_4zdIUcn5N7kDNFH24XYAG9-EoUIJJ56XkaSsH5LiVxj3w0yY6W6JbNgU6p3qeJwa4D0O6KGdZOQAios8qEqFpvn_JJwk=w300-h225-p-k-no"
歐美加,5,2025-08-19,9 個月前,"公館排隊人氣拉麵店，裡面有寬敞也好拍的等候座位區，要先在自助點餐機點餐，會有店員幫忙，內用一人低消$230，選擇不多可是應該都是精選。
麵條口味份量幾乎都可以客製，有一碗有加糖心蛋是整顆的。
裝潢蠻道地日式沒有台味，座位都有足夠的水杯跟冰水餐具紙巾，而且維持乾淨。
店員態度都很好離開之前還會主動笑著問有吃飽嗎？",https://lh3.googleusercontent.com/grass-cs/ANxoTn33r5r9-jpA07aijhSCdacDWTtTLiqrAqpNE8RJApC2UIwJ1JEOdarPmK915oWDKb9049pOm-imfC2OiahhoMw0JFnt40BcHi20_Z3V63cBpYzMXBBA_CcBBEkICcdpfECCFiTuabCe0rg=w600-h450-p-k-no
Arthur Hsu,4,2024-05-19,2 年前,"不錯吃，但需要排隊建議避開尖峰用餐時間，當天晚上八點排了約20分鐘。
本次點了辛豚骨加肉拼盤，拉麵本身辣度來自額外的辣肉末，不會到非常辣口，湯頭多了一個層次，湯比本身是比較不鹹，但口感醇厚的拉麵，覺得比較不膩口，但喝久比較單調。肉拼盤肉量很足，有三種不同的雞叉燒，但本身是冷的，個人覺得容易有一點雞的腥味。","https://lh3.googleusercontent.com/grass-cs/ANxoTn3jveuqWQuIGDdV46lsLuH5zFWkoou9m3uIiZWhiDESUSsEWJNfdGzxZMJrYcsVIedwk7RsbuyH-q3NsA04zOzbFrZ5yTboLULTh6eARKNgeqaDgDHl55erddIaMz0X2T6nkJ-f=w300-h225-p-k-no, https://lh3.googleusercontent.com/grass-cs/ANxoTn21FnBPRoGAbcxh4buP6AvWgVU035Ks6Uv42Je7cb_-qMgwNW9o5dhN89QOC3AYjWsdvPnnvY8ho0K8Z1LmTZsNUQTuMdkVvjSUebbME9DaDyK8e097ku7PF0WfVUQw9moVior81A=w300-h225-p-k-no, https://lh3.googleusercontent.com/grass-cs/ANxoTn3OMGXRe5vv-K-CDHgB-DYDaakz7OBKRvO2NJeh6caSHGS4b1405jeHHyetxJSLOYqWNW39D0N0KXtucav7s7qrVvhumtHPGufcH-0q75V3IeZO8CJQftIzC8X7LLheSByzHOA5=w300-h225-p-k-no, https://lh3.googleusercontent.com/grass-cs/ANxoTn1d4DYhb6IhsvrTtEiXQUWfBZN-NI4kR3iavIjxwL_D1t9FR-pkcqBIQ__HGNLAkkvqvwTBoUHCF10KoS-MXq3iE3hC6W2ejuG2lNX207eZt_I3xRi5ZfsFTG__D5VgWIJ6lX_50A=w300-h225-p-k-no"
Juliet,5,2025-06-19,上次編輯：11 個月前,"《濃厚雞白湯擔擔麵$280+TGK飯(叉燒飯)$80+黃金雞湯麵$250》
比起開幕第一年，現在比較不用排隊。
自助點餐機好操作。
擔擔麵有點辣，湯頭很濃，可以跟店員要清湯稀釋。
黃金雞湯拉麵依舊，可以選豬或雞肉。
叉燒飯這次覺得很一般，飯也沒有粒粒分明。

《海老沾麵+TGK飯(叉燒飯)+黃金雞湯麵》
平日晚上無雨，排隊時間約一小時，人沒有到齊會被店員移到隊伍最後。
店員服務態度都很好，從內場煮麵到外場服務人員，每位都很有朝氣有禮貌，是一家讓人很舒服的店。

拉麵可以依照口味不同有對應的麵量、麵種、硬度可以選。
海老沾麵配的是粗麵，擺盤很厲害，除了拉麵都會附的舒肥雞外，還有一片很厲害的雞腿捲切片！沾湯海味很重，但不會死鹹，可以最後跟店員要清堂稀釋喝掉。
TGK飯除了叉燒本身外，還多了一顆半熟蛋，完全大加分。😋
黃金雞湯麵配捲捲麵(硬)，雖然店員說是細麵，但我覺得相較一般的麵條算是中粗麵，很好吃。湯頭很清爽不會膩，吃到最後會稍微變鹹。","https://lh3.googleusercontent.com/grass-cs/ANxoTn1Iv1WJbyedT62kM-9-RhLQLl889IEZPN5JwKthQtk-bOFSiJ-BOEDIZEXJguKgNmPTCXrUQdVQIcPd2H5K4zEK1t-imE8DlPBWmelKbP2QyfP8mT3jHVIu9b9a6gZ78isDxFn6cw=w300-h225-p-k-no, https://lh3.googleusercontent.com/grass-cs/ANxoTn3HJdHHnE8LLdnoOkEi1D3R20MpcZZXK7ji3QA5K790TNVhJBqCYotJvYuRtFJm74xRFg45d2-L_7btZUaEydlts0Y3rz9Km4R_jyuqiawCoSb99Ev6iFeSWpXJ9AQwTleObUk=w300-h225-p-k-no, https://lh3.googleusercontent.com/grass-cs/ANxoTn1aYK46DPAXlZU_AIpAl-uj_rRmjv6N3J9D40usHlN1mUibpASnC5ctZRmk-g1_cbyLhciFOnmFSwWrmMhVT2KDxhGw7rLXWhqEs4vMZhYe8npltnH7jXTudVpY4xMHeGOnGi_SUw=w300-h225-p-k-no, https://lh3.googleusercontent.com/grass-cs/ANxoTn3Oe0I6GSNaFz7LoTxA-hPyGtkqafok4MyGAn53fspaS6Y9BUYXfH7c4SImuxhkgD2961INRGO6XHxjsKcpAsrhFQWP_dO4mkk7nfgKwzNhwCJUL5_4uM095e7GhQMpaW_8kA8=w300-h225-p-k-no"
Roy Yuan,4,2024-05-19,2 年前,"公館巷弄內，排隊拉麵店。每次來都要排隊，沒耐心等候的朋友要三思。
剛好這次來時間較晚，所以前面才兩組客人，索性就等一下下嘍！
入內之後服務人員會請你按照排隊順序去自動點餐機點餐，還好餐點就幾樣而已，不會像某些連鎖速食店那樣很複雜的點餐，造成選擇障礙的朋友困擾。半自助式點餐，點完餐之後再帶位，然後數分鐘之後餐點直接送到你的位置上👌
開放式廚房，由於只有麵點，所以不會像燒烤類的餐廳那樣吃完一身油煙味👍
湯頭是濃郁的口感（點餐時要記得選擇湯頭口味），麵條一樣在點餐時要選好，有蔥絲，不喜歡蔥絲的朋友記得點餐時備註。溏心蛋內心有點涼，這個在很多拉麵店都是這樣，好像也沒啥可改進的😓
調味料在桌上，自行酌量加減，開水飲料、餐具也都在桌上，自行選擇使用。","https://lh3.googleusercontent.com/grass-cs/ANxoTn15j5NREOvZNvwBe7Jk0AzqF--t3E2O2Q6x-hjkMNKn1hQJqP0Clk0oivsl1qBieGEPIXqSliszrgm-5lm9VJ6kS2YMGLSHf_95g16SQXih2-3ESQAUHYZu8AhWDRDfAci9dvR2=w300-h225-p-k-no, https://lh3.googleusercontent.com/grass-cs/ANxoTn2AR9zKH1HhSlpHwLuJwg8IQo4XqG01Ppk7WvgIVx9_GeLRTqpLNiHrkJmoYXrHg0WN4H5iUoVgzx_bpvwerypalpzfJjP_azufYPhKGDGeNPanzvI9CpE0mVyvLFsYYZPstaL9=w300-h225-p-k-no, https://lh3.googleusercontent.com/grass-cs/ANxoTn387ib-pF7Nx5eylbgrjN94HC0ZPGuwKBl0N87S6YL13zKpgAn3daDWLDGQkCLWeVCC_MgvhoTeOX8J2XBtSzyM9ywI9Woz2Gh20yfHdM0oU_jX5oL2FZdfxPhPoGDFM3M1BxW-_w=w300-h225-p-k-no, https://lh3.googleusercontent.com/grass-cs/ANxoTn1Exym5ebAWLyVBPJ-GclaBl_dI8V305Y9BwaNtryWJjIMm9ATd8MYSYmyxk3zczgPED7ANeAsz3irFAU5MoeLUgDmE-vgU8KLwm2wJohofg1fKBg745pX6vfxsrUDdUBAaAz6H=w300-h225-p-k-no"
汪豬豬,4,2025-05-19,1 年前,吃起來還行，只是平常人還蠻多的。還沒好吃到會想ㄧ直排隊，不過公館這附近的拉麵店都蠻常排隊就是了,"https://lh3.googleusercontent.com/grass-cs/ANxoTn1XK8uVpZMPpuVJ3Db8X08u363jkMSPGDczaQFtILElFcFk3V2D1MwRV6vJmUB_lQQkPcVWmrx93c4WEe9O8JxztQkdsvegvfRqjzOSYQ-nWnPBnc2vcheAJ_GJrbRuV72Fq3egeg=w300-h225-p-k-no, https://lh3.googleusercontent.com/grass-cs/ANxoTn3F_w2VC8_2KNkxzS3NNnFXps40R6YkdrxbQJjszqVh_WoQkP6bZ_0j66OQXRhXJDsTiYBcLZcXSmLRuNZgJGtxGpaNZI84aXIbYG-0fsgRECaYsLpJCiM0fy81HIWSyesV1pg=w300-h225-p-k-no, https://lh3.googleusercontent.com/grass-cs/ANxoTn3Y8GLTRJvvkPj6YdRNJZQc_tfOYH2PRicuLulhQPOfX6ShvUPz10cWKX1iQvcXETgYqbsht_cdADOuo2AIb5VPqvO6lFekSlK9MPrftAJzkzXmDrv-RiVzYY0QymOG5CnrpPqHjw=w300-h225-p-k-no, https://lh3.googleusercontent.com/grass-cs/ANxoTn3Ts89DwZx90GZfDsi8-Y7DMxze9WgNlp_-LS2R4Qfl-T9V7MwdXV03odj0YlmmgN5G8Hb6dugTPJoDqpTnmtUiajozUTSCwt69CmgtFFtPoemzTz5XVhUC7bEmjH1BIpbUxm2U=w300-h225-p-k-no"
Kevin Liao,3,2023-05-19,3 年前,"中午大概1:20左右到排了15分鐘左右，店內空間大座位多翻桌速度快很多，對於我這類的拉麵新手來說非常的友善，店員蠻親切的，店內氣氛也不會太緊繃。
豚骨醬油拉麵$210+TKG飯$80+豪華叉燒拼盤$130
麵體的部分可以選粗麵or中捲麵（這次選的），飯的份量也有120g、180g、240g（這次選的）可選價位一樣，湯底中規中矩的豚骨高湯，雞叉燒蠻嫩，再來TKG飯料蠻足的，柴魚片、美乃滋、碎肉、溫泉蛋、肉燥（這個部分有點偏鹹）吃起來也很滿足，叉燒拼盤也中規中矩沒什麼好說的。
另外座位上提供的餐具很齊全這部分👍👍
整體來說這次的體驗算不錯，排的不算久，拉麵水平也還行，氛圍也輕鬆。","https://lh3.googleusercontent.com/grass-cs/ANxoTn2aG3Kub5KcU8oS2Eg_ov7L2K4r-rAAq8YbF3WcKBEVxPe8erplYYTnUMJ-HMTe9zIKZE-gh_gzgitHSSy06I1FB3S5SXc9TMlEYzhrFgPmSV-ApxwAt6e8_mtOeBC2Pe26erec=w300-h225-p-k-no, https://lh3.googleusercontent.com/grass-cs/ANxoTn1Wj3sUIpodDqjN5r-Fedkox5NSdW-dTrSnjLA5gLgclR0WJ9dfWBvLC-MYokPtfi52rcDaP-Z40Fo8HseYleV74zvXW_aUO0630qW_37DcXbwOAUOWisty9_tCfpa4Ua8SlmPY9w=w300-h225-p-k-no, https://lh3.googleusercontent.com/grass-cs/ANxoTn3_hxuOlGZ0HN2SMk6fofnuh0hcIdkCueN0e44AIJVz2wvojm3CZH8gip4eOYIVkVVn16ek-M7o2GurS90P4wTtj46j93fdeUyLjzbdJI5-nv6Fg7J4oT990oKtfWuMeK6CcT0=w300-h225-p-k-no, https://lh3.googleusercontent.com/grass-cs/ANxoTn1dy8h09mGcffg3PIjSLIO4cyGnax4AI1r0zlozYNuy9UegQpNkXczq99iE5o7BVNuLvaQhjjiKDyXhpM4TQpPxmgyIye1VUFWt9gM-ARlDEDc871j5XJb6fk1HGPfCkp32MuJQyw=w300-h225-p-k-no"
Barbara Chang,4,2023-05-19,3 年前,"【隱家拉麵 公館店】泡系雞豚拉麵🍜
⁡
🚩先說，我是濃拉麵愛好者。
⁡
#濃厚雞白擔擔麵 $260: 中捲麵/硬度正常/大/要蔥
Hen好吃捏，味道很夠!
我以前其實不懂擔擔麵湯頭拉麵的美好，總覺得味道會搶過湯頭的鮮味。
長大之後才發現原來是因為我當初吃的實在太不怎樣。擔擔麵我跟你說聲抱歉。

這碗拉麵在風味上其實融合的挺好，再拌點蒜泥進去會更上一層樓。甲上上

#濃厚海老沾麵 $280: 大/要蔥
⁡一上桌我只能說這擺盤有夠豪氣。
湯頭so very蝦，很像一群國中生蝦子約你週五去六福村的那種青春程度。
由於太年輕了，所以巴湯能力稍弱，所以我都直接把麵條泡進湯裡再吃。
整體來說還不錯，然後我個人會希望湯頭可以再更濃郁一點。

整體來說我覺得還不錯，公館店入口也跟座位區有點距離，所以客人不會因為開開關關的自動門一下熱一下冷。
喔但有一票學生吃完麵坐在那邊滑手機的場景，讓人很煩躁就是了。(我的問題)","https://lh3.googleusercontent.com/grass-cs/ANxoTn2yVN3EcQlxRlwo5J3iDGucENiwtST3o1hq3GTLEPFMj3Dslb_tBBBfAFzYmwu5An175GU5ErcXdFjdOkxO63wo-StrM8Okm-tytXn2OaoLlet2jm2LxBdhdwYFVedZFFluuYZCsw=w300-h225-p-k-no, https://lh3.googleusercontent.com/grass-cs/ANxoTn1FJOTDbPCk8oWzLy-lZauUqjlBOaKDpjrw0Qupfqlgc-NQhnwHjWMvvIQUlRgp-YGCMGsyJCKV60wzfh4MtKyBwgqnbNHYAHMQoWBCO0Jy7k5_XYDppXktlAZBP3OuEwPSEJV7=w300-h225-p-k-no, https://lh3.googleusercontent.com/grass-cs/ANxoTn26k79H5ROo4CymU_0FV-UIsL08hbyNnGBJybHfUjvxLD1D1-hRmO9c7kcvKaDEgD3TuC0ofwzWki2UwP_mxLQfoqqV-4AXsHw81P0kk-M1m4jUqZkmgFn0aLUBiFn2CcGaAPBWJw=w300-h225-p-k-no, https://lh3.googleusercontent.com/grass-cs/ANxoTn0za01duEU2DhAzjb70aW7Z55zfrV_QUWDlGvYHjyS0JuCVHb9ZkWlsrQHB8kcqhkQ1Z6kpL7lJtCXpSqU12efpRntdc7oh5GwuzXmAO-vY4SlvdIr1Wi4Br3OZA0HqJeub18a9=w300-h225-p-k-no"
clover hsc,4,2023-05-19,3 年前,"目前只有吃過雞高湯的。湯頭是屬於比較清爽型而非濃郁、膠質型的湯頭。麵體我是選硬一點，比較特別的是拉麵裡面的叉燒看起來是舒肥的做法，肉味（有點快要變腥味了）不知道是不是我剛好遇到比較沒那麼好的叉燒。雞叉燒倒是真的好吃，我自己加點的綜合叉燒肉盤的豬叉燒反而卻是一般三層肉捲起來的滷製傳統叉燒與拉麵裡面的不同。
然後飯跟一般印象中的叉燒飯不一樣，主要是這家的飯是一些滷肉加一個溫泉蛋而非一般切塊的叉燒肉丁淋上醬油與日系美奶滋。

綜合來說味道不錯，但是如果要排超過30分鐘我就不會考慮了。店裡面座位不少所以用餐也不會讓人覺得十分擁擠不好移動。下次會來試試沾麵看看。","https://lh3.googleusercontent.com/grass-cs/ANxoTn2rDuqF8Gwgl2JVEk9iQxq02JPRWyXPyFGjl1VMaX90dt37eYI5SdQFVS3-K5xU_Q2gBsjUOc4PxPayPUc5pUBdwLqyvxcug73l8frqvIBeftjiEQPEr80W7l2st78g3_r4rq3x=w300-h225-p-k-no, https://lh3.googleusercontent.com/grass-cs/ANxoTn3QTOu0e0RaGOouEVLXG9_BYpT_A8ZHIQ32vcqVkJHqjk_bKAoJM1U_glUYEM-NxgkvVIwZwK8KuZMXMve7MXP-i-LbKJLmGmkxmBblpuMzI2Lv3RcBKFdQ04CNIlipkH0mAkah0g=w300-h225-p-k-no, https://lh3.googleusercontent.com/grass-cs/ANxoTn1U1SQZWE6r2kHdffE_wPFgEDQcgBvEIptc2GOUu-y05Ok9-qLuB_z1lSy51W0-tQ9a71ZLSC_ZznbaEDoG6jv5Wjy--5atx270ZVbKCYMQ4sLXbeFkBP00eGibW8E3IoQNcEyC=w300-h225-p-k-no, https://lh3.googleusercontent.com/grass-cs/ANxoTn2Qp-Kws7lczkla6EN7gZlhlsJM0E3m5rT-bbqU1orD4liNIVOCsH4QfLnW-G3iPxMsjfFkqOa6oSfVJcGn-Y-Cfom8IbW58LdrVgKV7XB40KIaor1ySBU4VfyPLoAVnB9yU2Yvng=w300-h225-p-k-no"
Vivian Fang,5,2025-05-19,1 年前,今天點的是干貝拉麵🍜還有辣豚骨拉麵，然後加點肉類拼盤。細麵吸飽充滿海味的湯汁，搭配舒肥後燉煮到軟爛入口即化的叉燒，真的很滿足😌。湯頭濃郁香氣恰到好處，捲麵表現也令人滿意👍，Q彈🈶嚼勁，在舌尖舞動然後輕鬆滑入食道，不愧是排隊名店。店員招待ㄧ尾鮮蝦，新鮮彈牙，真的無懈可擊。,"https://lh3.googleusercontent.com/grass-cs/ANxoTn10xW9tZ-YOE1nYwV4P_L3HewgBQnn3OqttupTYpT6qoinqTdzN4XrgPEn0RsobJfHleln4Y64qCiDq7nF-dWVVn8Cq_Ih9k8twopxGBSybflRePhpTsiRHwxTSPuT5aj4UH3I0=w300-h225-p-k-no, https://lh3.googleusercontent.com/grass-cs/ANxoTn18XYK6Zp6iWKemiWHiBbgRmSeq11z-nY-9WxruqaZjbBjoYdrBgmjcfzqo2PENxLfseMYCi4syByQMv2hWEAP2aPc26d8N46YcO04QYfo6MonqAnbo9Eg43MXeaRlO-hwh7zcN=w300-h225-p-k-no, https://lh3.googleusercontent.com/grass-cs/ANxoTn1l6TmhRptzPFIpCKoovMyMrcXoEMbRplZgUHWwR67PZftLwqDULc2DnyQhKs1ot7098lDYCsUkvLrYcTaICgbh8hxClUy1EDbDzw2bWjSFwYfyiD9cSYWLZKqGefTfaKH0wPY=w300-h225-p-k-no, https://lh3.googleusercontent.com/grass-cs/ANxoTn1XihZt0xcc3pWPUMJ7sbmTtX6IHxfkhHXNuvbzlwnJVK4EZcdgbxyZwwp5QgJuwmC1nCJv5ZFY4hWZnJG7ajbdH0MjVlxiMyl16BZJEx858ByxCFtQ8V0QKOq2CqyAkS7fk1yKbg=w300-h225-p-k-no"
Kevin Yang,5,2025-11-19,上次編輯：6 個月前,"位於公館一帶的隱家拉麵分店。
平日傍晚六點左右和假日晚上七點抵達時，店內生意都相當好，不過這間分店座位比其他分店多許多，實際等待約十五分鐘即可入座。
本店主打的柚香干貝拉麵（280元）兩次來訪皆已售罄，若想品嚐建議提早前往。以下為餐點的簡短心得：
・豚骨醬油拉麵（230元） — 經典濃豚骨湯頭融合淡淡醬油香氣，搭配一塊炙燒雞叉燒，味道穩定中帶厚度，整體表現紮實。
・黃金雞湯拉麵（260元） — 清澈雞湯湯底清爽不膩，搭配四片厚實舒肥雞叉燒，佐以青蔥與紅洋蔥點綴，口感平衡順口。
・TKG 飯（80元） — 炙燒叉燒飯搭配美乃滋、溫泉蛋與柴魚片，香氣四溢，滑順濃郁，是食量較大時的好選擇。
以拉麵的水準與份量而言，價格相當親民。在臺北市中心能以不到三百元吃到這樣水準的拉麵，還不用排隊太久，實屬難得。雖不提供免費加麵，但可於點餐時加價選擇。
整體用餐體驗佳，值得二訪的拉麵店。考量排隊時間的話，或許是隱家各分店中最好的選擇。

餐點：★★★★★
擺盤：★★★★☆
份量：★★★★★
環境：★★★★☆
服務：★★★★☆
排隊難度：★★☆☆☆
性價比：★★★★★","https://lh3.googleusercontent.com/grass-cs/ANxoTn2rHeeqPvWW0zqY-3HgmaiMhGjc96RXaIQOgdw55f7pXh_FVrbDCdxUB3ASbq0ma2wKnFm3aGwfpT_3Jq_wUg1l0voyFUH6FC9h9tcZkvIC-mZ4moCbXurqalUVKhluVy67NgQap-Xhxc-n=w300-h450-p-k-no, https://lh3.googleusercontent.com/grass-cs/ANxoTn0VRnNPmT5JzJeGzZsA44vJAkiiZe2YPwc-pCFQfXM1OzA0_mQ9D0cttbU22nWaZdWreVlDdgfeTpbL254w5o6dZhNTlffMvFrx98ADbmZCUxw9GQdJKrLOyiiMtvSj2eusuV1OpaZ6XtE=w300-h450-p-k-no"
k jimmy,5,2025-05-19,1 年前,"來了大約第四次（本人不喜排隊人太多時就放棄！不然應該會成為公館必來店家💘）

食物非常好吃😋干貝柚子拉麵🍜的湯頭清香甘甜干貝也是新鮮美味 非常適合🈴夏天！但每天限定30碗！要吃要早點來！

🦐沾麵也是非常好吃！醬調製的剛剛好不會太鹹！很好入口！其他配料也是可圈可點！

價錢部分我也覺得好吃合理 這價位可以吃到這等美味很是值得💘

另外服務也是一絕！適時的會關心口味是否適合
湯頭濃淡是否要調整 再打評論時剛剛好有人要加熱湯！這也🉑🉑 令人感到店家在服務上的用心

值得一提的是！料理處是開放空間！你眼力所及之處基本都乾乾淨淨甚至發光乾淨

難怪可以成為長期還沒開門就大排長龍之人氣拉麵店

隱家的所有人員都很棒！你們要好好保持下去喔！","https://lh3.googleusercontent.com/grass-cs/ANxoTn2TN-itqVb5cLaxaOKbuWEz0502rojWrRM4gfH4TsmvgaeGI3lCT3cPZSE109ASPYR3C5Hx54HG7nSMkn0vbIVdsPzbBfuQg3AsMLIrzuNcv43RExgU_ZMQE_h8RVJMMMBFC5ze=w300-h450-p-k-no, https://lh3.googleusercontent.com/grass-cs/ANxoTn0AJrLTGtynd7qrHZG93ca9E1fgCjKQHjMRfez5Q4h_5tQshtOYjFLA4mv5YGyWUKLj8GN9aH5CWH1Ub1qRfIJZdgf-Kl03muVJKCSCsJ28rX5Bop7ipWCtUj-Q8lV-dyAqczetew=w300-h450-p-k-no"
Wenna Chen,5,2025-05-19,1 年前,沾麵是蝦味+豚骨湯頭，味道適中，沒有想像中那麼濃厚，沾醬是微溫的（不確定是不是本來就這樣）；擺盤很漂亮，肉也很好吃👍,https://lh3.googleusercontent.com/grass-cs/ANxoTn11pZtjma9dIbZ8b9hLtT6kcmr-MQfomrwMoJ_7m8EHNsBEOkySd25KO0_baFCjV9Kc4S_jhzLG-0RafI-ta4uGJ42jj755H7z0hrQIMpYAJaXVGe-ohH4lNToNgpBSi4NBX4aCKw=w600-h450-p-k-no
吳小瀧Alan,4,2023-05-19,3 年前,今天晚上的正餐是吃拉麵，隱家之前就一直想吃了，平常經過赤峰街時常會看到在排隊，之後遇到疫情及工作位置改變後一直沒機會，今年在離家很近的公館開新店了，也是到現在才有機會來，點了自己比較想吃的豚骨口味，再加了一份叉燒拼盤，湯的口味選了正常，麵選了粗麵，大份，正常硬度。叉燒拼盤算正常發揮，其中圓型的雞腿叉燒相對比較好吃，麵的口感不錯，湯不會很鹹，也不會太油膩，算是一碗順口的拉麵，只可惜太晚來吃了，多花了1/4的錢，原來五月時已漲價拉，哈哈，但還是蠻推薦的，感謝招待,"https://lh3.googleusercontent.com/grass-cs/ANxoTn2TVcYELRzi3XvVUtu6CjKY5mSG3FdWl_CwSj3znK-oBPAswl3elsTL9fuP7ZYkfHcZpaqmuarwWe4gzxaE1uQ08gNVa9pOJIKjWU2xRmZb8TXQuFR8LlO0aRE9x0tW5ngh03k=w300-h225-p-k-no, https://lh3.googleusercontent.com/grass-cs/ANxoTn2BHRyUO4iqt_645EY6tLR4Or7jO6arsqFj7ceAK7w6eZeDRHvY1r7b0YGIIO-d2Z0oaZQxB6-q10QFva7SUyKpbH386G7OAsRegFIr-3Mnz0lPOqISEzzpuaJ4Y1UZ_-aaLfY4dQ=w300-h225-p-k-no, https://lh3.googleusercontent.com/grass-cs/ANxoTn3n2siDJlGNHrnVIBtPllCJ3jPx51M3b05ggDZW2ZkB9z4iqwEEPFBQ209iFLUdclChXTEfbfkD3MnQpRbIZEh2u0AcgCnx8NdUqx4bcJFhxr7WPft7h5HzYUwel-ua24MlKTYt=w300-h225-p-k-no, https://lh3.googleusercontent.com/grass-cs/ANxoTn0U9voiHYukXfrFUVBDee6rDErFngeCrSl5HYSakwLzaYzg_wn29UjrYRHBm9Q6ZrY7pJ3xmdDkW5gqth2gsL3hnfM4SB22M2LPsEC2BO4fd3Enc41IHeu3UTNO7svSYT8IRnUlmw=w300-h225-p-k-no"
7 Chen,5,2026-02-19,3 個月前,"常常路過都排超多人
今天特地來吃看看
辛豚骨拉麵 超級好吃欸！！！
湯頭超級濃郁，很香
也不會太辣。
好吃到整碗吃光光，湯一滴都不剩","https://lh3.googleusercontent.com/grass-cs/ANxoTn0_Ohw796fEIswBRk-DjDYdjx5SlhZDduGa7Xvk8CdtK2adOswBV6AAbq34VV6x3CPtgB1icXlwoHZha45wCDatAueUl-HmnSIvvlQDyhJULZSif7M_Nd8EjXoDUJO0cT9Osz_Fv5WFGTRl=w300-h450-p-k-no, https://lh3.googleusercontent.com/grass-cs/ANxoTn1nhpU-JkYhi0b1KlwR2BkhFfp97SDGcj35zgdrkQujOpJ-3eIRjH5btl9ssgoVyoYTNw8CLRwkR3EfkBWOfNhgKhh9dm1ndcYvhjJDhyZ9Rjet4H5wkY2d5QPYCvetQEryogP7Ey9XHc2F=w300-h450-p-k-no"
john wei,4,2025-05-19,1 年前,"可惜沒有吃到限量的柚子干貝口味拉麵，但是辛豚骨拉麵也很讚，超過的辣肉末跟豚骨湯融合的很好，攪散了之後不需要再額外添加蒜泥與七味粉，內附的雞肉叉燒也非常軟嫩不乾柴(這個厲害了，我一般是不是不愛雞肉叉燒的，因為失敗機會高)，濃厚的湯底不會膩口，我基本上喝完了，真的可以再訪~對了，食量大的人最好在點餐的時候多加麵，不然可能會不夠過癮。
店家的服務態度是很大的加分啦，用餐環境也非常舒服乾淨，連等候區也是寬敞的，不過要記得帶現金就是，沒有其他支付的方式。","https://lh3.googleusercontent.com/grass-cs/ANxoTn3K7KtRs--mkf6Nrl6RRjdd9aeH1UlEbZi63EK_cFby4NPKONGfwqayRpfaDqNY3n9eMYMizDYcSG03j0kxlW-EEtu19KG6-bpa-GXOP9Ll3NkKdVyYcJEvFTFJPfTX2GI9LdNtPA=w300-h450-p-k-no, https://lh3.googleusercontent.com/grass-cs/ANxoTn1fFZEOZtar1wkUb5lpcv3P2yN5JHerrbSPadtla8bBlYNheo94zaKBUsbkXmD3aNm5Q3WOVPy_6MczSXQwNlD0BargB5H34_ui_hKULbSvlosSaQb8MFWTJsnLMv0LhIP6zZao=w300-h450-p-k-no"
Kenyuu,4,2024-05-19,2 年前,"店内空間算是大，光是入口處就有一小片空地讓客人坐在這裡排隊，與其他拉麵店一樣，人到齊才排隊，禁止解壓縮～

黄金雞湯拉麵：口味较为清淡，附的是舒肥雞叉燒，店家撒上黑胡椒粒增加辛辣口感和香氣，湯頭則覺得較為清淡..

辛豚骨拉麵：炙燒過的叉燒軟嫩、大塊厚實，略帶肥肉的叉燒完全不柴又有嫩度。
撒上了柴鱼片、海苔、葱花，加上店家特製的肉燥增添豚骨湯頭的香氣及濃郁度，喝起來不腻口，香濃到整碗喝光光～

很推薦「辛豚骨拉麵」，湯頭與一蘭拉麵有過之而無不及…小辛口味完全沒辣感，可以往中辛、大辛選擇！","https://lh3.googleusercontent.com/grass-cs/ANxoTn1kcExFVSs_lCPDS8sYHqXC1dgG7hqc29nlQj8if86B0vKWHv4f0lViPyc_JldD7lJH6Cndv4W84H2af8_F0sENB4Whxu3xY8zsN0C3XuvtDg6UPwNpG77eQmML0xD3okWqLo1T=w300-h225-p-k-no, https://lh3.googleusercontent.com/grass-cs/ANxoTn1odWzmuuTTnzm-ZjrWzZRPpdZCaAg9YEfN8BvXMobhjhATtSxA6unHmF_Nz4skXAmg-kKyoa3ARU7F0AZKkGmjVykf839fEtDiG8eVKd20k5yJaiFaMoBFBM2hSKsgtVEsiDkZ=w300-h225-p-k-no, https://lh3.googleusercontent.com/grass-cs/ANxoTn2TYPwNN-0ddnCP12VIKMwAzpBXlco_RtyIxVOlUg98YP-3sn02o_Oy40P2i6wP6atTrIrtW1z08fuUxn6w6zD1Rj7OWwwXliZ76XYOlqtORyQHDZay-_zn93l2BtyGwOprQnPm=w300-h225-p-k-no, https://lh3.googleusercontent.com/grass-cs/ANxoTn2BRe99I_E1g8NgMe6djbDI4gR6nYQKpExzw5RkkxIxy360K3R1Haau0xJRc4m_FtLdYER4QUHCqiQYtVKNUaICf0gvoYYg99rIkyZUvAwXKJis7TJOiDc8qwEiQznYpnXlaPjFsw=w300-h225-p-k-no"
謝佳倫,5,2025-07-19,10 個月前,"豚骨醬油拉麵-湯品很濃郁，麵體選擇硬-Q有咬勁，但肉只有一片。
幼兒友善有贈送海苔也有兒童碗，在深夜時段吃晚餐，真的很棒
服務也很不錯，乾淨舒適，會在回訪的一家美食，謝謝","https://lh3.googleusercontent.com/grass-cs/ANxoTn301CK4aMZoWMgztwzeq7cMOrOYx6_oqA_E3DLoJ8rgSAxS-oegcSb9SbGS6IdGeFHTvLFipxVfjBEpnrhgFD4_m5WIEtK6FLan0w-TqC4MxjqB4RQ6lPgn9S0XKIn3j8htR71cVmHihY8q=w300-h450-p-k-no, https://lh3.googleusercontent.com/grass-cs/ANxoTn1AyoSh3xCYs2WMtZmgwA_X4bL6xBtZQYqAbIBuf_N6WjIBL-JvEdxI9v-aH9LNTMLwuqxWItT-zvlBoGoEOdu-w8ApYSdN12jgKRavCPxQpWBmg3PW756v41Gqs2pVgmd7ALeL8SguYmc=w300-h450-p-k-no"
O Jim,5,2022-05-19,4 年前,"一級拉麵以及學生餐廳戰區-公館地區全新開設的拉麵連鎖店，頗負盛名的隱家自從開在公館以後，人潮也是不斷，比起其他分店，公館店的座位明顯多了許多，而且位置也十分寬敞，店內也十分整潔，吃餐點起來也更加的心曠神怡。
這次吃的是雞湯拉麵加上叉燒拼盤以及溏心蛋，整組搭配起來肉感十足，兩種雞叉燒以及一種豬叉燒，走舒肥以及煙燻兩種不同路線，舒肥看似清淡，但其實也是有一定鹹度，同時也非常的入味，而煙燻的則是香氣十分充足，但口感卻也十分滑嫩，處理得十分到位，豬叉燒不走油膩路線，而是稍微炙燒後，香氣最足的方式來做呈現。
雞湯頭則是非常濃郁卻爽口，且底下有胡椒，香氣更加足夠，搭配上旁邊可以自由加取的大蒜末後，整個更加入味，是間值得推薦的拉麵店。","https://lh3.googleusercontent.com/grass-cs/ANxoTn23Yc8v0lcksdeCyp6wC59IK7zjFaQPHv6TBxCWZFi8t0wj4DxrpCdGfa-LtlZYVRQRk7SFFcQVgfYXpIP6afAzPgFWm4MVnYbqwEEPXUFOwPkfMsurJwVOgnCaDsXS5A-Y2lls=w300-h225-p-k-no, https://lh3.googleusercontent.com/grass-cs/ANxoTn3xaNScQA0RlEMcTzTg4KAzHKMxPWzXH5NLBjrirIOIT_BtsJdUJPmwc_kGf6O-E-nZX5bNGv2zV4aaZ1dc5Zd_9C7qRGJzSXpo4F1qVOencVhOPCBXD__0siGXUxMRawGRTmHrKw=w300-h225-p-k-no, https://lh3.googleusercontent.com/grass-cs/ANxoTn2cEqFcf8teIdEnILAOoGj1l9G-_8wFRxYzKiuq7Mz3lcW14mfnihfm44X8JHlhSP_aYl5Q3H0ffMMtRFpvD1Ae1NECoA01m0ahlIUCjDlcUAw4G_6Aqi0cRXYekRQ3jra063lS=w300-h225-p-k-no, https://lh3.googleusercontent.com/grass-cs/ANxoTn0cgUzLb9LKPZvowedKGzaTqH5JiKE72ziGTgtPQRUsbGV7O66QYNys1BglsoJpb7ISbc2nn2d21srJwSZt5Qod0YjZO2L0xeCXamkEbgh477NKGdycROwJPsHaktVQpcSQdCaDSA=w300-h225-p-k-no"
S,5,2024-05-19,2 年前,雖然排隊半小時起跳，但店內用餐體驗很好，最喜歡黃金雞湯+豬肉的組合，吃起來很清爽，肉很好吃非常喜歡。豚骨還是有點太濃太油了不是很合胃口。麵可以點少量就好。湯麵會越吃越熱。坐吧台很讚，可以看到廚房流利的分工，煮麵、煮湯、做肉品、擺盤、洗碗機，很療癒。有地方可以放包包、外套、雨傘，很貼心。店裡的佈置很裝潢很用心，很打中我的心。,"https://lh3.googleusercontent.com/grass-cs/ANxoTn0SaDH-sQNtFj4ol4UGvTm7Iv7o0N3MgHi4j7YVJvjVcPW0dgKfL0MHQ0uxr0lv-d9C3q93iAUMdNbVd6LyLUBp12TStiJ30Y-zHRj50ooK-7nPdGorMjbB-K_HELOqwbnIKY6Y=w300-h225-p-k-no, https://lh3.googleusercontent.com/grass-cs/ANxoTn1wygiy-xbnss-Ga-6XDOfrqS3MuaMYIq1K_DGImW2lL8RMZbMsLjiIMkfXbwpZFyhxCVPevlsJ2YcKFQ-hpSDu9UivEv733_-q9-eeX9TsIc5bph9S9QJYjCF3XQQnNPYP_15qSA=w300-h225-p-k-no, https://lh3.googleusercontent.com/grass-cs/ANxoTn03pZtxeWeg1iMdJ2dJ4lK9eCuJJJ0WrecYZ9sa2V0xHjZzijiYNx-1F0ng-CqzLlBe851NIRDapzgI0Z8ld5CikDCiZxBU4FMAB-mNTYAv8dHkLlflMzBg4eMyaZNcBklYPdh1=w300-h225-p-k-no, https://lh3.googleusercontent.com/grass-cs/ANxoTn0fI9B3yLdF-5lOGyAc7USD59OeY51mQ_lRNMpJ2bu82vybNcxhH-Zl0p9MgjNdfz9B6Rj6cZYsF04MYUSRJTaY02pmSIIMhX8gTuX04jtS8cdJL-1XE2TXnjTDrUDqWCynqhgyuw=w300-h225-p-k-no"
怡嘉,4,2025-07-19,10 個月前,"豚骨醬油拉麵，粗麵，麵軟硬度正常，鹹度正常，加蔥。
湯頭濃郁，兩片炙燒厚叉燒，鹹度應該點淡，搭配冰開水可以接受，符合期待。價格可接受。",https://lh3.googleusercontent.com/grass-cs/ANxoTn0-IauRETiMjTwa0mATUXu6qmfr9msKHfzvgUlF1OTFy7VuC4BIIfIk4Uq9gfnG0hoZBLfAMh8xW9uYkL6Fcsr_S1_Fp6w294K6FBnh_XylEG5cQwH-lz2RXLGHAifU2MDpoos1OL8Ik_95=w600-h450-p-k-no
U・x・U,5,2025-05-19,1 年前,因為是小有名氣的拉麵店，本來以為要等好一段時間，但其實只要排隊10-15分鐘。今天吃海老沾麵，餐點一來就先喝一口湯，「好蝦喔！」而且湯的份量夠多可以當濃湯喝（但可能有點鹹）或是帶回家沾麵包吃；麵也很有嚼勁和彈性，雖然沾麵不能選麵粗細軟硬，但我覺得這個麵很好吃；肉肉的部分份量很多，有雞胸、叉燒、燙白蝦，男生也可以吃得飽，蝦子的品質普通，雞肉和叉燒肉滿有彈性的，但調味比較淡，剛好可以搭濃湯一起吃。,"https://lh3.googleusercontent.com/grass-cs/ANxoTn0sJzmyjFTOqiL9IeJmcVfvlZ8dk6XGwde-sn8589dNQrte9iWUmXAotapAaFaTW_S3ldCTZGMgt6yk7bApz5wwspo3lmL9eqy0MVvFef1npUESFxoQKFt5Hl68Qzv0CNiWRECj=w300-h225-p-k-no, https://lh3.googleusercontent.com/grass-cs/ANxoTn37W0NDFhXGRUbvdblBH9Z1ErsmZZycpxkf1VF95ymhmTUJv5wiFJ-P_UVRUwGdopPexl6MDyocjvG3DD1xfdlxbj8V1iFKy-Vdar5CAo5EDsf3PA82rxgD3P4A8PEkQrq8z77X_A=w300-h225-p-k-no, https://lh3.googleusercontent.com/grass-cs/ANxoTn3GcnpQIa-3gFLgKKIE1oR5hTnMY8DWxxMSMlD-Xt-7rdJKdz88hDnxOpjq9ZXm07F_JF4krhPzfNQmjXD6xr2ohAJnRz7ODCCtWRp9BFcuRkpi-TPCgRtg5TsxaMgDF6txJzXe=w300-h225-p-k-no, https://lh3.googleusercontent.com/grass-cs/ANxoTn2E-HdRszUM2fTTqQO_nEXq6tc276k6L_v6UZ54Wwr7WTaVTZqVhW8WiWRumXDJROL0gnGulXrW1RPPFCUVCETTMi6-elooTLZ7pStj5VVl17-zxsR9giwx_f5wfych6PwQsjUDhQ=w300-h225-p-k-no"
Tsung-Ying Li,5,2024-05-19,上次編輯：2 年前,下午16:30開始營業就大排長龍，需人都到齊才能排隊。用售票機點餐及結帳，叉燒肉很香嫩，重口味的我很喜歡濃厚海老沾麵，家人喜歡黃金雞湯拉麵。柚香干貝拉麵（每日限量30碗）的干貝有經過炙燒香氣十足，雞胸肉跟叉燒各半，不錯的搭配，麵有細麵可以選擇，還可以免費加一份。其他口味的拉麵麵量可以調整，加大不加價。好吃又飽足的一餐。,"https://lh3.googleusercontent.com/grass-cs/ANxoTn1KLOIl5yGoaunOzcDS_9cWIqHu2k0fIGrRHJBygU7axuG3nBWKL_3BOIxfxbcaDLTfrqm2Q2oPFoGXr1ao-yGzSl38N8a3EWclvCn-d-mCQZYIQfNTZOkrLz1jb9dpy1WyBA-6=w300-h225-p-k-no, https://lh3.googleusercontent.com/grass-cs/ANxoTn0IUgIlJUhiSWduNKwQVNDBriotfjw7OyNJWymCUDLQ2wL8zHPzIvDSJBGnzftvusI7MPOy6uBH_biZuvcSoSUJRamU-aO20LEWpsXETz-k7fnPGZeHLSI1X4e0yX69RiUDt_dtkg=w300-h225-p-k-no, https://lh3.googleusercontent.com/grass-cs/ANxoTn2r7fyeBcpfzqqdgRJp3K_w5JEzWqDWdkHCfLTa1Rk3iIPy_krPSur579XEEDL2sn9A7G1Cvf3V-I_j0iG9riy2wKXZlnWwxykgnhk5BcOMgRljXzTwa_pWBtUQNgftqCAXSD8U=w300-h225-p-k-no, https://lh3.googleusercontent.com/grass-cs/ANxoTn1TEE4zTXpMasBZKyNfyhBOyOHQoMuz-ADWJ0S6-xvV8eoOFgxoRPxGgiInW3W13Q7yePvMqxd3c7fWhkx7IDp8BvU1Psdq9pQ6sL87kxlNwrbVAP6bihaVGMuWqFI219zvUIYBvA=w300-h225-p-k-no"
ManLi Jhang,5,2024-05-19,2 年前,"拉麵好吃，排隊排了快一小時才吃到麵，入座後還是要等一下下才會上來。

舒肥的肉很軟嫩，好吃不膩，溏心蛋也好吃，拉麵點硬的，比預期的軟。

店內氣氛很好，乾淨衛生，廁所在最裡面，乾淨整潔。","https://lh3.googleusercontent.com/grass-cs/ANxoTn3DzvuZ-oP_METgqTcFtCrVMbOmmWten1R9aTdsLZqrSN39JFg-zTw2aZY19IjU3xzhY5OZKRezWkOhVaSGKwADFpVS80SK8ok02kmwWLxg5lCVxWi1DnkaXPyePNKuC5UWd19o=w300-h225-p-k-no, https://lh3.googleusercontent.com/grass-cs/ANxoTn3LveffDORrfPAfZX2lOGXobeRpGvokrqf2l03mqEB1ARAyAZ4sC8cPwWOzXaOpHVZy6IYUvjV0ONyjzGK-_RsahADzopC_-sIWmpSFMIFJNvJQRPsw1msiDTcnHNZFrKo1Id4=w300-h225-p-k-no, https://lh3.googleusercontent.com/grass-cs/ANxoTn1C4glA1jxP_8xY1SfNLREzNZnJkqAiOtQXNkX-QWqfa21ak_iT4szPiXAgE8jdEtWxiwegYOzMnGyxZI5RHVDmtAKPXPAXfTYsx9IP-j_ndbIkfNenD0XJHzLTP1mG2WPcB2fOZQ=w300-h225-p-k-no, https://lh3.googleusercontent.com/grass-cs/ANxoTn0gJscPHhVVHUY4dv4Hk52cIsIsId1N20dqNGatmDVY0oKv3aHRCEQuHR4RowOFGj5REFuJokvH1fatdsN7TOWHgMigvQKwouhlFdo3DBLxLg4wjg16ABlAL9dl0y--gQrBs1E=w300-h225-p-k-no"
ronbing Kao,5,2023-05-19,3 年前,好好食體驗！內用座位多，比一般日式拉麵店寬敞，味道可依個人喜好調整。店員都是年輕人，親切有禮貌。內用插曲，煮麵計時器掉入煮麵水裡，店員立馬關火把水放掉，夾出計時器後，再放水重煮一鍋。柚子干貝限量，這次沒吃到，一定要再訪。,"https://lh3.googleusercontent.com/grass-cs/ANxoTn1eMz9VV9a2RnQUJdImfnmeEUETt7DrUUK9RBrj3ghjQn-ptdK9JKErTe_RJ12EjmjndhocegMVhJ_m-2hEkKQHwt-owT5nU1r2aEb5UfqeKdK3Pet5T93DauM0w_9pLXDbZuUM=w300-h225-p-k-no, https://lh3.googleusercontent.com/grass-cs/ANxoTn1yKgVh0jnWGVcAoMWyO1ZYCV0LFboJFoO2qPhn7FyEG_sps6NlrfrGl-_zKvLK8-V1SScPG7xcC8nVHMT1rjsFG7hvKGKemWst9MxiGtwi4c3nFTJ-U7j_jFP9Lbo6aQnwSIcAXQ=w300-h225-p-k-no, https://lh3.googleusercontent.com/grass-cs/ANxoTn0oUIAVSYGY-Vv-DPlG2saxo46yLLAi61YrowDX3RIeSZyjfb4g_U_s0SA0fr13GitMW1I8iDy1ISqxTNyLiniGbMAUWKzThMOGRGJYSkUNd5jiT1Yr1JXR3brzM8KWSKNXqQ3v=w300-h225-p-k-no, https://lh3.googleusercontent.com/grass-cs/ANxoTn0Yir8FYNXOiKmgsbt2qOFZvAMuaY0liW8TM8HCSsM3WxAnI7ykwVTIZCuQ75Cr65WlbSRxgsbc9B0cCHw2QXqHqwM3oUvPQ6UpSYNswLUNIUAOWY5H4I4MB0eL8XxJAT4yfDw2Bg=w300-h225-p-k-no"
Che-Ming Liu (Lao Liu),5,2025-06-19,11 個月前,"環境乾淨明亮
店員態度佳
可惜只能付現沒有行動支付
雞湯拉麵清爽好吃
中捲麵Q彈有嚼勁
糖心蛋一般 不一定要點",https://lh3.googleusercontent.com/grass-cs/ANxoTn0RiwomydAFleozcod46B6-f8m-GiLj0TJQb5QKeGpIY-yzoRA7Dh4DYcguf0v_DPA8TUWfBsT4aJ_0WJQDP8j5iF_qBtSRC7M0p5903QPSw5PE5cbmoib4rlRjypvBTYC8V1-GCgq_-m8=w600-h450-p-k-no
Ko-Han,1,2026-01-19,4 個月前,很小碗的拉麵，也許是我這輩子吃最小的拉麵，加湯加麵都要錢。口味方面沒有什麼特殊的，也許是因為我點了雞湯，真抱歉，我吃不懂它的好。兩百多塊不太值得,
JL,5,2024-05-19,2 年前,"排隊約30多分鐘，終於吃到這家一直想吃的隱家拉麵. 我們共四個人，點了豚骨醬油拉麵（原本沒有附溏心蛋，所以有加點溏心蛋）跟濃厚雞白擔擔麵（只有小辣選項，有附半顆溏心蛋），湯頭都滿濃郁的，我們也都覺得很好吃. 店家會問你是否需要加清湯. 我跟兩位家人都覺得剛好，一位家人則有加點清湯.

先生愛吃細麵，而有細麵選項的只有濃厚白雞擔擔麵跟柚香干貝拉麵. 原本擔心正常的份量不夠，所以他選了大份濃厚白雞擔擔麵，又加點豪華叉燒拼盤，不過最後有點太飽，下次他會點中份就好，應該也不用加點豪華叉燒拼盤.","https://lh3.googleusercontent.com/grass-cs/ANxoTn050QZgV_sE6XELQFVQmyWHFsmspHL-39pqJ508-BK207a9ufHrFtykDo3Aj5EjjR05gHGEqgXztW073BHcgDvzHr7_hrlbzlZGfOwNz8jvTJcUavHd2H_R5vCeUZjHVJx-n4ldQw=w300-h225-p-k-no, https://lh3.googleusercontent.com/grass-cs/ANxoTn27NAjCLau_yn1uY3Hv2eRo2yFVoBzADjMJUdVCCqz2Ud7f9lr81rttc9NibwTBkARXoDWeVK32AftwAIUcRpOq-9TvZTisYWvWYAhODe_hNdlGaJUuIbqMaAvOEtboIyFIZHM=w300-h225-p-k-no, https://lh3.googleusercontent.com/grass-cs/ANxoTn2CJ27IQVQji6u77KMG0qogi1yMtbr_xwfc09gaD-taOweugbieoyKuw7ttuYtzucCwbBsXsNhkUXS8zgscI7tCu78Wzt4PPYMrvnR9VSMAbp0BM7o-nZ7Be6cHjQrnvAgwbevnVQ=w300-h225-p-k-no, https://lh3.googleusercontent.com/grass-cs/ANxoTn2h9B040ojed8sFfyNJlWhh-zfiK-DTnMfZEPZ60oLHVM1yp_qs5e1r_KjQofMbqreLNSdA-wqDzb8K7S2Ho-HAwVQqEOFtjcN8l8zO1KmRJSbqr5HOFN8sReuaGjKUtmANjqdz=w300-h225-p-k-no"
Pin-Hsuan Wu,4,2024-05-19,2 年前,"這次點了豚骨醬油跟柚香干貝 豚骨是很經典的口味 油脂味很濃 搭配雞腿肉叉燒 不過如果是我自己吃一碗下來應該會覺得有點膩
柚香干貝搭配細麵個人很喜歡！是很有層次的味道 而且干貝很好吃！","https://lh3.googleusercontent.com/grass-cs/ANxoTn3iOCBv7R5VSos_crmQFz3MSkswPR3_bEOatHdsOTo9Fm8Hft1uZ6msZ_Jl-q98cORo8gpBGYsCYnGk5QGqZi7QrAzlQZLiCs9xtZonp9Jl9mm9Y3HcPoYF68hnk45DT5W60cmK=w300-h225-p-k-no, https://lh3.googleusercontent.com/grass-cs/ANxoTn3HYMrK-oLx-y5UQXRWJVhA9myhNzKTpzDPGYEx2U3X7MwDHmTfYuv2lDmDpdLWcPWv7JFbk3RBZkfcS_S4DSPUQgbnv8K4399KKocPVPAo4jkZMujNxToDEKsQXZVycCXzkMqHrg=w300-h225-p-k-no, https://lh3.googleusercontent.com/grass-cs/ANxoTn3DefgZG6O4t1keWHEP9hFKWyN6emlYJJLJUs58qhMBYxdXXvHMby-LvkGHoANeI7iirw0udF4aHmAowAd2bKv_Ni7_57grRd9pURKxkKx0d9Rps8733JuJnOEco1HZa4RJUoQJ=w300-h225-p-k-no, https://lh3.googleusercontent.com/grass-cs/ANxoTn3ldOXVst61ZYDusAW30rp61fbjhSJyBc45cDtZSpY8Hraj43gBGitrJsDvOeQmPEYY2hV_TwV8t6CTZ5qrNTACm-bJEJ_cxc7xI6WOYNrU_nyOw4TZwjf1uXRBFm9LVPNM71GsBw=w300-h225-p-k-no"
蕭公雞,4,2023-05-19,3 年前,"隱家也加入公館一級戰區，公館店的座位明顯多許多，不過排隊人潮也是不減，但等待的時間我覺得少很多，地點鄰近捷運公館站一號出口，交通相當方便。店內十分寬敞、整潔維持隱家的風格，點餐的地方跟等待的地方也不侷促。

會有店員視店內用餐狀況引導用餐，店員一樣很熱情打招呼那種，自助點餐機大台很好操作。有趣的是公館單一用餐的客人好像比較多，桌面有自助的水杯、水壺、衛生紙、筷子、牙籤、七味粉跟蒜泥。

最愛的柚香干貝拉麵味道如初，湯頭的干貝味滿滿，一顆干貝、兩片豬叉燒與三片舒肥雞，海鮮與柚香的融合，值得一試，每天有限量20碗，沒吃過的尚有請早。雞湯拉麵、豚骨拉麵、叉燒拼盤、溏心蛋一如往常，連鎖的好處就是水準相當，當然要蛋白質多多的還是豪華叉燒拼盤不可以少，兩雞叉燒一豬叉燒，舒肥、煙燻兩種不同路線，非常入味，煙燻香氣十足，整體尚且鮮嫩、不柴，豬叉燒不油膩，炙燒香氣很足夠，整體口味稍鹹，維持日系拉麵作風。

麵體一樣可以選擇軟硬正常細卷，整體還是水準維持得蠻好。","https://lh3.googleusercontent.com/grass-cs/ANxoTn20fP_NDvRC2z9KIWS7qUSRNQyB5jDhAsiWhRuqIkI__ed-SaDGJaPkVd42ZiqxtGXcnAtO7Onw0EXdPWZ3LRlJ8rFieyU27mZC4RwTI8jYf3vPN01pDDra4hI7GRRxU-lLnEolng=w300-h225-p-k-no, https://lh3.googleusercontent.com/grass-cs/ANxoTn2A8RmxYhlvEuZejE8Ws9lUv8yps3UbH2N5dOwjFgk7sJsZKGluDp7ZYVh7e_egArAyE6kXONJlyToANoclo5_Esd4WMI2vpOybJN-6s3IETlubcgobWeEXKeZNAaVFUj_aeTs=w300-h225-p-k-no, https://lh3.googleusercontent.com/grass-cs/ANxoTn1qto1v7I39Lw2i78yyDnQg8G8bUdS3ZDkR5kl1MCx9ssig9UC72nETVGPXG97PGEIOy5lM7NdWWAO3R5Cn05HHaCXY2wwmtk09MpHpDcYGHUhEtJ2JkOTk52hbcJvwOJz-3TIwWg=w300-h225-p-k-no, https://lh3.googleusercontent.com/grass-cs/ANxoTn0gRXzL6tp9FWUnr03oANd8RsDzSJhS_WYrcznwqws5aiEhI5uO9uxb_hOa2VJIgwYBBDmx4QaF0IfJsLPyfDlBSY2hJiSevV8si2fzmrwn1HdsO9rqmcZ0nGxGus1pAKk8hIQ=w300-h225-p-k-no"
Weiting Chen,4,2022-05-19,4 年前,"店內採用的是自助點餐機  待人員到齊後  店員觀察店內狀況才會讓客人進去點餐並在裡面候位  當日到場大約是晚上八點  等候了大約15分鐘  還算可以接受。
工作人員態度很好  一進餐廳大聲且整齊劃一的問好聲  給人一種朝氣蓬勃的感覺  吃飯期間外場也會詢問對當日餐點是否滿意  離開時店員還會詢問是否有吃飽  服務誠意滿分。
餐點部分  拉麵湯非常濃郁  搭配顏色  給人一股在吃涼麵麻醬的錯覺😂
麵條有兩種可以選擇  硬度也能調整  個人認為表現算是中規中矩。
餐點附的叉燒肉只有一塊  雖然肉很厚 但男生建議還是可以加點一個叉燒肉拼盤比較吃得 許多評論看到叉燒肉鋪滿拉麵頂部的照片  那是加點叉燒肉拼盤後店員擺盤呈現出來的效果。
有機會可能還會再訪。
環境 ⭐️⭐️⭐️⭐️
餐點 ⭐️⭐️⭐️
服務 ⭐️⭐️⭐️⭐️⭐️

在此要幫店家平反一下
許多一星評論都是在抱怨排隊候位時因暫離而導致重排  或是要等人員到齊才能開始排隊  個人認為店家白紙黑字已經在菜單和現場候位區將遊戲規則寫得很清楚  這兩項都有提到  若有事暫離需先告知店員  我不懂這有什麼好吵的  憑甚麼你自己沒弄清楚遊戲規則才來責怪店家規則制定不合理  我就問問你是老幾要讓人家為你通融  你一單吃人家10000多塊嗎  不要說什麼排隊看不到規定  那為什麼我看到了你們都沒看到  吃個拉麵而已  不用弄的自己好像在吃什麼王品之類的高級餐廳在那邊裝大爺在那邊哭  現在這個疫情肆虐的期間大家做生意都不容易 每個一星評論或是惡評都對店家可能造成極大影響  評論前多想一下留點客觀的東西吧","https://lh3.googleusercontent.com/grass-cs/ANxoTn0aks_A0cwvZYFaqPUF2WGVW6BUkXiuKtPLbfpmAcG81KRFXwFjDu7yKR5WSASE1ejN7KRWEyAaivsYu7gHB57vCvIr5REDbP5ZwT4EjEQ2ityHkeFz0d9xBes1WgqpGEyAnpY=w300-h450-p-k-no, https://lh3.googleusercontent.com/grass-cs/ANxoTn00RnqVFhAmP42M40yEq7D5nPuzMi2AnZ5JGptt00Be0Zqp0IUKX7NHQeLT9A1BEGDxJf8Nd4X-krpEDk8XrCDTRwvqFjb_V-45uWr31qpHkydI_y6rNI3bhXkpId4QN3q26zER=w300-h225-p-k-no, https://lh3.googleusercontent.com/grass-cs/ANxoTn0-pSDxCVZ26xfFd865HQGqYb5C5jeGnYmjo9fs0MrCTAsgWxDyZDPQ3l_fjIX4Zv4XeNsW8PNnOlY7xAihVRrjlFDHFkKYiDtOyiiLuRACA2HLkevUfKkhuXOpWBca6CKvFzJt=w300-h225-p-k-no"
TRACY H.,5,2023-05-19,3 年前,"中午11:15排隊，前面已有7組人，當11:30開門營業，幸運地在第一輪入內點餐入座吃到麵。上麵速度不算慢，大約12:05左右完食。當用完離開時餐廳門口沒有候位人潮。目前正值暑假，不想大熱天排隊的朋友，可以考慮吃中午12點左右的第2輪。不然就是晚餐輪的下午4:30，那時人比較少。
拉麵可以選擇硬度、粗細麵、要不要蔥，也有麵量的選擇，對於大、小食量的人而言，是很不錯的選擇。食量不大的朋友若不確定自己是否可以完食，可以先點小份麵（價格同正常麵量），當吃不飽時，可以請餐廳人員幫你加至正常麵量。若需加湯，他們會免費提供一碗雞高湯（不是原來的湯頭），建議可以緩緩加入原來的湯頭勾兌。
服務人員服務熱忱殷勤：點餐機旁邊盡量會站人協助大家使用機器點餐、付款；用餐時服務人員都會詢問每個人餐點口味、有無吃飽等，雖說只是拉麵店，但服務算是周到。曾經對於必須「人齊才可排隊候位」頗有微詞，但當排隊入內終於可以同時吃到多種不同口感的拉麵時，真的覺得值得。
「柚香干貝拉麵」：中捲麵/正常硬度/小份麵量120g/要蒽。公館店限定，每天只有20碗。湯頭走清香風，純喝湯頭馬上就感受到貝類鮮味，再加上柚子絲的柚香，是有層次的口味搭配。吃到最後，意外發現有干貝肉末，或許也是湯頭鮮味的來源。
「豚骨醬油拉麵」：粗麵/正常麵量180g/正常硬度/要蒽/加價30元溏心蛋。湯頭偏濃不死鹹，單喝滑順。
「濃厚海老沾麵 」加價30元溏心蛋，內含兩隻去殼蝦（頭尾的殼保留）、生青蔥及生紫洋蔥丁、、1片炙燒舒肥雞腿肉片和3片撒上黑胡椒的舒肥雞。沾麵為中捲麵，口感紮實有點硬度。吃時建議將麵完全浸入一旁的沾湯中更能嚐到沾湯口味，沾湯淺嚐第一口時有豚骨濃湯中帶點蝦的風味，在沾湯中加入生青蔥及生紫洋蔥丁沾麵吃較有層次。不過沾湯本人比較快冷，喜歡熱吃的朋友要特別注意溫度的變化。
會想再去解鎖其他款式的拉麵。","https://lh3.googleusercontent.com/grass-cs/ANxoTn1NqYYqx_zh6KW5DcizofIAa9VmWEjzKk873dIt59_DCyfm6N4NqlegFxij4qDpS-wIBhOmj0Ni-c0iCeRJCweiaZY47_J0kiqPW0k_a53Kj2iVUCIKezYgRiMCAjtp5ApLIoqU=w300-h225-p-k-no, https://lh3.googleusercontent.com/grass-cs/ANxoTn03gsB8kmDHyBgI2WSbajbWV_8NXvjOZETn3RfJsqSb0aryH_tPRLmrcm4MBaho53kVPmJTmlbIleZnNJAb8HYBngm9xdg_xOlJk2epHphXjc86BSNJASCz8UrKgCRRnGs5-KP2Yg=w300-h225-p-k-no, https://lh3.googleusercontent.com/grass-cs/ANxoTn0tnv7HnVPWDdWS20zkFmrv4nJGD8MUtQidWKi-TaNX-gPZmlZRd1dnm9tw_VERETTADpf0RPBYKSqPIyJNqcGnP7TPU-reemMZ3v243RSDHUuju21Qvf3edZO4umetWzjq3_O5=w300-h225-p-k-no, https://lh3.googleusercontent.com/grass-cs/ANxoTn1jWEWaabz_EJk4RphboSWIbYprwtc6jeW0WirxN4p0ZjI64yrWn-oMt4kPM9NRn2D-Lx2N5YRSctM7BWe8mQy2NWkoNMtLwZetWFH9RsDePIgujpXFukU2ESqyU8HlRjAJm8mqNA=w300-h225-p-k-no"
豬肥,1,2025-05-19,上次編輯：1 年前,"看到很多評價 關於座位問題 有點同感。
麵都快吃完 加點拼盤還沒上..
唯獨晚上一位員工代位/洗碗 友善客氣較衛生
（胖胖綁頭巾）烤肉用夾子！
其他人嘛…帶矽膠紫色手套=無敵
肉烤下去會燙還用手去抓……
我來吃塑化劑？
這個價位的話….選擇性可以更好！","https://lh3.googleusercontent.com/grass-cs/ANxoTn1-eU5M8XXabtmNbL3X7uDcI4lkeei6Dzfy8rvJmztomJ0iyhG_fvMfvHs4D0smv1CZiBCahuXrPDUxUqDgar_52XPG4EoC-S9nZ966Y3X3k6zOAqILuJP7lMYbv05he1aIBCuyTQ=w300-h225-p-k-no, https://lh3.googleusercontent.com/grass-cs/ANxoTn3Pd83pNnr424cW1zN65O9aWMBfr6X2V_aWiyNaWdkKcItXytJfZ_5eZlP9vT5XSSJaP3xJB_h-6lhyVeR4v4nPfIg3CctKoIrfnfK2muGY6GhDNwsmQnU3sAnvY56i49ABrV7n=w300-h225-p-k-no, https://lh3.googleusercontent.com/grass-cs/ANxoTn2VEkui6GzTkR61VVsBAcseGP-LeKdkD9OGiiHZxaFpMuGAiq_LfE7J6lnPVDsZqWxGa8bh-h_xQbbWsKORIHe34474bEpxVjeuLvXBXvwc-HbUmNTTKqScItNVs4bqMbtTsHy8JQ=w300-h225-p-k-no, https://lh3.googleusercontent.com/grass-cs/ANxoTn30Mv2X-egroMJHLPZzZ_j-mb9z7UMv4cjL_UGWVoNlwtFpKzQlA7qQkWBMubbOS1fRTsb2m7EpesSBwOSGvmn4HdH0tGyeM5EtX57yL2qEwn2Z5Xx1bZwiRGr0-gZxu_xueec=w300-h225-p-k-no"
Phan Anh Nhi,4,2025-07-19,10 個月前,不錯～～ 服務熱情，上菜很快，餐廳很擁擠，週末很多人排隊！價格合理，湯質好，還有免費冰開水,"https://lh3.googleusercontent.com/grass-cs/ANxoTn2Xd8lkLrvNANx1IBH7gE0HPqhhg9edNmHdyC0y8_WoK5-u2Q1NfF2dAOcPyirrU2x38lDWolXsLQCWQVTCwflEHfaPW9s0gNA4UiM-CxXAi8i6Vlxu-KKmTIQZIFac2ZHDX7bQCjZgkkQK=w300-h225-p-k-no, https://lh3.googleusercontent.com/grass-cs/ANxoTn16tMNk8smEOOe4XbqhUjvGHDarN_5bnVeFrWj6v_kscP0CWYqv4zcreLc2Ssux5csNKFQHyTIPau26jH-WhIJaIXRTo_-DCedeoVbqucEe5CKeAzGx383Vw4abgPC0BV7oOZlhk9SyMVx9=w300-h225-p-k-no, https://lh3.googleusercontent.com/grass-cs/ANxoTn0av5u59JZvkyZ5ogBq46udWuEZWbYfowwdgTEipOUjekkjuA3vTQ2Y-60jnr_Td4AK-ns3PJebSJW6d8bA9Bptba1_zLjs2NlATzJLGERR18yntqhpw5hmxyAFfpM_EUdXZ9u79zflnlO-=w300-h225-p-k-no, https://lh3.googleusercontent.com/grass-cs/ANxoTn39eTbfr-HPRH_R_-VcVVzQ7exoAZNWOIw_BNkWf213sWxvDlzd73ewOIu1L4oWvn3u3wZT1nGHn05FycmTEmNd__fdXYDc2Wb26Yoj2SVHg1X5lUNpX76KXhVjsabYf7nrCmhmFQDyVsVQ=w300-h225-p-k-no"
李采霖,5,2025-05-19,1 年前,"好吃，但是跟店員說的一樣偏鹹🤣
TKG飯：吃起來是瘦肉滷肉飯+溫泉蛋真的很鹹吃完要喝水
柚香干貝拉麵：蛤蜊湯的味道+麥子味很重的麵條+鹽味雞叉燒+干貝和柚子很搭+整碗最清淡的豬叉燒
份量蠻大的，我平常是可以自己吃一碗拉麵和叉燒飯的人
但我今天沒吃完也可能是因為很鹹所以膩了
我大概是16:40快17:00去沒什麼人","https://lh3.googleusercontent.com/grass-cs/ANxoTn0f_iUOfwMJVok3Zh975HxivLRPfhIdWgxxJGYV4g0SWPZP8RaSxPO2qDVNjHN0oasVU7TGXCSvnzZ0cD-RLaQ-gAdyAbmlA6EYsPQQ4Gr1E09IhfGAccti8W7tL-6VKM_fyqelyQ=w300-h225-p-k-no, https://lh3.googleusercontent.com/grass-cs/ANxoTn1RqNMYgQcpWgm3pbeUEIte6j-BghuCkaOQSfcVJ2TSrHObuAj9xeWNyM77gJ1pgacjAZ65wfVa0o4yN6kpUNTWgFyYqO7NUddMmfYuuqysjqAAeXItCiRjqYor2nWZteLvBlQ=w300-h225-p-k-no, https://lh3.googleusercontent.com/grass-cs/ANxoTn1r642SIwlCE9lF2FDTI7FvFxTIMfBK0qRxlOAnRTocb7Z46l25zIEkZdEz5f6r7lNIPIjG8XB7KBsSpHZziROdSBFVizTEgNaOkgvg-fPPW03vHkC2km55MreM_TigLjBTiZvf=w300-h225-p-k-no, https://lh3.googleusercontent.com/grass-cs/ANxoTn1iCs3aW7-eyAmDxmtsF-XNyDjIq5NDiXbXa8tFARIcOFPxY9Vw3_eBR3sQr8bH27jEYnQYGZCKdX9Drj9cfPF2HCaf3MG7EfUwCJZiX4PQbq7_NFIrBt-M2zLkTZ649ykz1bHU=w300-h225-p-k-no"
朱水,4,2023-05-19,3 年前,"到隱家是週日晚上8：40
還是有排隊要等待餐點，約8點50入場
因為到達時間較晚，有些餐點已經沒了
如果想選擇較多的，建議早一點去
點了豚骨醬油拉麵、黃金雞湯拉麵、TKG飯（叉燒飯）
點餐可以選擇湯頭口味、麵條有粗麵或是中卷麵、份量大小（不加價）、其他蔥或是配料看你自己選擇。

豚骨醬油拉麵，就是基本款，湯頭偏厚重
可以額外加一碗清湯緩衝
三片海苔跟一片偏厚的叉燒跟半顆糖心蛋
整體很搭配，麵條是偏硬的粗麵

黃金雞湯拉麵，湯頭清爽滑順順口，雞肉大約有5-6片沒有海苔，整體我比較愛這道拉麵
搭配那種麵條都很不錯！
可惜想吃的賣光了

TKG飯亮點是有一顆半熟蛋，可以打破攪散一起吃
叉燒有用噴槍燒烤過，味道香味很棒！
只是我有吃到飯芯XD（沒熟的感覺）

但整體是不錯的

希望下次能早點去吃不同的菜單","https://lh3.googleusercontent.com/grass-cs/ANxoTn17kTskSfskdJurkZC-yJF88BY7cik7F3JySmzFjirYoOmSMIXis9gPtTxVtC4SDRqHwM-WHjAPyaEsXSxfihgSIN-0euCtM-hJWxredGwzvrxP7pwe9OfXIdkjeCDtOyjv3fnLmQ=w300-h225-p-k-no, https://lh3.googleusercontent.com/grass-cs/ANxoTn3HCXj2V-alNqAKDP-YLAzdg6-E_MN_C_lM-uaz2oaXkFLbUGWIfTCIngaY0UYZk_US457seYzlWh6L0xk1mROJCibCNGp2SN3R9SuBoSI0fQcTwWmeyMgY6Mjh3JItsJyNVTTg=w300-h225-p-k-no, https://lh3.googleusercontent.com/grass-cs/ANxoTn1bMRcT6PzBzL0nlIk6OxjXzo5mqHh-mH-j0XYhJPWwz6iGC7DJn1F7O-IXBAShIzKF20R8bDYzJrG4VNGIoiEMl0lgcaMvCaErrRRZkaI--a0kCOcy5--5Smvru2pc5OLzgz4HNw=w300-h225-p-k-no, https://lh3.googleusercontent.com/grass-cs/ANxoTn2TH4zQUt5dJxt5avCtmlWgE4-V37eWOyKb64TXqBnBycsUiThsp79pvusHjbTBw-ITDdBBgADgzl4aL4hUHKJjc_4d1C86nka-QJetjFBMYk3MrxLfp0aUCvurVPf2eFTOJzi5=w300-h225-p-k-no"
莫雲影,4,2025-05-19,1 年前,餐點美味始終是沒問題的，有問題的是剛入座的油煙味太重，過幾分鐘才抽散掉，享用拉麵前吸到油煙味食慾有下降，小可惜，盼望未來會改善。,https://lh3.googleusercontent.com/grass-cs/ANxoTn3Km55FCPwhf_6oqGrGryIDh7l_V1CZXUW4i7xmikz69L4JazLfUNKStImcXkzTzADgbT7OV8FRW-xh2DFSIWRnR6dMitm1Gibt2oEODCD4madJlOWabTJ2XAAbChQrMVe49EO1=w600-h450-p-k-no
薛婷方,5,2025-11-19,上次編輯：6 個月前,"一家以高品質湯頭與細膩風味聞名的日式拉麵專門店，主打「職人精神與日式精煉美學」兼具的拉麵體驗。店內空間不大，但以暖色燈光、木質座位和日系簡約裝潢營造出沉靜氛圍，讓人一坐下就能專心品味一碗好麵的層次。

最受矚目的就是每日限量的「柚香干貝拉麵」。這碗拉麵將海味與柑橘香氣結合得恰到好處，湯頭乍看清澈，實則濃郁飽滿。入口時能感受到干貝熬湯的鮮甜底蘊，柚子絲的清香在口中慢慢散開，帶來一種優雅的平衡感。雞肉與叉燒的熟度掌握得極佳，肉質滑嫩、厚薄適中，搭配Q彈有勁的麵條，每一口都層次分明。

湯底的收尾也令人驚喜——喝到最後會發現細碎干貝肉末沉在碗底，難怪湯頭鮮味如此濃郁。這份細節體現了隱家對風味的極致追求。

除了拉麵本身令人回味，店內氣氛也加分不少。音樂節奏輕快不吵雜，服務人員親切熱情，從點餐到上桌的節奏拿捏得宜，讓整體用餐體驗既舒心又專注。

隱家是那種吃完會想再訪、甚至願意排隊等待的好店。柚香干貝拉麵不只是味覺享受，更像是一場溫柔又細膩的日式風味之旅。","https://lh3.googleusercontent.com/grass-cs/ANxoTn2AEgC8K62N1GJgfJZFjo7KE5mu3JqQTlYrO6QgW_Mwwt3a1NZPGGRWXQJNpaDnWQplycr-cMKBdQ-32hnAx2CEOlJy4h3vNyZ19Yd7ztWaUR_GbQAj7MYZvYZgRskgJtl4nEhh=w300-h225-p-k-no, https://lh3.googleusercontent.com/grass-cs/ANxoTn1Os6dhzao1nzj5-4u8FPsNAb2iLXfEgeuSiCb3xkze0lduuVCuRYcVQw2B7vF3dWUSG3cHucIukeM9SL_GHBu88eeWdxMjE0O0o_sze5qaib78U8-cclyRDkQviF7dhzyE6EQSpw=w300-h225-p-k-no, https://lh3.googleusercontent.com/grass-cs/ANxoTn0FEV7bPodRqLnoNiFWjQffrPY14JaGCpWvm2slhTv9fILVhD_6L3oBY4VCShvjvY24DjHMbHedENhCIx1jtVT1s9KRxsrSbSvM1TWhhCRKHibh0705Nedvgj5cqzO2JZBEKEcA=w300-h225-p-k-no, https://lh3.googleusercontent.com/grass-cs/ANxoTn06qqFdMdM4INgtLnUY8YY0sMObA6-FmjOUV57knY2gCZ2YqprUL1jGkgSKB2nEbMznVZ7QHMKD7sGbnM3JH8v0FFyBhMz1Ev2wIqCsI02Cw_c-X62GNmskfstPs5QOzMg6d5azEg=w300-h225-p-k-no"
Hans Huang (大雄),3,2023-05-19,3 年前,"湯太鹹不適合我這種大叔：3星。
麵可選硬度及份量：4星。
口感一般與坊間200元低價拉麵店，差不多口感，蔥也太少：3星。
低消要一碗拉麵，陪家人吃拉麵卻：無法選購總價高於拉麵的TKG飯+其他小菜：2星。
廁所乾淨有免治，但只一間：3星。
點完餐入座後，想再加點，要重新排隊..........嗯！2星
豚骨拉麵的肉~有碎骨或硬物：2星(詳照片)","https://lh3.googleusercontent.com/grass-cs/ANxoTn0-YjUpXT_yK4YnST4QiQLJwfwxJHSGhyxyWAi42d3ZUQgEmj2Hn-nq5aa9G_F2OgDf3TKWr4mVyrjgDHfY2U0F76iE8tkbFJuJaKIusWtsk9_KjouFXi0yk8U9kBi9j8Y3qyU=w300-h225-p-k-no, https://lh3.googleusercontent.com/grass-cs/ANxoTn1skYHLKshUdsJPmsJjbuQFX1HZpgRC4NukJjLV7bR0XPoF_LBntrWBEOsjlm1D4TB2kN3bl-Er0LeEE6brqeEeTg_we7Ld0yUTCsHe0A9Gya9i6ya8FrWGlCfd2Ut00yOAW89Wkw=w300-h225-p-k-no, https://lh3.googleusercontent.com/grass-cs/ANxoTn3UZcCvMfQRlEmSLkLX_oHqVrg0iRk9i_TGFDgqJI7R5z73JXLIkmNiuTNBIn7hmVjYmSkhMCfT8c6X-aDmVIEULu91fWc-rIhwShvN6eDlQXQHYRp6cqu1Fl-K2eDS8UySbhA1=w300-h225-p-k-no, https://lh3.googleusercontent.com/grass-cs/ANxoTn1te0sVK1fd9-eChrPHFivn_kAUsIiIlkKd5mlUrg-WP0w-BWJUWrR3Rt4MzgVwB-Fp56k9tz39Zp2EdkXiMN6iKe4sG3s-oU1TKisD90o9A50Drx0fSsnc9tEp_vXolwA6yLp-=w300-h225-p-k-no"
Alan Chen,5,2022-05-19,4 年前,"位於公司附近，但每次用餐時間人潮總是很多。今日一點竟然不用排隊成功完成初體驗。店內的等候區挺為客人著想，位置和空間讓人沒有壓迫感。

點餐機器有多種選擇，菜色/麵條粗細、熟度；湯頭鹹淡等等，讓口味較清淡者依舊可以體驗日式拉麵的風味。環境清潔寬敞，內部坐起來不覺得會有壓力。上餐速度快，吃一餐一小時（不含排隊）十分充裕。

價位對於上班族來說，一人大約300上下吃得十分飽足，CP值很不錯。

缺點大概就是停車了，前來體驗建議搭乘捷運，不然要在晚上前來停車會是一大問題。地點位於巷弄內，會容易錯過。不過看到大排長龍的那間店，估計就是他了。","https://lh3.googleusercontent.com/grass-cs/ANxoTn0QHl3u986rq3jbxb-NdkhQEkwtilZsUrWJ3I5xQyw7WirL54jbjvBKUVnEZJGJvS4Tjd0OqkcR96Dq38zaITfor_R3n_xZ-q4dDBkOK1aCJYD_xZbcBhGIUMZwuUiHwEyPI1Hb=w300-h225-p-k-no, https://lh3.googleusercontent.com/grass-cs/ANxoTn2IRI-pHnMbiqZxxDIPsryUp3xFk2qo0oxnt308HphtXZjAMZLsMaWJKTeX5rerklDCayq2Zk_qwWMNfJPHvO4saCB3Gl3snxRTj3jRUUsIK98Vzo-DrNhqK7TkW1HXfE-Lrp8McA=w300-h225-p-k-no, https://lh3.googleusercontent.com/grass-cs/ANxoTn3YvhBegoicZt9hhZdgUDx7OwWOVi8C9odkz_UWUzux1DQR_sGJG3AMtwV34oKDSuoa_Jx2n7DpuYZ7VdYaYGN46vzg7bqSYduC2DV_9H0-MtsW4Xo0XBDxWbfOnC1JhnwYFBXz=w300-h225-p-k-no, https://lh3.googleusercontent.com/grass-cs/ANxoTn2EPynj5HvDLsznr3H1dbXoh3Rj8NwPppqeNSTSsiJkhTP5yhzCy-6y1PExjUMnWGyWDY1UHJtpgVrhfEu4wvwZwFa7AtKOW-BbygjYNuxpBKPZjHp0YAi-rJqWPfUEkij6jRlBDg=w300-h225-p-k-no"
吳漢堡,5,2022-05-19,4 年前,"隱家拉麵在公館新開的分店，感覺蠻受到公館學生們期待，不過可能光臨當天下雨所以沒有想像中多人

之前吃過隱家芝山店，印象比較深刻的是叉燒，不過芝山沒有飯類品項，輾轉得知公館店有叉燒飯後立馬期待起來放

店面:
店內空間承襲隱家一貫的風格，但是內部相較一般拉麵店大上不少，不過大部分仍是橫條式的座位設計，如果想要好友之間面對面講話不太適合(87趴拉麵店都不太適合拉ㄎ)，中間可以清楚看到師傅們烹煮的過程，上次在芝山店看到處理叉燒，這次看到處理一大堆溏心蛋，好療癒~

豚骨醬油拉麵(Pic8)-190元
1字頭的拉麵可以說是十分划算，除了可以選擇240克大麵量外，上面也有至少兩大片十分有份量的叉燒，豚骨湯頭濃度適中，但是蔥個人覺得有點太多，同行某個不太吃蔥的還點要蔥，真是白目。

叉燒拼盤(Pic7)-100元
上次光顧隱家芝山店也是被他們的叉燒拼盤給吸引，雞腿微微的炙燒味整個提升了一個檔次，舒肥雞也是嫩爆，100元也是剛好而已(不！是划算)

TKG飯(Pic9)-80元
重點來了，跟芝山店有所區別的就是這TKG飯(aka Tamago Kake Gohan生蛋拌飯)，總而言之是一個有溫泉蛋的叉燒飯，上面淋著對我而言是叉燒飯靈魂的美乃滋（是嗎）醬，叉燒切的偏細，我認為是個有及格但不到驚艷的叉燒飯，醬的味道有點蓋過其他東西，溫泉蛋對我而言不算有吸引力的東西。

題外話，拉麵店都習慣在要離開的時候問有沒有吃飽，我這次試探性的說，沒有，他說那下次直接幫你加一球麵~

但是是真的吃得很飽很滿足，如果排隊人潮頂多只有這樣的話會是公館地區拉麵的好選擇~","https://lh3.googleusercontent.com/grass-cs/ANxoTn39lveJYoKYRr3Opq8GVacf5OQKGppXIPXHs1NSUcyMmo-4jB3reirhqXRlDvsa-dZ-5rsOj-wxqWSr0fs0bCUlFWGJkjA4LQyTBI43CQFlsbAPmvgNV8MzJARW-uDbLIp1YxxIJA=w300-h225-p-k-no, https://lh3.googleusercontent.com/grass-cs/ANxoTn0J6kT-h7fVct1eX_2F0vi6Auu_S2--SL98N_rE4P3SPtuwnBiBM-wtxVzWRwLC6wdbFbghj_39UfaHj830Uq6IugJn3IBRdTrZmOQegu8tqZBNFBY_6Yeqlmtwhod1usUP-7o=w300-h225-p-k-no, https://lh3.googleusercontent.com/grass-cs/ANxoTn2_o_rh7090MVWX53tp_zTBCUh5162kx0Dps7yh4HN2oPWzH5ZttssqGZrddFZs0HY3HSEoZvSEvVZCcbnN30dsZ_a4INUR4RUgp5VbgFHPPZwcXb1c903Y_5C0IfuEBBEDh5PW4A=w300-h225-p-k-no, https://lh3.googleusercontent.com/grass-cs/ANxoTn0jjxnMpUEEZ6tVXojLhIcKY2yb1NRERv7QjiAWB998AScuexkSVKIHx7JbYEcPMutQVDjzMNMvNLuFjDmA96dXDhJi3KUxqccq5pv2F49Sk7jKCAssYPirJkDwV5qaawUTMi8=w300-h225-p-k-no"
陳煜帆,5,2025-08-19,9 個月前,"回訪第三趟，每次都吃得出對料理的用心！
這次特地加了麵的份量，以免吃完意猶未盡😅
從環境充滿日系活力的音樂、人員親切接待到讚不絕口的餐點都是五星好評！
希望每一次來都能有一樣的用餐體驗！","https://lh3.googleusercontent.com/grass-cs/ANxoTn1H7z40LzLUjtS5igFjKnWuJSlrKCFY13Nssx7d0sfFRWB43mJoMWmRB_cGNAVyArr619r6nb2KRKbWk0bjK755Oc5RZdGdozz6FYDgyq_x2UD4hoU0CzyHhO83KsR3wpUGu2hJke9_91Nn=w300-h450-p-k-no, https://lh3.googleusercontent.com/grass-cs/ANxoTn3HfNouRgdxx4qn9HuFxvvac4LeTI5othw-qvIllBs1K9Cg8lAkPCgda0m6-bCl4sVmqBelvtm1Z2wmclIp0iiUYBkWv0_T6BpHd9H7Fgp6gj2QgamdOuaho-4f6GA5YjnaaQM_7ibuYUXm=w300-h450-p-k-no"
Murphy,5,2023-05-19,3 年前,"點餐機內容蠻詳細的
麵體，麵的硬度，湯頭等等

門口就已經寫清楚點餐規則
時常經過也是大排長龍
特別選在13:15過後再去排隊
等個大概20分鐘

送餐速度蠻快
廚房是開放式的，香氣撲面而來
拉麵口味選擇：辛拉麵
上面有一團辣肉燥
這次選擇中辛，下次想要挑戰大辛

湯頭選擇；日本風味
相當濃郁

比較意外的是麵的份量，無論大中小
相同價位

辛拉麵是搭配雞叉燒
厚度及大小都比想像中大

照片中的蛋，舒肥豬是我另外單點

整體表現都令人滿意
會再回訪

想嘗試的大大，先找時間充裕的時候
大部分的時間都需要排隊","https://lh3.googleusercontent.com/grass-cs/ANxoTn0yqTADGC_lGZa-Q-oTesQCWSjMxt_xSEmPRCVbx3-bDHQb-RztnzsoDIKwS0xi4orgYBasF4wkF9y89AQgtth9mcyDrXtLuGXB7akmZgnQ3VNSki1mcmG4RCnf8dMnHG56iutGGA=w300-h225-p-k-no, https://lh3.googleusercontent.com/grass-cs/ANxoTn1DC1KzmNakFFjAHB9LOMO8-iqcbL0EdV6tBjOOI0hCG22co7TBlL4E-LG_vC8cUslBWg93gp-w34XFWsys9Zxyxn6ZzpEnrZW1FG5EEROed4aLa98cjLdEe_VDchglg-soDh7C=w300-h225-p-k-no, https://lh3.googleusercontent.com/grass-cs/ANxoTn2poZv9W-ZIEBIhWuYfrdSidzwCVs06hHEpjMDrH3QeMRCbUKpcH9OY0sqJ8Gjo3bwzHqtWYkrK3DKlDxJskzOainoGYAtJfbNna783s0cGJo_UxUFvb8gEtuiI8qnrKwkk319g=w300-h225-p-k-no, https://lh3.googleusercontent.com/grass-cs/ANxoTn2bp9qKLyfpLkUdMd6NZ-YmHm9SOGxU04A_8G6ujxSaLSzjgGkbS1i1765NR1SU79EOR-uMyTGzSkEFpT7lqqWeteqNAfuLtaFJvGpf9xWAj3NkmSulHU-_JUKmH0RqBn2by_4=w300-h225-p-k-no"
LEENO,4,2022-05-19,4 年前,"「拉麵的激戰區／公館」
自從公館開了很多家拉麵，不想跑太遠都在這邊吃了，如今有了來自赤峰街的隱家，公館直接變成拉麵激戰區。

這次點了辛豚骨拉麵，濃厚日本味硬麵為主，不一會就上桌了，不囉唆拍張照就直接來一口，這個麵的硬度很可以，湯也很濃郁香醇，不過份油或鹹，醬油的香氣也夠，真的蠻好吃的。

雞腿肉的叉燒，真的有點重量，看了大家建議多點了一盤拼盤，發現會吃不完，這樣就有點可惜。

隱家拉麵的口味上，是蠻適合台灣人吃的，無論是湯丶麵或是肉搭配都非常好，麵的份量適合男生，湯的濃淡清柔適合女性，非常適合年輕人。

有時候想吃點粗曠濃厚男人味的拉麵，有時候又想吃點清香旨味的湯頭，我對各種拉麵的喜好都不同，如果你在公館想要排拉麵店，我想你應該會喜歡隱家，不管選擇哪一家，自己吃過是最重要的，評論永遠都只是參考。
自己品嚐食物的美味，人人皆不同，喜歡就吃上一碗，不喜歡就再換一家吃，每一家都有他的優點，就看你自己的拉麵路線了！","https://lh3.googleusercontent.com/grass-cs/ANxoTn2lkcEtzUbKaN7RZHRWz0xZTDUKxAWzeIGmvNoVK_LtEZiDysWKDNbE6ABBA_VquiAeuyfRghGm170xV1g3ce30uLDPRTLRmCNrMcVKQtjvSHs-pTq7C8RrmmBKR_-bIX8Cx9Ax=w300-h225-p-k-no, https://lh3.googleusercontent.com/grass-cs/ANxoTn1U_29v_8lmbVsx85MAu3lbxNjGBBxncqj6xGZ3mACvWOkRujdeZvZDK5EQiDb2NuHYdljZ6eJ54f7WogoF-vj7CmKrAvWhUeHoE3kjuDwEcBJQJ6l4bkb5rloh_0h76VF6aYOA=w300-h225-p-k-no, https://lh3.googleusercontent.com/grass-cs/ANxoTn0csYkkir50x421hDw00zvo0wSH94k6DABvlaC-mDWBtP6DhXzOSEM3XJsrFb0jHYbGXv87Z46FpRDfe1BtZgWAX1vw9mxGbnEN_W-wpbasI7i-a2qFwVQQGWqea7lqBUICMKA=w300-h225-p-k-no, https://lh3.googleusercontent.com/grass-cs/ANxoTn1GGeGdYoytueYSDlMEf5SEW22WwFiu0Uje4ik0JF2TeUgoj_KM9uKZWvPnne4PXCISUWorEdZcX7QNeCthoaHyQwn56kvRIqfKfyH0ojNLIXnNED5t2BIEPi9c8P1IPAG_Wp4i=w300-h225-p-k-no"
Leoni Yueh,5,2022-05-19,4 年前,排10分鐘左右入座，店員很貼心先出來給菜單，店內也有坐著排隊的前廳，裝潢乾淨新穎、店員很有禮貌毫無同業傲慢之氣。tkg飯好吃偏鹹，柚子甘貝就一塊甘貝算是走清淡微甜路線，舒肥雞不錯，最入味的是吸一堆湯的蔥，香甜好吃。店內有免治，空間寬敞，是能舒舒服服用餐的拉麵店。,"https://lh3.googleusercontent.com/grass-cs/ANxoTn1TcvYPXcqvCZKHdIwaZ5Zv2RG9Fll28qd68_vdXxVj4BZ1UrYoXXuBYbVF0dongEMPThw8Oi37Dc_lzdMnsoEUoHSKe6rMTbuAIHxCW3UGTmFgCpk03nwr1Fo0zYEr-bKmMxYscQ=w300-h225-p-k-no, https://lh3.googleusercontent.com/grass-cs/ANxoTn0W_jBjDoHhg3CcGR4fh6pC0TN-UDKxtOEoPosbW4excPMW-foeNtArVLMiUAUxzoy1tKYwzZ_3fxtrfzld3CWILDwbKUnhbJ26KZ8DvulYNF48w5XQH7wTN2_MFmpboUIkCz64=w300-h225-p-k-no, https://lh3.googleusercontent.com/grass-cs/ANxoTn38NQUIHgel72UJXaxXu4fzl71CXHDPZt-udGQMOf0gBCse8XD64B332gpfA2HSnBmUM4t2-Kr8L57CSqArmbBBa57drGyln3dOelAQKxxEOXrJmGGroWrNMdkm7R31M73cVjaDNg=w300-h225-p-k-no, https://lh3.googleusercontent.com/grass-cs/ANxoTn3Yt4luXpTDQ-YzTal4CTMN_T8czTaXiJDKhLcDScWmlXQ9m5qGRjJ5ziAlP1kEMJyW5_FWzeNQ4dq7m3Iijb7jmlQ71kGYil_FylUUf7D95wSYd1im9gZS2UWlc_5POoIsiLE=w300-h225-p-k-no"
Luis Hsu,4,2024-05-19,2 年前,"2024/1/8初訪

本次難得沒有大排長龍，隱家系列品質保證，麵體、湯頭、叉燒都很到位，唯一的缺點是溏心蛋過熟，以一顆要NT$40來說不及格，但整體還是很好吃。","https://lh3.googleusercontent.com/grass-cs/ANxoTn3TPt410bEArewC9tJckSdSkgKHqpNs4-50NO6lJLSDqkPd2ERbnQ9giUkQDwlmrZP5ANQGB6JGYoAp0kD_dEbH439XDL8Rfe_zJB-RLMYvwkPlYnaQNJ8pLS11OUFr4eXQC--l=w300-h225-p-k-no, https://lh3.googleusercontent.com/grass-cs/ANxoTn1mLbyXZ_HurHmyVpRIWJsWxv-frY5LgM9wUEu9xx5NqXXKA0OjU0yDd0oV46S0Gp7tJmca7PJf017StMQusQu5GDcez5UFBcVIFoOWpokJ0A5dVlZUt_BuK04pPS4ZvVcXr9O_xg=w300-h225-p-k-no, https://lh3.googleusercontent.com/grass-cs/ANxoTn1YxWarzyBafu7c-nXm0kozoY8xKij8hAQ59XRSSaz-KEkoUQdGZPTz-RB2Fb9T12VNQPTZpHtkR2NawP_06HNdAsC5_RsR3doG3wVcwZyRCDELMHl_6UiWTZ1ZqL_C26sbQpNg=w300-h225-p-k-no, https://lh3.googleusercontent.com/grass-cs/ANxoTn0548j_T4BcieQ6abXaF-Ag7_Nr_qxXn4frxa3ED4VFTJi19tNMB7EDW-EAWalHGaiQ2z3U9I5s0FSv0O4IjamvuXjy2Uwu3JBh7GnetIVcoU9VdC2itCP0asYhwouIezdTp-bDQA=w300-h225-p-k-no"
仙仙女,4,2025-05-19,1 年前,"門口設有候位區，也有店員會在門口帶位
使用機器點餐付款，店員會通知點餐及帶位

一般麵體吃起來稍偏硬
湯頭濃郁，不過吃到後面會有點膩

沾麵的蝦味非常濃郁

另外最後面盡頭的四個座位
最靠近廁所，也會有點廁所味","https://lh3.googleusercontent.com/grass-cs/ANxoTn3l8J_bH-AVWktL0382a8kzySS9u6h3fuza3vJ90ysyq9IdgMcrBXiCtl6RsuvdwvBIqdweoUpVkfv7vu2NhxEw6bsDCLXdSWB2FpFdgHXWinPxX7_NzCpHln1Yh2fB6RSbhuw=w300-h225-p-k-no, https://lh3.googleusercontent.com/grass-cs/ANxoTn0mC-9zDdUL8w7krG67Cf1aF0vo2D3MDGO2EY0KEsjZX0AiAcrJtGh6V8zt-Y7ZByxdGYXZg2Z3yI8RmptKBy_qQXy4qFhBiZYKfUwq6KFkFZoMI-yNnC3Jsnv_U2YubD7T5M9A=w300-h225-p-k-no, https://lh3.googleusercontent.com/grass-cs/ANxoTn340B6KcnNMT53tq9YtYG69WR7uHUg_8Wb7dEb_eXq3yuACQzxSWYshVsT0fjKObLsv7nA3No942YNun9eV7FKp55Sv4eGBhBwLvxYjMuSxRrChqt_-E4vHgEBbjqaYlRoKvNw=w300-h225-p-k-no, https://lh3.googleusercontent.com/grass-cs/ANxoTn2G39Bs5qS0h3AN7upulIUpWZ-sAIG-E9hL6Adn2K5EtXPqrP_sAt-jK2Ii_mLQatRSIdKzjBMqpWP0JpaBXJBhIlbdszb16i618vKuiBaDF1KhP-OzZR2-XwndJgAH8qR1t7Av2w=w300-h225-p-k-no"
Michelle Cai,5,2024-05-19,2 年前,"這間拉麵店的評價超級高
心血來潮想吃拉麵
大概營業前10分鐘就已經大排長龍
所幸就給它排到底
店內是採機器點餐
不過會有店員負責帶位以及介紹
這次點了黃金雞湯拉麵加點糖心蛋
麵條及硬度都可以做選擇
我覺得湯頭非常棒！！！
雞肉也超級好吃
而且店員還會詢問是否需要加麵
服務很好態度親切
排隊是值得的啊","https://lh3.googleusercontent.com/grass-cs/ANxoTn0s3bZDauJ8Bmgj6pSKv8zgmE9jyL-QrS88zzegcdeTiux64OFLa25BVPOCGntfxjqVsIIFJehs7ZDZbnpMTiTej3byN9goW9cdkoUhkbkUKQClvlpNAdhYqRHDoxUvb7_XPahp=w300-h225-p-k-no, https://lh3.googleusercontent.com/grass-cs/ANxoTn05QDYeeBv9i9HsCaziEXQay4s9LGTcJdPbgV7M3okfXUVCMT_pHA7N8GGsgVYBr-w_Du8j9Y5dpdfZr5Oj17G_6yUqb61vZ36st6p-JnsVuRL9Jd_8LJG3KFkGGVTimmVpHJXj=w300-h225-p-k-no, https://lh3.googleusercontent.com/grass-cs/ANxoTn3hxkAmi7A3puoiy-Uc5CD5jsDaIx2XKjgHtguzWegrlW4qp0JSmx63BasOhr3TckQRRimgNHDHVMVxSSrTiWIBD8UvaW17sjxlAjqBl99uNwNgrA-qMJQVrq1rOPXesb6nK14i=w300-h225-p-k-no, https://lh3.googleusercontent.com/grass-cs/ANxoTn3TDCs4ht7i-Pt4X_qWNZMjDd93qgGm99mJnWRU9zELuhXINGq2j-hiop49Nbd6ybSDV98l1cvIMoSOvMKB40p1fQj1B7li76qNJliJEl-4XrAVjHQFq1MHOBGVpEPjchQoSVkG7w=w300-h225-p-k-no"
孫Erin,5,2025-05-19,1 年前,"中午12點多路過找了一家拉麵店，座位近客滿，但排隊點餐很快
限量柚香干貝已售完，改點濃厚雞白湯卷麵+小辣
湯頭濃厚而不膩很好喝
麵條很Q，雞肉不柴好吃
桌上備有冰水，其實翻桌率算快了
會再回訪的店
店內排隊規則無法代排跟要全部到齊才可","https://lh3.googleusercontent.com/grass-cs/ANxoTn1CLdOaLgByllpY8XjVippSOim8ArFlsvshBMYv6kyZei44qpeytVxz9MCT-fdu85oTBQ4kA_mSAkg4lXPcJZOXa_m6DmkVDSJF5YFYsPLzLNF0crrVql-GHVsb56T14LdRV0sm=w300-h225-p-k-no, https://lh3.googleusercontent.com/grass-cs/ANxoTn3NURt7F8nZR8OuvxDduuSiOxRrc9rCLeBEl20MEthOHxvNRmCm2xHCVfMDCg32FhKIXc9sqqjHN6a5WZaLpSpaf8moUxQW6ZVICH6Zy11-G7XGapHwS0i8u9UshCgo1H2HGO063w=w300-h225-p-k-no, https://lh3.googleusercontent.com/grass-cs/ANxoTn11VqeBpc8LQlCxXHjW4HEUi6UcDgFMruynWYoeFYZ42w6PC8bnWjhtWo_gTYbhM_g-uwQn5CCRt0UMcEbYoXxx3M2bxJo_2WtpGbU_g1d706HYX9l-8i2i1kp39-DVYsD4TYA=w300-h225-p-k-no, https://lh3.googleusercontent.com/grass-cs/ANxoTn3EgxWZOdkKN2MtqFmM2tqd0GkoCMQw5a6SvZd1SKQ3hxb45aX_2LKeaKM92lirq4_nwHcOsvMmOCwMZDY5cXZiIznIIgaXYv24pGFVYzoCfWjCpouvc4UwHblq2T1qKVDw4lvXWg=w300-h225-p-k-no"
廖芳妤,5,2024-05-19,2 年前,"很久沒吃拉麵了，第一次吃隱家
排隊時間較長但很值得！點了醬油豚骨日本味，大大滿足想喝濃厚豚骨湯的心情
叉燒拼盤也很好吃，直接吃或是加在湯裡都很適合
店員們也都很親切，外場的一位鴨舌帽反戴的男生聲音宏亮，會出來關心排隊的客人，講話也總是面帶笑容給人的感覺真的很好😊另一位手上有刺青的男生中途也有詢問我湯頭是否是否合口味？太濃郁可以加清湯，服務真的很好！
而且價位也不會太貴，不少拉麵店一碗就破300甚至要400了，這邊一碗200多而已，而且加麵加湯不用加價，CP值超高","https://lh3.googleusercontent.com/grass-cs/ANxoTn2HKOpHwHKKA-BVMfwXROxuiFl9cCJHq6Ppdkt9NC-fbGnbAXhqKkOgeH_LvkwKhtSzsOyYWtQGHbf7eQgP7tzWVJ-LxROU2vpWWJ6RfWgOgRrV7Es9YCEynotv0McJUf04qWNI=w300-h450-p-k-no, https://lh3.googleusercontent.com/grass-cs/ANxoTn3tr1jDJ0t-k0DJ196I9te6tIsDxWmn7RehRkpeJMOlegWuqGlDA3FBQrHQw--0QdQYSTqYcd60krLOcp0CgjNRNr1b-FcrEzJStdkyJuuLD1QTILmGGVilrZc2W-akigwaGJcH4Q=w300-h450-p-k-no"
Charlie Chen,5,2022-05-19,4 年前,"拉麵真的好吃，
湯頭濃郁，麵體紮實，
很喜歡他們的紫洋蔥和可以自選的蒜泥
服務也很好，會一直問你有沒有吃飽
口感是否習慣之類的

唯一小缺點是叉燒肉不夠紮實，
吃起來爽感真的差了一些
不過整體而言還是願意給滿分！
很推薦喜歡拉麵的朋友來試試，
絕對不會後悔

早上11：30開門，大約11點就會開始排隊
我們11：20到，大概等了45分鐘才吃到
給大家做一些排隊的參考
另外排隊禁止解壓縮
要全部人到齊才可排隊

總言之，會願意再訪的一間拉麵店！
推推！","https://lh3.googleusercontent.com/grass-cs/ANxoTn1_7SK_W2AD3hNLzpodjne4MYPBr3cH9x8Rd1dsjd-dmD5EVoOKK3n3X1dlLOzar-RQ-oPt2vdWUr_Va9uDSmBdptUfqUogVY93U1EVVR2U4Z2WZJpKUqaF3oiqx4P8bzlp2pSJVw=w300-h225-p-k-no, https://lh3.googleusercontent.com/grass-cs/ANxoTn26f31Lq7-0jV5Z_Hxe1dd1McBrvwDEOhOlMgVw2tjE8WIOm_oDheoXiMQJ3SY7MO5b7G5Yg9DDCYQC7WxJKcISd3EDXGrl31e4n_IC6MpC-5KzuLzyDeUtvFNnpSh1_IogRpVU=w300-h225-p-k-no, https://lh3.googleusercontent.com/grass-cs/ANxoTn3F2mMbTQPV_8FjagsW-b5o5f9SIs0VVzL4ODUOWPskLLvnbLy0WTvHx-p1JtkhpPQp3gupLKeCwfojmr2YimRFPo2q1nvxy6_yAPHoA4BIPcxxCYu-4AOaIrzW9-mBWzd-s779=w300-h225-p-k-no, https://lh3.googleusercontent.com/grass-cs/ANxoTn3MroYMTUaoo2nUTVkQOM8yvEChbYhdQnssTQaz3krnYP4HWtPdkmE0sn3muBzUyoLooujeGdug2B9OXMa1utvidv66mjaKbVyWntPafGt8CA2gEj-eWzKfDCz5YnjdPT_ZrSRc=w300-h225-p-k-no"
Nico,3,2022-05-19,4 年前,"整體用餐環境跟服務都非常棒！
從在店外排隊時，店員就先主動提供菜單能先看想點什麼，之後會引導每組客人按照排隊順序去自動販賣機選購餐點，也會提醒大家購買前要先用旁邊的酒精消毒。
當天點了「辛豚骨拉麵」和「濃厚海老沾麵」，兩個味道都很棒，湯頭濃郁麵條也很Q彈，特別是沾麵的麵條真的好好吃~😍
只是不知道是不是店家失誤，明明是天氣冷想吃個熱呼呼的拉麵，結果兩碗上來湯都是溫溫涼涼的，甚至沾麵因為麵條本身就比較不熱，所以越吃越覺得像在吃涼麵還冷麵...真的很可惜","https://lh3.googleusercontent.com/grass-cs/ANxoTn2fVo-oxaZvoBeM28vdU-J4D2MrazwaKfErNaCUFH1AVv3nR5IsIuIM8qqKW4W5Rw5mKrZzxUfLyWm8TZ5YuKfePQohuZowp7DgGwTB9PKDYVzmmtcE9sT-vk5vgmXPY4AcT4HZ=w300-h225-p-k-no, https://lh3.googleusercontent.com/grass-cs/ANxoTn2pX_xaA9hWwc-rL2pb9ivLckalQOxVPb_vLK5waYZjNrIJ2jsvp-nxjhDjXsjr96DUFWc7rT3FhIQpEaDy8bOGBAH4utN9yObi-YGafA-Yj4B0PndZm-SrlSR-tglO2DNq-iYSRw=w300-h225-p-k-no, https://lh3.googleusercontent.com/grass-cs/ANxoTn1Myvt-8NijG0C5zdKlcGvtgeiE21S2ZrSA-r35SB03RvuRvUSka8-o_z0Z5eCv8VucpXiY8D2C2hMdB9VrUgGT7s4HuuulPXt6dLKYMN8CEe1R0SxhRVWBYEAA9PLv35KE1g=w300-h225-p-k-no, https://lh3.googleusercontent.com/grass-cs/ANxoTn0a2R4T62ckvucKPmtA7khlZ99h0BFDMTHbnepHqyeLZ85IUiggDEPT76-BnzDEujBpW7R528O-vlhmLL0vnUiG398ms2qm-a6-8q05rg_qSjQZ95mc87tQ14XMax7Hr4YtjwmyTQ=w300-h225-p-k-no"
Cheryl Kao,4,2024-05-19,2 年前,"雖然有多間分店了，平日午餐還是要排隊，人道才能排隊不能解壓縮
店內用餐空間蠻大，所以排隊時間還算快，可以直接看到師傅料理過程，厚厚一疊的叉燒看起來就很吸引人
用點餐機點餐後店員會確認帶位
黃金雞湯拉麵說實話很普通，湯沒什麼味道，甚至有台式感，吃起來很失望
柚香甘貝拉麵很推，湯頭濃郁，拉麵佐料也很好吃
叉燒拼盤是必點的，份量很多，一次三種肉真的很過癮","https://lh3.googleusercontent.com/grass-cs/ANxoTn0Ku6h7x6T0AnQVtz4YEVv36Cc-OEzCQhPENY5_IuTytzTD_2p59uaUgu6raVAXh6rvOyVI8_jpYcOvF29eCd7lYJy410nYd7EyLRC5h9XBF8zFqWorfE2EMEhWosOn8MvTF_pW=w300-h225-p-k-no, https://lh3.googleusercontent.com/grass-cs/ANxoTn14-hNuscIeBOEsW5-tJYX4Y3okgS7gznkusCvytu2QSIMclw9ohpjfPIN8txCLfXTB-_2sxcwYIq6Jyy8K22OU6EoZMMGrIXbsWeD3ABouiLlM0-DMHxBRdnS619nbLGSLXcDk=w300-h225-p-k-no, https://lh3.googleusercontent.com/grass-cs/ANxoTn0u5RYZWFxsZzfMJvV76e_AoI5x8-wuvc9E19Z3irEoUh_PAqYsLcZEob7i3D6F5WxAs8WLQHteTWn4waAasA1dKAE18QYu_Tw5Ri7sZCRfypX02sxJjeyV1XK3T44rQloRa30=w300-h225-p-k-no, https://lh3.googleusercontent.com/grass-cs/ANxoTn3ESXkWcjVp3tp5ad0QYc-pAh4pv9r2hAm9f8YwqARwQvl5gzNshrNw0E4lOSOntuvtAcBJLldEgPbYmPIg2KyH7Tjnv-FxmqduQI9H6PlNH2BhRA6ZyPPyKGuo0yoTbrMny1Zk=w300-h225-p-k-no"
TY Yang,4,2025-05-19,上次編輯：1 年前,"份量偏小

口味偏鹹
服務偏急
地方整體感受還可以

價格中間，但份量不大，看到時覺得貴
但吃完覺得剛好
太鹹可以再加湯稀釋","https://lh3.googleusercontent.com/grass-cs/ANxoTn3PMMa5PSUZObSrPSFZPCFx2mCjTKRk6zbfDqjRrZtBxqG2Q3Zdti03-p_RX3CNEHVX6urM-4vy-DYbxYcuV96SvqPqcVFwxyts7TD9If_gr9csfIz0X8Sid_30PAN_o2KSU0GagA=w300-h450-p-k-no, https://lh3.googleusercontent.com/grass-cs/ANxoTn20NhWykzGhSwfutjVryoWMAqKi7CHco-j0PlocnYncoqQToK0Y55tRBsO053vpKLU7483R8xz8tcRbhEtRVerzaoaINaZWl9C6Pnqkt-Al7khnmnsXVdIonjEmduNfxTHhNszQ=w300-h225-p-k-no, https://lh3.googleusercontent.com/grass-cs/ANxoTn2Zk2zw3Ip_oaPJfeyuSXMLB5AARpv77GS_xiq6NMvpmOdlekU_2PpUt6dfcy6fLOZPa-URdi7FyIDBkSPPn_enZTKQaOx93W17NovMuQcGN_3tQDx0RnXEnEuYChUK1--rGdjT-A=w300-h225-p-k-no"
Bruce Yu,5,2023-05-19,3 年前,"店面乾淨 店員招待熱情有元氣 店內用餐氛圍好
黃金雞湯拉麵：口感溫順、不會過鹹、喝起來很舒服、粗麵口感有嚼勁、可以點大份不怕吃不飽。
真鯛魚白湯拉麵：湯頭鮮美、味道濃郁、真的很🐟、吃不夠也可以加麵。

很不錯的店、不會踩雷、但排隊等待時間可能要久一點。
只有一台自動點餐機是個小小缺點～","https://lh3.googleusercontent.com/grass-cs/ANxoTn0YN7MiX6XDPS5iuuec1Y8FWJigOdx_WLzv536IYewwXJLIol5XjRPhzkQyynfkg4qvqW7mmHQ57A9oHysp0TyOzf2PFktDWnI2ojQ9ZQqBKJRtFZDdifBDa7mYQtejbdiqMZgB=w300-h225-p-k-no, https://lh3.googleusercontent.com/grass-cs/ANxoTn0C3xx6Wpjhedi_jO2FBoiJH1Y3uw3QHGGfZuXIG-j5SWsNhhPKxlPMW4JAVJqogAVkFfx0pBzVcAzGZIrRPC_1u9XOabivTu5A7lAr6c-nYuIsXUQcWOtpYdjLvDwT-P79HnUu7g=w300-h225-p-k-no, https://lh3.googleusercontent.com/grass-cs/ANxoTn2a0RqKTi7DfsWluA3Lyk3ra0Y7B26U73ShUJIip6uoeI3kOJDiNhOoVnogswwbpsB06jF8zagjFcyl9w1beaJxh30cY0F9YeZ-5V61mO3XQBgBNq4Cs_dcDqr_3REIvi1ynKsB=w300-h225-p-k-no, https://lh3.googleusercontent.com/grass-cs/ANxoTn2_g_ijzWY8oj07mJvH9aQNezVtTjAeabd1i-IpdfLJe3yqdaJSakahy_J9nK4LAK4BNZisGC_zi6qtXSlRLWUt4GsqXl_BPnQ4rJRk9AHRbmSR-6qsr0hXq9Zs-qHSe51J_Y7aGA=w300-h225-p-k-no"
Omai Lai,5,2023-05-19,3 年前,"難得到公館，知道隱家在這裡開分店
但說老實話，之前聽到周遭朋友說在這裡吃的經驗都跟士林有點落差
抱著難得機會的心態，還是來早早排隊
11:40左右到現場，第一輪已經入席，
但可能太過炎熱，流動進去讓我們吹冷氣的速度蠻快
一般都吃濃湯系的我，本來想點濃厚雞白擔擔麵
但因為看柚子干貝每日限量20碗
又評價也不差，肉又比較多
就想說好吧如果還有的話就來吃

結果輪到我時剩五碗  真是萬幸
可以變成中碗不加價（應該就是麵多一點）
也是第一個坐到外圍座位的人，
一個人面壁有點寂寥XD

好的，先說服務態度好到不行
干貝好大顆！
柚香干貝一上，就聞得到柚香
不過喝起來就沒有什麼柚味
要接近柚子皮的部分才有
湯頭海的鮮味很明顯
我是覺得有小魚乾味啦但講錯就算了
也有干貝絲
不過我自己覺得有點鹹
但可以來碗無調味的清湯自己中和
畢竟每個人耐鹹度不同
而且我喝過海水更鹹（？）

麵體不過不失
肉量我覺得足夠啦 吃起來就是雞嫩豬正常
就沒另外點拼盤
阮囊也承受不起

整體來說
身為公館店獨有限量款
值得一試
而且服務這麼好
還是可以的吧！

擔擔麵也好想吃吃看喔！","https://lh3.googleusercontent.com/grass-cs/ANxoTn0uzTgMY1eRawCx0lYuZUyxjoWs0mwe7f-ItSc6X0wlFS0lRBl8y3vFPRiOLCWlNU0oxSoFQdmNCV82ZoNkojYtAfl0p-md9jNJZR_dEvQyN665VnxhCTjtiNyFa4sGJ3ldtVKw=w300-h225-p-k-no, https://lh3.googleusercontent.com/grass-cs/ANxoTn3hUFewitrRXfw83kABvZqsDlRSn7aPia793ILAranvorAK_tcw4GtBGImdQBKGFPrvJbAUtnNLrQcds9PyiCl56kj3VO1g6mKrC1yejMxdWlBx1aYAVq7u4dwdEezymSxpPEcx=w300-h225-p-k-no, https://lh3.googleusercontent.com/grass-cs/ANxoTn0_rPNIv5gUEoWrkLJHIYVcZeOi4nm1_7V-jfR9kQLos8UWJ8dJzZIDFD02xS8SOYOkwfIzhQkHnwkCzpdQJUlkkcqvUGXRW1u3HUmRXCS6ClABhX2cmJz4T7ffWzM_ZDI4gTcs=w300-h225-p-k-no, https://lh3.googleusercontent.com/grass-cs/ANxoTn0-tEsqEZxRFxwIx-N-9Uqfuzr2Kvk6keDRgd3CpM4B6yoQMc6vf85XwZdmjBbkl5bj4DwQz8HxT6i0LxZdHnkARoAA21lP7ZBeVcy5MWOJo9uROebkXQSYmyp4P5QdohVO_QzY=w300-h225-p-k-no"
ChiaYing Chou,5,2022-05-19,4 年前,"這次點的是柚香干貝拉麵 細麵/硬麵/中份量(180g)/要蔥

第一口喝湯頭就覺得很可以！感覺是用干貝一起熬煮的湯頭，吃得到一些小小干貝肉！湯頭很鮮沒有負擔的很好喝🥹
這碗是會讓我喝完湯頭的那種！（平常吃拉麵很少喝完湯頭 個人口味偏淡）
柚香的部分也蠻明顯的！是在湯中有加柚子本人
不知道是不是麵條份量的關係，視覺上湯感覺比較少～
但是隱家有提供加清湯（無調味雞高湯）的服務！
柚香干貝拉麵總共有三種肉（雞肉、豚肉、干貝）
除了青蔥絲之外配料還有生菜、一小片海苔等等
整碗吃完份量剛剛好也吃很飽！
店員服務也很好會詢問用餐狀況都很親切🥰","https://lh3.googleusercontent.com/grass-cs/ANxoTn0pSpb270LXGbD3ruyaZKrRuRVA-C4d99kJKmtAxAoVh9bA6-wpq9Tt-17f3CibkPLbAcY80H4dmPWm2IqO70jGj3W7zSlKwjC9ST4ZuarigGsVvMNAKF0KrrqvuugeEE2yUXAG=w300-h450-p-k-no, https://lh3.googleusercontent.com/grass-cs/ANxoTn06zzbAUZ3tWQx5GK4VxHGw2fZSK_6BP50la-YmImjJzvjR_1UT27l7Ydg63LbnFd--DDdcdDMRtonxIJGJWJakmxY7g_TCzu2uLy-zpNoQwJDUjzh11nTmD2YH8eTz99Z6so4=w300-h225-p-k-no, https://lh3.googleusercontent.com/grass-cs/ANxoTn3iiXuua1Ba-zO9hKQdGSjyoe6L_AdnJLdj0hKB8LW-cShwVjMlgJ61ltuLnnL2QtSVCywzurDoK0syweWBM9Nzy-ykFS_CqJ3mVD_e93-jvd3OGLNPabkOWCi_aY0nprKqfmrCRQ=w300-h225-p-k-no"
Jimmy Tsai,1,2024-05-19,上次編輯：2 年前,"路過公館發現有隱家，排在店家外面的人數比士林的少很多，乾脆就跟著排隊了。想不到外面看起來不到5位，裡面卻也排了5~6位。大約等了20分鐘左右也輪到我們點餐、入座。等候期間有服務生提醒可以先看線上菜單。

是使用點餐機自助點餐，不過我想各餐點的說明需要再更清楚一點，都用線上菜單了，應該可以將各拉麵品項弄更好看的照片才是。

我們點了TKG飯、黃金雞湯拉麵、柚香干貝拉麵各加一個溏心蛋，因為本來沒有，喜歡吃蛋的要注意。麵體分為細麵、中捲麵，老實說我完全不知道什麼是中捲麵，感覺就是比較粗的拉麵。

黃金雞湯拉麵（豬）：我們點豬叉燒，結果附上的是雞叉燒，反應之後補上豬叉燒一份。沒發現就算了，一發現不得了，這個豬叉燒有夠難吃，筋粗難以下嚥，跟其他拉麵店的叉燒相比，遜色非常多。
雞叉燒倒是普普通通、雞湯算是水準之上。

柚香干貝拉麵（雞豬）：主菜雞豬肉叉燒都有和
外加一顆炙燒干貝。湯頭是干貝湯加一些雞湯的感覺，湯頭鮮甜，配上細麵十分清爽。

溏心蛋有點過熟，大概快7分了，沒有流心了。

TGK飯：一開始店家完全忘了給我們，現在我真不該提醒他們，等退費才對。大概就是白飯+肉臊+溫泉蛋+很多醬油，鹹到爆炸。吃完後多喝了兩杯冰水才稍微解渴。肉臊又乾又硬，失去水分，也可能真的煮過頭，還好有溫泉蛋救火，整體才稍微濕潤了一點。

值得讚許的是店家整體很有熱情、活力，危機處理能力也算不錯。不過教育訓練、烹飪出菜SOP再多加訓練加強吧。","https://lh3.googleusercontent.com/grass-cs/ANxoTn2oJZJmtThg93VPbCy-SeKhGEbN8LZJCb4iEbtGs9dpuuMxKkc2tbZuWg0h6MKf3enmO0BSFDfs2C8zxLub6qbXqyOGK9Ej8M6WhQPOjnVbd5dzqOue6PvSWZ1hotglmLNogATq=w300-h225-p-k-no, https://lh3.googleusercontent.com/grass-cs/ANxoTn2akDQmpH2BLxnqJ475EnHXpAdfpENM9xIqDuQpQIJKp5kUjHuW6FDoaNv9uKmlMRscD6lTt1CjYffGpMGuJKqc1Z6JUcHCiJkqp33CFVp0bsLt99CoI6tp17UoHiQZYPmvhIRj2w=w300-h225-p-k-no, https://lh3.googleusercontent.com/grass-cs/ANxoTn09VE5rdkrNcHbhTpWDG0Sq7S7OyZ1tP7qZebVhHkKJ7d3WE529Rm9rw7Xkp2rKUctbDuf59P-p3GuYm5Me-Y3BeDbUKd0WXz07CFisjbB-sI0lbb9f3QzLUOXXgJTtLLTJ6N0P=w300-h225-p-k-no, https://lh3.googleusercontent.com/grass-cs/ANxoTn139vRy1-EB96zoy894ed2Yp3STQ_JlBLh9MhU90YANZBpz1GkB1NRkJV8fZ27IGFke_QhqhcltCm5xVrfZubWrYTUQiVUVvWfHnrJsS3nyxFQX5DH8Yuz7ISUx-O31wug5ntpu=w300-h225-p-k-no"
weiping yin,4,2023-05-19,3 年前,"真心覺得還好，兩者湯頭沒有不好，但味道上和真正的日本拉麵層次還是不同，也偏台式，覺得不是需要排隊的店！
有別於傳統日式拉麵十人內的座位，隱家位子多很多，所以也不需要排太久
還是可以試試看啦個人口味不同","https://lh3.googleusercontent.com/grass-cs/ANxoTn3X3T3G6NuM0TQqnKdNDrkpQejBt4EPuAb30DdrblQibaqQUWXC-oykujnUFaxlAOMV3rKiLGfD89UnttoCTFvVS7Ik9fVmoEkOpdn-xfZNb1Y-IsR8dielxK8GLXNFY2FSsVRiuA=w300-h225-p-k-no, https://lh3.googleusercontent.com/grass-cs/ANxoTn1bUv0LLld2QNml4sLE4oh3YIZ2sypXlaZ5QxDLkD99uNkCo0sjOpmHWS03Ghf5UK7maHiHDdhUNjoqjC9ahJmqgjjIQDU-LWVNdjvXLRdUKwuZ_9ePpBZo6V1RitKrt9RXfaQ=w300-h225-p-k-no, https://lh3.googleusercontent.com/grass-cs/ANxoTn03fyFgIFhCLo7uBCVUU4VC7JNoYTBVacrdjA4tx8i6o3KdbTTKqVRQIj9Rf3rNFRnJ5Z3rpheLqh4G4_kwQ5WAwwepmyzpHe7y0KvbP2KK-Sg8V0-GGcCcOabmNkNH_CFa5PVRyQ=w300-h225-p-k-no, https://lh3.googleusercontent.com/grass-cs/ANxoTn0hR9r38AOxE7cZc2SysvsfqrvbFLBme4M7BUprl--bX8VRMxKgKM0XsKJYduWdKmHVPJlOMC6aIFJMCow0eOupAiAwbQvrfGTvzd6EOs_TOqVsA7uBlpTUAtcJM9EHD8ftj2EB=w300-h225-p-k-no"
Tzuyu Hsiao,5,2023-05-19,3 年前,"今天點了公館店限定的干貝柚香、濃海老沾麵、赤味噌豚骨

這兩款一定要試試 》》干貝搭配細麵，沾麵搭配粗麵條

濃濃的海鮮甘甜味非常明顯
尤其是干貝看似清淡的湯頭
喝入口海鮮味相當甘甜細緻
清淡又華麗的湯頭 大推
味蕾大滿足 但又不至於像其他乳色濃湯頭那樣有負擔

赤味噌拉麵 是入門款
稍微容易膩口
是不錯吃
但就是去別家也能吃到類似口味就是了~","https://lh3.googleusercontent.com/grass-cs/ANxoTn1IKpD5_QhOTu40VgNpC2gf2dZH6GJExVCHjh6V-gdW6p__99AZsA9lTCV5oiLPFwsHVC6hOE7-Nm5t4folzxwI5J4Clqfy0x6dkCTgQlNAWyfsPlelYNm2ZQ5x1z8RWy-7upeFxg=w300-h225-p-k-no, https://lh3.googleusercontent.com/grass-cs/ANxoTn1x9zSiUNli8rcFysC5u4BVPCu0vxdISBdOklqgWAY_zQVRDf6QyUSxImvp05rhGxB0DEfXHSyZLHGQwE3ZLlfxMAn1goa--cHmq6LRRc-mHdw6prxDH7yZBSwww3GWQ4USwM1e=w300-h225-p-k-no, https://lh3.googleusercontent.com/grass-cs/ANxoTn2xu8DiPdXIwQWLjHFtN2ElObn3sJIFrD-yZphFcPqHHnh5WTwW0H1DSjZlOwyjTSRNDnI572vZAXKlKwEhJGO9YOPHjltOIFm-9TsetQRwHJ7AKaHOgEcNLW2Wd_HmHlSgYcSV2g=w300-h225-p-k-no, https://lh3.googleusercontent.com/grass-cs/ANxoTn2vhnJpi6FGPzWoscQ4TbgNtJTlZA_1_tRj5PUQIXazmQz09HWSlNaL_6JAuANHvG9u4e3Plh_2dQhTOlxTBbZg30K6c75xfOeLSn3Y6MI79PHRDc2j724B_1ZEDvKvOWNYvdFl=w300-h225-p-k-no"
Chris Lai,5,2024-05-19,2 年前,"辛豚拉麵_湯濃搭配絞肉重口味，第一次吃粗麵條的拉麵，口感紮實帶咬勁還不錯！蔥是切細絲不好入口且較不會有蔥的香氣，個人比較喜歡蔥切成末的口感
豪華叉燒拼盤_份量多，拉麵的碗很深，叉燒可泡在碗裡慢慢吃～
每次經過看都是需要排隊好一陣子，排到店內後再等待機器點餐（可收千元鈔），店員和店內氣氛環境都好，如果真的時間很多可來試試（大約開店前二十分鐘就有客人在排隊）","https://lh3.googleusercontent.com/grass-cs/ANxoTn2NEIu5hs6obLK-sQDO-XKokr55tod8Fah3Lc5_iirujl9oOHq6avCi-pDaWH3dmx6KZ1Z0mzexmHUzwMF-rPRNcYHorQl9S0Nr_VHMlrP94lwnEgbHAcwZVCDKuT6dm3uLqlw2lg=w300-h450-p-k-no, https://lh3.googleusercontent.com/grass-cs/ANxoTn32Lxy9h0kGKtUb8Q--IU6PjCZVUrT4APMXqp4FShPEKTs65flmaaW588QFnkpRlY-fByI9iASkpxS4a39n0l6KGYAEv5lGApH9AnPS7pILbRxXbz8TNLTOBqK5H20U8zDziZw=w300-h450-p-k-no"
Shane Wang,4,2024-05-19,2 年前,"2023.11.19 星期日 晚餐
購票機，有發票
店員熱情有禮

優點
叉燒好吃喔…一定要加點
舒肥的……真是有用心！！！
麵可選份量（3種）及粗、細；軟、硬
用餐區域雖小而不紊亂，井井有條

濃＞中＞淡
豚骨醬油拉麵，湯頭由深至淺層回味
濃厚海老沾麵普通，蝦子新鮮無異味
黃金雞湯拉麵，味道較淡

下次要嚐嚐其它拉麵……

溏心蛋不推喔…真的是太普通","https://lh3.googleusercontent.com/grass-cs/ANxoTn3EWOe5kX1w74Wv3bChQcctC9WX1Ae3-HGYvvSkIfKLDP6cEeFobpT5fiyMf3lmEVb--81icCSnqLrRQ4BapXOCMKoF_s5ULhoscwH_KZjy7WjsnwJLirE1Xxc-iOaON28PgsKn=w300-h225-p-k-no, https://lh3.googleusercontent.com/grass-cs/ANxoTn1HcGbIdFcojwKfbu9d2rVaczFE8dVmA-iBSuKZIlO1kIGxK5f2bp_S5N_zX7mUXxjRdJBIZalajE6ZHfdTNkB6ehUR6hSvtcmOGrDvoZTHdX5q4bOfjoXLF2Aep-XW2s3o16V_=w300-h225-p-k-no, https://lh3.googleusercontent.com/grass-cs/ANxoTn1-kF--9v6ysFTA1BMU1Fi7CbpCJ3Vxd2lopnuu86Haupd6_8niBfYoWqISsj8tj0WOr02utnP0_0P0Vsx8EDpHNUBQ8ADYEWPjgj1FRRIX1Gx5A-8RDWM9e4FY4HtXC9mvnO0b=w300-h225-p-k-no, https://lh3.googleusercontent.com/grass-cs/ANxoTn30jy0P6kgBSdmGWP9ct60KSJwjNdkfWu0gcx3zzG18eWLPtbXSytyGH-uqMQ6B7CNPNEu4aDKtWXvJcVPJ_j6hoYP6DYsRd6rDl9xSuV0-ZzuCMocy0j5hILz-LnWgGApjmhagMQ=w300-h225-p-k-no"
ゴユナ,5,2023-05-19,3 年前,"這次點「黃金雞湯拉麵」加點「雞腿叉燒」，以下是個人用餐後心得，希望能提供給第一次踩點的人：

差不多19:30左右開始排，柚香干貝、真鯛拉麵跟TKG飯都已售完，排隊時間約40分鐘，要提醒來朝聖的人記得要先去找店員報人數再開始排隊，也不能代排，在排隊的過程中店員也會不定時出來巡排隊的人數有沒有多，算是控管的不錯喔，完全不用擔心愛亂插隊人，從排隊就開始服務客人，很有日本職人的精神！

點餐使用自動點餐機，店員也會在旁邊引導，有問題都可以詢問，可以選擇麵體、軟硬度、份量、加點等等，很方便服務很好👌

這次座位在吧檯處，師傅會直接端麵到你面前很有趣～位子大小一個女生的話就會剛剛好，如果都是男生坐可能會顯擠，桌上有附蒜末、七味粉調味，冰水自己倒，吃完餐接下一個客人前店員會消毒桌面，加分👍

這次的餐點味道很符合台灣口味，不會很鹹很油，湯頭清澈很鮮，吃完不會覺得口很渴，麵份量點中分（正常量），我吃不完，很有飽足感，黃金雞湯的雞肉意外的多汁軟嫩，他的雞肉作法像是用舒肥方式，很健康，加點的雞腿叉燒真的要嘗試，很好吃喔！

整體的用餐體驗很好，服務佳、衛生乾淨、費用合理，之後早點來排的話希望可以嚐嚐柚香干貝拉麵看看！","https://lh3.googleusercontent.com/grass-cs/ANxoTn16Z2vdJlmxWAxFWwtiM_WFfJpfMVqcdaVpdpji6DyaCPXVN3KlDXSo0BVn1mSZu_M-vl2O4guzsajoEuodK4UV5fe5fiD1BvE7NYtXbGBXFzDTXvSu1pJ64GrKi-lSGCVQQZ3tJw=w300-h225-p-k-no, https://lh3.googleusercontent.com/grass-cs/ANxoTn0s2thyQRoehf-u0VGFawOBiOxu2y5Ffi20sQmjLO8OLpZVpA84igqr295fLb09RV3JEklTFBIr96HWyRaNU6VxGi3PsW1fJIRyPQiCvAa2b5G44La77IB3AdMARmecha_NFa4=w300-h225-p-k-no, https://lh3.googleusercontent.com/grass-cs/ANxoTn2Pqo7Il7tsAAQRxPYczUeGTuUQvyfh3Y0j8MP5_WpbC0wF6XsFKPT93uUgeb_k-X0TERUIr1TQEkhGEPhoyMBEM5opQ1AQAtO70ienPOn2p0oudLgsISzJOk58BhuZzLw1-vaXOA=w300-h225-p-k-no, https://lh3.googleusercontent.com/grass-cs/ANxoTn3qdRKf8o_nh0unyBFT-uJ-hUn7wbctZPBDEfWMBb0w3MgaUZEAdt3QCao7Z32eFWQGNcrgSo_JrVjzKBMZRm_-62PNBfoFXEhuw1LI0dMjV8IIWPEHuFxtaNw9MLqaTkEB3xu9=w300-h225-p-k-no"
Peggy Liao,4,2026-01-19,4 個月前,"柚香滿鹹的。朋友點招牌也是偏鹹。加完湯還是很鹹。我可能下次要記得加註清淡口味。
但肉的份量滿足夠的，肉和干貝都滿好吃的。可惜沒有附蛋，要另外加價。",
Sylvia,4,2025-06-19,11 個月前,柚香干貝拉麵湯底有點過鹹，不過我是到快吃完才想起店家有說過需要調整可以跟他們說，TKG飯上炙燒美乃滋很香，讓人胃口大開,"https://lh3.googleusercontent.com/grass-cs/ANxoTn0pj6iTGxf9vUnujq92Rh-m6ML0hb3nwLgWXu8jXOIsbn1pBcxKE6rGWR9tEgIE6GihI-YP4E3XiFce32E3OSdZCwbmMnqcxFgAwaQIC6DSLpu9SsY8Js702SeYWCn2mtGRdZPa=w300-h450-p-k-no, https://lh3.googleusercontent.com/grass-cs/ANxoTn1mQesZTyYrl_Em1jR-DSvYptrM3ZEi_w67Odw3XNCBWyAsdY_IFrvP5-SgmCAa8XHou6CPdQEKrHzXsbMfHVOndxH3FnocweAUk88eUByR7sDQQRoECxbhKIlY8W-S5jcic-gH=w300-h450-p-k-no"
C. WANG,5,2023-05-19,3 年前,"雞湯拉麵湯頭好喝，麵體屬粗扁麵帶口感，豬肉雞肉都好吃！

排隊方式比較特別，不可代排，一定要全員到齊一起排，不然可能會分開坐吧！

今天內場外場的服務人員都非常nice，忙碌但不會態度差，初訪經驗佳。

值得回訪🤙🤙🤙

btw LOGO設計的很不錯。","https://lh3.googleusercontent.com/grass-cs/ANxoTn3b4rOI16_bvjU3j2DSSwvhfxW1ZXfDG9KKznfreyrBQib6yQBmJ4egGI7u1JdA6HHIXRhqEheycLpgz11pGzJfyr28LRZdkiIwcDN8RsOtYJrCPIJwSoUmx2NbpjMzYnOfFrc=w300-h225-p-k-no, https://lh3.googleusercontent.com/grass-cs/ANxoTn278sOEoo-3DK7_TwJdYq2Tj0zoPRgbqSO_WFV8kWX92AeyeZKXUOlZCGY2swZfYY6N3hkcUU2JNXdc5bFiePBXSdrgVIsOzbsmOxU_VeZBY_pkDCI3F_JDPH6nI5QkXFrkFRswNQ=w300-h225-p-k-no, https://lh3.googleusercontent.com/grass-cs/ANxoTn2H7fASmFmrcyDfbAdvyqn6F1pLbXK9joDJ-pFAu9q0xnWq5P_bvTuT_L0ILMERtb9boOLYrp6nwkU_njDmMKAgx2rrbe3p6F8hFV0_lZ39HDnhoPMCpr5OVUaxmuhwp-25pB3V=w300-h225-p-k-no, https://lh3.googleusercontent.com/grass-cs/ANxoTn1EySGKPdS99AL5_ya9z-DHT91wiMIIjHlcZUa5dczAHhxf8u8wYS8iqScDz8ADIi87GvylSVJ__TfYER_uHevoIpbbmAGcDW3CEVIrLQjp8vtg9Nj5Z-e4ukbTIjsexN65YspjEw=w300-h225-p-k-no"
秉哲,4,2025-05-19,上次編輯：1 年前,肉的部分處理的非常恰到好處，尤其是干貝特別鮮甜，但不知道是不是本身對於蝦味不是特別喜愛，如果不喜歡蝦味的可以選擇其他種類試試看，不會不好吃依舊是碗美味的拉麵！！,https://lh3.googleusercontent.com/grass-cs/ANxoTn0wFU_rl84lVKQuSWJsyP_RmaugCVEmaCZhS-XFibxXEiqVGkRo-oYhzhCqb5F9kMBmx1cenoyUqlPcnbT1x-cORN46QmLRaRRswE_v7SoLRQRpKYrZ1nRU8HslJ33zWJ3aZhE=w600-h450-p-k-no
J. C.,4,2023-05-19,上次編輯：3 年前,"採用自助點餐機點餐，但是若有客人點太久應該前去協助。客人在等待時可以先給菜單了解，有助於等一下點餐作業進行

雞湯麵的湯頭清爽但夠味，麵條也是Q彈有口感，中碗已有飽足感。雞胸肉也很嫩。叉燒因外層佈滿了黑胡椒粒，口味不太合......，比較喜歡傳統拉麵店的叉燒。

店面乾淨，服務人員在客人來與離開的時候
會說日文表示歡迎與感謝，但是卻是奇怪的日文","https://lh3.googleusercontent.com/grass-cs/ANxoTn166dRLCyB2-r6hD6KcmlGrwcEHWxKlDLrEOj8MkM2h3g3lSmoLmEdsbtheuplwu9xzpfdGLrGMU-xyPlsu0dBYdNETbY93mcKwCS2tyWtVxDH6F44CUt_6fSg9gwxpBWcqyEdL4w=w300-h225-p-k-no, https://lh3.googleusercontent.com/grass-cs/ANxoTn0irJgGn4E4DaSLeAAzBamCwQJ_fCNAsugMJurNBN4ayCmal3pjCO1HEmkIoWf9c7KrsUAuIEZb_EKwCw73R3MD_DAtfo4PVOSJhzvLp9KGjMosjExc6KbgREPTIr6OeQlxtKW-=w300-h225-p-k-no, https://lh3.googleusercontent.com/grass-cs/ANxoTn0esH7bHuvkTWhjH-p_dssh3wmaEglhL06KIOMGJ5ZXSROJLHw1ikI3QCWqHOV76XeJc5CUrbHAlm3VY-b-BaDEHPdTWOkKY7nTRbKZymy9O9AxubLF3rYuCRDhpMf6Cb72xoKAMQ=w300-h225-p-k-no, https://lh3.googleusercontent.com/grass-cs/ANxoTn3aiqP-aN5tmmke0UsiaWGNJqeVbGNJCGrXFKDtdXfc3ZGtZSpYDYp8SW6H8a-GToFfwh4uMGQeKIXeK8PGYL5qOZ9g6E9kWh4TrhaWrLN2wUkFKiTr6vRY7YM2WqPRpbXEu4_z2g=w300-h225-p-k-no"
Shiho,5,2023-05-19,3 年前,"豚骨醬油拉麵 為隱家招牌定番
（中捲麵/麵硬/日本味/要蔥/溏心蛋30）
柔和的豚骨鮮味，尾韻淡淡醬油味
就算日本味也不會有負擔，完全可以順順把湯喝完

TKG飯為公館店限定
就是燒肉飯打顆溫泉蛋再配上炙燒美乃滋
雖然鹹度較高，但美乃滋的甜味融合變得更加順口
必點👍

若想吃隱家又不想排隊可以來公館店
每一家均有各店限定值得逐一踩點😌","https://lh3.googleusercontent.com/grass-cs/ANxoTn2wl7GQim6QvrCsONaGY6nv1B1EMblBe4PYur7bCXgcrlR-XbSO_fCtb-rgQ0nAEoj--R2fSjcWiiqoA5CdZj1X_sopOK4z86AEN4YS1E7dk2N3JMEMRiy6gDO7QTC14q6yQlQfvw=w300-h225-p-k-no, https://lh3.googleusercontent.com/grass-cs/ANxoTn3_CpSL8ai1KZ5O42tPmGPN6Eoj6yRy5XVnQYvBGpv0fIZT1vTpDhIIwee0vWCeyDRG2zFtbj9wbJ559WKaZekxVK9Eb09TLsO_yJCGv5UaH5igSGyPougdCP5Gly3FsoE2Rueg=w300-h225-p-k-no, https://lh3.googleusercontent.com/grass-cs/ANxoTn0piri2j1j448W_3DH_7_lsQoBnQO7S43koG4AN0rHWlUgfzJvTyRY4yCrV88ZCqYrR4gJqNVkpc7VWs4U4oATQboW4PihcnO5PrQ36_7eoiD571zc4gznum1oiVfvlSzfZNghg=w300-h225-p-k-no, https://lh3.googleusercontent.com/grass-cs/ANxoTn1m-dx4Hs9PXsOs8xZUftaQU4tY1-bVQDVi0nIdFcyY3pR1T_N7IdJELG7X_WP3nSv6WhS8mal_JIlHfkxjquGyuyA72My_MCj_ExdnUMMk7WLl-Dhn9ojx2arYphUBzpFh9v42=w300-h225-p-k-no"
cheng David,3,2022-05-19,4 年前,"排隊真的是排很久。。。又不能進去店內等，外面好冷
食物部分，招牌的雞白擔擔麵真的是很濃，濃到感覺像在吃沾麵，味道不錯，不會很辣，尾韻有點回甘，建議可跟店家要清湯稀釋會比較好吃
叉燒組合就跟大部分人的評論一樣，肉是冷的不ok, 唯一比較好吃的是舒肥雞胸肉，另外兩個涼的肉就很普普，放到麵裡面反而讓湯麵跟著變涼
海老沾麵蝦味很濃，但湯不夠熱，很快就涼掉導致會有腥味。叉燒飯吃的不多就不多加評論
整體而言還算不錯，可跟一蘭比拼，但排隊人潮太多，不如去吃其他家餐館心情會比較舒暢一些😅","https://lh3.googleusercontent.com/grass-cs/ANxoTn0B_Xn0FJTGiZBbDQYCWvxJmQtHaGxHmmIsK04-55u_5uXakbdvGZlie3ZKBdLPZHnciZ5XWyhMuvLK94EG-2hr4jN485JVAeKhKxmPt5vFacqsxtES_cQAbIJI4lLMRhho2JMh=w300-h225-p-k-no, https://lh3.googleusercontent.com/grass-cs/ANxoTn0ar0NkITzaS7tvhqR5NCyLpoSuvH-cgyD9af7Dg4yZ3wYalw5VLSGr6vAttlDOITqpl6ITwLBUfpZa4BO7IMCYybUmT09sh1K1_oIDriDh6rw52r1dSQCA26tiQJ_gwz08ly3p=w300-h225-p-k-no, https://lh3.googleusercontent.com/grass-cs/ANxoTn1DX9twFDe6yiD6DU0KJdnxPZjxgGBuKZgRYhpOTKE2R5cZDSiAFZj43xZbDjnZtLImyAI2JOhjNW_D5MTBHWstp9_QmQc-mK4N9_Bsom8BTB2yYMAQI1fxpCxAQxMSKev5nPkQoA=w300-h225-p-k-no, https://lh3.googleusercontent.com/grass-cs/ANxoTn2wrnRwuToPXCcCCkKQs568MCkHAWIhb-o50lvPtk7viiQOnXnyX85mGlvBkTmjBxsHyn2_fXJRuVG1DFBei8OYxs1l6nTt1X9qX-AugcbcYT5OxrzuPewCbndTbzCnptW_4HtH=w300-h225-p-k-no"
hc,5,2022-05-19,4 年前,"【濃厚雞白擔擔麵 240元 / 豪華叉燒拼盤 100元 / 溏心蛋 30元】
還沒開店就要排隊🤣（16:30開店，我們16:15左右到，排半小時才進到店裡）

裝潢很明亮清新、室內等候空間也十分寬廣，一進門就令人心情愉悅。豬叉燒薄嫩不騷；雞腿叉燒噴的微焦，一樣很嫩；雞胸則是略為遜色，也有點偏鹹。

擔擔麵的蔥絲給得大方，辣油提香而不會搶走雞白湯的鮮味，偏硬粗捲麵吃起來爽快感十足；本身就有附溏心蛋了，搭配雞白湯湯頭香氣四溢，而湯本身亦不會濃厚到難以入口，雞白湯的豐腴也許比較直接，但絕對是順口的。

出了店門（約莫17:30）看到排隊人潮直逼巷口，心裏暗自慶幸自己有早點來啊🤣","https://lh3.googleusercontent.com/grass-cs/ANxoTn0pQGteJUJKQX98flGNSbBGDb_M6N3hB5AWbE2MndCFGK6FP9jVJJbEshrAUuBAEBI-IKLvYFXZFc-buD2faROiQl6FWawciHjU41gBbGOyEt6C0_GRrCbTk2X2-Q5YursiS32Cjg=w300-h225-p-k-no, https://lh3.googleusercontent.com/grass-cs/ANxoTn2lnnLrECekzoLoj06xcKHef91ym2IlD_rltltQFHG0Cx9Kk2KJNnxnHnUCkltRp6uQmHKI-dtLvzw86iGM7Z1oYSXx5fTDcZxw50tas2lgrszxRNU8cm0U-1odgHcZldTj_ryH=w300-h225-p-k-no, https://lh3.googleusercontent.com/grass-cs/ANxoTn3j8rFnh6mX8rBRvSXwugIXCmrOkmulC-XiD_kGyu4A6AxtR4YZrDULZqHKd-bK8tE3I2e_ROnc-hIkE8kFFJPA3UkEyuoipgd10--iHiVCYEwLjJBCu4ssUVVGJYEJfo33w_y2=w300-h225-p-k-no, https://lh3.googleusercontent.com/grass-cs/ANxoTn0v0rkQBFM0Xm1yjQfziDJ4DpygLwI1oko_fcWgF2fi_P8xkHuzcW8kDInVL3bU9NDUmipSl_64ZYYbAxNBvaYJ0V7smZPjjry4j91dFXuGmtJ7rBBuIPTSqaoTkUSPXSaFqcgY=w300-h225-p-k-no"
Stars Yang,5,2022-05-19,4 年前,"★拉麵迷請進→FB搜尋：『台灣拉麵愛好會』、IG：twramenclub

隱家從捷運紅線終於跨足到綠線上，而且還是位在拉麵激戰區之一的學區：公館。公館不用多說，光隱家周圍社團地圖標上的店幾乎都是熱門的人氣拉麵店！

而隱家每次在展店的同時，除了基本定番外會再開發該間新店限定特有的品項，當然這次也不例外。

本篇就是針對公館限定的兩款麵（濃厚雞白擔擔麵、柚香干貝拉麵）、ＴＫＧ飯和環境做介紹！

▎環境：
公館店可以說是目前隱家用餐環境最舒適的一間！
店內有一個區塊規劃供給排隊麵友使用，不用在外風吹日曬雨淋等待，真的很貼心。
不過超出容納人數還是需要排到店外就是了，店內等待區可以使用人數約２０位左右，店內外皆有長板凳可以坐。

座位總共２５個，ㄇ字吧台區有１６個，靠牆有９個位置。
每個座位間隔都寬敞舒適，尤其現在還是疫情期間，這樣的設定剛剛好。
另外也有提供廁所供使用，也有提供不少可以掛衣服的設計。

桌面上有調味料（蒜泥、七味粉）、水杯、水壺、衛生紙、筷子、牙籤、垃圾桶。

牆上不少隱家的擺設，店名ＬＯＧＯ的雕刻木板、隱家訂做的手工碗和一些木頭的裝飾，此外隱家這次也製作了一批新的碗，會全隱家更換使用，目前是白色後續還會有黑色的。

門口旁就是食劵機，同時也有紙本的菜單可以參考。
牆面上有一張ＴＫＧ的海報，那張是店主佐佐木親手繪製的，真的是多才多藝阿！
麵友們可以找看看在哪裡，店主很希望大家注意那張畫~（燦笑

▎ＴＫＧ飯／８０：
這品項有別於現行的拉麵店都是提供叉燒飯為主，「TKG」（たまごかけごはんTamago Kake Gohan）是日本人對於生蛋拌飯（卵かけご飯）的俗稱別名。

不過隱家不是使用生蛋黃，而是同隱咖哩的調理過的溫泉蛋，所以有疑慮的麵友就可以放心了。
這碗內有隱家特製的肉燥，加上醬汁淋上美乃滋炙燒外，再撒上柴魚片、蔥花。
吃的時候把蛋黃撥開讓蛋黃溢出拌入飯中，真的有夠好吃！

這碗是新品中我覺得必點的配角，目前一個時段約４０碗的量。
點ＴＫＧ的時候，內場會精神吶喊ＴＫＧ，這我覺得蠻有趣的~ (笑

▎濃厚雞白擔擔麵／２４０：
這碗擔擔麵有別於赤峰店販售的豚骨擔擔麵，而是採用了雞白湯。
所以會有雞白湯特有的香氣外，非常順口且不膩。

吃到一半還可以把特製的辣肉燥球拌入湯中增添風味和層次，搭配一旁香而不辣的辣油，非常適合現在的台北天氣。
此外搭配的叉燒還是隱家特製的雞腿捲，這款叉燒是我在隱家的心頭好！

配料還有半顆溏心蛋、蔬菜、紫洋蔥丁、蔥絲、辣椒絲。

可以搭配細麵或是中捲麵，我自己比較推薦搭配後者。
此外也可以免費加麵一次，就是秉持隱家超值的精神，要讓麵友吃飽飽的離開~

▎柚香干貝拉麵／２５０：

這碗的呈現是純貝類、干貝和乾物的湯，沒有在混動物系的湯頭在其中。
味道上單喝湯其實有點像在喝台灣常見的蜆仔湯，這湯頭也很像日本島根縣宍道湖的當地特色拉麵：しじみ ラーメン。

湯很鮮，顏色很清，喜歡這類型的麵友會很愛的一杯。
我自己覺得這碗搭配細麵會比較合適些，也可以免費加麵一次。

柚子的部分為柚子皮的帶出的味道，而非湯內就能直接品嘗到，是吃到柚子皮或是浸泡一段時間後釋放才會有。
配料有一顆炙燒干貝（目前沒有開放加點）、水菜、櫻桃蘿蔔片、雞叉燒和豬叉燒，碗底還有一些干貝絲。","https://lh3.googleusercontent.com/grass-cs/ANxoTn1umcGGVI-EBCfgGngEGNpAPszvyzc9dqvH1t1csrZhzjUKHXHin2BAoaV3rE7-1cHd5NWOsfDIZQ2OenmxDyLMP5VeE2F12y9XqdyQkabAJAAM-JP9yfLIJEZWp_VSguxMEom1=w300-h225-p-k-no, https://lh3.googleusercontent.com/grass-cs/ANxoTn0ExHG0C_Zhcid5X7s7ffIJarC9hiRr1TbsUNF83fsaGrVRe9b5uQ8mY85NTuYjU6B3pc5f2iV-ZgJ2Nz66Pol9Y3_hfpLJ0miwJ4OaKSqLl5TR-SNqQyNEZMvb4__3pZfGv4fswA=w300-h225-p-k-no, https://lh3.googleusercontent.com/grass-cs/ANxoTn2kgBt_XdwpykwU6lj7033Lc4avA6iIfJN5plIq64Y1OykRqdv7KEMzBu8A1jCaDqTFohzn25yKfvQuDp8CifyDjX0KlFb5UaeLE5rM40zzeE3NQJjRbf1GVC7hTB1uR_YKQdo=w300-h225-p-k-no, https://lh3.googleusercontent.com/grass-cs/ANxoTn3PCT_eQm-4xlL_KyeFq68yHGRC7PhHR81y_HQizadx_Oyp-aBW-bBTPVbycMsQBlVsXTcAtklHLzwYNxOVnE-cqG3qomOH1R5PRm70phX5hxKd9kK6MzczX7BxOTujFTU71rcI=w300-h225-p-k-no"
Benson Lien,4,2025-05-19,上次編輯：1 年前,"辛豚骨拉麵 $240 (日本味、中捲麵)
黃金雞湯拉麵 $220
TKG飯 $80

整體體驗很好
點餐時加麵不加價
TKG飯的蛋是半熟溫泉蛋
攪拌一起更好吃
湯頭的部分表現都很好

小缺點：
公館店無法額外加麵
無提供白芝麻","https://lh3.googleusercontent.com/grass-cs/ANxoTn3mzLucl0XkeVFQ4IhnM747rGKEBxKHr5GJG3Vwgl7jeo92dZPwwuDwD9dMgKlvHiUjDR9rG0AfefG1VmSNilRhY_k8CMHzoz78Rp8Yy4Ti36lVZFb4bSjz0M87B2JkEGC0qtbI=w300-h225-p-k-no, https://lh3.googleusercontent.com/grass-cs/ANxoTn2TieA6dE-bh6kLMK91pmMYpqZAcDKOG-Ox-i0EV3FpJ5qH9z1JWAWUsQCKtL4DJ4iwFqVJgPqIFz8cF3zMfSZIfiuxDrBVAO_KOjjyX54E5e1CHviLlZ1SUF67qkwy4WIk08Q=w300-h225-p-k-no, https://lh3.googleusercontent.com/grass-cs/ANxoTn32VzAClhLQXTh4O6KI8nodQJY8zFrpPj8huJUa35u-PkL8aT5g81rRGkvol0nDkX_Qa03OtaZzAfUSH2SKUsllbCsb8GvQMKvRl0iYqAr2mye4mAf_oYchQ6oirjjwS40OLerhEA=w300-h225-p-k-no, https://lh3.googleusercontent.com/grass-cs/ANxoTn02KvbEe6eZtZ-tLhjfbkY46weieSAQ7407nybNwfkFYdqMqdK6wnejQ9EiHRuDF0YNq61L-EJZj6XM4pFjB3gl4B41F83zlJB8nLSDlhFT5qotH9SwIcP7T_6eo9qP8qY1At3U=w300-h225-p-k-no"
熊大,4,2024-05-19,2 年前,"拉麵是好吃，不雷，但比較沒有特別愛這家

拉麵吃很久，偏好有個性的湯頭和叉燒飯

湯頭算好喝，價格感覺有貴一點

內用不能只點叉燒飯，本來想點三碗，如果有低消的話

干貝麵可以加麵，沒加

叉燒點了一份，豬肉叉燒不錯吃

整體來說，沒有特別記得的亮點，每個都還不錯

所以就還不錯

整體來說干貝，和豬肉叉燒還不錯，是覺得印象深刻的

如果經過不用排隊，可以吃吃看，還不錯

店員妹妹滿有活力","https://lh3.googleusercontent.com/grass-cs/ANxoTn0A27-wAcztqz0HS8Hjn7y9SW5wWRA1OF6rprtPzMLXQLrl7hvEK2WFLYdQcQoiGDNL94VOpjAcmpsC69ZMjPL66BwJnaz6OQt0lS_u1D51IBRHdXxFIZjJ8xICk4BEqztrFgqH=w300-h450-p-k-no, https://lh3.googleusercontent.com/grass-cs/ANxoTn3obkiDjLYXllvArRwmiIvyZX7h9Y1lCDcqJNOEq2TZj79jAoVvu1DQoGGBECkjd1SsZu7CYibxWgfZRiKKV4YN4Ko6ofbXBtOTRLiveczKA6YLMRtYfRdTA9p87TyrmwbaUvfoyA=w300-h225-p-k-no, https://lh3.googleusercontent.com/grass-cs/ANxoTn3vwSXGtdgi48dA2o1O509odR8J_HjFojk4TC-hwYmAXkNu99UNUbO0mnUGr6HYRcgY8wi0LpMiPZ0AgIJ6jQySj1eEu4EUNG7AZtiTNk4WI19jPSPvY07rFc834xa7wbi4yte4=w300-h225-p-k-no"
Allen Lin,5,2022-05-19,4 年前,飯的層次相當豐富，蔥、蛋黃醬、柴魚、生蛋和肉臊的口感搭配很好！雞白湯擔擔麵口味不錯，大碗分量相當多，不過吃到最後口味有些單調。可向店員要求帶有雞骨清香的清湯。,"https://lh3.googleusercontent.com/grass-cs/ANxoTn02c6coVDvpwl7ps7vt3ftcS6SViM91W_tvFgk2VHxfm-01bk6dxBXYWbt5yacCtz6InFBQ5yXHe9tCGo8TQKdWZyHyjrxXjTZBnQdftjnLZ8a1jCL1NHGXOWsLUmS3F-ENB9oeIQ=w300-h450-p-k-no, https://lh3.googleusercontent.com/grass-cs/ANxoTn0aDscnE165yHc1MY_9PC2aZedmruFVQVcDMHvohD_fw9lRwm7ZMMNgrX8-SFe5ZXLGfj5TadM5LEWwQIp465AfCMDAbZ9uiwSCcgpJXKeS_Pf5cTaVhlAlEYmtmdwycTFK0E3c=w300-h225-p-k-no, https://lh3.googleusercontent.com/grass-cs/ANxoTn2xqNeyV1gtRZj08ACDgZDuro3r3o4OLfa4cMIZxAusvQh18nJ49FtN50ZLdWl10PLCx_iGDLTS3dFcGMxMaDTe8jGgw-Lm8__2PL-BVgfujZ-gN9ZqBcYehJHzxFZaGVjhsXZzdg=w300-h225-p-k-no"
Berlin Lin,4,2023-05-19,3 年前,"這家CP值真的算很高，果然適合學生，我加了肉，天呀！  害我吃不完，其實我晚餐本身有吃很少了，但是吃不完真的可惜，湯頭濃，後面有點膩，整體算是好吃了，但是如果要我排隊站著等20分鐘以上應該是不可能。學生或情侶時間很多應該是很甜蜜，排隊不花錢👍。
座這吧台的好處就是可以看其他人的互動，對我這一個人來吃很有趣。 …","https://lh3.googleusercontent.com/grass-cs/ANxoTn3dltwsOxDe9tVLcMNeA4z19QAAryPUiQz0mqRnyY4LF2BCKMEZj99Wh4SHDVo5AotXIbKJzJ3sij9Db5NWrGMlTtu0qii7z2y6vNN1NZJt_inoQ4pX9g8-cY3QmmALV8VB2BsU=w300-h225-p-k-no, https://lh3.googleusercontent.com/grass-cs/ANxoTn2qygS-hfpfUScJ8LYicDbok2lQLnNOFuYMLX8SwK8mpCfjNnN6cKnflmDHS6z08Rg9Pj6OCFVETSz1FxZplIFVWYdjYGsyQ6wfMDnEjFCA8acuRN_mzsfR02RKDSWb9IjJAlrxCw=w300-h225-p-k-no, https://lh3.googleusercontent.com/grass-cs/ANxoTn3GbRkShMaMJ5rk7pHyzeX1ZA3Oj5hFuMAhM0xWHeSGZ4veCyhQhpFpcO1aOwjr3OSqSeXQGae3RHghqFV_Z7fpoMMEd1cqhpU8KvqGZk_12hD6wLuHLC50hI2-dzMDFCSDaD8=w300-h225-p-k-no, https://lh3.googleusercontent.com/grass-cs/ANxoTn1Bni8M6iBPISzdDgCH2LfVJFMdx2-6ywOuxneeeTjWqff4dXINELJDoIBjGLFlHBGBcX7yIIo1n2a-B09WtMrsXrzwjTSJhT2NUcA2cdO0x1eR79WSHKBKr1ry-ROOIFRPG7GPqQ=w300-h225-p-k-no"
葉芃,3,2025-05-19,1 年前,"黃金雞湯拉麵的味道清淡到跟我家樓下的陽春麵差不多⋯
辛味豚骨跟鮮蝦沾麵也非常普通
如果沒人排可以加減吃看看，但排隊就不推薦了
以上僅根據食物來評價！服務跟整體的店家氣氛是非常好的！！","https://lh3.googleusercontent.com/grass-cs/ANxoTn12fSqr1d3z6zdbp0I0MsfOPLJQaWrfiEvncHrNYep-pv9IZDuJowz7Oa8tBNT1BbFj9OJTTqIlAZdDDQnMDz2vAW7iq2UQTTmsFxvFJI18DaO1I9pHHfgw0T0E85gSHRbvxu8VIA=w300-h450-p-k-no, https://lh3.googleusercontent.com/grass-cs/ANxoTn0M6VU4UHmv7SAbwmnt5PmIYeVYGg7_OGYaWHGDiFaKzqwYt-p0esPOTsfG5hkR6RRpC4x64DAI3bhFf-_TZp_oJhvV9dWDkHF4GbgaRaADoqkeYm4RbA0yw35JwLD1EhCOxHYT=w300-h225-p-k-no, https://lh3.googleusercontent.com/grass-cs/ANxoTn0h8ZJ2M8XpksCRPUKqV_LqGud7UnR2_RnK1XylR6Ot6p9Crp0_5qhVkSOccgg097FMo1BfAPMmJNhyGXU52eYwjCKDB2aX8u5CHgp2Oq_JYHV3CHsHaAObv_qksMieuwavSpbKaA=w300-h225-p-k-no"
H. L,4,2025-05-19,1 年前,"拜訪日期：Jun/29/2024
辛口拉麵（中捲麵 正常） $250
還不錯，但對我來說有點太辣了
下次再來吃看看別的","https://lh3.googleusercontent.com/grass-cs/ANxoTn3GrWhm-AC_HFk0H5DFnR66Rls5WpTVeO8GMJXT6r_o7bX6VWgXxDXGzx-jZmHqFQiu4E1-IV83nnsQloJquv9P8FYohcftlsc7Buu88rPqW8yHJmFhiwuA3EZKhX4nsg9Lt8FY=w300-h225-p-k-no, https://lh3.googleusercontent.com/grass-cs/ANxoTn2ZM6sgFPgBp4N4E_XSdXh9EsrTgQKYjZ1X2U5iAidn3-X4nsUnJS9V-cYKH2iceGctUOUjDwjLD4kONPjxVyP61y4yO2nRKT4e-BbuYmqgz1spdEWzWOBDwEHx1Fl9t8VMiuPvrg=w300-h225-p-k-no, https://lh3.googleusercontent.com/grass-cs/ANxoTn0spTQHQssgWTujuT_6o7E5axeNOoPlwL5HfnW5geABEbflExzIP4ITTsg3U9CRsyQUCXQSJJNqEO2k2sb6SgcmM_-gzfyGjI4-s7MiH8Cr8gbwgir0iiafoFsxA_vcI2T5zSo=w300-h225-p-k-no, https://lh3.googleusercontent.com/grass-cs/ANxoTn09iSoVYYf6VomaPWDIrjNmMMy_wzKRlUHTqi8TPoqk3uUtEzFCX7eRxHwVXrj7Cnw3phPq5GTYclz8DSzMlrNVGW25fyKnR-qJr8528fdWPaaWrZOVKeOPZjzQpp_U6j_nirHH=w300-h225-p-k-no"
Peggy Chiu,4,2022-05-19,4 年前,"公館店的裝潢比赤峰店大氣很多，服務生也很好，餐點沒收服務費。
但是跟赤峰店有一樣的缺點，就是冷氣太強，桌上又只有提供冰水真的太冷了。
可能是因為冷氣的關係，拉麵上來是常溫再溫一點而已。
上次赤峰店吃沾麵冷到不行，麵跟食材也很冷很討厭，這次點雞湯拉麵加豪華拼盤，湯頭不油膩好喝，中卷面是有W勁的，肉的部分有炙燒的那種口感不討喜，可惜了炙燒感。
拉麵整體溫度可以再高一點比較好，然後冷氣真的太冷了！","https://lh3.googleusercontent.com/grass-cs/ANxoTn2CTsino6DJaZoO7Gil1EsrK8JXVvZYevuBJla_5PUkjxWeyJYitHqFJF45uDO2D7q7Q95PbhPcpC-3kHJE9ajyA2wtJklpDHjRCJhkSXKDnkEjG5cfo3s7Xg8_Xpwn2A6tTPgt=w300-h225-p-k-no, https://lh3.googleusercontent.com/grass-cs/ANxoTn28janhmAv-F5IQqjczp4G_odlVaxahjj-empIfrpdjgtKt4oRNnzfmOdF0VSNgWxQpw8zoYclM6DNoGPD-uATeu9uKubLpoO40euOYM6IK-py5erd4RYOSrA8L6sHrsfCJAleSHQ=w300-h225-p-k-no, https://lh3.googleusercontent.com/grass-cs/ANxoTn27crh1PTdLAkC0oM37yuIeHELDHbdeK6PWDcfASeWSHzA9AmCs6oxsn-D4y3a-K6Dnd0OTJe6ruI2MVagPpFVGAuZTdkrZF38fHLp9j-QtFLq8RDWjPGgoTdjTUtJzA7adVPg2=w300-h225-p-k-no, https://lh3.googleusercontent.com/grass-cs/ANxoTn2e6qHMTYaiiCn6XRbMc1Y1-ByjAuXDoKrGB0hmH_4TJcBS56YrFuKAQQx9euEhQ9G71cTXjYGId5P96sbsxZk89YrYCmG17FEKFlCFZira2PWXoSkNCL-d_DpmKIOePv9IteAzhQ=w300-h225-p-k-no"
川頁貿,4,2024-05-19,2 年前,"4.5顆星

如果不用排隊4.8顆星，基本上生意一直很好，都需要排隊，別以為只有外面，裡面還有6個位子左右😱😱😱

平日19點大概要至少等20分鐘，服務態度良好，有自動販賣機，也會事先確認人數，不建議多人，至少要可以拆位~~ 內用大概15-20個座位，桌上有附冰水、衛生紙與垃圾桶，桌下有空間可以擺放物品，很貼心的設計~~

超級推豪華拼盤，腿好好吃，tkg其實就是柴魚、半熟蛋、肉燥、蔥花蛋組合，個人沒有特別推薦~~拉麵很日式，認證成功，不會到必推，不過附近不用等太久時，還蠻建議來嘗試看看~~~

價位也不高，且沒有收服務費，+++分~~","https://lh3.googleusercontent.com/grass-cs/ANxoTn341hXGvJnM1GWyTT-Q2-hIwQIA2VzG-JZX3Hsi4CRoAqhr6XfWgyq1yS358wHIuhQ02tLu3J3E4p9dvatRL9Io4VnY8W6_9UeU9sq2RpV_PsSTdULy1GFXcmaFPLcEcYP3pVCUdQ=w300-h225-p-k-no, https://lh3.googleusercontent.com/grass-cs/ANxoTn2Ex-zTgdCL-WdmNxme1Da1OEMDlZ3kT4_dluiI4WF5im_TgOpSJmLGJFTVRo7inPO1StR9pGoSsmdE74Mfzkr2ge1tqnJWDJfME6LsA3KOT0BW9KywK-Gu26Gm9WkeIvXxuOrm=w300-h225-p-k-no, https://lh3.googleusercontent.com/grass-cs/ANxoTn0W-Ryl_yr5TCoOf70UxDTXPk3FNkKANT-E1UKEMWcEacJRiFQOa_1Ff2MFOMxKZ2-q2SNizwbucEdTOmVs2qH4Zxu8FfpB2Dc4vbMgw1ZGTmaIhVXG9-2tYdx0LX24U9CSNhYE-w=w300-h225-p-k-no, https://lh3.googleusercontent.com/grass-cs/ANxoTn3dZkZHyqY0wQr5ed4mRS8mRG5sntRluq5urnwLdbv3cWeaHLs6hsQffF-hRAQQSA907WOlGGAW2HjVWWvi1LP9nw9FcHuJbEgBrfD7a-3dUGsX0EH7M88HBvKYZc_PR5buksmW=w300-h225-p-k-no"
feifei,5,2025-05-19,1 年前,"人多需排隊，用點餐機點完有店員會帶位
公開的煮台可以看到人員在用料理
桌上有筷子湯匙、調味料、衛生紙、冰水、牙籤、垃圾桶，用品很齊全
拉麵湯頭選正常，味道剛好濃度適中
叉燒偏軟嫩口感","https://lh3.googleusercontent.com/grass-cs/ANxoTn3nPTRS2m2PKCUpWScjaych7U25hrzFN1YAUXw7my_3r3XCklbKtalEMhwrxVyFgV5wXJdw2sGvy5X2vjfxAUgdzukGFrgTbIGU9hCOevTIVeDCRFBww5c9JeT8gFh9GMrsb8cW9A=w300-h450-p-k-no, https://lh3.googleusercontent.com/grass-cs/ANxoTn2Hij6DOkIIoywvbWr6msVx_olfCtQF9sLKlI66v9t6ONHcc7kHMsEYJCxTbRph74zix5mxDDvw3L0AN-UnkIe0HOMJO3Vdo_fTPOcDYwM_Bxjj_rhy6hASH2l_DypsxNOuOeo=w300-h225-p-k-no, https://lh3.googleusercontent.com/grass-cs/ANxoTn1MYbhAcmOtt0jtzTy9t8OmHdlEuCXbmdAGTkUlhihoME76BhiV-HpSHzdiiSD0v26zf93txxhSS0XlejYHmNLt4_KM2WA_SuhXqofm6HNc7y7402Q7B6jQvUrBYiOROww5RavelQ=w300-h225-p-k-no"
Ra,3,2023-05-19,3 年前,"尖峰時間需排隊，不過座位在拉麵店中算多，不用排很久，翻桌率高。
黃金雞湯拉麵（雞）220元
黃金雞湯拉麵（豬）220元
濃厚海老沾麵280元

優點：推薦海老沾麵，湯頭濃郁但不死鹹，炙燒雞叉燒口感不錯。店員服務親切會詢問是否需加熱或加湯。

缺點：桌面皆油膩膩，用餐環境整潔度不佳，用餐中皮膚還會不時發癢，另外店員送上桌的拉麵湯中的蔥，竟然有一些直接再托盤上，蠻誇張，需要加強細心度。","https://lh3.googleusercontent.com/grass-cs/ANxoTn0JF5FYuG_mwGehRfssVXB_j7OUXULwqfdE7Uo9xX5FBGbKAZughn_Ofxy5sa058O3g81vWcvUrxZE2t5S-65LVz6OfopXtGFtpHs684bUmjgIqoki4CsvcSz1BHnaNyKHLQFpd=w300-h450-p-k-no, https://lh3.googleusercontent.com/grass-cs/ANxoTn0hUFprOm01MChLtZijpcxDCf5hGHwxVMwCkUXjagQe3Q7Ms8V4HaIWH5rPPJleWd81B5_7HXK9kS1gj0pHUujGIRl9wqeWtO--O6f_EmzLX2w_nUBeujH1vcky8mIDyr6pXKtSVQ=w300-h450-p-k-no"
Alan Chiang,5,2025-05-19,1 年前,海老沾麵超讚，沾湯雖然不黏濁但味道濃厚，鹹度恰到好處，粗麵咀嚼起來的體驗十分充實，硬度剛好，吸附湯汁的能力也無法挑剔。配料非常有誠意，三片雞胸肉叉燒，一片炙燒豬叉燒，還有兩尾大蝦子，味道上沒有勝過主食，但仍是很好的配角。我很驚訝價格能壓在300元以下，下次來的時候再試試拉麵品項吧。,"https://lh3.googleusercontent.com/grass-cs/ANxoTn2fyETbzbvwsZPBtQxGKdU2zkS_3BVhjbLKskOgOeaE31a9mTcldVtGg75aH1HQ0wEaPwizcZBdo2WnsYp2LADRkIQp2C8-Fo911j5NO70VPljrj-kjRd8GvodvJO3sUmV0lBNa=w300-h450-p-k-no, https://lh3.googleusercontent.com/grass-cs/ANxoTn1SwKeaX5e4hDZmZLKVdeJPqe7nWZGKzm8SJAJh1caW2k4E5XI76tD-osNTtu3_wmLWx6uN4km9nlLq_iIR1TY-jYM8PoaIQ3PAXNIP1-E5ymiYbfgtXjzXfpUFCXwTZhTI63EM=w300-h225-p-k-no, https://lh3.googleusercontent.com/grass-cs/ANxoTn0pDCPekCR2UAgkJeRrmw6Ub5qxs9i3vRvb5idlcBDwL6LiAf_4wlY1k8QSUZIuTPloJZYrbN6roiQMuo9BdiJSkBQS6vghDoiGhVzdZaKbwdpw4Bkbi-9bq6NHonox0iwICXVbcw=w300-h225-p-k-no"
Robben Liu,5,2023-05-19,3 年前,"點了每天限量20碗的干貝柚子垃麵

湯：滿滿海鮮鮮甜的清湯
麵：中粗麵久泡不爛蠻有口感
半熟蛋：辦豬吃老虎，一入口蛋黃甜味擴散
舒肥雞：有點偏鹹，記憶感普普
叉燒： 給的是薄叉燒，吃起來很清爽
干貝：簡單炙燒吃原味

跟soba sinn 是不同走向，隱家的湯口味更渾厚，柚子的味道就有點藏起來的感覺","https://lh3.googleusercontent.com/grass-cs/ANxoTn3coLp3O7kyNkaT-y3dH7F974dJyFszAIPD2NtSldODoBCMzf2h2V-LV4lUe8clTLEHj8g0LtE3_yoMRuSwP4KxdZVTQRHUODsn_w250-k6IJh8Wh5_lKKLsVZPt8qkEvb6Exc=w300-h225-p-k-no, https://lh3.googleusercontent.com/grass-cs/ANxoTn2af5hHrPSmRM37eh_K-0Amj2kCpVmseO8tNdnkTFLzhlIVXZZyryAoEhgO-qzdGGBLx8nd2FyvW57XCIwmGx0UHanXXofsRVdgF3qV99SY1JQdyprZDtv5aLRBxbQUcivP4Pk5zg=w300-h225-p-k-no, https://lh3.googleusercontent.com/grass-cs/ANxoTn19f36ADW81_A35dS-hEDBF3V6iGaAYzheXtUqOmJEgm9h21gJREsCqFu23Yw1NtS4tbmrVr5C4AYsZpF-PeHnXwSNJPMuRlqhFgsAts_u8VEW3nUFnFmYxSukTVL_ue9tWD3A=w300-h225-p-k-no, https://lh3.googleusercontent.com/grass-cs/ANxoTn3LgQHhJQMGkCacJ8Sg71j6fbqmDSe-M3anyod389vXhtLbHaYKyDF4HapdElL2-hfFBV8vnehYqm8cGQlg0qu6UEPBBQFCilfLp4pZ5HdDmCjysJDQNhCncAwd7SLF5o7W7fCF=w300-h225-p-k-no"
Gibbs Pan,4,2024-05-19,2 年前,拉麵湯頭還不錯，叉燒也很好吃；湯不算太濃，但是有濃濃海鮮味；而肉算是幾乎原味，除了胡椒之外幾乎沒額外調味,"https://lh3.googleusercontent.com/grass-cs/ANxoTn1CO7IehBflbygJDX1QsDc4B7BXpEno4zo2wr9NqQzt-jbf6cN2PpMO8-aik1Fd7KjfVVU5_iZ0cGzMlLUngIssR6PTiN-WAti51aIzg56Mrg95303yQL4jySflKM-aONAuBIxq=w300-h225-p-k-no, https://lh3.googleusercontent.com/grass-cs/ANxoTn1cyMYtFBTGZiF3EMliXadcw93vKKrR3n8R4L8l7StuMs4HtDRix_VObrCY4o8izfjb43a6mVfCcm793NximUT0bOp5-jAE9bylYKnbl9Ev2zmBJI5rXmFDl2JuRx_1fvIQTh-M=w300-h225-p-k-no, https://lh3.googleusercontent.com/grass-cs/ANxoTn0buQtJ77p_6CywSVi_JYvoP5q_935TSJugKVe9I8yHKjzo8sMJEk80ssGORY0BjUUt7DS_NOhuLUUwaNinIoofnPyIW2qEox618eq6igzxDV6DHPFuHHo0hEKMFLgWInqu5T3Z=w300-h225-p-k-no, https://lh3.googleusercontent.com/grass-cs/ANxoTn0u1ff5d_dM9R2Vy7Lvxyl8V1SEhvffShF64dXXaYgUgMQFA4ZFCzCZWfw7pln5-h0dupEawhOs1XWKIgN-1tckR-AMosSHjcZSJO3p4jpiOdSuog2M2y6ImhK-fvysJYHtHbcV=w300-h225-p-k-no"
Lu,5,2024-05-19,2 年前,"11:30開的店11:00左右就有人在排隊了～
進去以後還要再排另一個part

點餐是用點餐機輪流點餐～

這次去點的是限量的柚子干貝
干貝超級鮮～
湯也很有干貝的味道 很讚
不過還是有一點柚子入菜苦苦的味道！

比較驚喜的是湯喝到最後還會吃到一些干貝絲～
然後雞肉也很嫩！

整體來說非常喜歡～會想再來試試看別的口味！","https://lh3.googleusercontent.com/grass-cs/ANxoTn28xGkxsCeMKvddFxwFrc8r9vactnKCmysmFbnsD3_hJnp4vJa5CzlLKFyPS15wXpPujvzNfrzMv9Dp54puN4m32ahFWNEf8WxWHBogEpShP1hQ9Qk4uu0yrtflQo42CWUuWws=w300-h225-p-k-no, https://lh3.googleusercontent.com/grass-cs/ANxoTn1Ls9AT-bghbv4Cg6coVIR53_6l1_4Uq5oxsKjBRKdie9j30risbApBzEzpbmdq1Y3ru2RSJT5UaOeMIIOivcq0NhvTl7TYUu88u9uTm9Hh_7-BPdFuUoTyRu-AoT2wJzFo7lLQ=w300-h225-p-k-no, https://lh3.googleusercontent.com/grass-cs/ANxoTn3jQYlBC9R1t0xX4fjSVusGHFH2zpkmfGkawnn8W3SLAypuGFqcTaqSFds0o6gocL8nViPuZmgx8UY7phn_IuoBfMyXNus_TGl18AHLOi268D4oMsEa1C1K7fCaLcFoLS5K3niC=w300-h225-p-k-no, https://lh3.googleusercontent.com/grass-cs/ANxoTn3p79Mw2UBg4rZBuAVSJQYtyGnexm5e_KrpurgyN62JH1AXRWuYc02Y4ItP-cd0hu82VVpSE9s8Avga6eRgMxvMugW6v9loNeeBuwBeGrPmD_nVCLjcRhcA5-Abghz_dI2-pgFbbg=w300-h225-p-k-no"
Ham Huang,5,2023-05-19,3 年前,兩人點了濃厚雞白湯、辛豚骨拉麵，加點一盤130元的肉，中卷麵、中份麵、偏硬、偏鹹，湯頭符合我對豚骨高湯的鹹香濃郁期待，加上一大湯匙的大蒜，包裹著豬油蒜香的麵條吃起來相當過癮。用餐小插曲是店員送錯餐點，經反應後很快送來正確餐點，整體服務品質佳，另外平日19:30後來吃人會比較好，整體給予五星評價。,"https://lh3.googleusercontent.com/grass-cs/ANxoTn06ZXjmOAPVGNViZ5RFK6D5ufNyAFmyhxJfgoE1F62NExfI-l0QNnQS0UlH5s5cAHLm4X5iI4mOshrAxEOW85B23TWHff0haj1hbNwIAEnnGy1L7sPp47goIM3nMyc79qith7I7pw=w300-h225-p-k-no, https://lh3.googleusercontent.com/grass-cs/ANxoTn2xsBxv_YH9g5QeJyZL6vYzgQifut2_8FGheeNzn7-4-xZd4nxpO6FXeUe8n_I8TrvNNDLaePEuSf3DCS1WVQ5E4EWRDl_bdUNELhRnUnNGi0sb3ju6FD-7myA8QHOd2otlLAw=w300-h225-p-k-no, https://lh3.googleusercontent.com/grass-cs/ANxoTn0b91uYKVwEN3PFWTpUEgyEGq4Bt6yIMZgunJo-Trnzc4AIWMhiw2JWVfTiCCV_nFbEOP_WM65jS_Ide6cEeFYyZ1FyshWX4iBkuXHJ2KcbTgWxA_hRMM5m_PnJdydWxXjeT4kv=w300-h225-p-k-no, https://lh3.googleusercontent.com/grass-cs/ANxoTn1rsPquGINJrna7rDWgtKh4rpA1aMSsfCksAxly_yOqCRLoktR5KrzuZ3o-k4uxgcVa180dnjakvu11L-iD-KrmBOyc0kc7Gb2EDDHYwcpIyEe4vUlwHPvFVlMvuGPiaYHIDKpD=w300-h225-p-k-no"
小蒨,4,2024-05-19,2 年前,湯頭偏油，粗的麵條偏硬，吃起來不太像拉麵，整體口味偏淡，因此怕鹹的可以不用調淡，可以免費加清湯，麵量大碗很夠，服務很好，有服務人員在控制動線,"https://lh3.googleusercontent.com/grass-cs/ANxoTn3w-rYu_fFFt4YRmi5ucNJSFDePVirCinmBgIO19RrmSOYBg31MUODTctIGW29D6Nw_zVeTtsEFg1YJnIcTMFMsnR7zRGXgWkhTy4_JU_k2hkKovurRDjKDj3ykCNnCxe0fjVIl=w300-h450-p-k-no, https://lh3.googleusercontent.com/grass-cs/ANxoTn3AbRy0CO_XawQagIfyLrluWqFTVfPAaPg6oIzqDN5drZEuO2Ht9iF883ApEJyOyybyNflg2oBYkV82k4CSGqWQlmsdADMZpFdK0IX7W56TKlVkExtSedT4lnKfAQ_iKP6gRNPT=w300-h225-p-k-no, https://lh3.googleusercontent.com/grass-cs/ANxoTn14F07ripc8gSI2wfP1bEpNc5EJmAG_7ZZQI_EvB0jNEg-cFzGWpSWBZIw4fnrTvmDQoeWRAEN58ubt4sUO-R43SiLvqQ1aqo4RDiBWS76uIPvEa084ge89zkdkf2p1z5gTyLs=w300-h225-p-k-no"
刃月,4,2024-05-19,2 年前,"TKG飯（生蛋拌飯）
個人覺得沒料，與一般的叉燒飯不同，80塊美乃滋加肉醬整體偏鹹，柴魚片是有香氣沒錯但跟飯一起吃口感很不搭，吃到一半會覺得割裂感，只有絞肉還賣80元不太滿足

柚香干貝拉麵280
賣像很好，看起來就很有食慾麵體在水準之上。Q彈有韌性，湯的鮮味有出來，但雞叉燒就沒甚麼味道，甚至有點生味，吃起來只有湯的味道，豬叉燒就不錯，好咬肉味順口，整體還是推薦，加麵半球10元","https://lh3.googleusercontent.com/grass-cs/ANxoTn22eCyw7qt31MexCVHAk8MGUY3-9hCynik7sR6Ctg_AsiJG6zjAGQoaWBV6pGULjUgaYL2wfeDJoAcvVa_SglXzRZZUHmZhGTOLrj4J-8X30b4yAUG6KhnrHz5tShDlguC4Rk-XDA=w300-h450-p-k-no, https://lh3.googleusercontent.com/grass-cs/ANxoTn3Ztvwh9EiAhCaCKmskm2D7lYmTkDFhSRlHomtOsrM-B73Bzo1x7T28MCjcIEXOD42NfAEzJTBMouj1yV03VmQAq0KG5yK-u4JCpu4BpXKcvA9uog3HTgcxYdmvCY4uUvSC-Tw=w300-h450-p-k-no"
王郁婷,5,2025-07-19,10 個月前,7/16外面突然下大雨，但忘記帶傘，店員人很好的借了我一支傘🥹不然就要淋雨去捷運站了。拉麵很好吃服務也很好！,https://lh3.googleusercontent.com/grass-cs/ANxoTn02UuKPTNYEcZ1-D8AsjcnsjN18YI-3uFtP2O9qEQ_nR9bQzHh5ovERGoya1td2RgSrw8ikeB63zTfrXdJldj2VX5YpiK93PFC5ftCjbhh5CYunKG92A30nPb-p0ReRWGkg2L5OgQ7ptyE=w600-h450-p-k-no
何欣澄,5,2024-05-19,2 年前,"黃金雞湯拉麵(220)+叉燒盤(130)
以台北價位來說物超所值，雞湯拉麵的湯頭超級好喝！清淡卻喝得出濃郁。雞肉叉燒和黃金雞湯拉麵是絕配，豬肉叉燒也非常好吃，不過雞腿叉燒煙燻味比較重，反而會破壞湯頭的清甜，個人沒有很喜歡。","https://lh3.googleusercontent.com/grass-cs/ANxoTn09K2_Gl1_m4Jdn36CPUFSNnYvHz8QznOo9WLpJZs1sSuiVgBYCHUSGRuljKzroBcLVSRj1Ikt5nd3k5bEOrFD6ZtHUnKyKn7cGLFvtLhrRt7lwdoJcmj8rX1f_gku8rVsJNze4=w300-h450-p-k-no, https://lh3.googleusercontent.com/grass-cs/ANxoTn08fXSLZrMcPAaFbSga_T2Z8_7nprjF_CyCQI5tfzj2mmy3PfVTpm7IqrDztYeEJ6N-pzt9T-lj8J9fumJrK3wqT77_gfs5ovBa4Gu1bXAuaL34oVwk0uCB8THCZFAFQ0Dq0y8=w300-h450-p-k-no"
George Chou,2,2023-05-19,3 年前,用餐環境整潔，店內氣氛很熱絡，在吧台看著店員炙燒叉燒也很有噱頭。可惜湯頭沒有記憶點，也沒有香氣，拉麵上菜時也不夠熱，叉燒肉和雞肉雖然肉質軟嫩，但都是冷冷的，和預期有很大出入,"https://lh3.googleusercontent.com/grass-cs/ANxoTn2iDGzTT_h31_EQK8E-K5C87AMDSniXIn8LtYAy4PzPQbcgjTcPwy_-7iCq9vJQkfHipddNLEVpbQ-53zz9bhS5NyKmUYx8DCxFHJNNIlIGChd-xvevEptmk8HlonGQBSKpH4XL=w300-h225-p-k-no, https://lh3.googleusercontent.com/grass-cs/ANxoTn2TD-cqgSdX8TrIoWcBZdYP6yOfNM50WlEwIrkGRVyPGRL12gq8LgaJjz4WZXf2aymxASpbWbluav0CdB5XYhjn7uK1WGlseCjF5mMzQsQ_JY98kZHmfRLP43hjbDeNwysetnnF2g=w300-h225-p-k-no, https://lh3.googleusercontent.com/grass-cs/ANxoTn2AKXELn3a3k61LVkXjY-l-rHZP-2JMy86INwOZWnh7KbMml0dGeBbsq2lcX-caY-xOXcrn9lTzNkrViBgGx9SXQR9e22fEygHCrrYk6YliiEcYjVAM8mj3mq3gCccSfVNHHJ01=w300-h225-p-k-no, https://lh3.googleusercontent.com/grass-cs/ANxoTn2S9Be48iFS8F22RhfYxCa1qpcw3hCldxJ1ixK8pxbNhfeWLt9LybYlSrR5wSI25HnVw7ZuzInA38TlzqE1zGecYeiI3L8fgHzpmohZwNQBKI7OrlvY_raT0lQ2hli72KE6DY0Q=w300-h225-p-k-no"
徐嘉駿（Adam）,5,2022-05-19,4 年前,一個禮拜來吃兩次，第一次來的時候和朋友都點了豚骨拉麵，但是口味麵條不一樣，上餐的時候沒有注意到，所以搞混了，雖然我和朋友沒有很在意，但是店員還是馬上跟我們說道歉，還送我們一人一顆溏心蛋，讓我第一次吃印象就很好！兩天後又來吃了辛豚骨拉麵，真的很好吃，湯很濃郁，粗麵超爽！,"https://lh3.googleusercontent.com/grass-cs/ANxoTn0kpSayzUvkjKAVfsbVgj_ih0qznQdBVMqzbEgJQhS3mO7OxTmfL2_7wB482xGSnHn67m66mB07PJtvNUAxuBHZ5F8kbniV89jJ5AN1uA6QIqMZIecU-hUdOZh9NnS1zTaM0fGI=w300-h450-p-k-no, https://lh3.googleusercontent.com/grass-cs/ANxoTn3KMP3Eg_fpsZca0WTZWiEkCQBpmlvcQfCtIKsY6rtQPFnzU88CDkUxCu7lCsF_T4ilLzYizOwVZLcQAsspDDBU0MYA-tB0C7oekHymvj6kqhPcJ7LEK70-Oi0yGDrdg0FvX_4Gnw=w300-h225-p-k-no, https://lh3.googleusercontent.com/grass-cs/ANxoTn1l3HEFVYqG_dGwRlslRI1OE3miPWEvZ3zrF8tTKO3gUxS_iUAIIa1uCLFZn3nTAbViOh0bynlrWu7VOiIG0tDYW1b3sfDFb-IY-CBOt_65A2RpiXCpCSb0u8D-t1BStZP0XFXh=w300-h225-p-k-no"
Lynn Han,5,2023-05-19,3 年前,"TKG炙燒香氣、碎叉燒的口感，蛋黃的滋潤跟濃郁柴魚味的綜合，很美好～
豚骨拉麵湯頭不鹹，需要清湯可以跟服務人員要，或是桌上有蒜泥、七味粉可以自行加入調整口味。
要讚賞一下店家每個人都活力滿滿的，也很細心觀察客人跟詢問口味是否ok有沒有吃飽，好久沒在拉麵店體驗到這種感覺了咧，讚讚👍🏼 …","https://lh3.googleusercontent.com/grass-cs/ANxoTn0jhXMV9HzdoxT7pufzpW6wR1JVrtvppT04OP817cgIXNbfuXVD2KcY4SPdfmnJbCjhrL19-5NL9LQkmGIALa0Brrv1mTqhe5qfFebzCCjr73QE1S3I5ZuBtuYz4681uOtJRnxT=w300-h450-p-k-no, https://lh3.googleusercontent.com/grass-cs/ANxoTn1bm2AdF1I_qkzJZjCn0AfyJzJfk-DUzcUPxKISw_Rh4UIHHiHyF2zHQgtB4-BCQy60FEMuAvWfNNGeFEljpQFXMJQCDvU9c-1KFB4edlI8oL8IACzaUkxKZYpWKtLZNXyjyGbr=w300-h450-p-k-no"
阿達,5,2025-05-19,上次編輯：1 年前,"拉麵筆記：

吃了三碗不同的拉麵，基本都蠻好吃的，不論麵/叉燒/湯底都是是好吃的，且味道都維持蠻穩定的，基本上在公館沒有排太多人多都會去吃這間，基本不會雷

真的硬要挑毛病的話就是豚骨湯底配的是雞叉燒 / 雞湯底是配豬叉燒，這點我沒有很喜歡，當然加錢點綜合叉燒就可以解決了🫠🫠🫠

店內裝潢算滿有溫暖的感覺，座位算很多，但是廚房作業的人員還是有限，座位也算是比較窄，所以排隊還是都要等一陣子

之後再來補齊沾麵和魚白湯拉麵

------------+
8/31

極•濃厚海老沾麵

麵：中卷麵，用來沾麵是涼的，如果以男生來說，沒加麵會覺得吃不太飽

沾汁：外觀看起來很濃的蝦味湯底，
這次吃的感覺跟人家說的濃稠有些差距，比較偏向湯還是不是醬，跟隔壁的道樂制麵所的海老雞白湯的蝦味比淡上許多，還算可以，我有把湯喝完

配菜有兩片舒肥雞叉燒、一片炙燒雞腿叉燒、兩隻白蝦、兩條青菜、一碟蔥和紅洋蔥（可選），吃到後面可以靠蔥或洋蔥來調整味道不然會有點單調，如果回訪除非夏天，不然可能還是選擇吃一般的拉麵","https://lh3.googleusercontent.com/grass-cs/ANxoTn2tsHonMYftn1q9wYnPsp--xVcBseXZOBD46CQlRFSmf51mDmeW1i_Cne7YF3ST0bh3TRNuBZ9PyufZ_Hf70Y1yRFcPYvFSyGcyTQ38-ONXHBStw4pxGM6aRGO-WPKhtfWaw5pc=w300-h225-p-k-no, https://lh3.googleusercontent.com/grass-cs/ANxoTn3ZN62egbbK3Jr7qC_FsS_QKYLDpsziTX5kQvwImmq8OOUkxGPsJhJuV4LBtV_ljdMZY_Qx-Tcetj5QVl3ukT_R-SjOG5hdrY4RZRnpAkfLEzTrstfNEyPGIGNHLQlUq-uT0RhM=w300-h225-p-k-no, https://lh3.googleusercontent.com/grass-cs/ANxoTn3UNiuZQPLIlXPjXCcFWOIh9Quwqd25LoGSzLGsnxMdPzof0Xtc5jRRrMhAhSjq0hbXz83ATQSCJVmQr7s8ZVyEIXQuPmW6CX2bc9rao9f4vpELjD0JBZsO6G-xOaYu659uzJ46=w300-h225-p-k-no, https://lh3.googleusercontent.com/grass-cs/ANxoTn1xQUBXECry-hbCn9A6nBO4S5kSvF2xcwwSeK_b6d48dBaOMJAi7swbQ0IDTM0olGe4iu6t5gdd2UEidV9GD_wNM20emaNWcLoDTYUpfohvMOcF1c8JyU2WAmeFfGIZfDeNiOMR=w300-h225-p-k-no"
Jiashu Park,5,2025-05-19,1 年前,"點的濃厚雞白湯擔擔麵，端上來外表很華麗，叉燒和青菜都很好吃，湯頭濃厚較為上癮，桌上還有另附蒜末供使用，稱得上的公館商圈最好吃的拉麵。不過值得注意的一點是椅子是損壞的，坐的時候很不舒服，麻煩店家有空的時候要做好設施維護的工作。
所幸來的時候是下午5點半，人不算多，吃完之後店門口就是大排長龍了。稱得上是好吃，但如果讓我排隊半小時以上，覺得還是沒那麼值得。",https://lh3.googleusercontent.com/grass-cs/ANxoTn30akWlHstt-g_-xx1CpXlEa0p1umbPLvdjlDBSzv00AbMFvLBCwyiMktF8Jyikue3z7R7TrnblPtX8CLd5ZBdpFGsHMxl3S-mvovpyF7JcoM-BAMmVyivjB4ddVsUwgq2OKKrL=w600-h450-p-k-no
白貓俠,5,2023-05-19,3 年前,"豪華叉燒拼盤
包括炙燒雞腿叉燒、舒肥豬、舒服雞
每種叉燒都有自己的特色和風味
炙燒雞足足有一公分厚度
滿足了肉食愛好者的需求","https://lh3.googleusercontent.com/grass-cs/ANxoTn0_V84_Ava3XlISTVEFVpLtVRzPYAAR1GRTbmUQm09kyuqMjkNLVlrFlkH9vAuWCQXmBFEW3RaaCbW9WU5bwfTYF_qwWA9tzjPb1TEZdqiSCyIoDPPdg6mkWiWvADQ8gV-vOjIx4w=w300-h225-p-k-no, https://lh3.googleusercontent.com/grass-cs/ANxoTn1ICEdGxwkNSfOCMovZJs3_Y2KiogMhucFLTF5hqQnXmsyg8Gh6zsIyvK0tbQIywosFY3brsFkd_wzasgnk3gD2ThdLazVaaIWbbIoFZUXXrclf0oW75uMLSPnCwxMUY_bFARRO=w300-h225-p-k-no, https://lh3.googleusercontent.com/grass-cs/ANxoTn2_wj_s5YQv8C0QNwpm_8wmTncb4zYkFYZj5yTlg3uVAOFczGcKVqysnav7iowBqn4UvGOggoe7i522AzwAe6fDIvJPJJFJ5QDDV2GZij5DsoHFYx5-1VOILpiQHwWyuNHjHInS8A=w300-h225-p-k-no, https://lh3.googleusercontent.com/grass-cs/ANxoTn3woBFo8mOKY99PszkGi6CIuL4CJ1GbXYynE_VH8fAUXn9xwN9TCjPZpP-XZW5VoAcT4vHzKMkO855CcqDOGaRRIfT6SJjr6pCS4NINfU1Esbt8jJXybOi-3F4lHhwW94yrqqEZ=w300-h225-p-k-no"
joy Meow,5,2023-05-19,3 年前,"平日晚上還是人潮滿滿，大概要排隊20-30分鐘，女生吃小碗就很夠了，雞湯好喝沒有腥味口味也不會太鹹是可以一口湯一口麵的濃度。
限量口味一下就沒有了下次想再來試試柚子干貝口味♥️","https://lh3.googleusercontent.com/grass-cs/ANxoTn1xUH_AjPbdHR47FILhxAdSrLE-VGPfKly-RRW45HN3UL9dpZkYWK1f2qm4EjGecHLLKfKwA-pU-MnWUlZBqAn7-BIL_SDzBgmQA1MPP6vi0e8QPWqaACGU7ECNCpA-wIqXKgA=w300-h225-p-k-no, https://lh3.googleusercontent.com/grass-cs/ANxoTn2nAKyWpyhIDl9cNSzPszP6Nb20WE4tpCHhtmRbFKCdkCf8Uu-kR48_4cyck-YJQRY_1u4TWDAFd-6OwlOhADiiPc1y_iMRDu101h7Vrueo9dzeqY95GnykB3-Lo4SCHZHCxd-Cog=w300-h225-p-k-no, https://lh3.googleusercontent.com/grass-cs/ANxoTn3jgtbwnj3LzNGc9GCvyGZ15r3XyuE2Mu5MhsFQc4iZVnZROnTtdSWa019k5_ZuXSZB62kaLm2D_UXGEIL6oWLDWnuKoonnmGbUAwsFUUiaWkjAW3YcUTK0cEsQwAXltoE0MDsg=w300-h225-p-k-no, https://lh3.googleusercontent.com/grass-cs/ANxoTn2A80O0s5U5w6zWqXmNyLi5HUy1SX0X6glCMICl9Jtwj3K2nwxKGe1rVTt2xV1bda0GpMAHpwu5cEAPKo6ExI8QkElgpkYXCrZYXOCusiIy6kbdaE2ow9Wcdk3wLQzSiKZOtFZVQA=w300-h225-p-k-no"
長毛叔叔Joseph Lai,3,2025-05-19,1 年前,"整體都很不錯👍👍👍
就是吃完有那麼一點點膩口😅
湯頭跟赤峰店有稍微不太一樣🤔
但還是好吃的拉麵店🍜
員工很親切又有熱誠👍👍👍","https://lh3.googleusercontent.com/grass-cs/ANxoTn0Zzf2uPcfdK--N07f2pXEMDHeL82vZo0b6IqA3A4shn_D4iOiqQJwyfwZrtvwBmVIm6LGIQ3FWlQ-cc7AV8Z5vBlFUYMIJB9tqHe-Tc4Cosm59Gc7XhPjICxYUpDo2sJ0StI_FVQ=w300-h225-p-k-no, https://lh3.googleusercontent.com/grass-cs/ANxoTn3duyQ_U5QcaAOhjROQCEGKm02WuOyTRMaRm1-rnKK1R2lK1FVLNMDkKdJ64MopXXCbnSMSfwh9QzEMk15jIM0ny9LLMSzSQp0N29PBAWsmziqVHLoSn86-VKUiibYl3mmM4EUq=w300-h225-p-k-no, https://lh3.googleusercontent.com/grass-cs/ANxoTn2zPaXGpVE_I4ZwfFiUwR2ogfviiKWYx48H2RXfdtnZVnTzoOqEcYtMMpX9UP5wPGlz6f1ctpT7dNRtx6br5HWpO8yrFjYrQsbdso5sCzhZDw6toI_px0oJk0AtZ09vTPzbmAm2=w300-h225-p-k-no, https://lh3.googleusercontent.com/grass-cs/ANxoTn3A3tbHllWTv3V5xbhEQOTmcaMZ5CzGgkagubaRehieIvTCT1P9-7xZWY92iejtwuflWWvp-noHHjbJKFfJg4z_nKqfphnWpAndhDEY2SDQB_4Xn7uRwML1zGU9WH6qssa-yyHv=w300-h225-p-k-no"
張智銓,4,2024-05-19,2 年前,"首次拜訪,平常一定是選貝系(個人首選魚介,尼波西,貝系),但因健康因素,改選雞湯,整體而言就是表現不錯,但不像拉麵界給的評價那麼高,或許評價極高的是豚骨醬油,總之,湯頭適中,麵條適中,蔥與洋蔥的表現加分許多,與雞湯完美搭配,又不搶戲,豬叉燒表現優,溏心蛋很普,過些日子再來嘗試干貝跟醬油豚骨","https://lh3.googleusercontent.com/grass-cs/ANxoTn3_-LZOjbhuWgDg62ykewKJ5C0gK0pvFDd_9sY3JELYFAJI7JuK-VqbNxEjL0bZATtp_l2PGw6pVFDWAxTBjLXImcDCvxDCfHT0lx1okb-Pp6uAvRF5Bt1nlkrAxP_aWupc6Hkp=w300-h225-p-k-no, https://lh3.googleusercontent.com/grass-cs/ANxoTn3Ognct8h0sDcx-jbDsS70hCoBd4tnUnLDBvheRBjmuJk-Gf93HN7xx8GkDVdyaZQ_L4n0BkMCk_PJxN3f3WQhQSmB3YzjxLq2wGDsKheLtYolUtJ4yR-Vh0rHQezcYMDnvqDU=w300-h225-p-k-no, https://lh3.googleusercontent.com/grass-cs/ANxoTn2P23KAvaD_ZggSc56bMNya6vs-NPUY4dj1Ums6Ip4z_eDq6CNHtvhwPbyeCdST-rwVehPu37Wgij0y9G_-yOgLBATA321Bmi_9VN0ZMPRl0PcD6LpK0rQ3sJBO61AItx771TCrhA=w300-h225-p-k-no, https://lh3.googleusercontent.com/grass-cs/ANxoTn0slnmJT7zn4kplSpIz-28TW_vuexrJjt77FEzH25yQIFEm9N0bheNlPm8LstywpBdAkrei6jpyObr_GFTIbcZQyBfdqXE0nz_g-efjYnMNfGjh0mEei8UHBfyyOQS_1dgZsVQ_=w300-h225-p-k-no"
于文國,3,2023-05-19,3 年前,"以一碗拉麵210元來說
我給四顆星，可以接受

以麵條口感我給三顆星
雖可選軟硬度，但實際上軟硬度並沒有跟點選期望的一樣

以週邊加點商品我給二顆星
燒肉拼盤130元，沒有很便宜，肉的生味頗重，沒有享受吃肉的感覺，吃多會膩，厚切、無味、肉生味、鬆散

至於湯頭的部份
三種口感可以選擇，湯頭濃郁不油膩，我給四星

結述：以單點一碗麵的價位210元來評價我認為性價比足夠，但多點的燒肉拼盤變累贅了，拖垮了整體分數，沒有達到享受吃肉的滋味，另外建議溏心蛋可以選擇品質好一點的雞蛋（畢竟都30元/顆）以及醃製再入味一些，單點可樂30元只有200毫升….怎麼說勒（感覺有點沒意思，直接330毫升易開罐好像比較大方一點）。","https://lh3.googleusercontent.com/grass-cs/ANxoTn11lWxus1c01WL6eN5V3LXRZnuFdNYzKXfnePEtZwmKmVXi9yeBsD5pNap0ZfkF9G3dr9oEDf2mVhxQJfaaVhjITTZqV8ZntZ1v5nv3Nvw3rH_jS3ZkCj4CBSnh9xrjIRoNDlVA=w300-h225-p-k-no, https://lh3.googleusercontent.com/grass-cs/ANxoTn26mjlqQro-lDfM6-RQsZasSKE__UEHSsaFiKVWPXqSGyHyS0ik53u1MmR_fU8qPA1DBXQ9YDArYtanIBNhwM9Z25lCwB46BrROlWFQVFrxoiHXNuBUNrPl19kMnLr469E1OUug6g=w300-h225-p-k-no, https://lh3.googleusercontent.com/grass-cs/ANxoTn2IUgVOU2hPvMoA9TTvUcIe-DoyeqwoEl3E4DDmU2LYX2V7RJyisLtXaXEDcXri1ZktkQMhs_9vwYJwQWDY3meRUqmPMv1RsbHJNU03Aw6OQZTOevm4pjRS5gbMKAOUJfLpyRFy=w300-h225-p-k-no, https://lh3.googleusercontent.com/grass-cs/ANxoTn3mC6d0ySq2806Jm_ANL0w2mSxXbin4U8j20h2NvNNq_ue5pYvZKK30pMwNTLPn3TBU7aInaCPcStjNR-69Ref0U2tYrD_PmDUz80gQZKm9z1gNuUU2fA0N4OKbsCQnU-8Zanfe=w300-h225-p-k-no"
Rafael阿飛,2,2024-05-19,2 年前,"這個拉麵真的很尷尬，拉麵上面的肉，我以為在吃加熱便當的肉，吃了20幾年的拉麵倒是第一次吃到有拉麵，他的肉是不好吃的。
這麼基本的東西都可以做成這樣，真的暈倒。
麵也算不上好，黃金雞湯真的不行。
Tkg飯算ok（大概）但我不愛，都是各種醬的味道。
只有豚骨醬油的湯稱得上不錯，所以還是有2星。","https://lh3.googleusercontent.com/grass-cs/ANxoTn1vdJAv9vOfAITHBEf3prLIo6abxBINq6epge-WaF_43jHTlq2RrmOBBYcoa966bCU1vWo0IxBWHR7P0-mqBU6LJdXKUB9EXLp6Uk5RGekfg15mMRe0UGKbRQXzJHzxakuUYTge=w300-h225-p-k-no, https://lh3.googleusercontent.com/grass-cs/ANxoTn2j7lFnmTAFyw8j7P6PUyL6ovJL5VrBQdtsG_X6dTBQl1QE5q5mC0THwWxi9juony7r-RhxOBoNm455UDHFbkFIaENB3etZhpSkNcsSnGjvYDDcLBqP1AX1cD7wxCS56rvyr6I=w300-h225-p-k-no, https://lh3.googleusercontent.com/grass-cs/ANxoTn1b3s4rKbwtGzBZrAfFoQ5IRYSO_cwEb06_2-oeJ4sV_NuhFApqayFH8MopqHZN11VFHd6m5q70wjl1qWYMU8UfSUF-8V853wkVyVCGvP4oha2GW0Fqv3DfYsvCHuIuIkuZnfULOw=w300-h225-p-k-no, https://lh3.googleusercontent.com/grass-cs/ANxoTn37aolYNKDjsP2kW21H24kftDLagep-Jl8d4ubWXAOECdTJhDevGhd9oGD6S1Z_Yiv8pT7g1Ha8uhkxYE1KHq7bRCSqoPrQNU1ceATeJ4QotcSFkmOy6yTKAC9lPm8tYdgf20Q=w300-h225-p-k-no"
穎,5,2022-05-19,4 年前,"點了柚香、黃金雞湯和TKG都有到位的品質，就是這價位的平均水準，然後除了柚香比較少見之外沒什麼特色，食物方面中規中矩的四星，多的一顆是他們選的歌很有品味（YOASOBI & ヨルシカ）

PS 週六下午四點半去有開放外圈座位","https://lh3.googleusercontent.com/grass-cs/ANxoTn2rOuaPCevrSx0AFT_NXQr7JG2ougtQT9-vuvb8Qh9h24DXiWXNmVTsamId_akutwbAn6nruqiyIG-bm9B9tCY0xKYTHDIfpL8FZ2OdQtcnrh5tuXfcZ6z04RaYwFPnO8VWHLj5=w300-h450-p-k-no, https://lh3.googleusercontent.com/grass-cs/ANxoTn11Cc_jV3nvuSU0YbHcKRst3fUSvd1j2uUXK2NUI8tLuNmcYyiCnzkGLgxu5gamuhTkVN506BGavMSYg6bOOk-B8pRnUw8y3T-5NrvhLz3Nh8BuxPrtAshu-_BnJYOTWlM21RsxSw=w300-h225-p-k-no, https://lh3.googleusercontent.com/grass-cs/ANxoTn3zWd0BL4Vo1TIN9YNJN-8P5m4Gu2iwI3rXm93dtlIrB6yA_bh2-dwP63bZhpTHr-4fMa_j7I9BmP4ekcr4Craa58YJ7ECMGPzcBPWx-iSttGjpp9bBPUdaabZpmwFkeM00osEv=w300-h225-p-k-no"
Yong Gao,5,2022-05-19,4 年前,"2022.2.13
一聽到隱家拉麵在公館新開分店
剛下班淋著雨來朝聖
19:30左右開始排 19:50入坐
店內位子相較其他拉麵店算很多了
也是採點餐機方式方便許多 旁邊的店員也都很貼心的介紹 不知如何抉擇的也可以詢問
一入桌就看到桌上有冰水 小垃圾桶 辣椒粉 蒜泥
有夠貼心的！！
-豚骨醬油拉麵🌟🌟🌟🌟🌟
$190 （中捲麵 麵硬 日本味 蔥正常）
湯頭很濃郁 中捲麵的掛湯能力很強 所以每一口麵都掛著湯一起入口 搭上麵體硬 真的很讚！
-豪華叉燒拼盤🌟🌟🌟🌟🌟
$100 （豬*2 雞*2 腿*2）
CP值蠻高的拼盤！
把拼盤的肉放上去快看不到麵了哈哈哈哈哈
比較讓我有印象的是雞腿 類似醉雞的作法 有點像雞腿凍 還有炙燒 所以不但軟嫩又多了炙燒香氣
其他就中規中矩 吃的很滿足

臨走前 廚房的小哥還貼心的問有沒有吃飽
今日有什麼需要改善的
我只能說
一切均好 在忙亂還能不失笑容 整體配置都很舒服
祝 生意興隆 一定會常來吃的！","https://lh3.googleusercontent.com/grass-cs/ANxoTn3dwdEi0drF-YijGs47Ge40Yz7LYtgrmywEkOgIzXv5mSUpl-avBvTME2b9kalaLCI43T6tXJFKPYLBleSoS1_OP4k5mLRuW65jq3eUO7wZA2kljAPLyu_2N2q3KOHCowFFDX0=w300-h225-p-k-no, https://lh3.googleusercontent.com/grass-cs/ANxoTn1f-gzNNDVU7Avyf1R9N9ECIgn4pbaFe_ufQvagDP6oWOnpN83ZY995P2rUrgIi8whG3Kc0jnxmptyAS0_a_U5IpF-JQInbNJp6O0-87lZof2Go3WaL8rGEojxJLkOOjE167hO7=w300-h225-p-k-no, https://lh3.googleusercontent.com/grass-cs/ANxoTn0WI0q_u_Zy6-U--ir34TAW6NaSLOXXjM5ulleZWGh4trLtI6x2rkEU7rL9H4RmBCNMiiLu7XnIj4I3_EscxWX0UVqiEfRnuR79B4dT6xTGdVLXtdCgWONoRLfLpir100g1lkNN=w300-h225-p-k-no, https://lh3.googleusercontent.com/grass-cs/ANxoTn2SwGsC7MhAiZS1XYiEhz1a22byr8GrHM39nwKoZ3Zk1kUGi0HuBg8VBmPIOk0AQiLnwLM5lnOg5LYyqvqauwzpY1nuKUwAMzQ1DN-FoUFznl1nBBJyfqF9NSO_3aGw8zGAiTEKOQ=w300-h225-p-k-no"
曹瑞昌,5,2023-05-19,3 年前,隱家公館相較其他的分店在空間上寬敞了許多，用餐或是等待的時候不會讓人有壓迫的感覺，所以人潮依舊熱絡。有個很特別的小地方是店裡空間有高低差，店家有製作無障礙設施，對一個業者來說真的是非常用心的設計。當天我用餐時就遇到一組需要使用輪椅輔具客人，看到這一幕真的我覺得真的非常感動及窩心，畢竟美味的拉麵就是要讓各形各色的人都能享用到，拉麵之前，人人平等！為了這樣的體貼，5顆星當之無饋。,"https://lh3.googleusercontent.com/grass-cs/ANxoTn2IrXGP-ddMCRg4N7MOk96lQynHVaphG3x3Rz2l1SR4MgTVrf_6jbxAfzvXKcQdSCtZvKo08Q7nAXRRso0jwJKNPkL6yfEvCoDXMFMUatM8P36o0b_6cEhbaN0-BbyrJvsd_nc=w300-h225-p-k-no, https://lh3.googleusercontent.com/grass-cs/ANxoTn3dwiS1cwB6_rpLUUt8WPIKirZmR9xzVKw7p6k3DkgcSd8_MoPgvtElUqhkYD0dgqUP79V4chy-gcUHqi_YZ-CbX6JhBcA_02DPGy4Sj7xE0fCONlnDlGsHHvzIrVHoMkKFePkXmA=w300-h225-p-k-no, https://lh3.googleusercontent.com/grass-cs/ANxoTn01ifRlvWWqzcjlctOYqrax8NcVllkgvF2xCFn-mRlgRxIXMClY9q4Ayxf9N6TcsgQNb7ii2KHj99wolWJZa3TRA_Cn_41wCDlg-Jvzzpy75_GKFPVxPVucY3Gv4ipwwhKIyvf-=w300-h225-p-k-no, https://lh3.googleusercontent.com/grass-cs/ANxoTn0B6eQy2CwokaN1xqyW0iQRc28jBBBZTCMYjNEBEE2fuNWKAnXqOPPuHUw-5aZjDwGELP_PzqKcf-LE78oaAPDSrDGrjXLhUehylvSw6x1eWfuCUoGN8bgFNoV2Bx9VPNtANHiyxg=w300-h225-p-k-no"
I Have a Dream,4,2023-05-19,3 年前,跟其他日本拉麵店一樣販賣機點餐，點餐時可以選加不加蔥加不加溫泉蛋跟麵量（拉麵可以後加湯但沒有加麵），桌邊有餐具跟冰水自取，柚香干貝拉麵每日限量想吃要早。             濃厚海老沾麵自選麵量（照片240g).有附蝦味醬汁.兩隻撥好的蝦.一根青菜.一片叉燒.三片雞肉.蔥絲.紫洋蔥。          黃金雞湯拉麵裡有蔥絲.紫洋蔥.一根青菜.厚切切雞肉.清爽雞湯.基地一球細麵不夠還可以加一球。            真鯛魚白湯拉麵有海苔.蔥蒜.紫洋蔥.薄叉燒.（厚雞肉或豬肉點餐時選擇）.細麵條.濃郁吳郭魚濃湯。  整體口味沒有日本當地或跨國連鎖味道重，但服務親切價格還算合理,"https://lh3.googleusercontent.com/grass-cs/ANxoTn3JUR6NfoFNg6XK05A2cQYjEjxrPfx2P-8DVHvYzKmQ7eGBmXQc7T8vDqVeK8NkjXhzlSxFZ2F4I63VzrANMcJzZpy7A_-DdYa5SmB2cXm2sYNLokXuROMev1T5YbtPVnEtzIZc=w300-h225-p-k-no, https://lh3.googleusercontent.com/grass-cs/ANxoTn2OpjkYdMbShEU6cjK-XvQI9b7r00bU1sgekTP4jghSs-cMfcKNxCO5uscgtbd33NRQpazUhybZ6IyE71v7NdNqzu84QjrwufonbBtK_Cy7SaUbpezB8hmROd5dCe5MOpJ7vQ-SZw=w300-h225-p-k-no, https://lh3.googleusercontent.com/grass-cs/ANxoTn1xeGbYA6ZPYNpm3CIIpOQwzCqOevQwh0WkynWGRoR44xtq7CeppFalELX1XNYCsuoJUgBGDP5BS6ujMrxgSWmBMG_tedjx1v78BKDWUU7h9baFnZISRIjahkbOHNpiS2TmjU88=w300-h225-p-k-no, https://lh3.googleusercontent.com/grass-cs/ANxoTn0ntpa40bnkkDVuV8s0gX8D404tRnH9k51gQFPPKyPrAwzd_lW1r1UyjaOx_Y10nh0FTZN4fHyViMbaR6-iQEyR0fCnbpOJB6_QgupXug_zc8Gs0xLoTdA9sRGQRkHk1i47C4PsAw=w300-h225-p-k-no"
yoyo Pai,5,2025-05-19,1 年前,"店員蠻親切ㄉ，有提供冰水很讚
自助點餐但好像只能現金付款
可以坐在位置上一邊看店員煮覺得很有趣～

拉麵很好吃！湯也很好喝！
份量很大點正常的就吃得很飽

叉燒拼盤的份量也很足～吃肉吃得很開心～",https://lh3.googleusercontent.com/grass-cs/ANxoTn3AvQtVPxHVk88Nxij0uUeA-xNOpZ6lZn5y-WBt1qosklr1aujzCF3hFTOZT5o7AeF7fBFciwSOY0dzQPgsAXYotS33wWOhp0v_oA65kS6F32lO3NIcrklbxzicS_L8GEMU7las=w600-h450-p-k-no
Hua-Hung Lin,5,2022-05-19,4 年前,"【個人真實口感體驗】
品項：濃厚雞白擔擔麵（細麵/中份/加蔥）+豪華叉燒拼盤+TKG飯
價格：$420
口感：
麵體部分細麵硬口感表現依舊亮眼，攪開紅油湯底呈橘紅，濃郁好吃，麵本身已經重口味的人食用，還可以再加蒜泥重上加重。肉的部分裡面好像只有一片炙燒雞腿和肉燥。
豪華叉燒部分舒肥雞略乾，整體也偏乾，建議泡到湯裡食用。
TKG的部分建議趁熱吃，整份不大碗，有柴魚片，把蛋黃攪散均勻挖來吃很好吃！
環境：比赤峰店大非常非常多，翻桌率也高，速度很快，店員服務以拉麵店而言超級好！
整體：排隊要注意車流，後來才發現入口處L型長椅是給點好餐等帶位的客人坐的，點餐也是用點餐機。","https://lh3.googleusercontent.com/grass-cs/ANxoTn34eT-SH8r5AL8sbLkDSjrz5lb11XeD87XVh1Szz3YqOc6PEA9t7XgXGUj1nYB0tAjOG4LEpu67hn7rpNuYtvLstO_hTrz8jFHi7Y0goVeJnnIp7JVHequQQulGzpFYR4cCtad8=w300-h225-p-k-no, https://lh3.googleusercontent.com/grass-cs/ANxoTn1U3YcTVhCvXpEDKTaP-TsTN-DOgu63qRSN2B_AXolMRQfelRrH1iyLkRWkkeo8ckPmB_Z7nka__GnjuF_H1nBEmI5UbSeh_C8Hrqw9rbn0wgdo3IrHKTOXy6Vjvw8yuyMkv86c=w300-h225-p-k-no, https://lh3.googleusercontent.com/grass-cs/ANxoTn3zaFfuNv-x7sxHCmV-l6j6ENlK5Fbp0ifIzuRrEeg00nQUucXluUgAgI-V4hsWWfODWq72JWhHD2_edX71d4zr4hmL5awrcSXkVglbf5HARv_GDaVvVBXkzWl4KI5ko5_GjiNR=w300-h225-p-k-no, https://lh3.googleusercontent.com/grass-cs/ANxoTn24NJ3Y3-pkclOck_ULixgPdLi35WP9UgHpiJsVxhQumgd43TilmYKaMju6nqyMgRWNQyBbs0Td2do0v2YWHf3y_q9BMeOgLslEF9ixkAiILSqDcIXaqaq8lnfI6KOVT4mxAjnsHA=w300-h225-p-k-no"
黃炯添,5,2023-05-19,上次編輯：3 年前,"點餐機有多種選項可選，可選粗或細麵、湯頭、加大不加價、要不要葱等等..
豚骨醬油拉麵湯頭相當濃郁但有些鹹，麵條Q彈叉燒很厚一片，溏心蛋要另外加點，整體而言蠻值得一試。","https://lh3.googleusercontent.com/grass-cs/ANxoTn1tdzsbrA6wqk_mPbx1EoWOzfWziEZ_pFbZhrsqhuJnoYs6UuIxiw0KliV89nQBW9qgcCZHKrEmPS4iR5WxCe9qNchsoOu3InOryJwdjDWoTC-4izkbJikXhHyWbBH7uBWpfckq=w300-h225-p-k-no, https://lh3.googleusercontent.com/grass-cs/ANxoTn1vTYivLEYyK1_tLywqiQxdmyCOg-yfw6knZQjW4wi_gaggiiIjeWu4dj_iEgas_Z4ZpjLw6cpCi_FowUxY9ewX_gI4NtFn9E2cWsDwutaaxKnNVJbkZ6AQRtR_ZpTSi0aEl0kZ=w300-h225-p-k-no, https://lh3.googleusercontent.com/grass-cs/ANxoTn0u5snGwym8cF3GeOlDw5ZweqUve8l3Jz13Lx3PqJccjgTeO8yABy_HETcAiTGVWCdvIn_Vl4VxNbH2107qVgw_VLzjYL29kjxq0DroDCrPpSTr7O8npYgV0rMm8lcr0PORw4MV=w300-h225-p-k-no, https://lh3.googleusercontent.com/grass-cs/ANxoTn03ZkUaDlsrdD6Qx8_LDoPZXxyJuzz8UN8jFCJiUAxhRzvWs8o4liI9KhZXTGTi7xSfRos2GfrhoegHYPKXXLsSN5BdOoYaU4RB4DBaZsjM0UoKfmUuj0TFs3CheYMHo0HOlEI=w300-h225-p-k-no"
Pawo Xiang,4,2024-05-19,2 年前,"麵跟叉燒的份量都蠻多的
湯很清香但對我來說還是有點鹹
肉有三種
我偏愛舒肥豬跟雞
炙燒雞腿炙燒的香氣很微薄",https://lh3.googleusercontent.com/grass-cs/ANxoTn01mj7OoY2mkix99JG0epwYoeUTaULk4zRvX8o8IMGl5CaDUZMS7xVhKEdzIY33X733B9EikKADWbdW_T6MWarh8qqlIp_0AZs529h0ghS9ZaW-97mBKtB5UBoyL1KBFivxmbDiEw=w600-h450-p-k-no
Lilian Chen,5,2024-05-19,2 年前,辛豚骨拉麵好吃，雞湯底也值得一試，兩種剛好可以做個平衡，TKG飯用料單純，但創造出讓人驚喜的美味，叉燒拼盤肉量令人滿足，唯一可惜是溏心蛋過熟,"https://lh3.googleusercontent.com/grass-cs/ANxoTn09UsS76qtGXetjEe3gtfgtdFaThn3QzZt_5Ko89lTZm09NS2b454MC5tHnd1W8M8eMlymhiIXun2uZPN_8iG58GnUHN8hIgWuZJeTMl3VfUYYXwGy5rCNWkxhPspTK_-rKlSGDhQ=w300-h225-p-k-no, https://lh3.googleusercontent.com/grass-cs/ANxoTn3kJjxhVayTQf8Ga1-itCCafGc-10itNIpQTHVtjJToL5uUYJcTH-YaCpdDmjS-7pM15JdQuZmBDnll1-jyH8v5N_E-CXNXU6kh-0F5rSuu2vDihUWhMD1jI2G44LDCRGh9Oco=w300-h225-p-k-no, https://lh3.googleusercontent.com/grass-cs/ANxoTn3CM1tbZspvbkztM4srrkuESRX9c1Qa8wgrzDu4VoRp7vnbUe_0kaueNi8VCq0MobarIU1sD8uJ5wpFJRrNH7fjdijl2ZxZjZUbspLnWflNItG6BpuLzkexGbsAJyLatVAaxhTkEw=w300-h225-p-k-no, https://lh3.googleusercontent.com/grass-cs/ANxoTn0_lEThwN4_rPo2nz8sgw1vtPGarU8iN0vDUTZ09SXzUSM3QZd2ymkfMDsL4ABAu2pqbKvPH4fhBCv9zf7e7WkIKUxlwNHJ5R_SakG8d2ZCbhjCC-e6pNGgGVEWdu6bRGDzBhA=w300-h225-p-k-no"
不自律女子,4,2023-05-19,3 年前,"原本想吃柚香干貝拉麵的，
結果當天去排隊竟然說沒貨所以不供應。
後來點了雞湯拉麵想加個溏心蛋，也說沒了！
好可惜想吃的都沒吃到…
另外提醒擔擔麵會辣，不吃辣的人要注意‼️","https://lh3.googleusercontent.com/grass-cs/ANxoTn30TRgYW8JIZO9EJHb5yKxuKaHCjZde4HvXxyJkKC_2BfOiS0qq8YKnk5Tqc35LDDgui8K_wI_RUdlEKK0TAMCyFYX34sdZApW13r_Z2TYe9ktQlVbbVaygTeER7uZvAl70s4CFWg=w300-h450-p-k-no, https://lh3.googleusercontent.com/grass-cs/ANxoTn23-cJ7E-C5vMh2PNWnzka0ANcrRp1xhszr4-UBq2ZkJZ7llMXWOcuXFc5iYCYlRIOK0Cs6ud1UyvH8QhylVoA3Ax_BPGzEqvBmQtqXHCXRsyza9sW5fe2MOmOyEo_7HBDDSsEC=w300-h225-p-k-no, https://lh3.googleusercontent.com/grass-cs/ANxoTn30hqdteBd1uQxa-ZRb0lUuURdNwb789oZbNTmZMvO-6Z2PKd0r7lsbm_GQ7w-DHU3RDFyfMRM5mb74ypGI4ENVVe7MHmk69Zx4Ig-EUJjwOZmZ5J9NbFgl1INLk2-pBTbUeYULiA=w300-h225-p-k-no"
Kathyyy,4,2023-05-19,3 年前,"🍜食物：
點了豚骨醬油拉麵 $210
🔹湯：感覺有一點白芝麻的味道，湯很濃，不過我覺得口味很膩，雖然可以加高湯，但就是很膩的一個感覺，個人不太喜歡
🔹麵：我選捲麵，但個人喜歡口感再硬一點的，麵量適中的我吃剛好！
🔹肉：是有厚度的肉！我覺得蠻好吃，還有用噴槍炙燒過
🔹海苔：我覺得很好吃哈哈哈哈哈哈哈哈哈哈
/
⌚等候時間：
大概排了20-30分鐘
/
🧑‍💼服務態度：
問要不要加湯的時候很親切
上餐態度也很好
在外面排隊很熱還有傘給我們撐讚讚
/
👀整體來說是應該會再回訪的店但下次會想試黃金雞湯感覺口味比較適合我","https://lh3.googleusercontent.com/grass-cs/ANxoTn3WxmYcvsPsN_BJ96c7qSonljIiiIltmrrbDydUpkRJH3Wlm5DFuvUUnDg63fsdomtb86sGM1mQJZUZh4t75rkYBJ1gDk5T8M8ruw1-naSeDWji2zZhkMOGL5Sg_BMYKJvYNGTV=w300-h450-p-k-no, https://lh3.googleusercontent.com/grass-cs/ANxoTn2rDlJAWtt612SdCEn4wnmFPSp9xr7YIHYV0eQeEtZ9t10PfYDC7fUfbNPmJXb__UPRUt5CLUnKcwokO2hhWiazgyA-atDE1U3aui5gO89q0Ldv5ZfWsQ1OTc3uBC5ENZbpUGFRqw=w300-h450-p-k-no"
Y S (SSS),3,2023-05-19,3 年前,"服務還不錯，店面寬敞，服務人員滿多的，假日晚上八點等候約略10-15分鐘，沾麵有點稀，不是很濃郁，麵條沾了是有味道但滿淡的，辛豚骨拉麵整體味道都滿平淡的，麵條很多，麵的口感還不錯。
餐點份量算充足，在學校附近的店家餐點份量都滿有飽足感的，叉燒跟雞肉的口感及味道都不太喜歡。
如果剛好路過有位置可以吃看看，但若要排隊超過30分鐘可以考慮別間。","https://lh3.googleusercontent.com/grass-cs/ANxoTn2LU14CjXW3Xk5u0jIgvwwf3E5EYsCb03JR_qYXE419CpZxHak5tRRs8k9xzbZqK6J8Myy-pnQnZc7OBVdoq4frhs_JJ40H7dr5fAwRKw-P92qTaacZqLP4LRphCd5yLyT1NrcCZg=w300-h450-p-k-no, https://lh3.googleusercontent.com/grass-cs/ANxoTn0pVQWF_7nSdHj3SQzs4-ZKYg4Vlhw7Shw4VZ6oyX1EG6ju-ervZHi2jTJ_ugWzw2Nd-o7Vr5cqzZeY2c2OLqaVWC1-3mdrkDlSBWs4eYk6-b89rQG4G66AGoAWiTMvi6Q3dl2O=w300-h450-p-k-no"
WEI-CHE CHEN,4,2023-05-19,上次編輯：3 年前,"真鯛白湯味道很好，不會太膩也喝得完！
雞白湯擔擔麵有奶味，我不太喜歡。
TKG沒有叉燒很可惜，有點像瓜仔肉飯！
服務很親切～","https://lh3.googleusercontent.com/grass-cs/ANxoTn0zJTVDvXoUnxYQ-Pc2oH0y-JLw9WROeCrqCfhUWHZiP0x_8k8SCJ3IsaZWCKIJA7N1ZpJ6WJiSRIU6h_Sya13-P8xNOuuTk-D6AUV7pD8fy_dMzv5pzOU_Ssbgh9JOJojGKGk=w300-h225-p-k-no, https://lh3.googleusercontent.com/grass-cs/ANxoTn3WrJUMVJO-M9VFnTCiKwtH-Jqh2WQHArGy9xjUWWYAuzr3nFeo9QuMMWfACF5pnXM1IvftSbv6VowsZ3PeM_QJmI_54r7MDacGG9QTL0j8-IPmG-zkRjE5ufUbtWLXYbDriFZJNQ=w300-h225-p-k-no, https://lh3.googleusercontent.com/grass-cs/ANxoTn392O11pwsMu0ptHKGdwaJMX74T3m03JeQ4QK_OHrms9WnB_K2qGlwffSlXhZJGOLz3Vb1MFYZ1OeO7-IY1DDL_PHzbjoSFuPijl5Yrf61-dAgWFoZwZfYzgE7MeD4iPSip1XNR=w300-h225-p-k-no, https://lh3.googleusercontent.com/grass-cs/ANxoTn1FMEaCjvWct3uPur6MV5KcRyPBTo8icQ2huMkaNWWxyXO4guCe5Y4r_vV3tnWK-V3YoapAMYYHTREXxEw1HwU-juv9TbAAS-HPp5-zQNVPlaQqJYIJ0UPwevekf_beQZKgEkcA=w300-h225-p-k-no"
sandy lien,5,2023-05-19,3 年前,第一次來吃，本來想點柚子干貝的，但一天限量20碗，所以點了其他口味的拉麵，湯頭不死鹹，雞肉很嫩！有機會會再來吃！,"https://lh3.googleusercontent.com/grass-cs/ANxoTn3Gksswvle80EJOynO4t6yeWbdSUxyGv4Ku1kWohE10YW1V_8G47yj8vmjduhajmOu_SlkaWEFRKVr6tOwiwv_hS-SO8F5Jnb4CXzOEFemYiZO-WIBwSoN_m3TCdVnbncQ5A7E1=w300-h450-p-k-no, https://lh3.googleusercontent.com/grass-cs/ANxoTn1Oec0m9fjKSz10vaAixBAnBKJz9doQh9Z_03o1VBQlKnUeG8oQEFQWMuNUELZNv4AvNmOxKVa4z07weBaE_ziR0nWN4XYjX1jKclK4eSKjbcf2VWU2F9o3Chy19PWNkDZPDjX9=w300-h225-p-k-no, https://lh3.googleusercontent.com/grass-cs/ANxoTn3e-EZqiuNvQM90v0BgjVOecbIfwSdbTdPelo0cwt-5XwmPE4_NgpSSfHudZWQCiIhRc_uNNjDTvwxkJNNyRU9ZwstRBYm91qCP-FHpg00OcdEsvt_wedwJKZvc3qkwCHzkFqFX=w300-h225-p-k-no"
tpklaus huang,4,2023-05-19,3 年前,"第二次來這家吃拉麵，遇到一位拉麵老饕，聊天之下解說台北幾家不錯吃的拉麵店，
今天點了較清淡的黃金雞湯拉麵，肚子真的有點餓了，加麵免費，還可以加原汁的湯頭，飽足感100分，
這連鎖店生意很好下午4點半已經多人排隊了，用餐檯前看師傅忙著處理分成黑白兩種大碗的不同麵食，諾大的厚厚肉片和Q軟雞肉，旁邊還放置很大的一顆顆干貝，干貝是別家的兩倍大，下次再來吃看看，
以前路過士林捷運站附近的隱家店門口都排長龍，今天特別在下午4點半來公館吃，
好吃！","https://lh3.googleusercontent.com/grass-cs/ANxoTn2IRc1_ZaQXiJNYahzMMpv6gqzeNHJkUPlnF4nNPyEOkg5Ow3iRR_L52UZQzh-BcBJiQl0Ianir2R5Ts2OoPofhywF3qxV7DyVQ-ziwf6dQ736jcX7_TbmmeCTPo31jCfhCE-ooDQ=w300-h225-p-k-no, https://lh3.googleusercontent.com/grass-cs/ANxoTn0b6EnL-TRYONH1HuBjnrJviL1uQOPfAeoSLnIF6ZDmn_gGrd57IZRvlbK0y9RuqLiRYkhwLY3TlxZghvjGwzG1quRNKVP6ZXNZCZj0ysceCPu2aZP7QholHtqkIMaBWyTuoMA=w300-h225-p-k-no, https://lh3.googleusercontent.com/grass-cs/ANxoTn35f_5a55tuPNlYhxZ6vYfz16scX5jLzBOc1nf3A1YlYSrEPMBRWpSHJOJkFbUeNQW2YE8r4l4gWhAoLhRqDHUtrHnJGjV_I3OLXh7xYAxT8ecrDE1CI0BjOIwJA5ZBP7PiC_NOTA=w300-h225-p-k-no, https://lh3.googleusercontent.com/grass-cs/ANxoTn3vTpohX-YE3RtEW0Vs-BAkmtTcpb-M2uDC617qNds_ND4MZqmMCfTUIUavCpEaB9dATuo0PTA3_BxupzttS01N8LTbofHySiCPizr8xCxDcNDSvq7AyI9LBg1jmmJQtbne6Fk=w300-h225-p-k-no"
ba ka,5,2025-06-19,11 個月前,"5/31端午連假上來台北玩，走出捷運站路過看到有隱家就進來吃了
外場接待的小哥服務很親切，沒什麼等待就入座了
等待餐點的時候發現了熟悉的身影，仔細一看發現是千勝軒跟海鳴的前店長
雖然我沒有直接問是不是，但是身形跟聲音很好認（希望沒有猜錯）
廚房的vibe也很好，看裡面工作的氣氛很歡樂、彼此之間互相配合的感覺看的也很舒服
不像有些店家死氣沈沈的只做自己的事
我女友點了干貝拉麵也很好吃，可惜吃太飽吃不下了
用完餐還很親切的問有沒有吃飽，這個行程對這次旅行是畫龍點睛之筆
之後有上來台北會再去其他分店吃吃看不同口味
也辛苦今天工作的師傅們，端午節快樂",https://lh3.googleusercontent.com/grass-cs/ANxoTn2_Zn4UbuC3KW0hcumB_PbyVWTg_dt3Z8jW8oNuvjQf5mGmxLmXE0CiS9G6FpyQPbXQY5unuNxzh4ZUwK1rNmLNdPwMKRrKHVBcfIAhPB4-dEP3g18HUU97RRA5EbrHozOD02Qa8g=w600-h450-p-k-no
Jhong-Cian Wu,5,2025-06-19,11 個月前,之前經過總是被排隊的人潮勸退。後來早點去總算有機會品嚐到。好愛黃金雞湯，單點的干貝也很鮮甜。,"https://lh3.googleusercontent.com/grass-cs/ANxoTn0_rdA1JwMshKK5EsMM13v_JRaueJAm6PHsR-JmFb9RUehDw4yx7EbERs1AGBCl2aWbcC1HeO8WN_Nze7khTB2ikV9lQuqazu8_rvfsIeKQwFoXpI57X8hcA-U1MiKmFYOxCjfk=w300-h450-p-k-no, https://lh3.googleusercontent.com/grass-cs/ANxoTn3J3_URx7KP2RyLNzh5BhVM9__xkceFt0eskWactpwuo6jjDixNa8hPHF6hPJP75H8iGnGtuTyLEz3ddb-q4SHf4exAnlpWn5Twv0wZIMFils9CBbIMmvTlit-T4enQ5CrHzC8E=w300-h225-p-k-no, https://lh3.googleusercontent.com/grass-cs/ANxoTn2tyYRBYFqfiIzGCT5uvqwU200-Inh2z5pV-ziqajYw1hHHwW_5uP6otNCP7aTksGGf4cfnLmNhjmDLyx2hSS1lO1kPVqvU863tYbTgOJxlXapMQ6_O1yEsZelFvf54V9FLLxo7=w300-h225-p-k-no"
芝,5,2025-05-19,1 年前,"點的是豚骨醬油拉麵🍜
肉好嫩～
湯頭濃郁順口
最後加上蒜泥味道眼睛一亮🤩
是會再回訪的拉麵店，想品嚐不同口味～","https://lh3.googleusercontent.com/grass-cs/ANxoTn0XDJ0-PglvOItC5mFCFxAE7FvKq7ytJZm_FLl6QFn2R92jYmNBlHOYc_WDXODfLTFMi_AFcdmpkt6B-ymwplfomGSxOQb0-NmoZEgStDodmZct1YrEvY5a_jktBguUY_O8MiBN=w300-h450-p-k-no, https://lh3.googleusercontent.com/grass-cs/ANxoTn2vcOxOTqep1_0ZgnenN4d-fKue5D9Jgda1K51jvznCt2GzboVzbkjZ16vlMl4qQ2nFZYf3ZHIWOLBf7aqimVgXp782UnS_fBIW6t4L1quIm2fuqcrOPtilIOReZQSxpExutsSXsw=w300-h450-p-k-no"
KW,4,2025-05-19,1 年前,"拉麵的湯非常的香
$220的豚骨拉麵非常的濃
機器可以選擇麵的硬度
也可以選擇湯的濃度
$220的豚骨拉麵配粗麵條、硬、正常濃度、加蔥
非常適合不吃辣喜歡湯很濃的朋友的朋友
這邊的麵是真的硬喔
$260的粘拉麵
蝦子味非常的香
這個$260的比$220的拉麵還更好吃！
非常推薦這一個
很多人也會點
唯一要扣一顆星星的地方是
肉不是很好吃
肉非常的難吃
但是除了這一點以外，別的都非常的棒
桌上有大蒜泥和七味粉可以自行加
推薦來吃吃看
大部分的時間都要排隊
但是不用排很久，大約10分鐘以內","https://lh3.googleusercontent.com/grass-cs/ANxoTn3TzTAz7wWQFxb89dYStgZDmO3qFgZYB4LhyKdvl9d20_8PAV7R26RzfE92AS9ipJEdsinT9SDLAvob-sLVoZziqkBbEB7EzR8Peu4TLqnDshECMmkESNhjQ9IbKqP3y6PEc2sc=w300-h450-p-k-no, https://lh3.googleusercontent.com/grass-cs/ANxoTn1UFOQ_8Q7WIIE_AqG3uyodrf7_gaH1anTypBhZSkVZarmYT80F7Co0P2rtMmtWkmQDD2appesicTC4W2c2T77KR_witmGnvr4wvaWpPYNVk4PYsfs0rgi2V2ZGlE8vCoJtym06=w300-h225-p-k-no, https://lh3.googleusercontent.com/grass-cs/ANxoTn3v7FjCBty5uU6UPh9_QalHHzH49Pi63j7acMBIlL6suPa4-RR6Z8hr0k1kxARiW-z5zF1EsRV4MRwCefYB41qS_dRpB4mBxD2VhlG8jV95V3e5ZdbepQjvDHgZ_Uefd7PUcT1ERA=w300-h225-p-k-no"
Judy Chen,5,2023-05-19,3 年前,"中午來還好還有公館限定干貝柚香
偏清爽型～舒肥雞很嫩
豬肉也嫩我喜歡有胡椒味😋
友人的真鯛魚白湯 湯頭濃郁 我覺得很讚👍🏻
（2022/06/12）","https://lh3.googleusercontent.com/grass-cs/ANxoTn35ijW6imDmhoFpzmDrEA5DGnTYvONwRYdwGL8_CJHgjitdMYLZ-4B9vTmPgPltCEcQXrhIDaP-zKoKgzuZ9bMGfw-uDTl9T5bk4aXx7Eokldm48Nv2autafirgq5DySPykMRSU=w300-h450-p-k-no, https://lh3.googleusercontent.com/grass-cs/ANxoTn2a3RzbqWhP6WxR_X5mAPsqkhNN6WdzFYfU9L5IIHysNolOwYUbKrEw3WzOwZExfK6iGh-w8DQiTY0c49LHTEqfsUwNhSBT_SZG0PylHu52N2b3cvUFfvj7S4Z5Dy1qGtEjJbq9=w300-h225-p-k-no, https://lh3.googleusercontent.com/grass-cs/ANxoTn1m2bSOVDlY1sby7OcLB_OAe8J1dqCBjz8GjY_duDBGWIbsZDhdwcdqcdjOelalzMHqh_vgtCdaUvE0TSID-5FNe3-cEAy7UR56y-x7lalJn_yL0TQW62CMaxt1mULcmqWViqVl=w300-h225-p-k-no"
天天,4,2025-11-19,6 個月前,"雞湯拉麵偏清爽
下次吃豚骨醬油","https://lh3.googleusercontent.com/grass-cs/ANxoTn1SA-BCGPbvJMjtK8p0UnP6DpimTWeu2ehXzPqrprS607KL1YVFtARIgCxCbIEpIh_lfVBXKkAkfWgiU4JRX9Dbfn099Hc4r_6pC1CDTGIbUHgMfiSnqcWNlLStJLVk3gO14PnfFP-HkBE=w300-h450-p-k-no, https://lh3.googleusercontent.com/grass-cs/ANxoTn3gD81Ni21m5orLmA6iRyCMhi5F4XswmhgiUCInddQ1EH6r7B6iNnlfw5QAGlSj07fZjEAPm6OM-_KpJ-3Jq5Fh7VypkeUi4obnFJ6rMi7qygT24Vy7koi7xgg8U87Yu2ljrSh4jZnMwf8X=w300-h450-p-k-no"
L Eva,3,2025-05-19,上次編輯：1 年前,改良成適合台灣口味，湯頭大多紅蔥頭，加大40元，麵量多,"https://lh3.googleusercontent.com/grass-cs/ANxoTn0SjdshlwrgKL-Pt521ilGPpVwiiDFGqGk3TI7aX7PPZ4C6h_qS8w9i-ZSK0qcfs3EbtuGS8s0Iwp1LzsnKJKc5Kfg06eR9PfPnRmWjcFYDfU-Cezfidq08OfeeKbpNSukHe_Unqg=w300-h225-p-k-no, https://lh3.googleusercontent.com/grass-cs/ANxoTn1vAKm_eXmgjRcPexfz5whVVOHxlNe5D9I4MDJ-Izy1t27T-44F7OpdPI0wVpSciFgx3cq55kk0BaCnElb6e5gwn-Bm2sSeA9G4E_lDHRa-c1ymvamS7QvTFLpnlt-b7hbAvqU=w300-h225-p-k-no, https://lh3.googleusercontent.com/grass-cs/ANxoTn1tPRdg88VPDMJjUqof6Vi_W6e2TRwT3C4GZpNtTcIBXv66IE0_seK4sWcjGAaESv26SMjhQhSmXMPk4xSqrXUQsvmDl3EKuWVLrUgaTBD0FXfdc1LKgywRGGGiBCTH0gikDzGS0A=w300-h225-p-k-no, https://lh3.googleusercontent.com/grass-cs/ANxoTn3dNsdxMcVUvlCSFv94AKbrwibyGgPOzQjS4AAXly-qcAL5JHOSZNO0bJauH8eq5HsrkC_LtCx_OjgWjwmM-uNghpAC6Ok93f8IHyg5IGFVR4RewPu7iLT6GfK9_FJP3rXD-lYm=w300-h225-p-k-no"
Hsu Derek,5,2025-05-19,1 年前,心目中少數可以匹敵一蘭的好拉麵店 忍不住飛快的把拉麵炫完 很推薦喔擔擔麵,"https://lh3.googleusercontent.com/grass-cs/ANxoTn3PX-2M4cS-fGO7F16i02NcZGh00H013tgLm1DFQMdqBKuaXyNMf9f4h6zbMFSHeFx9rYItHW212mwpe3qbixfr-w0jhluHj7G5vBgLvfF8l6x81t0y-SPB_bh-TXHFECAkRjAB=w300-h225-p-k-no, https://lh3.googleusercontent.com/grass-cs/ANxoTn21sVapY4v8PhYMNUUNTd_nftF32DjbND4_ez-MiJ92bQBHZ62ZSuHpzdisypaTEhPpiqxOA3Fi52vC6iGHZBw-IIxr6CymgMoLLbrGijvp8Js9wvM_A_Z59NVLim6nn7beJP6Mxg=w300-h225-p-k-no, https://lh3.googleusercontent.com/grass-cs/ANxoTn2ergaQ2y0s6wiFO8YhT7eATp19ZqyvI-xNU6n1nRhx1qhthyIc9_EMqtEL3EKb3g9aF6SUEHWkvgK9H5uxjpgiA5RQ8vUNxL0whTzfLiqvkP_MejJPhxNBKQhKPYlYF_1hJtaF=w300-h225-p-k-no, https://lh3.googleusercontent.com/grass-cs/ANxoTn2DgaegdlD8ByU2MRIEvx8ih3FJyxpJRNZ5nTHnrnzL_8ebAT34EO5cVu_QQMbS3roe8Wg7iWWjk_-fvkPSg3xOb4zqBSG3rekPRVpBFWyJwgjUBRguIymv3d5Q4358ksCH8m-iww=w300-h225-p-k-no"
Alvin Lin,5,2024-05-19,2 年前,親切的服務，清一色都是帥哥在煮拉麵。翻桌率很快，我點最基本的豚骨口味，肉片的部分我個人偏好豬肉，若可以把雞肉換成豬肉我會給滿點。,"https://lh3.googleusercontent.com/grass-cs/ANxoTn1sNY8RRjZxGx-kJZopeZ4Xr_AwiIthZZNO7mUvpugWXWKuK4pBf_fUv9uU-8xO6ujp0CyW9Up9NV0yA47344Qe9yMFc2A3pRFfSsiXba6Ja0u7aSyvpGhpTlY9j8NjxxExv4WDzg=w300-h225-p-k-no, https://lh3.googleusercontent.com/grass-cs/ANxoTn0jkGCinPzA0VtsL4L62BtKH4mDDCV5xtXDrxlL8Qi5kDj6k0tFHZ4o6UNbWZTw6ZJLseVSGtq8eCYAjN9vCQFdNdTzwamWbCS5MeFSFdOBRZbm30za_iCPBSWP_AnoLvm0mCzP=w300-h225-p-k-no, https://lh3.googleusercontent.com/grass-cs/ANxoTn2xxPklEYK10zv4d5w_cqQOlOiwFyFAnbEDZ8lICZRcUg8WF3x5JpOIh3Qpfs1bxcrrJRnQ_hcCo1k6FFJHDX5ltCo_bOIEPpDjH1KI_H_yk7KNhUa2J7FiW3oyQNH2G12TCh5v=w300-h225-p-k-no, https://lh3.googleusercontent.com/grass-cs/ANxoTn3hyusZFQr8jr61csiB3gJWsS162MpzisihAkHi8PS-TzkYGtVYai8js12SDdb6gsnHTbuzeznAf1xWaE8fxOqKYHaI6UseFjBfYw1d3qep2CIgFnTGHnNm4IARkdOVTePic_E=w300-h225-p-k-no"
Uk G,4,2024-05-19,2 年前,"我點的是辛豚骨拉麵、日本味、中辣（240大碗）
首先餐點上來之後視覺上是挺豐盛
份量非常足夠 一碗麵大概有兩人份那麼多

再來是湯頭非常濃郁
但是太過於濃郁
湯麵的部分似乎有點格格不入
融合不進去的樣子

另外不建議點加辣 會破壞湯頭））","https://lh3.googleusercontent.com/grass-cs/ANxoTn0UgutgL_C6wZqrIZKKYSxzLFQHA8LXvJ2XR4FMSMAaAJGHC4bO9cfIxMXUjqqirPO3HINvCbxk-n8sqOD3yTTa7zF_HFs0GaS5gqH2pg5LngCYHB2IlaOfnyAVL0lBNaFS_ztz6g=w300-h450-p-k-no, https://lh3.googleusercontent.com/grass-cs/ANxoTn2dAX8SBTKEsR7aqkbYVb_SA7FGvK0Zyv9UfdyavWQvXPc8B5irvN_G7A9koU7YAYgQlAIzc9z5Ufx3LmQr-PDbw0XXbVCuq54JIMHUKt659GwFL5-Ex_IzpgzUdrtJS0s0rjuc=w300-h450-p-k-no"
Griffon The,5,2023-05-19,上次編輯：3 年前,"隊伍消化速度蠻快，店家環境舒適。
使用點餐機點餐、自助式冰水及蒜泥、辣椒。
需要加湯可以跟店員說，會提供清湯。
豪華叉燒拼盤可選擇一起放在麵上或另外擺盤。
TKG飯內容相當豐富：白飯、溏心蛋、蔥花、燒肉、醬汁、柴魚片，非常好吃。
豬肉要注意內有軟骨，不要以為肉片全是肉就吞下去了。","https://lh3.googleusercontent.com/grass-cs/ANxoTn3GNLVn5XPSzujCJnRYmg_BCK70VZWlV9PJlLgpHUsNCtsYhKVcy5fPSBqErGK30nM7AmnatkHNV0z0_4qJkT7c3PE32JabpvxEde0NfnWrjb_I43U5plXEChwYVRSXqw11e2s=w300-h225-p-k-no, https://lh3.googleusercontent.com/grass-cs/ANxoTn1r_thnsCSmNccjEDYxHRaRnEkf5tTOkU0z6D86Cfrnx13Jb9PiAX3udN6lpgdTZaKRuDYWzmWy6-rYcE1QWyK8HflsG-BjUAN34OIl_SVaWkEj5pFTziY-ZjffrqV-xzgKUjpt=w300-h225-p-k-no, https://lh3.googleusercontent.com/grass-cs/ANxoTn0JXtt4dvVJGsASIZO_IimeDX21zWRChaTGXT85L5lb1fCLkDSmxj5cCGpbv5oZBD618hflUbX-L10EfUmKC-gqx0ypgRvIavJLC25um2RLLXYbMbp3qK2o4D-Q459GK9wRYQlI=w300-h225-p-k-no, https://lh3.googleusercontent.com/grass-cs/ANxoTn35UXXx9uhYrKxYqbP0Ue1qmQYZk0ahANy9MVKf8isdhJWAW-vgE70Y3VlG1xNZ_Q6R1v6zz0q7RDtHCKQN3BXbBlijp2Seg_mHj3mALp-oPuYUZWANJcr-DbjoVjKToaOm-7Qnng=w300-h225-p-k-no"
Terence Lin,5,2023-05-19,3 年前,麵質Q彈，湯頭美味，肉質不老，非常值得一再細細品味（超值，非常推薦），人多時，需要排一小小時間的隊，速度還蠻快的，重點是服務超親切，店員活潑熱情有禮，店內帶點和風味，別有一番風味。,"https://lh3.googleusercontent.com/grass-cs/ANxoTn2P8huNI_ge24lwxtJ-5hUdgfarI-jDtwHm-dpYKNXW88Q2Owup3YL3wlgiEqFXIOWPxLCtR4yoU04_18OBn5rgLPQkQpn8K7CDITBeVBbqjbPnUyGMPZg0dvEb5B8nQbV3uPwD=w300-h225-p-k-no, https://lh3.googleusercontent.com/grass-cs/ANxoTn1lhHzbDMLyIXL7Wo2CtF-jqboZqeYcGf53KeHfioOiqlrY2_eQC7cn4l9362G72WDDe4zbRxrt-KN5WjWuz3FK83ycBQOx02ardDSrzA3WiLCb3oLhyNvQgnCux2FoUo5TTw5YxQ=w300-h225-p-k-no, https://lh3.googleusercontent.com/grass-cs/ANxoTn0NXK4Y941wVhhmLQoCjvvhTs52q2zDS3Sawuqf3G48pXsY9244RAAbF88xuYNvGJh7BlBRBSL-xjD6se0P9TIQYti4iOO1KZPzb1wkj9C5wCIbtuzt1mI-ja-vo3sVLi-4PbBt=w300-h225-p-k-no, https://lh3.googleusercontent.com/grass-cs/ANxoTn26jCRLZbSU2EFEOIzDXC4VWb5kWAZK2CW3g6D3D0Sr0YZ2CnSFZSla2OnU7NgmKIyOA3UiWUPA866JRKqbp-z7m0Xtp8XXC_nrHoAqEI52AfVEhcMJN5C7vhlNql3-ISzB1ajPcw=w300-h225-p-k-no"
Angela Yeh,4,2023-05-19,3 年前,"用自助點餐機點餐，整體環境裝潢都很好，比一般的拉麵店🍜空間要寬敞許多，用餐體驗是很舒適的。

餐點本身沒有可以挑剔的，唯一的缺點只有要排隊，而且想吃的袖香干貝是限量的，這次來沒有吃到。下次有機會有時間再來排排看！ …","https://lh3.googleusercontent.com/grass-cs/ANxoTn0QYfZNCspsJKPyd00SNgmgxmO3FuoSvV9nRQThkrgqRk-W0FpSLc2Mr56VvsP5mBFtgMG1gjDeLB1611Wo0uoOkqlTPzZF-3_gaumWQMB0RVwJ84982MpSIk7ws5iU1MlW2dMK=w300-h225-p-k-no, https://lh3.googleusercontent.com/grass-cs/ANxoTn0mHlccmgX9z9Sg3fkGbYUTrqli0JXzzXheFVtL0un3M0So0w5ptZIo_c5550euIgRoXj6zSRC_Ty4IqhDv6Js66ig-p-Fe-NoPN8uL28Dt-m3G_blMw8GTFWNUcIY5QlTqLUcLMw=w300-h225-p-k-no, https://lh3.googleusercontent.com/grass-cs/ANxoTn3AteBoyQznkJc7UQIwA2a_Qwqfk8pKPtpPp2SQ-x-E1yaSAZ4RahcwAyAWM_EGzQmPiHDIichTaEm1mVvV2P3kMAyw03reBw4-bdlN9opR8nSsEcu4QQJHu5_r3Y3Y1mjA-sPr=w300-h225-p-k-no, https://lh3.googleusercontent.com/grass-cs/ANxoTn1PwaB_cLXOQD_js8-iWJwsIqjekByJw6xRery1fIEzwELv-f_yz8wWjA-EINa5Wn-soCbZev16097glnFpYupMMnhuY4m8rGB8XV6EyFTzanRzXOJ8O--Xu6FoJ4mKDIvsZLBalg=w300-h225-p-k-no"
花路醬,5,2024-05-19,上次編輯：2 年前,"⭐️202403

第N次吃

假日的晚上想要來碗熱呼呼的拉麵🍜
一口接著一口的滋味
首選絕對是隱家

之前在中山店以及士林店吃過
真被靈魂的湯頭驚艷到
查了資料才了解到
原來幕後的老闆是日本人
（謎之音：難怪湯頭有著拉麵職人魂）

一樣店員服務態度超好
貼心的是
排隊到一半天空下起綿綿小雨
店員立刻拿了雨傘出來
看長長人龍中有沒有人需要
實在太窩心了！

依序排隊入場後
我點了黃金雞湯拉麵🍜
清爽不膩的湯頭
配上清澈的雞湯
一口一口
蔥以及舒肥雞肉在嘴裡跳躍
真是太滿足了😌

接下來一碗豚骨醬油拉麵🍜
濃厚的豚骨味道
搭配特製的厚度肉
一口呼嚕呼嚕到底
煩惱忘卻

再來正統日本蛋加一大杯冰鎮有夠的冰開水
週六夜晚人生足以～
最後畫龍點睛的是
碗底的「感謝」驚喜

吃飽喝足
帶著滿意的微笑
離去

ps.
1.店家按自動機器收現金
2.排隊需等到用餐人都到齊才能排隊，途中店員會出來查詢哦～
3.中碗的麵加10元、大碗的麵加20元，麵條可以選中捲麵、粗麵
4.附近停車場有幾個，但假日一位難求，建議可以機車或捷運前往","https://lh3.googleusercontent.com/grass-cs/ANxoTn3_hMsg9ygZXux6vEDFOjoJs7sOMUX-hBbfJ4owejCSw1HSWMlV5qQghjXkwOd6ysKxIALyUUuLMGxbuJginFpGGRDTK4tXdc-budQNaA-qAmY5w8UlHjAK_RTvX5Pu6yuQx1PuUA=w300-h225-p-k-no, https://lh3.googleusercontent.com/grass-cs/ANxoTn180TAOb7F_Vh_cxaL0Al0kRFxkaKE0QDTsNFi9sYWxGOD2cEpxatwdGAjFNSWX7Ufnj6ArqOn3TqjTJO6vBwtm4L6JaErx7i_VxuI-Ni5lrkAGbAKdcpuAAF-gLqMsCw43LW4=w300-h225-p-k-no, https://lh3.googleusercontent.com/grass-cs/ANxoTn1SaFY4B_c0iU2EI2B4_LCd0OoSVg15UvyZ9Qq7nYPIlNENb3C8MD8j62lysymjIyiuXAqjWzM0CXG5a7LnFY_kXSJcoExFwiz_-hVGZ45CfIbIPb3YGvFaRNoY1GdWIS1aftPn=w300-h225-p-k-no, https://lh3.googleusercontent.com/grass-cs/ANxoTn0yc8JLndjrVBpP91geJPKNoTqOoLfvw9crycNJTKdun6HdXUQR9W0RkQ01J3olcPRVG9SzAqi66ZO3DUNS9VwGf-B_5a2ECxBfFFw-XFYcMsY7JHu6eiVUAxx90SZdK2y6DRkp=w300-h225-p-k-no"
chu James,4,2023-05-19,3 年前,裝潢乾淨具格調，麵條Q，湯濃香，服務態度都很好。飯較一般，無驚喜。整體來說是間值得排隊的拉麵店。,"https://lh3.googleusercontent.com/grass-cs/ANxoTn2X6swNTm7KPiX2PVmRB8PZcrh9240pP1jyJDMIwXz277dB9RQsvEj2BjUDKJo30liD97Ax19ag-w6tmsUrwG1_MYq272_fEM4TBj1k0LhMcUe7kpheS87peKX2dI3VWudIeNgN=w300-h225-p-k-no, https://lh3.googleusercontent.com/grass-cs/ANxoTn1FY8yZPCsdarJdTJipNrTYZCQPVcY6X4734_3N-4HEsF3Ik8rE9ek8a5sBtFSgfJATk5ZX2HKu8KYypitMLOwEfBwRC9xXf_bTUhfQE4uJyKjFjO_Mb1Y-m3XzXyju89vG0OK99w=w300-h225-p-k-no, https://lh3.googleusercontent.com/grass-cs/ANxoTn2yNsy529uTl8-l57ybol8xWrFbeyCUbjhRIZL1bux3jKfsOQcduZt02cnLCa0bbIf2uAnXhnALWvKbzFi1w86OiJHlit3TGM86lRAvzs4Vw9tA4U2rxFb7c0kiRF4EseU0fI00=w300-h225-p-k-no, https://lh3.googleusercontent.com/grass-cs/ANxoTn0oNRLAjL76J4q5c_j6yJPBQRV5Ix17Mu7oMYDSBRUxKmU-5K1e2AZNlIbyovLh1b-vFo7xSZcJsLE-tm4Lc-SQp30lK6Tb1XmLdQDAvRF1vmzY9146f3isycCsXTcWL1UPQPsu_Q=w300-h225-p-k-no"
蔡硯丞,5,2023-05-19,3 年前,"【商品】
黃金雞湯拉麵 220元。

【環境】
裝潢很有日本風，主要以木頭為主要建材和視覺的調配。

【評論】
需要先排隊結帳，然後可以選擇麵的粗細或者份量等等。

整體來說選大份的話可以吃的蠻飽的，而且真的很好吃，湯的部分濃郁，超級推。

服務很好，旁邊有人打翻碗，店員馬上就跑去處理，並且在一旁詢問狀況。","https://lh3.googleusercontent.com/grass-cs/ANxoTn0W7f68rMSMoI34stvKaee0cPTCkzA8tNLA6w2ShF8PmsYzZiEePtQmXQTXHMKkSIEmir7xXwFxUCv0PHnKPa9Rtcf0I_gs4svhU3lpUM5K4eDRzGI1Pbl3Ym_lcXc9IPqrJpHKyA=w300-h450-p-k-no, https://lh3.googleusercontent.com/grass-cs/ANxoTn28wXJRgrInSBOPH-gnO9aVNZCp8I-R7K_jbev-leqntAWKqhpGbD5iTuON23bdC2D-NUH85qVSH13z_k7iV2fUeckzKgdb_odYlaDZtV3bg2yi27h_taG5vTSVINxnxFhr2qaM=w300-h225-p-k-no, https://lh3.googleusercontent.com/grass-cs/ANxoTn0eQDDeDPyoonD5skIwZ0H-HeEq9rvTPaQKI1FbZHRtLf346UHRqPDGoUD2-01FscJ9GcSje32mbf7fjlGRpBljDTKTwQiUcjJKg_2cdeZ9djn50MFPKfifgL6Zs7s_fIlLvhutJA=w300-h225-p-k-no"
謝政軒,3,2023-05-19,3 年前,"平日下午約16：40抵達，已排了約10多人，約17：00入座
雞白擔擔麵 $260
選擇中捲麵，麵量可以選擇少或多，選擇少的話之後還可以再加麵
面硬選擇普通，稍微有點太軟爛，沒有什麼彈性和嚼勁，麵體很普通
擔擔麵的湯底是雞白湯，雞白湯還不錯，香氣和厚度都足夠，而擔擔麵上面有加炒肉末、辣油和花椒粉，但整體味道並沒有很強烈
上方配料有半顆糖心蛋、蔥絲、雞腿叉燒一片還有幾根青菜
雞腿叉燒的處理普通，雖然表面有炙燒過，但本身沒有什麼調味，肉質也是很一般的肉雞的口感，還帶有一點點雞腥味
青菜的部分也是不太好吃，就是很普通的水煮青菜莖，和麵不太搭
總體而言如果需要花很長時間排隊的話我覺得並不是很值得，前幾次來的時候也點過基本的豚骨醬油拉麵還有每天限量的干貝清湯拉麵，價格偏高味道也僅算普通而已，沒有非常推薦","https://lh3.googleusercontent.com/grass-cs/ANxoTn1DMjRhw-x5mGitMLJRuBFaUGrjqqe7qL1vJ70BhzPpvP3FlD-vO_JbGNCBFZ_y-oBbtZ9J_8q_-eBJYNMNceaZbBLkNDIzt43yqQSPhiqzObHsEvbi1x2MLiJ4kBYtdd8sBAxQ9A=w300-h225-p-k-no, https://lh3.googleusercontent.com/grass-cs/ANxoTn1_pO71HWlhx4wmVwhw6lKBPW8j_WjwEeKrycJ7sKQXzLZTjMmj5fjwvofChWo5HHhO26iR1Male2NPP7ARsnQp0anIzHRtgeV3r6Rm2wiH-622C9Jj-LA7isA1EvFYEDNg7URy=w300-h225-p-k-no, https://lh3.googleusercontent.com/grass-cs/ANxoTn18sYnNDPfTgXnb9zabnHNEsJU3ngDi48ik5De5EmpgCYu50-ihIiT3y39RaCmXIykcpGCZeomjyfTs256vwLibdfGV1x3Df8gYYNCOCPrvWlHlYUIeDgGcsIXy3Rzm6oOV0ZxJPg=w300-h225-p-k-no, https://lh3.googleusercontent.com/grass-cs/ANxoTn0CSVH07u2X_swr3j26u5hIXYTB77nQw5QC6vxlxvxDZA3DV_q3wbP8R23v6edSM1UHXsiz5UaSEu0YIEfRGSPkUYQJWd6ApTRY_aSepXCkWOfcVrjFZPh70F53gRVFA-HZSxL_=w300-h225-p-k-no"
哎吃鬼,4,2023-05-19,3 年前,這間拉麵就在公館熱鬧區，每次經過就有很多人排隊，所以來吃看看囉！這裡採用自己點餐可以選擇自己喜歡的口味和麵的硬度還可以加麵，湯頭如果太濃郁桌上都有冰水可以用喔~,"https://lh3.googleusercontent.com/grass-cs/ANxoTn08pfeCZVhwunwJWpqMBIJsja_PulfAI_p-hRkK5Fci99EDWLGlXc03JXkI-CxvX5RfDeECYTU7cO7DP7UlY_v1DC09y53sq8GTuTVgXLoFNFk4DaVBHilDOljRJvNWpEFjsng3Nw=w300-h225-p-k-no, https://lh3.googleusercontent.com/grass-cs/ANxoTn2v2MvBmIjtRS-J9F2kY5ZFsSb0BILNT0GIDDGZrNlPnq7d4AsyJwduuS6mbeVpp_EEjq2nEYMDksEjiDzelj7eOfByBNR7tx3xqpiOq6EKZmAzPbrgGwMU2-xJpq1VYw60mvE=w300-h225-p-k-no, https://lh3.googleusercontent.com/grass-cs/ANxoTn1F7dl9UaGsG3NMBLpsZov8N7Mwb9kXTZgOpzONfwPFqC6_6GANbHpI0koaAnNYehsdTu9-jzTBt48cXk8qZagHTckVjHp9t6gspK3rocuddAnaFE7vtoIFYUXPDbyHK9-dEtZbdA=w300-h225-p-k-no, https://lh3.googleusercontent.com/grass-cs/ANxoTn3Acu5ABDsIdSZwrEhdQqU0UVTFn5lu2YFYpnbtThYZgLNuAwlBosbLU-F8-o1jZYykqL9Hf0TYyaVFu2MrYBvXPuJE4aiXBVnN0edZSayy1v-YxBnmNbLoptZLiwvvucZyCRML=w300-h225-p-k-no"
David Cheng,5,2022-05-19,4 年前,用餐空間舒適，有室內的排隊區很貼心，員工服務態度佳，這次點了沾麵、醬油拉麵跟叉燒拼盤，拉麵可以調整麵條硬度跟湯的濃度很推，沾麵有很重的蝦子味，叉燒拼盤也很美味，三種叉燒肉各有特色，最後吃完重口的拉麵再來上一杯冰水，真的是最高的享受。,"https://lh3.googleusercontent.com/grass-cs/ANxoTn3Un6Q7tz_ZKlbYtGa3S_m-Nx0CewaylBNtqP8LjxT4PpppCzTVX1HXEF7ZP49iuF4YfY-xW21JoixAwxc4Eb36KZ_6r9oDe-uO3Yuefhix2LMq26W8m2X5aPdXGaD1nBQKGdOW=w300-h450-p-k-no, https://lh3.googleusercontent.com/grass-cs/ANxoTn261bc9KPwBDjCf5sfYXr3LqgUUw-46X64nmi0OF17hXj9sX4d1gTkr9QGVAlJfFZV7SeonbAu7hLWdLq96JE26_ngGF0mSk744zQoffRETHSAgtMq2gnUHErbxwmjV9DjXfehqTw=w300-h225-p-k-no, https://lh3.googleusercontent.com/grass-cs/ANxoTn1DdecfAhGgQkbsveKg8Z9wUywXW-cBh1Ak3sPGbZMv-4gPmKB_1fIL-0_CFGypnMxAvOIj1baheF444x6M0OdACukf0qAPDpZ1H1mUefOrpZQ20FEddoBRRbWoQFqeiL8JhhUG=w300-h225-p-k-no"
屋頂上的貓,5,2022-05-19,4 年前,"店家有在控管排隊人流跟順序，座位都有隔透明層版卻不會讓客人覺得太狹窄，店員跟煮麵的師傅們都很有禮貌、很有精神（元氣），配合店裡的整體裝潢跟氣氛好像來到日本吃拉麵一樣！

點的是柚香干貝拉麵+糖沁蛋，$300
湯頭干甜鮮美，雞肉很軟嫩

很用心的店家","https://lh3.googleusercontent.com/grass-cs/ANxoTn1stNRsKlTP5cvc9MCgIx_cFsqBqWHezWRAaX4dxS64-Vlih5nkumlvkEHWAHmY6fgxr_GyDIHZtYZc0nehkUAysp6anD9Kc8xkeIfZBSwvbikOE6oblqDVz_CibFy-z64n982u=w300-h450-p-k-no, https://lh3.googleusercontent.com/grass-cs/ANxoTn1tXk68kUjibZznD9A_BvIbYtZPgREtS6Qj7okFmhcmeTTM5Q2nIyqk-j6HhBYIJabbHVwgUjzCiWh_5iRnsfpTs5SpAF0eMUC7smVZ8ysK-bw0Czx_xJzQWFL_Ox8WDaP925NN=w300-h225-p-k-no, https://lh3.googleusercontent.com/grass-cs/ANxoTn2BndSkDht5jBow0zwgEmhd8TFX_6UdDF8zdszyuSEuEedLX_tUQw7DCVTuhDRSFmVQ5YZiMIrIXBt9KcT-lH25G91hIL_cCXE3NP3ciXJrLjVkx16PinHYGkjw5dfgG3Tbzkch=w300-h225-p-k-no"
顏御軒,5,2023-05-19,3 年前,"趁著前陣子颱風天沒什麼人，路過發現不用排隊趕緊吃
喜歡吃清爽感的拉麵這家超推🤩雞胸很嫩不柴、叉燒因為是預先準備好的食材所以是冷的，小弟覺得如果是熱的話會更更加分，不過泡一下湯還是很好吃🤤","https://lh3.googleusercontent.com/grass-cs/ANxoTn2oklHsf2os0WtpGLdle7whOXp8rXKD7SEnOLNPCYOilDR_OyoJzarO09QQZySB9rp2KGXSAbY0Z-1Qb4UAWlU5KmP0FRyZ9ajwkLiblGk-X14SactmBAb4LQwYVDbl6HGFybXQ=w300-h225-p-k-no, https://lh3.googleusercontent.com/grass-cs/ANxoTn35gkwZe3X8ckmT3bnrxXWrf93IUhVfmw6gn6b6uKBmvg6p71kPcvo_c8uVfExJFt16QnzPBUHENsSZZOoIn6v5dNpBvvACDfRF4dSi3zRpQ6LrC69hh_VvaIcizCSSSpuJM4VE7Q=w300-h225-p-k-no, https://lh3.googleusercontent.com/grass-cs/ANxoTn33roT64dnNaeFkhINLEWR62SDoa5Ot9tnbIygHQo_XCqW3-w9iPMnW6RSMTpJc1UxFaNYWuVYM3dvSVh5Jw5Pbbe_9DAlc5747lcrNrz9o8IfXNFt1hOZip4yN_gaGyR7BGov_=w300-h225-p-k-no, https://lh3.googleusercontent.com/grass-cs/ANxoTn2yjENbOCVoTHPqPSvEwYYxRYanZvXVAkFQv9tGX_q3IMDTF-SxhU4pce50bjH8BYM4okoWKKclA05foG02z5e0NUgdnhNDkpehGPFUm4UBnrOKXVcaPenRscKBP9avBqaVFlkk=w300-h225-p-k-no"
謝宛蓁,4,2023-05-19,上次編輯：3 年前,"這間分店空間大，17:40輕鬆入座（只是點餐機在慢。店員看到我點不蔥還貼心詢問是不是也不洋蔥。此分店限定為柚香干貝30碗，此時已經售完。

空間設計很用心，漂亮舒適（可惜吧台位沒有隔板），中間是開放式廚房，師傅在做什麼都一清二楚👌

麵主要是以黑胡椒提味，肉嫩湯好喝，蛋表現3/5，裡頭還有小松菜但稍少。總覺得雞湯和雞有點干貝味（幻吃

總而言之沒有第一次訪問那麼震撼。歌宅宅的店員會偷唱，內場也很可愛很有活力還偷跳舞（？

離開時約六點，已經開始在排。","https://lh3.googleusercontent.com/grass-cs/ANxoTn1tIxIKeeToSMJeqyCxekPiOE-RF1FriYLIdp46K_eVArjEPBTpcWpmnaz0R4eepoGN-7dafekeDGtqd_eGplu7C7cSFKIceiCmzmyJR_9yYBS2GdGxeg5LE0SxVKmfdEK53UM=w300-h225-p-k-no, https://lh3.googleusercontent.com/grass-cs/ANxoTn2mocGK2cMgkvFlf1XAIkUI68-gSlukEhRkyOoBzqr-nhZ9gDOCAmH-TlvsjVHwMcHSPG-xDhQM26k0Rq6swAplUKWPwQ0GIIrSaGiVr-Nj2jA0YWfq9loClzoAwh5klyKNyu-0=w300-h225-p-k-no, https://lh3.googleusercontent.com/grass-cs/ANxoTn2YkRK06O12Hpso3RRBKxuBwMmKnFyXPnfNEOBJwi4VVmZrA66fjJLV8gxlI5H4ctUXjzQXPV2DgDuXziEYa_9vjKmt2q_1d-MMiEe1LgfO1QIFuWsV-Fh0pc0UBpbiH-wPV2Dd=w300-h225-p-k-no, https://lh3.googleusercontent.com/grass-cs/ANxoTn2yHroHLQsoJEdugNMqDOyghpLklLp0gf5rbvwqNuw75nv3gyykcGe2sAclyIKtI8o8_7852FqKyrs3rCZM3b17-j03DvaBdVOWDYXDcDRxJPS958T9KmFfKeJVRdB4mdAJrwZf=w300-h225-p-k-no"
蔡琮淵,5,2023-05-19,上次編輯：3 年前,"初訪隱家，環境清潔、服務親切。單點干貝拉麵，湯頭是蜆與乾干貝提煉出來，味道鮮美，還有両片豬叉燒、三片鷄舒肥，一粒干貝，麵條的多寡粗細都可選擇，無可挑剔的五顆星。
第二次品嚐黃金鷄湯拉麵，味道也是可圈可點，服務也沒變資，保持5顆星的水準。","https://lh3.googleusercontent.com/grass-cs/ANxoTn0MvvS_BTK1qHYFMDgBbwscJ9UiiRE1nuvvWBOH1i7pNwdXx14Z9-a-wymniy_SmWaRTdgJEePJMm55w5Ylr_jNAebbsaAXOufuPI0iNrkl20VB-YrYILfx4kiIC9tRStEovrY=w300-h225-p-k-no, https://lh3.googleusercontent.com/grass-cs/ANxoTn2b4D8f6L1kf2xYqmCEYwDX0GsVMW-2rnXa1y-nNs-P3UVbU1vtFC3iXV973nC-ALJ2WFE8CN1SskDE8uE1a7oX4iR8rvbsBjj60jl3-uHnlMoydgt0E0nL78MxXcOryuEiY_ykeA=w300-h225-p-k-no, https://lh3.googleusercontent.com/grass-cs/ANxoTn1T6s4aCnIoQBhvVPptFADj63-snGiDOdUazaRXGNA761YBBFZV3uexreKmbpuVCfGTAB_lFCdTwcldXWVFk9nTFRT8ha5b8qv96iM4rhDaZHpXeUJEN1Id0OlO0OJcFcpLgar9=w300-h225-p-k-no, https://lh3.googleusercontent.com/grass-cs/ANxoTn1GW8I1muRk9Z980Krikpav5kJF80uozvmNLdSIkaD3J8aWBMUizNyq4Xa9mdBPVuicPmQwLZ8waVEUEqglcepSJPptTWo_jmaiGrc5dDCL2by1edHbYHip38nMHaluU-eXorEvtg=w300-h225-p-k-no"
Nicholas (紅),4,2022-05-19,4 年前,"開店前已經排一條長隊，不過沒有排太久就可享用午餐👍🏻
豚骨醬油拉麵風味不錯，濃度很好。
適合微重口味的人
肉拼盤的舒肥雞很甜，加以撒上了黑胡椒點綴。
豬肉片薄的剛剛好，雞腿捲也很棒。
店裡座位和座位之間有隔開一些些，感受到個人空間，讓人覺得舒服，不會很擠。
座位上有水是自助的，蒜和辣也可以自己加。","https://lh3.googleusercontent.com/grass-cs/ANxoTn1VI3HlOK_JWHd8FFI48L2TLJxTF5ugrzI8ceKCAanvNKxcH90PCkHzP_kNARQZIYgBgjXFrTBPeM60322hW1oZqbBEwVWrKa6ZpciprjU5gmrnlBe4uOzTKHXVL0v3kkIGttHv=w300-h225-p-k-no, https://lh3.googleusercontent.com/grass-cs/ANxoTn2EoOMtIynq5Bnx1BlyOGZyHp2dECuQvwkHC5jRLUj3Vmql4QoxOWslEEAbxZ3Rw7J2V4RaZsWO1SM7QELFh_0QYlDiZBgCnzUy_jfn-Gml-walB1i4maQXeKnqSj0ruiXu-vIm=w300-h225-p-k-no, https://lh3.googleusercontent.com/grass-cs/ANxoTn0A_cMJL9XTz6mRqRDRMasc3NZ6GKnT5bKLPNO3_ZNy9tUY1rZu_ZqlAmqaWQBurrDs5I7TQmvtnXXKTdxHnWotaI1wQgse34Wk3YvSmZVTHF7CuE1M8EjLi2cgNpke-GkRl4JwNg=w300-h225-p-k-no, https://lh3.googleusercontent.com/grass-cs/ANxoTn3ZhUL5nruqV9xnrpJdvWVnzMzhY78zomMJGY5HaZf8XBFOtK4FVtLm9feWNbV-SvHSl9nEfLABNTtlJDzm0OqJ9gnZONn1ow1D6g3zwRbgVsi4JoqBh63iEKpegv6NBLV5lXPv=w300-h225-p-k-no"
李宗榮,5,2024-05-19,2 年前,上次在隱家拉麵是在大同區捷運站附近赤峰店品嚐，這次來到公館店，一樣是排隊名店，中午時間熱的不行，店員貼心借雨傘遮陽，店內座位數比赤峰店多一倍，不用排到二輪，餐點選擇也多了一兩樣，拉麵口味吃起來更棒，也多了好吃TKG飯可選擇，店員服務很到位 ，主動詢問是否太鹹要不要加湯，台灣的拉麵，比起在日本吃拉麵，確時不會太鹹，這家拉麵店，推！推!,"https://lh3.googleusercontent.com/grass-cs/ANxoTn3bd339pOhBhopvpMrL6u8rBfJ_HnArfthIfDOAVUMSUgFPiNjWJJwUKtvCrS8n8RBHI8MLples7utr4HD-45hL4gNVTHuWb4O9jd80RbcCKnVTEJXi1CFq8Z734YWIXT5YsQew=w300-h225-p-k-no, https://lh3.googleusercontent.com/grass-cs/ANxoTn31FkwR5YDqo1aRg_nOxf9A7fvlKXLMelbo3CCC-G6ZeTVO1dxZwScxIIbdVwwcWs8Lg5s8ClQulGjXNdwhaASuTGGn-fC6pb8GWMliR4XknHLLkJKvDOLWIXS89hc9Xw7bZr8=w300-h225-p-k-no, https://lh3.googleusercontent.com/grass-cs/ANxoTn1jOfADgMrF-shJ7NIuUlud2R6RTLUyzGkKeHBiftHDowzoW6lvb25dwiBsRsNuHsGfMYrgoet0U9faM1LlfD11o0i0WJanMt1P130AdwK16-aKRWGMb0nzlakTpgJwDJywxuExSQ=w300-h225-p-k-no, https://lh3.googleusercontent.com/grass-cs/ANxoTn26-lje6C9B8FwVApJKPq5_V1WahW-RBqa_ft2uzj5Ic-E4QzH18OoStA8PhfjrrTx0hljlj7b4d-FyPX-GfdgpE5OnreQr5Mvl3P7sCo69HTSUqwIbu9sSwP1EaVAMxcdU5rdl=w300-h225-p-k-no"
Stanley Chuang,5,2024-05-19,2 年前,"已去過中山店吃過幾次，今來公館店吃，感覺整體用餐環境，服務都不輸中山店，甚至覺得更好吃了（讓人邊吃邊點頭）👍
*唯一美中不足的是發現端上桌墊碗麵的盤子有點髒湯匙底部也是（有不明黑點黑漬…）不曉得是沒清沖洗乾淨還是沾到什麼東西…😅","https://lh3.googleusercontent.com/grass-cs/ANxoTn1NveZEe8u03FA3zLft056huwYyutsZpIc1om5vazhhkoOyqx_UO9WuObShlwdYqo3T_vnOjWGNFEGXkBffOLxWWkx1oOxL3cQ8fgnhxOUxtXlJTelIRC9G4w08tlvmXFyJYgPIhA=w300-h225-p-k-no, https://lh3.googleusercontent.com/grass-cs/ANxoTn3UCkEAS4HDwYVjTPUGMZT13X9KLfGwlbr_wFPmAHuz-bASx2miK7OxDEYwp_sendjOLI2PEm0xeykJa6sBWd2_F8QY5Dy0xg7MCe-FTvk8jF4Q8cN5hsMzG4AceVh-jIdN4xnm=w300-h225-p-k-no, https://lh3.googleusercontent.com/grass-cs/ANxoTn0xAD1pYg-DaVSp1DuILKTHM-r-9XqxGEmHg6Co5FbX-1j38pfT3E4-XgSUvKBM80tn1mEzd8GVjYCadWYtkVv9WgFhz3znU1GLiT-y7TKjqdyp0gVJYVM3Bt2KX0qNTW0fLysM9w=w300-h225-p-k-no, https://lh3.googleusercontent.com/grass-cs/ANxoTn34mtYJUjzZWRulk1fQl2ef49ufJ6gDUC-jM-WSlS5vGT1bt8SRIzUob91CW0CkETXl8RxbPaVMHF2t4OED-G1lrsfGOx9ILp3Lw9-X3mdy8c6q98aNvz8qJjHxQmbtFbyqI37P=w300-h225-p-k-no"
吳昇祐,5,2026-01-19,4 個月前,推薦柚香拉麵，機台結帳點餐 上餐效率快,https://lh3.googleusercontent.com/grass-cs/ANxoTn2_C1fav12uDeflc6ATqDP5pCyC3WZZh76Y2mgxM4hrHPf2rZ7iMEfOF8WdeKGclL4jEE2NOeDcn6nOSL32y4XK4z8iMIDL07IHOKMINjxVIU-uUrNGLKGhSt3EJ8PoDzFEDOLQrXuWy6uf=w600-h450-p-k-no
Yi,5,2023-05-19,3 年前,第一次用餐，排隊的人很多但是意外的等待時間並不會太久，餐點部分也相當令人滿意，服務態度親切可掬。唯一希望能稍作改變的是，介紹環境跟詢問餐點喜好的時候能稍微說慢一些，店員熟練的語速，才剛意識到在對我說話，就已經說完了。,"https://lh3.googleusercontent.com/grass-cs/ANxoTn172nfs4fdWtZqhZ-1ewtQNo3vuTQQgSGDGwZw86MfF7lcihEMMmqw7GsJElaPuIvM-yFn60dsu36QP9ljftF_BlGRdJkaENPGnDJfFjYNDXy1ejvSIEnhu9xLuHS06gIUrE7lu=w300-h450-p-k-no, https://lh3.googleusercontent.com/grass-cs/ANxoTn3lY6sXbjahwHeD57VWQ_gKWbwo9zQMNn8B4uVHfgCoiC1QJBUC6g7j9YOmhD9ED-CkxR7LVzQ5OrekByTCE6Zs3T73dS48in6KD43rolw6odx3malYwLg4VRd0FAQbG2WiRkhh=w300-h225-p-k-no, https://lh3.googleusercontent.com/grass-cs/ANxoTn3MlLqL7IdRB_HwLt8-z5dkwqb3Jo2ClMee12KwhopEwW8zxMGEZ7M3fJ6kldM0jXuWwbFl1hMb6ZEy4ZqEHjPthxjT_J6Mby_2oBiMbNT8u6VvCboTTRvaL9IWwGNK8C6zDPl9gQ=w300-h225-p-k-no"
Iris Chien,1,2025-06-19,11 個月前,"服務還行
小朋友用餐要小心點
肉裡還有碎骨
以免誤食

外場女員工進內場協助
用辣菜脯，還直接徒手拿來吃
吃了好幾次（好吃一直吃？！）
好歹戴手套或用餐具吧
驚呆了我

整體食安堪憂","https://lh3.googleusercontent.com/grass-cs/ANxoTn1-YXK3Mpmd73O7m3SDcz7OEhPju_wDdVCE94Nr3rczNc5dI182FKeYCTG7qM8msrN9K8ws2oZoGwn-iSCrzEdrbAh6dNrW2UktO41EAELOcCxAf2MVQtp4d8w4UE-uc7Y0WIU=w300-h450-p-k-no, https://lh3.googleusercontent.com/grass-cs/ANxoTn1nGkNWN2sc6-EXFbhF8SnF_AC3eqcriK3v42uefIIJmUDrXmoWAsukvW-6F4tG0Suh6_8d4kbiONlRI_5maXUMu954amgYlcrHThoH3Zw1aXR50r00KnMxyJ99Wx19LSrOYSXbdQ=w300-h225-p-k-no, https://lh3.googleusercontent.com/grass-cs/ANxoTn2cM6QZ9wdK7l8ziAzNDCJCRpQfOgjeepK32CQwNNx-SVt3S73TX0xzlAa_tDWud-0gGw08xjz5HXsORNjfvIP3Gkf1behzjF9GhJ-D-_w0OVB5TPbu66vTHS4AEOU-QgpTiXuiGQ=w300-h225-p-k-no"
肉黑貓,5,2023-05-19,3 年前,"除了連鎖店以外去過用餐環境最好的一間拉麵店👍店面大且有玄關讓排隊的人在內等候，不用頂著大太陽在外面排隊超加分，店內座位數也不少，座位空間也夠大。

豚骨醬油跟我在士林店吃的印象不太一樣，士林店的更濃厚一些。海老沾麵就很推薦了，沾湯有濃濃的蝦子風味，鮮又不過鹹，配Q彈的麵體很好吃😋

整體來說是推薦來用餐的拉麵店，環境很好餐點也不錯，能夠舒服地吃一碗拉麵。","https://lh3.googleusercontent.com/grass-cs/ANxoTn2TPoIpXc_0I294TjHNoRgNbaBIfTC_oAEUONdcTP0T0bMPtIW1b9XDm8zUAqIFbAYKtdfyEBtzF3JcF5y47yBOrCE58dcr3z6qhI_CVL5te_I6xqh4IR17dOhLpDtj6EHr5q8j=w300-h225-p-k-no, https://lh3.googleusercontent.com/grass-cs/ANxoTn0Q59HIa6rZdOBkqKsY_08-etgSv2J16o6QTb2RKWlBj6b8Wybm_1ajMn08rSQj3ufPOTqeG4hkG7Sa-o9VcCY5I_jy95dLs8Be-NngZOtz2a2fCqod5UXTuoRV5mZX71egk0VF-A=w300-h225-p-k-no, https://lh3.googleusercontent.com/grass-cs/ANxoTn2vJLgKwj2GVaMDEFQZ0lHQnnobbcpR0pwVF8-i3I5tdp5LSzVViu1TUyEimpY4W3ti-tG62ImBzkvltflpzrc_6FqJejoKhg2Eq1Sz8S8krpOrcV6WcDgRYCidO3l6kTg2QtVk=w300-h225-p-k-no, https://lh3.googleusercontent.com/grass-cs/ANxoTn1cmciCtR-KHi0MK5B5PN3bHlXbW2bnX9e0QMoXbOZru5ImtlPzcuas4g2O2YkXSlXI3quoEwKkIOF2kSnpFgLbBMGW2-QvxA9Vc62i1oKgraKclPDfkdxW8wWc2lwaG6A_2tCU1g=w300-h225-p-k-no"
Kaiwen Chi,5,2025-05-19,1 年前,"第一次吃，點了清爽型的黃金雞湯拉麵、濃厚型的雞白湯擔擔麵以及豪華叉燒拼盤，味道和CP值在日式拉麵裡表現都很不錯。
更想稱讚的是服務，我們前面有約8位的大團，外場妹妹很聰明的讓其他人先點餐和帶位，對於每個客人的照顧都很周到。
此外用餐時有一個客人打翻整碗拉麵，三位外場人員和內場師傅有條不紊的指揮配合清掃和安置客人，讓人印象深刻。

總結來說不管是服務還是餐點是值得再訪的好店，希望下次可以吃吃看限量拉麵囉！","https://lh3.googleusercontent.com/grass-cs/ANxoTn2XVLSTDLfo5wN8TxFfx3UgGiCeAfxfAEKKYNdbpyt-N_Jhsv3xKRwnHVOddRiSOdgPBTmOdX9tV92ivbzK4v6fElO1pywpHGYuSVsuP6du-fHvXqh8vna9yubUna3jT853giyO=w300-h450-p-k-no, https://lh3.googleusercontent.com/grass-cs/ANxoTn23iEH-FM4hgc2UQjT3nuI4bKnf3TLKa4IFpP_JvXmobUHBrq-clon5rK4skX5bJV3Aisgc5MSzXL9mbkGv44iDZEgMz--sxHRgs2x9YzULgIvWvxUH75oXbJPgE8IhudrL7gUT=w300-h225-p-k-no, https://lh3.googleusercontent.com/grass-cs/ANxoTn2Jfg41Km_xodiSIO7S81mEWIgKIRRuKSh_lf0HVfKmnww_Sk8KVXsoIFFisyow0s34r-aA0_s7Bas0-qBFW4iLUh9tt1ksXKxy2RbX470V3T7m0dvC20tjfRa-Z9D5CR6wrIs=w300-h225-p-k-no"
ivy wang,5,2023-05-19,3 年前,"公館店限定· 柚香干貝拉麵
喝一口湯干貝鮮味跟淡淡的柚香，美味！
麵條可選細麵、粗麵、中捲麵，
喜愛TGK飯更勝叉燒拼盤。","https://lh3.googleusercontent.com/grass-cs/ANxoTn2QoWmxlDNTYrqjKQGJJ-4Bw-pJILoaZxX0bQS0ookTRKqv38O4uOgovMUiD7mIp-89UW3B5r0WmS6r7b1pxmEGV2S6CvxLJAmlT8V4vlWkkupfDAlmvk7g6BgrvjOvqEnX51OUDw=w300-h225-p-k-no, https://lh3.googleusercontent.com/grass-cs/ANxoTn21rQYPCYtTVu0zI83PZYa81SzbqVMelhQRWWlDrhSvJBuQzxWGm1x8w4taUX0tSrwUj4IasJ9s0qQ7Ns3JBxQqyZqvEvF3LsNgwckMxqo8WziPpaJEISQ0OaS4QM_xviaYkiGj=w300-h225-p-k-no, https://lh3.googleusercontent.com/grass-cs/ANxoTn3d4O32bwL-F8431C4lmy5vZqjLpTJGEUiPq2ZzCZFu6lSlxpZw8UIiOo1XbL025QWjxlKJMPex1y3M84TsIaUUm-r8iCgAs2Mj8EVB6rUXdErFKRtsY8SuSrlelm25B9LNEq4X=w300-h225-p-k-no, https://lh3.googleusercontent.com/grass-cs/ANxoTn1zQ-goIdcf0kZqnRz5CYANyXGrUmjLD6apK_HJEFMqJfCN-Bvj45uH07cwg399dWwRjugMM39Ye5Nhe6yEg9rmenOIy9iWpR2n99NZb0j984LUislcoaC05ymAPKgimiIyBVqM=w300-h225-p-k-no"
陳柏憲,5,2025-11-19,6 個月前,湯頭清淡不油膩，麵條好吃！,"https://lh3.googleusercontent.com/grass-cs/ANxoTn0JAe_XJaOpqwvBv_gI4jcmcwuLx_P0gn3mSNnqJWnH5rtpmqF-RCvIHiBit_B5XQX-XRPjCUIpG8SLLQjCNznEVKFak3L3wscWXQU_cOkRz7M9l7bzYqRY0_LMnq5_IBt90XvkpcxYnZRG=w300-h450-p-k-no, https://lh3.googleusercontent.com/grass-cs/ANxoTn0I1j7YHWwLCp5CfouKmvMMhB7fzxhNC3CeZgiy6pxvrnX7B391eKFaypUZBzB2Yp4_M16CX_RZ0oUSKmO9yskpa2ndz_peSqy2E7rE1CIlyrg_HAGr8rIz8reRBceg00409K57ZE5pXCso=w300-h450-p-k-no"
林怡伶,5,2023-05-19,3 年前,"平日去就沒有排太久的時間
雞湯拉麵很好吃～女生點大份的吃得完😍
店員會問需不需要加湯
服務很好！

叉燒必點 真的必點 超級好吃","https://lh3.googleusercontent.com/grass-cs/ANxoTn2_djj-D2zK5-eDccdKcSgyIx6N0Tz3kF6BwdWqtAQLjsAANUcjNemtolMx07W3hm0DiXfESa3D-ANRg6oM0GSmZ0y7gdPZL9Xm_kZY4aWd8TMxkUqiIAfXO66OXU1L6PFORHjB1g=w300-h450-p-k-no, https://lh3.googleusercontent.com/grass-cs/ANxoTn0GVcpMFQVNmbRE4mDNz-0xlqajgvluA8SFALXnP-ugFoXhvsKvS50v4-9DV2fgJNWXmJcpUqUMK-RSz6BDa8p7vlFOl6VUCtLU_KvtxXGMcNnBxSJ4xq4MPsxY7Xr42xB5zQI=w300-h450-p-k-no"
Rosalind Lee,4,2025-05-19,1 年前,選了黃金雞湯拉麵，湯頭很淡有點無聊，沒特色，麵體還不錯，但整碗真的沒任何記憶點，不知道是不是選錯口味。,https://lh3.googleusercontent.com/grass-cs/ANxoTn3rHJHg3Rb8dJtwPr3lCrgyO5QTJWtDejjyKJFn2J7To6_EvUCbqrsnN7HwL9CAUKSZWliT7QJ6Cvz_fVmgf--A-ageVf15G59Dg-u0vFSPGrCtUne8ALBa2O4CwGFvQpA1vvL1Sw=w600-h450-p-k-no
張緒安,5,2024-05-19,上次編輯：2 年前,"店內用餐座位大概可以到25人，所以排隊其實排很快。
黃金雞湯拉麵（中）+溏心蛋+叉燒拼盤=390$

我選中的，麵量比預想的多一點，湯頭清爽有風味且不油膩，蔥絲脆口不嗆辣，我的溏心蛋蛋黃最外圍有一點點過熟了，就一點點而已，不影響口感，叉燒都很軟嫩，忘記是冷藏保存，剛上來直接夾入口中，被冰涼的溫度嚇了一跳，我還是喜歡泡在湯頭裡溫熱的口感。

可能比我預想的份量還多一些，所以我覺得價格還蠻可以的。👍
舒服～

唯一的缺點可能是，我坐到4號位，用餐的時候會稍微被冷氣直接吹到。可能我比較怕冷。😅","https://lh3.googleusercontent.com/grass-cs/ANxoTn3B5Z7ERLy0q7f9MekPI7G7qgDFxqB7BQGvLlNrBF9PiYbiwQpnIUqvzNmPKgFo1L8t_25uXtqnOJ1LKXBIPX6xM6_UNxD4Gdn80x4HJi3EvFXfVpFN8O8IwxzuFn6hqMLXFV9P=w300-h450-p-k-no, https://lh3.googleusercontent.com/grass-cs/ANxoTn265I0rQPv9qoI0pcSr8yQ0zjHz25HPYZeZfQBUKXmroR-cujO339vnDGlNlqP5lrh6EEatoc1b8db_k8txatTIhTVZdRK53kJzBEeT6IEpmBVjuQS58sWgM4MW7tQyB94re_61=w300-h450-p-k-no"
劉書書,5,2025-07-19,10 個月前,味道不錯，店員也很熱情詢問味道可不可以，平日中午其實不太需要排隊,"https://lh3.googleusercontent.com/grass-cs/ANxoTn2Dfi23Ko9y3ozTNAYLBvUWP1tC4JRdye7BhMrMys1xYGhahcPe1cLILVmsudvCF84yOE2NE-zVatR5Rdb__jErpv8903V7g1Iz9fmGHKRNJv_JZcHuBvVDmvPEUF5nA1atD_x_Q7HE_40=w300-h225-p-k-no, https://lh3.googleusercontent.com/grass-cs/ANxoTn0vmwY1rGNLOS5JJAvO89978hTOc44D5jHHjQ-SBgF_vOG7x78TMAOQhNnJPbxLIhsmfwTQvZcOoo4k9T2i6G1MUgzGfQSq6SAGuYfd335vCNm8Jba0GzvhFTpQz7Ea2aeaL2dFpA_bpwu0=w300-h225-p-k-no, https://lh3.googleusercontent.com/grass-cs/ANxoTn0CchHDDQsFFz1307CnCgMX5ZhgFMEZsUaLF_wjIilTMJeRg4Cxk8T5gw-31J5WAk6Thzkdka3_ssnOuAlEzsOmcM6LFG9dWTZXgUoO75rx5aMt0OWxMb8v1mU2F2m4HLg0fQzkj59HYTs=w300-h225-p-k-no, https://lh3.googleusercontent.com/grass-cs/ANxoTn0HK6HYgfaURhWDIVwuHbHcyQlqGPpRWENLDk9ba5OP4dAz9QqPPonzu_A5RGMcB_YKl2RuhXy5FsaHOQE2i9lrIEIFS9vkabRZkAVPn4YOifjONR5alHZbT6Aj_aCKd82bVZ1L6JhMABsO=w300-h225-p-k-no"
Fanny Chang,4,2023-05-19,3 年前,"平日下午五點到流動率高
點餐用自助機點要記得先放零錢
內部空間蠻大送餐速度快
這次點黃金雞白湯（豬） 軟麵120kg
麵度份量剛剛好
湯頭沒有到很喜歡喝三口就有點小膩
用餐後期店員主動詢問口感並送上清湯調配這點好貼心！下次想嘗試辛味豚骨看看","https://lh3.googleusercontent.com/grass-cs/ANxoTn16HxLbwJsaVrqcs3_uttwNdbfKAO9a7FaDLZ1s_QTTFO3H_G7A__PU7KNfh93RxujyKZfDHLsEzoE1f38Uw5HwAHVioXQ7CEsNuR97lneoJWQjitylD8w8JR4ht8WcVdyjk6M=w300-h225-p-k-no, https://lh3.googleusercontent.com/grass-cs/ANxoTn318sGlW4EOEvNDzyxbE6Ra_7qeJORzJqteLrtNqukPe9qtB1g-STX6b8IOI3BO5JkRq1Z7kTt_VeNZh47il8exUnhXX8o_Qxvwg5DQ-HE1Nkf6P9BdleWGg7Pn6MJf2UzAXa71=w300-h225-p-k-no, https://lh3.googleusercontent.com/grass-cs/ANxoTn0XNga3fhrYP4Hj2R8T_B1pzz-ujp963X9BOgaKEKNi8kn-FJ81tDDu3DcL90vQozbLv6aFzBcsfdBjq8XPzwdakhVlgF8T6KliBEzOsl7aS61HQ_gy2LCOspxklYAVpP33OwQv=w300-h225-p-k-no, https://lh3.googleusercontent.com/grass-cs/ANxoTn35U0Pxx0ctv5E11p9K5EShxTiTeMVRFIAEfZGOr6SpCVqT30WGJsLDTwD-fk8k7jimCoL59jn-r2pUFJh0g48AcMjShvubCyuuaBEiiU7uRA3er3G19yAXMUzP1ujcyaf0jYGulQ=w300-h225-p-k-no"
JUN YOU LIN,4,2022-05-19,上次編輯：4 年前,"下午四點半營業，四點二十五分開始排，五十分餐點上桌
位置是14號桌 在邊邊 蠻可憐的小位置 沒有衛生紙 七味粉 蒜泥 都要用隔壁的🥲
拉麵的碗跟叉燒拼盤的盤子都很油 peko
硬麵口感不錯 整體普普 但符合這個價位
叉燒拼盤七片肉 偏向冷盤 只有一點溫度 算是物有所值

一樣不值得排超過半小時","https://lh3.googleusercontent.com/grass-cs/ANxoTn2tGYovmuGB_XS2TlBBzHBmBUadoWvsSYL1pHl1A70LrtA-XknUlv5ekMNtuvIf8vK6OVfM2KW_-OC_8PgF_pSzAo4JSZh0ZOG1VAFuqbHyw92tqQ7qAWii1vMqmNz0onxkZS25=w300-h225-p-k-no, https://lh3.googleusercontent.com/grass-cs/ANxoTn2zse6wVt5OGCyoREhR4CuVgFlkr4w1_m7T-PvHiW74c8LtXh_fO55-a6UgVi87MonAorJLsaXzoAx8FgDFIgrVyAFRw0XiJ2Kfejz0ge1ZQsyHrFXkeRcP24bVJo_8shZfYZMo=w300-h225-p-k-no, https://lh3.googleusercontent.com/grass-cs/ANxoTn0ob9r_JolBb0gBKgWC4r74Futo6AztwphARMIYeJi6hTRHUgCmw08PXD_H58c-So6qDUnBCZdPRts5QKTb_0XmwxIwHFYVEzPfH4Rar4KQaJryIGxavqDPLuKXV-mIH_i4R1eS=w300-h225-p-k-no, https://lh3.googleusercontent.com/grass-cs/ANxoTn3sRZVzN5MveSwwRileBxbMEoYosFw-Qo2iR8csxioBTlhwFk8yB4PnHAuWNuS5146RMaQR9SdkMha8GCXRPpa8DLWfKufyGKM5D_A6qpbKpXX8_VZSEsqp0FRUfYl5oBl9Rlwkcw=w300-h225-p-k-no"
Mentou Tseng,3,2025-05-19,1 年前,"自助販賣機～投完覺得 炙燒好香喔！
湯很濃可以更燙會更好","https://lh3.googleusercontent.com/grass-cs/ANxoTn2Gp_0njwnxmisAr3jTWxC9kb90BJKWduepkm5EVruKdVbDZUbhbcdcmLIiN9_qAMDbvtAtTE94YitktRP1tzDGy6N7sF0FWa78VKulrGAmYLoSATHZPpfe284k9GBNnVCwpQOFxQ=w300-h225-p-k-no, https://lh3.googleusercontent.com/grass-cs/ANxoTn2LrbiNL0ttpTkladyfj6kvhoxH83_vs_c3esYaS2kk_MxVXouyDoa-LuB2JE3ylddHF394KjSC08Xqp_qxiaZ-jfVlUVzsxXQ0N-MYlofHTsJWL30S6gEGlDk3G2pxLr_i9CU=w300-h225-p-k-no, https://lh3.googleusercontent.com/grass-cs/ANxoTn2Ugww1Tstb3p3ZOdF7ssavSHhPSdXsNb-4Db-ysgrhrsk2foqNNz_6olKx2KW40KNwfVvfyvZGUodD8KXeH-e553j5jzDQPMcfNI_2Gh8dPGbBG7X-U7ta4XyyFBLoKZuaGAgv6A=w300-h225-p-k-no, https://lh3.googleusercontent.com/grass-cs/ANxoTn0_979wrvN2tv4aYq9gA8NQg-wO2lKGF6FoxlEdzKi-atH7V330skpeHNOLg9sAMqifdCBczw-SHPgWYM3-a7dtu4Le-dNIfYQffqCzo17GgNhMaTrq-JJevm3UbKgdw2WRcf8T=w300-h225-p-k-no"
Suzanne Ho,4,2024-05-19,2 年前,"雨天的週末來，沒有等很久就吃到了。相較於士林與中山店，似乎寬敞且舒適許多。使用自助點餐機點餐，點餐時有服務人員協助。
點的是限量的干貝拉麵，細麵與湯都ok，可惜溏心蛋不太好吃，醬汁似乎被其他食材的味道影響，有些不美好。","https://lh3.googleusercontent.com/grass-cs/ANxoTn3g8n1WVb412wSiMTGx60vvcA9LhncX4DCqnrkyS_GYSbnE9q4iv1PBxH3HL4add9pFnAN5Bdox_Bv7-dilcqong1lQ6vZW_rd_uTgjTRBx1_sNF6ffR4hHk20H4_0xQgbRbrxLCg=w300-h450-p-k-no, https://lh3.googleusercontent.com/grass-cs/ANxoTn1L9MGXqBSPEKWag2AP7Cba4r1N3VIRlvn43RJrFEgMRDArpuJaEz7y0t9q6C7aP--HPCJk0ieXv9jIIGxaO39fJ7iU6MxIwNKXaH-psTp5cyUpjpdr3JQ5hdVWdkKOEcXKzYH0=w300-h450-p-k-no"
余佳澄,5,2023-05-19,3 年前,"這次點了店內每天限定30份的柚香干貝拉麵跟豚骨醬油拉麵

個人覺得柚香干貝不是特別驚艷，料是很實在，但就味道我覺得還好，就像很濃的蛤仔湯的感覺，有濃濃海味😆

至於豚骨醬油就是中規中矩的日式拉麵，總體來說還不錯

叉燒拼盤我還是比較喜歡叉燒很好吃😆那個舒肥雞跟類似雞腿？叉燒的，味道還行

以上為個人體驗，僅供參考囉","https://lh3.googleusercontent.com/grass-cs/ANxoTn2aOFH4hPtiGUNOj-pTyEB_b6Ixhbbrs_MgIpz5G8-6QHjiiEP37hDklsHMxwW-9EIteU3o_RJo4g-8GhRJvp7c8Pz9OnSuuqpIWc291bUn9uidrOLS9EeyYvuuzmIPouAEiUc=w300-h225-p-k-no, https://lh3.googleusercontent.com/grass-cs/ANxoTn0A76txuYkgpP6wrXlXGZJ6H_BQEEptjNMQLZ5sWHad1eeGdhSYfcVBDQ1LbgOAMMohJJw3i2ztpT-7N4Bpq4VJ592Rpieqb_HzMS8LO27m8_NORnz0-aQJnKNWqB-EI9l1ZNrn_Q=w300-h225-p-k-no, https://lh3.googleusercontent.com/grass-cs/ANxoTn3pn4ynZd76raisSd4oAi5_jMWPGcRAcP2grIOefF-mT9GiR3qPTnSnZ8HJQH8OJpkpSXMg8M4cpGl8CCWrX5ruI5OwmNW_uhsMVJDi0Mv8nR0qqtDEZzVqGuWNiubgWJH5Chh6=w300-h225-p-k-no, https://lh3.googleusercontent.com/grass-cs/ANxoTn3MPy14LrAAwqHuiRG_YOe31QCiTaIOOslp9DymBn7xsnDKXIjzWKpZBHxMIGrvwAI3Njs4_fOqDSeX7ZXpqphjiolJro7WInIO9cydggrjARC1KtHxIFP3KrOrRdfMyECaTO0onw=w300-h225-p-k-no"
Janie Liu,5,2024-05-19,2 年前,"辛豚骨拉麵，麵條軟硬適中，湯頭超濃郁！
小份中捲麵以女生份量來說超飽！
肉有炙燒有不同香氣，而且很嫩！
推推！推推！海苔泡湯好好吃，
吃到後面可以加清湯解一點濃湯的膩感。

我加點了溏心蛋，沒有特別想吃可以不用點。","https://lh3.googleusercontent.com/grass-cs/ANxoTn2M7eeuTPBTqBtqDpnUzXa6R1j1kw-O9vUgRWR8izt5pZXs2LIk8LchvrGCl7bxLKJJ8R-4q5cZy8MHFtN3SLlfyA_N6QzZLK56FS1aabWFZmx7bBbZNZk4wCD92F-K2HPixstLCA=w300-h450-p-k-no, https://lh3.googleusercontent.com/grass-cs/ANxoTn2gFJP_nbxnKM26qXeTWOKL8n1hwXnYBLgSVyfz8SwUk1AWxul48PLEMmHP1-ZPGwMT9HwqeTB_XW8ZMax2HkEUOHsnCROYMHskNZ51KQ0P6oj19zxXZNxJ-AjEFqG-5vGs7xtF=w300-h450-p-k-no"
Cheng Anson,5,2024-05-19,2 年前,第一次到隱家，點了柚香干貝拉麵，湯頭十分清爽，不似一般鷄高湯渾濁，搭配些許柚皮、鮮綠葱絲，在夏天吃來不會有厚重油膩感，麵條喜歡軟的，仍然帶有嚼勁。服務很好....值得再來。,"https://lh3.googleusercontent.com/grass-cs/ANxoTn1w2XSncxouYxL_mohwGaE87shPQ5ZKSbaCONv9uOzNa5AsfwchqSTa5jLpuvIJo1Ff5J7uC1vTcdoRQiQuiwV7bWbbZdIO7ncbU1LBFLOIiOahjk38eKOJFUioKYZJ6WFjAL1-QQ=w300-h450-p-k-no, https://lh3.googleusercontent.com/grass-cs/ANxoTn3TVKe-cSXhKRQWZ7POXo5jNeJHwccCwD-qTa_Y02RK0OyLG7fQ8nLhsI3pwDP4eSofZ-naSJrYSGaq_e1zgaLCVyRq7y_e1vFPy0wdlACJFk3trVJXIxFcSe0qsNaHPKVpIAvO=w300-h450-p-k-no"
yunting Huang (5-1黃韻庭),5,2022-05-19,上次編輯：4 年前,"從排隊到吃完到門口的一路過程，服務都非常好，難得每位店員的服務品質都那麼好的店，真的訓練有加。

豚骨好喝的湯頭，朋友點雞湯也是相當驚豔，不同一般的湯頭，我個人覺得相當獨特。

再排隊也一定要來啊","https://lh3.googleusercontent.com/grass-cs/ANxoTn18dq1mcUf8vHznFkweg4ij0Io-18_y_C5nE_iAkBbAzFviwkX5VWXQQyKkuimgKieQmx6yjiBz3wZ6fef_t0yR9q5GX8JXHBChg6oCPqIpiB9gpFEV5kjHHpvyAJ3tD02RA0tzfQ=w300-h225-p-k-no, https://lh3.googleusercontent.com/grass-cs/ANxoTn34sTKWRTdGnX3h_YHZwv9Ysg6eQTtL0b4wAVc-e_tMDTTfnUzeyYCZEF0hacn_1dffO5ZjIfaPRFkOmI2_-pyBBGxFa-C169vM3cybyP3tWNo0yyX4xOU15KZyIL6e2UG5jP4i=w300-h225-p-k-no, https://lh3.googleusercontent.com/grass-cs/ANxoTn1VMnKJyJRnBG0RgVxnMHpB-ZfeSLeRk2e7HaAPTRnfWRTAy7j6tsIUTahV-p4Bm16Lxq5DEf0kEb2IHOZ-havfqq4F9DvRlSbaGz0H26EcVHfJsJ0CtTIg12MPRfqnK9v5lx-d=w300-h225-p-k-no, https://lh3.googleusercontent.com/grass-cs/ANxoTn1OdtLQAGjgML8a9rEzeg22vYTe_VrtOC0DN3xa-68fb3NM3tUhignUwtW-mVdjPpgM4xEDe6l1jXOyyf30PFEFcBo-N_PWkBWSSwAGr0unm8VsiGqegZuWXeahd83GUz9Qucg3=w300-h225-p-k-no"
邱麒銘,5,2026-01-19,4 個月前,我覺得是一家很棒的拉麵店，位置也很方便，好像有一碗拉麵是算限定的，希望下次有機會可以吃到 我去的時候比較晚了 但依然人很多 冰水也很到位是冰塊水 蠻爽的,"https://lh3.googleusercontent.com/grass-cs/ANxoTn3fCd3Rmb4Dc3jbX8PKI_7OnzGmN2coP6iGcX6Lt6FIQCCQU3HEmDR6sKVmnNdqcehmENZ1p7m1phUUyipPMFunnKSMrLAuNNBOHKy6pbip4eg0wLn22IaT3J90qgBdCz2l0JYHMFUXn8xX=w300-h450-p-k-no, https://lh3.googleusercontent.com/grass-cs/ANxoTn1h3qjRnFfZ-sptBu2p1AwS6MHWljxzPOsY1Ax3Xog3onUyQDcgSV73TyM5ep8shYFXtKreILxN3Yox4Y057DasMXBVDmJ8FpYgq9LMRUs9c5EGZuVbpn2uB6L-y-9t79PsWCdDf350huIP=w300-h225-p-k-no, https://lh3.googleusercontent.com/grass-cs/ANxoTn2erBtRQ3LePZusl5fabE4qhfkcbkVjpEVb7_tKi4CQ8noERRTUHRBZMgiw1XY7r7FRCBeMt-TobFBLwupslsm8sfhRDXn3iHGhAOxRUi_P8kvj6uvJ7cE5BG8gAE4J8LAQP03RJYOmNY8=w300-h225-p-k-no"
Melvin H,5,2022-05-19,4 年前,應該是服務態度最友善的拉麵店，晚餐大概都排一小時，黃金雞湯很清淡，喜歡清爽的人可以嘗試，擔擔麵很香，個人覺得不辣，價位便宜，加100$豪華拼盤很超值！,"https://lh3.googleusercontent.com/grass-cs/ANxoTn2f8y4dV91rR3ZqvCHoC7pGHesVMHxN_TJI2C4HDRO2gTf_pCQsTFfjGR3dfBcMmRLYgSgTx8PFr05g2NuF-_EHFZRzV_wYY9ZoVYB1msClCV1mLz-obPfiRcTykNXKwukYVQ8g=w300-h450-p-k-no, https://lh3.googleusercontent.com/grass-cs/ANxoTn0ru2IsxCeEzX6uY4LIn0eFUkKEo8j87Rbvb4qNDdvfNm94iwS0ftE-A4nXc4dmmf2nmDupqboxURm8ECNg0K0NsXztnBkihwRdWaUS_zLz7FeFMpaALXPrz5SL8sfmjtmFTXl17Q=w300-h450-p-k-no"
Sea,5,2024-05-19,2 年前,"當天11點初就來排隊，剛好在蠻前面的，決定吃吃看據說限量20碗的「柚香干貝拉麵」。
跟原先預期的柚子口味拉麵不一樣，這碗的湯很有鮮味蠻好喝的，柚香不重，只有在靠近柚子皮附近的料比較明顯。
雞肉、叉燒的部分也都表現不錯～
蠻喜歡這碗拉麵的，湯稍微鹹點，可以續加清湯調味。",https://lh3.googleusercontent.com/grass-cs/ANxoTn2pn46jIwqgkPsOPwmgCNfApmP8pCzo3xkUl9vhVa11et9nvTCxPV0BhQk0HbPcfXqpmCDb4m5Yk60tFPsC2Ncw6rsBhmuwLGP30eGyWpsrqtkwhRN2Z6z34vyIi1fryEaMpwgI=w600-h450-p-k-no
Charlie,3,2023-05-19,上次編輯：3 年前,"・豚骨醬油拉麵・黃金雞湯拉麵

1. 湯頭：
豚骨湯頭是較為中規中矩的風格，不是濃厚到抿嘴唇時帶有點黏膩的豐厚口感，而是淡雅（或許是醬油）中喝出豬骨湯頭的味道，可惜不夠純粹紮實，味道上就是淡淡的飄過去，而且醬油堆疊不上去沒有幫助太多。
雞湯湯頭則是走小清新路線，一兩口喝完還會想再繼續，不知道整碗吃下來的滋味如何？但最後喝到時（還有三口左右的麵量），黑胡椒味道鋪天蓋地了整碗，有點被搶走風采…

2. 麵條：體驗算是蠻差的！自己觀察下來是師傅沒能在旁好好顧及煮麵的過程，導致麵條軟硬度要求無法到達，而且有些麵糰分散不開！！！入口的口感上就被影響到。還有可能是訓練時長不夠，導致煮麵、弄湯時急急躁躁不夠從容，如把麵撈起時，一次需要顧到多個麵切的拿起，在拿起來掛瀝時有些不知所措；碼表時間也沒掌握到，有時沒響也直接拿起來（感覺是沒有按好計時器），總總導致麵條口感上有不夠硬的也有不夠軟的（這一餐剛好都體驗到）

3. 叉燒：豬叉燒口感厚實，僅此而已，是軟嫩但不夠入味，炙燒上時間不夠，逼出來的香氣不足。
雞叉燒口感非常軟嫩，應該是以舒肥方式完成的，胡椒香味十分爽口！搭配得很常見卻也吸引人

4. 溏心蛋：蛋黃呈現流體狀，而非膏狀的，好吃很不錯","https://lh3.googleusercontent.com/grass-cs/ANxoTn2b6fQRhejVdSmWjX15q4_cABzMtpYS5LhjcYZIBtnXyZJ2dpf1CIhcrdC4-C0LaN_M6-l8sOSvGkM9WeKVIu2uco1zC-F08nguWxrGH6oN5vkx4sF4fm6UAYafHmEMq5YaW9Z6=w300-h450-p-k-no, https://lh3.googleusercontent.com/grass-cs/ANxoTn1tll5jhj9XL2Cg7yULvXGQNdkZC1k8aRiZrj3lJO8cMrg9zw5pHn32RD2bazAjOnOGrDloD6TXZSEKJBtTUBYpCQ1-h0rWAPE5y_Ybw_2Dw9LzWUdrXclWRIrlbeuxLRVTlrSC1Q=w300-h225-p-k-no, https://lh3.googleusercontent.com/grass-cs/ANxoTn2FB6iK62bqaZJvTpPrbsPfZ40JWCN8oFshfBpS_Rh_25DwOpgKKc2RTxdnacQKCg6cSFy2RetaPx4zvRLsmMegzslKpqC6NZfYwEBbi6kzZmfPFjYJKCU-BUc0alcmDtPkk7ck=w300-h225-p-k-no"
Hector Wu,3,2025-11-19,上次編輯：6 個月前,"這家拉麵店在拉麵圈中算是相當知名，也是麵友們會去排隊捧場的名店，而且有幾家分店，算是做生意十分厲害。

它開在公館之後，不用去看到社團內的貼文，就知道不能去。因為在公館商圈，學生排隊還不把你給排死了，怎麼可能排得過他們。果不其然，每次騎車經過汀洲路時，只要是用餐時間左右經過，轉頭瞅一眼，沒有不排隊的。有時甚至誇張到轉一圈，人龍隊伍可以排到快到汀洲路口上。看到這樣深刻的印象，更加劇不願意去試看看的念頭。

那日經過，發現居然沒人排隊！趕緊停下車去吃一碗，原來不是沒人排隊，而是已經排隊的人坐在店內的空間，這才知道原來以前看到隊伍的前頭其實不是真的前部，店內還可以容納至少六七人坐在那等。沒辦法，也是好不容易找到停車格，既來之則安之。

看了菜單發現自己可選擇的不多，雞湯底的先扣除，日式店帶有辛字頭的都是假的，店家弄得辣椒還不如不吃，也要刪掉。那只剩下最基本的豚骨醬油拉麵了。因為只賣210，在拉麵店中來說，這價格以日式口味而言，算是低價的了──當然不能跟那種擺明所謂台拉的約莫落在150的相比。難怪會受到廣大食客們的喜好，因為它不貴，口味上也比較偏日式，湯頭是不是真熬煮的，那我就不好說了，不過起碼味道上是不會糟糕的，濃稠度上也還行。雖然粗麵並不會真的很粗，但比起細麵，那也算是過得去。麵條本身的筋道算是尋常水平，並不會特有彈性，要求煮得偏硬的條件下，可以接受。叉燒肉至少不是舒肥的這點，就該給個讚就是了。整體說來，因為價格受歡迎，口味算是過得去，但是豚骨醬油這碗，不覺得吃起來特別吸引人。沒吃過的吃一次，應該不至於出來罵圈圈叉叉。","https://lh3.googleusercontent.com/grass-cs/ANxoTn2glsPbz7LW-SUXCWSHNMmqOW1w4SEYcGwebz-DQhYvZ8XvYXQReU4o-NxmLnA55OA8_99S7Gsxh9xYY8qzvvP3VQTudtMFr3yGDbFm5dtFMN4R04ApZu99SpxT7TkpFUYj62yq=w300-h225-p-k-no, https://lh3.googleusercontent.com/grass-cs/ANxoTn071ojk6nlIu3f-EV6AF1zY1izssyRsTo8I-4x3KrUQ4ZZWNczjH6OrtJV5lvsyv9BcyysNMIYUsvDE_LgizTGg8BLjIO-iAU1IV3lT3-HHzoNs9YKUtWihbxL9HWmumVgPOs0i=w300-h225-p-k-no, https://lh3.googleusercontent.com/grass-cs/ANxoTn04wlxgZ1oHwDdXwUW5hwBDXNHi7zj2xddRr7v0ofaIqPjSAi73Qk9PO7eJFAHNx3QZOBgjSZmOKDeWRfGKkTCk19EK3nWtKMOkYOoRJve1hcP90Hwazn99ZZ0XLhzBNHmyflI=w300-h225-p-k-no, https://lh3.googleusercontent.com/grass-cs/ANxoTn2TjUWH4FmfUxgFmfSkTu_NU-mHypAGJJguAMhGmQIRLIH6wMFc85gFqQuf11yh2m2ExP3FDc3cuGvENYk1J0tP_RqKDm1bIYEK8nMaLs73tdmQ8Lfoa7qP3XvvKKnV3FFOtWAgSA=w300-h225-p-k-no"
Katel Lai,4,2023-05-19,3 年前,"今天的「隱家拉麵」其實我有吃過士林店，不過它每間分店菜單內容都不一樣，上次在士林店吃到的豚骨湯頭有豬臊味，但我還是願意給其他分店一次機會。

今日餐點：豚骨醬油拉麵（麵量最大240g）+溏心蛋+豪華肉盤

湯頭 一入口時覺得似乎有點淡，但接著吃下去就覺得剛好，值得讚許的是這家分店的湯頭沒有豬臊味，士林店的豬臊味回想起來真是有點可怕￼￼。
麵條 中捲麵，表現正常
溏心蛋 超好吃！應該是我目前吃過最好吃的溏心蛋！￼
肉肉 三種肉肉都好吃，有雞胸、雞腿、叉燒，都是舒肥處理，調味偏淡，但跟著拉麵一起吃剛剛好，而且拉麵裡面給的肉肉也不小氣，厚度非常厚。

總結：這家還蠻值得排隊的，我覺得完勝附近的拉麵店啦👍

PS:我也注意到肉盤就放在水槽邊，真心希望店家能考慮到衛生問題找其他位置放置，不然洗東西時水多少會噴濺到，所以原本想給五顆星的，基於衛生問題這一點扣一分。","https://lh3.googleusercontent.com/grass-cs/ANxoTn2S0z0ARtpUOrrGcqNfP3u1bDyx578ASYYfAB8SGZ-BIiGz4CMcWfWpy142T5-QL0oezCTmmDFGj3JAoWvmmB3rVrb6wRNywuvKVN1wcdOhEa0tD9pkrpNr28lV0XXzDx-mChNhZg=w300-h450-p-k-no, https://lh3.googleusercontent.com/grass-cs/ANxoTn05oXuc5aZuRwSS9aPh8MLzvn9SFD7LWuWZF4bN72YTBbJR9a_-EOsptQPu2hlX26PkM1vtErCfwdBat4W_CvQnS80sGqxnLLkna7Gr2BTe5TAeoU3v-eAbzDyxR-3ub9vHh5n_=w300-h450-p-k-no"
CHRIS,5,2023-05-19,3 年前,"【初訪】
餐點：濃厚雞白湯擔擔麵+叉燒拼盤
湯頭濃郁順口，把辣肉燥拌開均勻後風味提升層次，湯頭會像在吃麻奶鍋(或是叻沙鍋去除香料味)
原餐點中的炙燒雞腿肉軟嫩帶焦香；如果能附兩片就會很幸福。只好加點了一份拼盤，導致一人消費金額達到400元。

服務：熱情，候位帶位都會有招呼語；此間店也準確執行禁止解壓縮。用餐過程中會主動關心口味是否習慣。

總結：值得再次前往用餐","https://lh3.googleusercontent.com/grass-cs/ANxoTn2kHFG88_fx_TbPkaaLD8c7iLZx2xg7pFSYD-4GwMyzblHlV40HwRcwmDIRJKnsqTTPqg7AEPZJiI0PU1gTI3cXaXp019LxBUZAeqvNEhfS9LZafy03zJKX3u2jmjr5CbEmbco69A=w300-h450-p-k-no, https://lh3.googleusercontent.com/grass-cs/ANxoTn0ZYy9kKU7HwH4oEKZke5mVwVd3c52l_8_jtjWw8K8q8wtpFuHP0PSKVNVwwbPg10RlBuhw7wNL2e45L0mBXTinIK4ePPQGydXmRMlToXK8wjm1Menk7zgDkejIDY0_hHPUPxg=w300-h450-p-k-no"
啾啾貓尾巴,4,2025-05-19,1 年前,用餐環境乾淨舒適，開放式廚房讓人安心，就是投幣机點餐有些麻煩，但可打發時間，豚骨拉麵可選麵體，辛辣，麵軟硬度，外加三片酥脆海苔，略帶辛辣感濃郁的湯頭，搭配軟硬適中的麵體，很快就吃光光。,"https://lh3.googleusercontent.com/grass-cs/ANxoTn2IU6V71leUmCMqNjkpp-ahmLloK4f8L_1vyJQsoL89SMyqGTiEdfR25EaWGqPp963CNtl7WAa7GkfkTNuN-2Mr3xp1JmRG0jOqp67x04Y6fBrhuUvmjFMCEvaL87zKKViL2JbT=w300-h225-p-k-no, https://lh3.googleusercontent.com/grass-cs/ANxoTn24WUBDgjeFW9ckp6KrodFYR29c8Ug6zBcOZPRpiF9WKl5EEqrPSrs2f16sbSnvVj70_wMSdusWWIKH1sOXhhYwMQMVtFcBWdJICalLMkKhgNAUQRjMuz1Cof3drcthkVA3I0mR=w300-h225-p-k-no, https://lh3.googleusercontent.com/grass-cs/ANxoTn3ByPB4sEMVKJIC3lvzMnPwgaCV4Zmp6e2CT5j9_J4oYq00PYwKnl9zsbPxUcPleP64uRtl0YnFlZYc52j3QUSHdymMfL6wZ47HFGJNpEUjt7jdmPDX1I15VJ5cSIiVQxg6-XlJ=w300-h225-p-k-no, https://lh3.googleusercontent.com/grass-cs/ANxoTn2aPsXspuCg8feRiv0PMNd72SuGuIsDBgBqoV8bpPI3lp-ils8OGQ9aj5QMNPf6zsJtujh2SMf5J_oz4cBDXOZwelE-UXP8ONyeUA50IVzf-ancyb3QKfgEMGPjHbbBgm5DrY85=w300-h225-p-k-no"
伊星諼,5,2023-05-19,3 年前,"→中午時間來用餐，這裡有室內的座位區可以排隊，店內氛圍很棒，餐點也可以配合每個人的口味選擇不同的鹹淡或是麵條的軟硬，和其他拉麵店的方式一樣。

→本次享用的餐點為黃金雞湯拉麵 $220元
∞味道：和一般拉麵的味道比較起來，雞白湯比較沒有油膩鹹重感，配合肉類上的黑胡椒提味，吃起來很滑順。
∞麵條：可以選擇軟硬，本次選擇正常版，所以不會很容易泡過軟或難咬，份量也很充足，若選擇正常分量約是女性正常量，胃口較小者會吃不完。
∞肉類：本次的肉選擇是叉燒，肉帶粉紅，吃起來很容易入口，帶有嚼勁的同時卻不會過於韌性，味道也充足的醃入其內。

→整體：料理很好吃，店員也會詢問是否有吃飽或是需要加清湯等，享用經驗良好！",https://lh3.googleusercontent.com/grass-cs/ANxoTn2ONgwtP0lgIARGb2Y2Dg6Ycfsh_WQmctB7E2symDebs4MceHrBMQI507KMm0zzRqq77sUc49TmtMkNx4803pW2ncgPFMRODP6ICSIxTTJs2nTkMHOsUWtFU5inZOnxB4q7-XZb=w600-h450-p-k-no
Amit Yvoune,4,2025-05-19,上次編輯：1 年前,"2024/6/2 下雨天，接近傍晚，看到每日限量的柚香干貝拉麵（$280）還有，馬上在點餐機點選。
兩片叉燒、三片舒肥雞，吃起來軟嫩不會肥膩，大大的干貝相當新鮮。中捲麵點正常，不會太軟，硬度剛好。湯頭滿滿的鮮味清甜，連同紫蘇咀嚼喝下，韻味獨特。可惜的是，柚香有些淡。","https://lh3.googleusercontent.com/grass-cs/ANxoTn3Pcg7xxjSV0KQQKEWb1_ttzdwXuhG-tsmhx-kyUyJ3zygKklR_d-p3LPFjXSeyVphDjtBLy5QXmQifVkd7Md2CQHt-y6FZSdltJNszH3OSggGqBnjmklPVM3gw5h7iYNPS2Ps=w300-h450-p-k-no, https://lh3.googleusercontent.com/grass-cs/ANxoTn1JY_Fn0W5s1Y5EXcv4wAU5nX9ARIihMEGg5dVE49fV9sI1qLCOd5YeHL4JFiU8LN4LFXzO4LV2j2VrgBGdErbynA5FrXAWBP8KEE8fM1xuQyXYmr9ap0lhds3Yh_diD34A04uVig=w300-h450-p-k-no"
Emmie TU,5,2025-05-19,1 年前,到訪數次，服務及餐點都很好！5/3晚餐時間店員約8位，對小孩友善親切，主動問小孩吃的開心嗎還要海苔嗎，對店員舉動感到可愛🥰,https://lh3.googleusercontent.com/grass-cs/ANxoTn36XWlKCzK3zlFTzy7IBxKRYddRhfHPRo_Pa3UB0Tca8mZ39fpt77JaNiEK86nqIq0HtskFQ_8UlMvax6Z2CF7Y3vOGNhjYcMttFwgVcrb_XA7aEyse6Gm0GTfmXsaiIbrmBPg=w600-h450-p-k-no
詹于慶,4,2024-05-19,2 年前,"公館店限定的柚香干貝拉麵，除了一粒干貝外還有叉燒肉和舒肥雞，是清湯湯頭。
可能因為排太久，所以覺得沒有想像中好吃，柚子味道跟整體拉麵沒到很合。",https://lh3.googleusercontent.com/grass-cs/ANxoTn1GOQ0OQ3fKz4BXiniH7ierfbXbyCsqoZ9eR1ttorYkDfcuZXO-_cmECgFqsmgy2lmhOouD7Uw7XyapOvqHcRdqato-os7NR1ZT9MHlP5KR7-_d3Y1N-7_rnmGN-g5OQ5dKgLSv=w600-h450-p-k-no
EN-TI Chang,3,2024-05-19,上次編輯：2 年前,"排快2小時才吃到
絕對是物超所值
完全不知道附近的拉麵店以後要怎麼活下去
湯的香味 濃度 鹹味 還有配料的搭配
完全超越附近其他店家

太鹹太辣或加麵也都可以說

叉燒拼盤很普通
有人說豚骨更好吃，但我吃過覺得雞湯比較讚
豚骨忘記拍

TKG飯配大蒜一起吃真的超讚，他是肉燥不是叉燒要注意

附近其他拉麵店大概只剩墨洋的飯可以吃了吧

//更新

2年後 再來吃 品質不行了 評價下調","https://lh3.googleusercontent.com/grass-cs/ANxoTn09u_T08FlECaRpNXv-ejsDDYbpcaDyUUNLYUMrSPDdw706sP042W4LjayTR6as478laHGCCO_1fdXzyZxdjwM_KSMjalc4Pj6DAbHpnhxdZePl1VFqqNIHeBnruDP3nR4aZi1e=w300-h225-p-k-no, https://lh3.googleusercontent.com/grass-cs/ANxoTn1Ftr5TmUYmTU6zDIG_mdHbm8oY1QLvWj8N_Pn3j62GOQYgDut6fINjmJccO8HpRDU9MP9dnDURIgSvGblqR84ju341uzbQ2nQdxoprcMOdS_4yNPc-SzATqGcFidScClpKTUVJrg=w300-h225-p-k-no, https://lh3.googleusercontent.com/grass-cs/ANxoTn2Ff_Qr0STbQ03ZAiYb2I3Gk2u_BZDtXG2gVMN50Q75Kbcvxw8oNM4Q69mq4sBU__bcJ3l-dkgmSk4oAryRneKsdtmVk7GosG6mvBEyL5uXI2-cxg8J3kZr75ymSaGlUfddrrI=w300-h225-p-k-no, https://lh3.googleusercontent.com/grass-cs/ANxoTn3wnPtnFgiy8sQHrzr3NPO0Ftn284JT91s4_ShojbZ-IqP5nKCrFgzvxd3Vxz-JtnJN1jhNDVJNbUITSV5xf2bh8yhZ_WoDLQaayFuTfYZWmmS---8S-tGSkCuX62RllVbHrlzRUw=w300-h225-p-k-no"
Acold Au,3,2024-05-19,2 年前,"口味來說偏清淡 比較不像傳統日本拉麵重鹹的感覺, 麵的口感偏Q到硬

店滿口的點餐機蠻爛, 會當機會找錯錢, 需要有人人工處理","https://lh3.googleusercontent.com/grass-cs/ANxoTn357WP5ntPwQ9DZaBudNSAJ-AEHVlYJVaPA92PNyVLkLdQLGc5-yqY18uWVjy5ZOHRic6_DTgCus7hqto6EKBZZ6AhM56KM-H0Uv-DCH-wTcXjwRPEdnXOU5ajoXRoMda4m81zxUg=w300-h225-p-k-no, https://lh3.googleusercontent.com/grass-cs/ANxoTn2vpQk-ZPSPDFf_VIABpRSsfuUF9FABEhBQRRrHsXko257k2dQlYOyHzxUMUa5QsAguNzlTBigFBVEGw_XQBwo4lnz8fhH59OcoDOtwwHKlFpSHwOEJ9kRYMql7h4OzJe5hSfRB=w300-h225-p-k-no, https://lh3.googleusercontent.com/grass-cs/ANxoTn3A5wcqzlHTtUq2s3RXmcIIPcTkJUVudXKUsfUOlZ10A9yC5lEA0ecg7PtmevneegXySDWeJXO4D0ZLZzAiEnT67yJkcuRmqA04D87dfvEwNDiUyNCgZ4y9uSWWVypmmyEiitBarA=w300-h225-p-k-no, https://lh3.googleusercontent.com/grass-cs/ANxoTn2FAajH7k0kmpU6sYspOh3gDTLB5msvZYBmw1ekeDDKMfRjiaHNeOEAA_zCKcrjdUoC7aO4dYt_ER17NyLZf3UW7FqRZAOyPyL9F1grwvx-Q17g-YCQHXU001a2nKidlaKoA5_i=w300-h225-p-k-no"
YiChun,4,2024-05-19,2 年前,4顆星（附上菜單）中午用餐人很多，但室內空間很大，所以沒有等很久，服務人員服務的非常棒介紹得很詳細也很貼心，餐點的部分選擇性不大，但都還蠻特別的，味道還可以，但沒有讓我有想常去的衝動！,"https://lh3.googleusercontent.com/grass-cs/ANxoTn1qD6SOwwHu5gtzFq1Kxn-PEdVmaeG57UDjVNEOpiTWT78VMv-2JTRA7b3Wu8jXn_m2JaWMybJoqeECGyg6wwrdeidQ8u9_taDAzqsWYlhB9QOjCoT43XeZNU2BF5yOWCX4jrG74w=w300-h225-p-k-no, https://lh3.googleusercontent.com/grass-cs/ANxoTn2OVtV4DLl1gH0_SAkcWudzBic_aAHls9uNfj0_AVWF1nHzJoyKNN0_zUG5xtSnPJv6x2GR0pxVi9_HXov0dCwJJ0YFPXVi2dKAgjmwVKBo-ll3Kcd3kfXu3J1znBarMspdiBE=w300-h225-p-k-no, https://lh3.googleusercontent.com/grass-cs/ANxoTn3XE6usOshfyT2iU4eqtHncT6s7Zzv73lCOA24YVAsYEJkAl2O2aOCxyBXzt-RCFbMY6MpLlAQ1S6fIryB_F1dIBlS6SF9SwMySC_yvsmtmOiwwpRYjpRjaQ-B3KFIG3k-gKxLkoQ=w300-h225-p-k-no, https://lh3.googleusercontent.com/grass-cs/ANxoTn2ZWFyMNRDlG3k1HjJzRxmu0XnfwhEkJEM51ErEbMd6jshHce7GKwCtUOK4tU4j0dg7U01KgDIJLTg51EnGKDLc5RNIQKjxlEU03kORzuY5_EBc71cCWeUD4mheJEM4Nre_TJL9=w300-h225-p-k-no"
Youan Nieh,4,2023-05-19,上次編輯：3 年前,"可續一次麵。
可續清雞湯。
溏心蛋好吃。

❤️🍜限量干貝拉麵：

使用細麵。

湯很鮮甜，配上細麵，吃起來非常清爽好吃。

🍜醬油豚骨拉麵：

使用中捲麵。

湯頭就算選日本味也不會太鹹，就是普通博多的鹹度，主要是影響湯頭的濃稠程度。
味道表現中規中矩，要說偏日本還是台灣的話，日本稍微偏台灣。不會難吃，但就是還不錯這樣。

🍜黃金雞湯拉麵

湯底為清雞湯
使用中捲麵
豬叉燒太生，微腥味。

🥩叉燒拼盤：

使用三種肉：炙燒雞腿、舒肥胡椒雞胸、紙片叉燒。

炙燒雞腿的味道跟好市多烤雞很像。

舒肥雞胸味道新鮮不錯。

紙片叉燒太薄偏鹹。","https://lh3.googleusercontent.com/grass-cs/ANxoTn2MyASI7dePm0uBpowaqpHHlBFTEqV5S_UiGkkCGCEMw7Z8avGDq6WdJqyILtr2Nsf72RMbob-8WCZZDmw1Dk0ZQv4kZFMti1L10QL2cmHcJaQrsZaA8c5My417MH6UZF7j9xFK=w300-h450-p-k-no, https://lh3.googleusercontent.com/grass-cs/ANxoTn0zEboVMGYKByzbIGz4YcIWAB1YbZ1FU7uO7zfteGLUqYBGMyqVeGVo3hdfCFDEXvjTZaKBr1BuQ_3SaqSz-9wygAQ1fItvJaUPyvYchgFcmmz5AHpjZcPkWpPvIN1Qj00VjhskeA=w300-h225-p-k-no, https://lh3.googleusercontent.com/grass-cs/ANxoTn1hoYFR0Mj2p9SBoookACv-jKQQbcBC8Iu8i-CyxQwXYIRcQZ6r0KtDQVYUNBEgSlx67MJ2RvaHC9S5rRSGvNYkVnidmnJa8NGAwFFDBrSkOWHE3xlMhHL0SVNv1Hvb0No5x_G8nA=w300-h225-p-k-no"
夢雲飛,3,2025-05-19,1 年前,用餐時間要排隊，使用點餐機點餐，座位都是直接面對廚房，湯頭偏冷把配料放進去都變冷了。,"https://lh3.googleusercontent.com/grass-cs/ANxoTn1H4CZnPOVIZdG0YUniamaX1mh9DTMpbC9qsfIaa0b26SMcw7RVyFI9v2R3WJOp-S6NYlY8WBUfg23yvvuBZSLWgSe9gxyCpBUwEV0LnB3uRDaRdlwDccBan_w_wIT4TAxdI3vl5g=w300-h225-p-k-no, https://lh3.googleusercontent.com/grass-cs/ANxoTn3p2yw4bLSl0JMpgmMHSL79BXSZSXNoOUsS_aJ7aDr87RxIZ9ok80CArkDc4wbc3JekTcROyABp_9Kx-xf4bnAjh78EjOwiK2TfPumIR94tYKywTPqhyMDvAUocfqZeOq7jQBK0=w300-h225-p-k-no, https://lh3.googleusercontent.com/grass-cs/ANxoTn1y0sd9apPJDlSp31o02qcQJgdCkfaXjHjziol0b1pWBikhUxRFcQUmrb9YIe4lZ31G_t77_1qYYLYjuAxq8HIZTFbs-PLR378NQ4rsMd8bb1J9gWekp37dO4cdN9goEznSkkY6fw=w300-h225-p-k-no, https://lh3.googleusercontent.com/grass-cs/ANxoTn0t9Bcm5gOXRrpzYXg8bTGBOze7Nvdrc0GSrKbM9BqsWbTiN_h_-Sva9fJfWaUmoWlq7hoSRvIwuPRjfl9xPjJSh_g_250qZIVMSGBd7XsqbX-uFk-yccsS1AfJnR9Y23ZR5DgX=w300-h225-p-k-no"
Neil,5,2025-09-19,8 個月前,"好吃！
溏心蛋40，但原本拉麵也才230，所以還可接受",https://lh3.googleusercontent.com/grass-cs/ANxoTn3vbAsnNJxUFMEf8_9hsGhW5KPj0dTiHxgAkaaP00RnMEuhKds7K4APSv7EgoOM3i_7dYhLR2Il5AQlib4Rt6k49hjVx5pSQuI692UPB8pZQt9m17DJL1PPcxySpziImAMyJGlfNiYoOUgs=w600-h450-p-k-no
Whatieatinaday._,5,2024-05-19,2 年前,以拉麵來說cp值非常高，湯頭非常香，很喜歡中卷麵，真的沒有吃過那麼嫩的雞肉～，一定還會再來排隊了！,"https://lh3.googleusercontent.com/grass-cs/ANxoTn2tdVnZFiYJrzGMJmPvEDOusJBADYZs-K3EQX5nCQqtxp_PJ3bFWtWvWz-_JjwQ77N4S5JGp7PJ6HjuSfu17Xz6_xMmFtmsTQh83Y-ayE_FgJvVMQqpUbgv3wI_6z1wIJ5j-cm0zQ=w300-h225-p-k-no, https://lh3.googleusercontent.com/grass-cs/ANxoTn0F7X7lLuUoaQA6fAdwF7m_457YpZVFYQgAJcDzqdBuvB7-uMxc_Y5Hywt9eupOCrWCxiikucUC0cQXpCcXxfe6gT3kyne0jrAb7ECRuQKyH_JgV7-jgMU095mM_jKIoOCOvOE7=w300-h225-p-k-no, https://lh3.googleusercontent.com/grass-cs/ANxoTn18YJ8t8XJ0bAVVJuNYFeschtPzzIbXdxT3PnLRJsnrBoctA0NYWcfWCcbb2g3RfaP_dMd9Y2IVJD4GK4SWtEEKyY4allbyYiKuSLI8PIjJUVrNCVCLhcHvVMHPln9uS54CsPBMxw=w300-h225-p-k-no, https://lh3.googleusercontent.com/grass-cs/ANxoTn0TTDHW6BXi7sLuERV9srM1EAL_ixrqMlCE-g9sEy8WcXVvK9yMT2A1f2rFGkFCziKk4btxveCsTcMP2UE8U4s3zqra5SjJQxRlQ9Cpy5qP1AbjXqPof1XWSnNJHSoCktVthUJ6=w300-h225-p-k-no"
Chunfang Peng,5,2023-05-19,3 年前,"店家引導客人入場sop很棒，一組一組依序待位、點餐機選餐、入座，待位區寬敞舒適，入座依序有條不紊

用餐環境乾淨明亮，出餐速度也快
雞汁麵的湯頭清爽甘甜，有驚豔到。擔擔麵湯頭濃郁，有些愈吃愈鹹🤣 不過都是值得排隊的好滋味","https://lh3.googleusercontent.com/grass-cs/ANxoTn1CnEZTdydTfAQ_pYCvn9r-YMgBC0Z02RtZ_wYB-uoXfIdK0aH9pgHJHJGVb2nWWQ475aXQcCXWd8p8mf-Mzmn3oVojPgaetjnyGWor-koSfuMIaD-JI-MSYGcSnqSNjK6tnk1w=w300-h225-p-k-no, https://lh3.googleusercontent.com/grass-cs/ANxoTn36gPYPbKXhVCMkmg-CLB_o9EiARWcmI5GhGlDG2hdPq0UFVbLNG0GACRdGPoR3h1O-eTZUJOzDZG9iCPdFHIDzGItpf0uCJ8K5iGxI6gu7PVEZLdHzSVXLx30zaLGwcFUhu7W4Wg=w300-h225-p-k-no, https://lh3.googleusercontent.com/grass-cs/ANxoTn0NQV9vuFlUKMKn29xNGXxbg8n_5iUjLZzibscegv5g5SGLDlSFAoNNN5yLe_3ubnMsXytNSLys4yP3Ji9SQaMmyWnh_U47oanHFFqOCKQLNaraYebDdqW-tYtBYiLFNKuIQbCV=w300-h225-p-k-no, https://lh3.googleusercontent.com/grass-cs/ANxoTn0MzTdURTqYWasTwhlZPhoj_RpkcQ1J-_JjCo709lgpSV3A0xWxg6FpAgKZyyynVBQY_Mlsvn0i23fFBah79xzd47y5Oq_tM7VXiK6q1wnXTkDDNh4ktdouXxYKKaV89I1m4im9iA=w300-h225-p-k-no"
Gina Chen,5,2023-05-19,3 年前,"之前訪過中山店！這次二訪
店內座位滿多，也有廁所，整體很乾淨～

🌟豚骨醬油和雞湯都很讚
麵量可以自由選
搭配蒜泥味道很不一樣
舒肥雞肉很嫩，叉燒好吃

✅服務很不錯","https://lh3.googleusercontent.com/grass-cs/ANxoTn1L0qTHDtXZ4WAlmzHVu1LdzhpSDG1p0S6LWdlWMCrnd3PO3isl17SFPUEfqGAHjhyda0_cuS4qzZy64yLu_M8P5Y5OHghuTCnrcqrRfLJPwbrCQYtMmdyVgneL7OrSCFrHuHe80Q=w300-h225-p-k-no, https://lh3.googleusercontent.com/grass-cs/ANxoTn2ayTnPBSfsIhcIJzxlWRQKmP0uGQMFffub2iRLk9faY3Ftu2yIHZWCpWyIclzDduAiJcAlaqZ5cSm-EhF_Bo-gw9oE9osTahGZjFckly-SnYuPZtmnpKF7MXiamKfZrU13KoI=w300-h225-p-k-no, https://lh3.googleusercontent.com/grass-cs/ANxoTn12AsBjq58foX9YBWn95pA1lETxRJQrVUjatolLZCyKAiCiFHUlBTyUYCU0GFCdNZLvDog8a5YpPsIyDN1U6ytKoGdpPZcGMpbQaIx_fyAIPaUouQIpuU0EVMYL6lJjzK7FhaUKRw=w300-h225-p-k-no, https://lh3.googleusercontent.com/grass-cs/ANxoTn3DUwxNF_Fi2KckJyvUVkHtV3O_yaqlym37RNsYTXvVnXOYfyi_mcKRPunM_aKsGzUOivZcYyR3VDOwS0UCyQlN8gYjvtl7nrov-9jGYg7NKT04vWKk87XNiKO48syhBary1Lub=w300-h225-p-k-no"
小夢,5,2023-05-19,上次編輯：3 年前,"排隊20分鐘左右
有附雨傘給等候的客人 非常貼心
排隊期間店員會出來關心👍👍

麵條選的是大卷 好吃😋
湯頭很棒

補充美中不足的部分
吃的過程中有一隻很小很小隻的蟲在爬","https://lh3.googleusercontent.com/grass-cs/ANxoTn0730Ev0exHk3WG8mqJfrhvlyvc1rXbEs6FpmJLFKnewmvxxc0AAu-DUdELC6IyIZ4J8C93JA3d9GCrfXMYvmsBF213XQelBbFdx6FgDsrQB4kBzsn32gGtdXHJptrmwFEvF2VE=w300-h225-p-k-no, https://lh3.googleusercontent.com/grass-cs/ANxoTn0opTCaPxBZvYQXiPuaKJBJzG9EJ35CHrSiRbctt_8dcw4_l5Gu6ZQj6qmTZxrR5v6G-c42LXV8qqIJG419dH9lg_4tL-UwmvdZa3PZ5OsaoDAtXEhxoGhoD2_MZbajtRCI1nUh=w300-h225-p-k-no, https://lh3.googleusercontent.com/grass-cs/ANxoTn3EOWjXAV8jrlnp8ZyjDkeszp7uxXyzHnixhrbBnvvncNPaxHWs4PbbAjC5sMUSURZiBIdgPvp6AB1DMYk5R9MOOW4_vzODpEf70sBgPnmg3cWZdsHW_DYKBgxieK5THsJBYU4=w300-h225-p-k-no, https://lh3.googleusercontent.com/grass-cs/ANxoTn1Rfs5Hzum0JczEhGHfu2dJwmlwXV_UjzZgdkRGfqWjbJylukmtsMzkJN1muyy00Pd-TWb2MJyZwFmwUPfnzxwto5F6CS8FYRUtKd3KHRe_KdfEPaa3horyGgJijXhcvrJmmr7_Sg=w300-h225-p-k-no"
龍柏村（Luke）,4,2024-05-19,2 年前,等待過程店員會幫忙注意人到齊才能入內。第一次來吃隱家，就點了基本豚骨，粗麵（硬）日式濃度，麵量多。豚骨湯不會算太油膩，味道也夠。麵的Q度比較沒有想像中Q，一咬就斷。肉是雞肉表面用炙燒的方式，讓人感覺與它間拉麵店大部分使用叉燒當作配料有差異，但有時候會吃到雞軟骨，如果不喜歡咀嚼感受的可能覺得需要吐骨頭。店內位子也算多。以210元這個售價來看算cp值高的拉麵店。,"https://lh3.googleusercontent.com/grass-cs/ANxoTn1pQoG8ZgrqHOynzooIICreZCMKJVu9XpNGpMClEEITokQQBzxF4biLqiX7aSydCIIWTcZo-c5ZVPMluxmxnsjzf8Ao8O-A82lvFJwwnTq_FERwvxzEFV26DTV5k7YadK75h5u_tA=w300-h225-p-k-no, https://lh3.googleusercontent.com/grass-cs/ANxoTn3A6dZIxEGRSkrgJqi3Kx0T9N9mqKMVaXvkqombtpWuOqZh_emQ5B-b4M85uwW9K-2fvAxrtYvamRTEbPDZBvODd-Eg-CeMBdcugtSmXshKOglO2x2bc5M9Bw1OTAFcWxsmjrob=w300-h225-p-k-no, https://lh3.googleusercontent.com/grass-cs/ANxoTn3Y4ts0uajnr577GZMj4rQ_zwFImk_uKPpUEmF5BM8JtHEAezJlgQh6vwls3LD9rSc4xraCO5XGVmspvhtOguzXAHuisiyfB8svwpj0HrsPaW5wjwfb6Jts8O5jX04qq9PemP-_hg=w300-h225-p-k-no, https://lh3.googleusercontent.com/grass-cs/ANxoTn1abnKEM7dcQrySpTZfh6nyCBMaNVoPsaK9qlPawspMoNjRdvJNIvJ1qIPe9L5WtuzcuHWHne-5Lg3MRK7kKxJkhREHWU0NXWGnXqPotY1bFDJgSIDDv68E8ktgCDfQ6RlAIzzm=w300-h225-p-k-no"
吳旻軒,5,2024-05-19,2 年前,"吃了也遇到拉肚子的狀況
（可能蝦子精華濃縮一次吃太多？
整體來說蝦味濃厚 沾麵Q彈有嚼勁

推推推","https://lh3.googleusercontent.com/grass-cs/ANxoTn3wnwv5mZqNg2B4wOPYiszQNVPDXaDxvZYoUJ5FV33OzEYxG_1STGT1Xa4-7-mS06VSKMKsQK4BX52IyWAU0hiPasJGo0xmWOnapG1dEPfSGz0kV-vXXadyuFrn7PKj7kS-Sh3i=w300-h225-p-k-no, https://lh3.googleusercontent.com/grass-cs/ANxoTn0i0ZJpbMhAmXSFQk50mT8TuE4dVNAX8ZHMbVKR18-n39q4GzZ4z6BAuzsIOmJmJYZTuVHGMrwK4xsAgR1jmJNVtupv-_JMNr0nSEYCbUwTqVfgovrkPkT61zOPmPnQANwOmdYcUw=w300-h225-p-k-no, https://lh3.googleusercontent.com/grass-cs/ANxoTn32_-iLc_8sDtHzOdHFh81M_UqAywqrew3YBUVsQ3_jNP8j5LkZT0tROI2BMRVLD23AYD1xxfauHynCjN6koEr6UzPTIJR7A3_hNQ9y2IYF-IrSb6MmGqNmlKyO62GKxRdm8m2-=w300-h225-p-k-no, https://lh3.googleusercontent.com/grass-cs/ANxoTn3xIqOXDTCtFkXkp0aAJPewEn7L2h5hq6ErEJB1s2ICz7ZF0lwL6MAx-_CSCDfni3qdYalt1aK2hJ0Pg7tFGaGlQ85qyaLEr44F-Vqv1-J8CIIcfqF1ljUwtLuqG_Zp8c-sUmUBOw=w300-h225-p-k-no"
Hhsiu Su,5,2023-05-19,3 年前,用餐環境蠻舒適的，店員的服務態待也很好，麵的種類、軟硬、湯頭都可以調整，正常湯頭的味道不會太鹹,"https://lh3.googleusercontent.com/grass-cs/ANxoTn0JohTeBvEzIpb4GtfzbesowYvVzOtFoqXJ8B18CrZq4OnX0mVfZM1BH8zKdm6pVdmNaeDNxlSDJ1F4j1fk6FY1QnnsadXi7w5vC4zU4pN7XhU8LB-cermc38dVAAyKvuliTQsM1A=w300-h225-p-k-no, https://lh3.googleusercontent.com/grass-cs/ANxoTn0QEWhPqn1YBEeXI6jBARuO_QvpsLczkIR_zvWZKPCDiPbvGA1LvpHyvCOz7X8XRQaj5SINWJ4zdxdFmlHGc3E_GbygCZuUfjFKi6xQ-8QcLUAcHfYjWpinKBP7BfPwhLXhbrnJ=w300-h225-p-k-no, https://lh3.googleusercontent.com/grass-cs/ANxoTn0ZGSIBpOlT8F5HevYU4tx_vk_bgm2tsjJ1OqZQZphOprd_ZP9HVikptvtstu-wjjGbLE7tnYMFoAE4TDpxEEGebDELZdSuXGzLE7E2xQ0ggGFjMiIMzlexO9CB6M70wTycLS2dBA=w300-h225-p-k-no, https://lh3.googleusercontent.com/grass-cs/ANxoTn1yHPu3BWfieScOvOjY4elIFvFSk5Gyf-eP2tugMCWNSgS6eE2b9XSwqlj8Qw2Qu7n2s1RWYBXrhV-frthp_bwzPlhSdYNdIj-m4hJlQ80ZwkqCTNmx5OGOkNNBmVFV1IPT9NEK=w300-h225-p-k-no"
K P,1,2026-01-19,4 個月前,有客人排隊解壓縮，卡在點餐機至少5分鐵等男性同伴過來，同時間店內有大片空位、QR code點餐，但店員完全沒有阻止這種行為，讓其他等所有人到齊再排隊的客人像白痴一樣，也浪費我等待的時間,
C MARK,5,2024-05-19,2 年前,"非常推薦的一家拉麵店，在公館夜市的巷子裡，最好走路或者騎車過來。由於是名店，很多人慕名而來，常常會大排長龍，偶要做好心理準備。

這次是平日中午來，看到人少就來吃了，算是第二次這家店，大約排了15分鐘，從室外排到室內，必須人到齊才能排隊喔。點了240的辛豚骨拉麵，麵條種類、多少、湯頭鹹度、是否蔥花等非常多都可以選，個人感覺雖然調整後可能沒有那麼日本，但也不是所有人都能接受鷹流那種，所以更能符合大眾口味，小辣比較不辣，不吃辣也可以考慮看看。湯頭非常濃郁，麵選擇量大真的非常大，完全夠吃，坐吧台可以看老闆做拉麵和切叉燒，蠻療癒的，店內明亮舒適，雖稍有點吵。店員服務熱心親切，給滿分。

建議找比較空的時間來，值得排隊。","https://lh3.googleusercontent.com/grass-cs/ANxoTn0a-l8bucVAS3SaD4jIFwui--PPxb0g9GGP1UMjlzVoIMonmEfkOuU6XFV3LiNfn4OGtn1Byy9gtkorF66cQYdQkJ9vaqVNXuJNFoQ-B7gAZCesBLWqeL_7LxGE1GJmV9TfNt9J=w300-h225-p-k-no, https://lh3.googleusercontent.com/grass-cs/ANxoTn0ddXVbrHAgZmChzgTnUDlxGhynlnLtWFHiWs7JlCq8o6FeZLEvqgViLcjqjKWea_9rVfi0nJ-U7sJhPpbNagVM5nJcqJ6R-SgCxXJ15IXVfg_KKn7sGuiL6IFzXEHiltiUP4nxqA=w300-h225-p-k-no, https://lh3.googleusercontent.com/grass-cs/ANxoTn2l4RhUPXE0AWP_NCm5QOQv-PTJKPloD80gtia4X89FyUT8_eEPwWIIskLtoCC88tHGmqSJ6e5Bm54tzvj7WWqK7SjjU8yEsR29JNRuAJGqa4lcMggtY0yl8qc2VjkTZol3uLPW=w300-h225-p-k-no, https://lh3.googleusercontent.com/grass-cs/ANxoTn2j4L9iJJ8lYDoO_GUFM8bhB1v-5MOZU0h4nC-dP_oBjW6ajsa_gHJamdgelEc6SYH8rJRoC7qEjJqPaL0ehi0kc-uqrkyouElizjj_pu_lMItmBKZymdsATSyyS1gwoypyV5yMMA=w300-h225-p-k-no"
YY C,3,2025-05-19,1 年前,拉麵湯頭偏膩，TKG飯還不錯，飯裡面是肉燥不是叉燒，店內座位很多，排隊20分鐘左右就可以入座。,"https://lh3.googleusercontent.com/grass-cs/ANxoTn2xrVytQboPfZTWjLIJNbVABMqKFiVEEo-Cj_Kq7_CCOIDBipBrXNVv8g8tE4qOUtJghMNtCqjw6lbb6FRW1w_aqPJ2PrbpcJNjtrUSw6s3W-LozDwVodEwBFISklFvFPqs-YJkGg=w300-h225-p-k-no, https://lh3.googleusercontent.com/grass-cs/ANxoTn0s0SmNVu7ITDNyptJI7T3Y5J23Gr3sZyloFKrQ_GzS5ukLVl8pP-JG3PMEDtzX7FJsn--UIqL8aCWMASG_eoQEMVHCRo8_LT3WQQbKAXK3Xl5PI_hIUnSLSzk_Bw6DPt4EV1QP=w300-h225-p-k-no, https://lh3.googleusercontent.com/grass-cs/ANxoTn3J3My4naOMOSejaLu3RtxsGcaPf7nZtvuJA_NllOkPDpswsh7S-rYp0Vh7ylbTp-GkG2Sxz8EQD4XWCH0ksbCy-2LGCm4EKGRZn1EqRx04cfODCmLWZ7QrbjrDpK7jWX8tZUrynQ=w300-h225-p-k-no, https://lh3.googleusercontent.com/grass-cs/ANxoTn09YzUgOIHw5dqVPeg4nhlnkelwXlSGI8CFV4RPVmB7CAtCnLYCf38m87HGnd5raVLFgCqVBV9QT7F_us__6H-0RmFOaD4nKT2zvifSX-x4KCBqwIN5F-AETgY56pxxuiAdc30=w300-h225-p-k-no"
Destiny Mars,5,2025-05-19,上次編輯：1 年前,"豚骨拉麵

選日本鹹度，湯頭上浮一層油本以為會很油，但稍微拌過後就不會了，喝起來蠻好喝順口，可以一直邊喝湯，鹹度也不明顯，快吃完時鹹度累積上來才有感覺到，整體濃郁度適中；叉燒比較特別是用雞肉下去炙燒，簡單暴力且不會柴；麵條就很普通了；配料部分也是很基本，只有一葉青江菜比較不常見。
——————————————————————
濃厚雞白擔擔麵 +10元麵

沒什麼雞腥味，湯頭順口好喝不會很辣；叉燒一樣是炙燒的雞肉，軟嫩不柴；配料較特別的就是擔擔麵的肉末，還有半顆溏心蛋；麵體部分有點忘記口感，不過肯定不差。

補充：麵條+10元麵就蠻大份了，體感有外面1.5球麵的量。

排隊狀況：座位很多卻有時人會排到外面，生意很好。

個人評價：
喜好程度：豚骨拉麵4顆星/濃厚雞白擔擔麵4顆星
CP值：豚骨210很便宜，CP值蠻高；擔擔麵240，CP值也不錯。這家算是簡單又好吃的拉麵店，解解拉麵癮方便的好地方。

2023/09/01初訪
2024/06/07二訪
202406/27 三訪","https://lh3.googleusercontent.com/grass-cs/ANxoTn1MFRpDWlSYhOp7tRGF3waxNkbgatMyR9pluSwU7KG-G1JzFF2t-_jfxlrjsvtlxDUT1sVxWx9hh93KVWIY7t4n3dsswChseI-CJDmz544Vj-BXcvwMKWRny953xFW9wHyc0j2e=w300-h450-p-k-no, https://lh3.googleusercontent.com/grass-cs/ANxoTn2nrwGH2ctmtNdXn1e0b747UC-XtM-EH0URzwbKiv_jaGbonbg2lBB8Dm3y6hqR7qIJ3so2zT_SXOIZSaOic7HM9BNklZ_7YdvkKcmr_aiszOGhGMs3aD2J5SRt8nHoefPRvn82=w300-h450-p-k-no"
YUYU,5,2023-05-19,3 年前,"🔺消費時間：2022年11月

隱家大概吃過第三次，前兩次都吃拉麵，這次首次挑戰沾麵🤣平日中午需要小排隊一下，但算快～

🔺濃厚海老沾麵：很好吃，湯真的很容易冷掉，但服務人員很貼心，一直提醒可以加熱，然後我一直掉筷子🤣但店員真的都超貼心的啦⋯立馬再拿新的給我

🔺豚骨醬油拉麵：跟沾麵比的話更喜歡沾麵

希望之後可以吃看看其他的口味，每次都會點肉盤！吃肉就是爽哈哈哈哈哈","https://lh3.googleusercontent.com/grass-cs/ANxoTn3a1Aw-DVS1Yuru2CVYlMcqzUo61HJXmBHfg6uhDtUjQtICHQWfmmriXaoS255CByRGL_VJBRlB9OuTJZY9EZjKFB2TL0XBGrsK8r_opMuYzIAakTM71zluvjbtBH5nxtYX80mnQw=w300-h225-p-k-no, https://lh3.googleusercontent.com/grass-cs/ANxoTn0SS_7OGNcDyjx2ues0zsVnaNBaLirg1MH2wMjnbBjvwUm4e4FlElkkiUjre__zope6ERq1igL33X8LkxrhKyhe3wcANjXc3S2C-YwAXLUEL7Qzzo2gB8QwCW5HPPOB6yEkFcQX=w300-h225-p-k-no, https://lh3.googleusercontent.com/grass-cs/ANxoTn3iBvRKSopauj_rS2LM_RGTcjljFLTuSSfnrXVPwi1pzZOyQYhb7Fba4LwO1B6WGc60O7Gk45dG4knGCd9shd4QV46GiidqhMZiwfbWd6fDR7sbFlIRO7LlmnM-R7oMX6q-_GdQgA=w300-h225-p-k-no, https://lh3.googleusercontent.com/grass-cs/ANxoTn2g3vUWC0zba3Zvpg_N9Ii3W-gV55_Gm4NXVemx188XaJDg5Kb8FGQAJdTSf3aq1X9R4S3Y-uj33YhYbFKcLK874z0f2OWPmABc7SDNc0xfBx92YdtAzjhEt-QaYftexaK1GCso=w300-h225-p-k-no"
Lyn Lin,5,2023-05-19,3 年前,"拉麵湯底很像是在喝雞湯！
如果想要濃郁口感可以點辛辣的那一個口味！
本店自助點餐機 可以選麵條口感與種類和份量
肉類有加點一份 但沒有再加熱 稍涼有點可惜
叉燒飯有溫泉蛋 加醬拌起來有章魚燒的味道 還不錯
整體來說還不錯 也不會等太久
如果想吃雞湯底的拉麵還會再訪","https://lh3.googleusercontent.com/grass-cs/ANxoTn3RQL-BcAsRgeKTczlck6hPBztFJ25Ed4NTvAcP1YJOLqg4_lkLSLYBG4k3gssndf9vbVbVfpFD5TREwYOr-d74sMqwD1sIrVCD8oxcg7FBGdTdONC2D2Mf3GKfMzqBxdYEkPw=w300-h450-p-k-no, https://lh3.googleusercontent.com/grass-cs/ANxoTn3D7zcA3t4kPaTu1wAp2K1KJOUlxPd8OFf6g-dkQZrRfTHFHbi38Ix5m88fP-jbixFOBx9JN3EtO8oerF_z5OOt7Nec1tDlgRyYxWcwLKQ9V_hwVOHTL6G_j3PvkTphwjL0GRFaDQ=w300-h225-p-k-no, https://lh3.googleusercontent.com/grass-cs/ANxoTn0KQswnbORzwMJkRyUCeZNfLQ5i9RA3TYD7i3UtevNV_UIXayfIyo3BGpoCs9hNvR2NUMslW_Hepdgk7g-ie00p6011wa5JZTk3_7f5uEls1aeJl0b8DQ4rdebxrQjV3FfFDuH0=w300-h225-p-k-no"
周哲緯,5,2023-05-19,3 年前,"平日週五大約11：20到
第一批客人就進店了
可惜想吃的柚香干貝今天沒有了

TKG叉燒飯
用溫泉蛋 肉末 美乃滋 跟醬 和飯組合
偏鹹但很爽 美中不足飯粒沒有很飽滿的感覺

豚骨醬油拉麵 日本味 粗麵
粗麵口感表現出色
湯喝得出厚度
叉燒糖心蛋中規中矩

海老沾麵
第一口入口先是像家裡會煮出蝦味海鮮麵的味道 後段的味道也不會單調
沾麵的原罪的湯容易冷 就需要多請店家加熱了","https://lh3.googleusercontent.com/grass-cs/ANxoTn3jwy5dcANHRCddSKu0JI8VJC3XWUJ43wibOmPqbnI12WcykTdPh_AhlKlgaPcihQAzUlNNd0UadFzdHIwKpjLUx6IbYewAPyWrorrGv7cYHIEaQKQUinS_LiAGhUnd3n5nyrj8dw=w300-h225-p-k-no, https://lh3.googleusercontent.com/grass-cs/ANxoTn17f4JSL_yLC0tKEBeopdLkW87XJGvHUULaZVoAAWuLAibZ0XSAEb9ixdfxTKDFvqPdsgmaet6PGb7UvwwKmVuK9SNTOT9ah_Jb8tbR1S6jms4JGD1WUEvoIOTZvjgMTCHOPlaV=w300-h225-p-k-no, https://lh3.googleusercontent.com/grass-cs/ANxoTn1uk9ex-UbR1VITb9nKzAd9zZXt1SqfmqxKA09SrsqoSGosgPaydQxveA5NxDpk5InXuzQR5N0Qv0sekptULWQQdHcvJnKM6T3Rm5wgs0L-cjYXpt3NRN9xt1Pc6DEfhCMgnfzF=w300-h225-p-k-no, https://lh3.googleusercontent.com/grass-cs/ANxoTn0G1AGoo5raXXx6pqPn1w9k_asOcd7bl60ZaObrFaoxHMmdNVCEisdtMaXgtGFxb4jJh_A4TO3schqmr1G6ZUFp_NicVBix0J4jAWRETpxgE75tYLeZGjxBxPvy-QErbEspIDia=w300-h225-p-k-no"
Chen Yun,3,2022-05-19,4 年前,"豚骨醬油拉麵190+溏心蛋30+豪華叉燒拼盤100
湯頭偏甜 喝到後面會越來越膩
豚骨湯頭配的不是豬叉燒而是雞腿叉燒蠻特別的
但肉冷冷的導致整碗麵很快就冷掉讓油膩感更快上來
叉燒拼盤最喜歡雞胸的味道 其他普通
感謝店員建議麵量選中的
食量普通又想加點拼盤的建議點麵量小就好

排35分鐘進到店內等候點餐 54分鐘上餐
如果排隊10分鐘以內才會考慮再來一次","https://lh3.googleusercontent.com/grass-cs/ANxoTn0mqBe3yZbnsu_ox9RLN4cxvCt9vDq1KRjzGu3ywEOaP37lGpR7vwWSLiTLy0Ck0PFr8gJMCoGVGWmzDXIfERSgd4eeLd4d6S7yl8rQ9iVZqkS1ejC-fWX4jrZLcxHBdiScpLAE=w300-h450-p-k-no, https://lh3.googleusercontent.com/grass-cs/ANxoTn3cjXCj6NJKcv2FaokoHTGL1SYdlM7Z4QRa4gXcDTr1QXrl93eHtEB6-7_6bv9yEbZ8ZBdD5UnlFaNtzLpn3y4_RKGUvhJRgqX7nHHdXgR6aKweGno5PA77caaI1iLKa2GI3rtkeg=w300-h225-p-k-no, https://lh3.googleusercontent.com/grass-cs/ANxoTn0yGZ4ZQOyHpBfrgi0sxoxc2xn8RAfPldhSRSDsQkhiBUq_by5r9Xpe0gJPZWzqtNnJpOMOZAYZs1UCPVDzjxzvwnTTkpP41Knq7e7H2i8hQADOIQaq7oLHp_ITFAIzJaDF0SI=w300-h225-p-k-no"
Pei Ling Chen,5,2024-05-19,2 年前,"每次經過隱家都大排長龍
趁著雨天剛開店的時候去公館店
快速進場
點了公館店限定的柚香干貝
細麵麵體硬度佳
湯頭清香

如果不用排太久推推","https://lh3.googleusercontent.com/grass-cs/ANxoTn2Fx6md1zyLQaeys38_DqTi-VIDB-pvr0zY24h4v_HhqUXJjd5NoHySseuE3QK07RbqOYClmPCltHPA8QvnRfa7w63mCn5Cb9mH268tfmqm_ezM6LAEFtqYKgjBwLyGLLg-2to=w300-h225-p-k-no, https://lh3.googleusercontent.com/grass-cs/ANxoTn2TrmBvi0iBZrtjEfKMwwjvVODf3KprwAr_J9TIS5YZD1AfvTmmThQfk4L4iE5SSSaLLHHs2p1yZVnW1lGrWAWHhgZd9RvEuiAZD0QSDkbkVdhutLHbWgPD66AWxzKVquAcdMjHBQ=w300-h225-p-k-no, https://lh3.googleusercontent.com/grass-cs/ANxoTn2JbFK256OCfLTsk291sDRNashFPh6M-UBOQTY3EYuxpQoOwVW3P-mi9DZoxJ9LWOqa9a4-6KHSl7PtEtHvMJESVrVBYo2e3sdU7_Yp3FjP7_DoIFTbObIaxMv1Zmdvr4l3lII4=w300-h225-p-k-no, https://lh3.googleusercontent.com/grass-cs/ANxoTn2tyTraQJjlHTZs0i4bd11rdylwGIJ3w5x4soXOnl4OUImQHA9AnRofczZSCVoLcWr9Ccxw3I4ycZViYm0YdV5vr9o3vETMGY3ez96z5uL0j6136zNQe2gNADvB9Vzl4hnRt6qAFA=w300-h225-p-k-no"
朱中正,5,2024-05-19,2 年前,麵條叉燒好吃，湯頭偏台式，可能顧及台灣人口感，餐廳風格符合年輕人調性。服務態度值得推薦。,"https://lh3.googleusercontent.com/grass-cs/ANxoTn2TJ4ToD1fCP4rVoUKGBQWJ4Cyq4Y1um48qCwssgdjnFsU0ilU9oc8b3-mvOKahYrE0Mg2mj5wrRpbZN6RWxjFZh5QPC6JvgH2ybNTWOXsT4-VdHGY7z1_s5r7IN_p-qFYnhFii=w300-h225-p-k-no, https://lh3.googleusercontent.com/grass-cs/ANxoTn3l6DzV8pXuFhuljhWVMtSa_zs2LxSfnCxbfbHo-iLX3Ih_gfQIUufiMyuq6qa3DW5sytlCo6UpUyWBIF4As2cY2iOChCwZCH_o6imIN_PRF_kmqdaOIy6_ztVWnrwY9xkkMWQ=w300-h225-p-k-no, https://lh3.googleusercontent.com/grass-cs/ANxoTn3C8SpxNNu0gqBKXijL1nPvFfAN2mpVyoqP-2tpY8sSPHPIpErOiJeYX5r46jOAB92zDfMBjvtaP6zTBLQpb18HPo1_8wwO3ULkuc_PETtzrFhlCQvUeNpEP3ZoJ93zsGMQJ-H6yw=w300-h225-p-k-no, https://lh3.googleusercontent.com/grass-cs/ANxoTn0nWdBu9Blohy_sNZ6u1XWHLnWmO7w10_lIt6BNVg0qDb9buDaQMJ-NeRwGAg31wSS403jWoenon92SdlcQ24OXDz7kTePd8KbM37YPMtYvB5LnVX3fryVdaFXLnLyGr8HLpRSM=w300-h225-p-k-no"
Eva,4,2025-08-19,上次編輯：9 個月前,"環境部分：
內部座位約莫15-20個，排隊等待時間約20-30分鐘左右，使用自助點餐機，可選擇自製喜歡的麵條及軟硬程度，若不會操作現場也有服務人員接受，店家服務態度良好，很認真維護現場用餐及排隊環境👍

餐點部分：
肉體一樣是軟嫩調味很夠！湯品較容易感到膩，但是配上一杯冰開水~又是一趟美好的吃飯旅程！總是會突然的饞 隱家拉麵經濟實惠！料多實在 絕對是吃飽飽~","https://lh3.googleusercontent.com/grass-cs/ANxoTn2WLFBRgAu7g3qtZRiI5dxXrZ2Kch4URa9tF-fO_JXiQUJCGN58VIPkp0T2eISfa925B8T8npqyx1FmSl-nOR3tD-dPMqVFeLDeN9vIATbE_vMRyncZ7NfOI5RcroD0ug3D_69-=w300-h450-p-k-no, https://lh3.googleusercontent.com/grass-cs/ANxoTn31qVAQPmcyNmoqqfBnit90udq-5a6TUbGiuLBy55_Km1V9JzbGbbT98Z4eU7ZzZUljnr9zDjCXZInsRa8-adf8yNrmJdc_LCPIoJkQH5fAD0xZ6siH4oTys7Od9LD4oxITw6KvgrZdxmk=w300-h450-p-k-no"
Simon小璽,5,2023-05-19,3 年前,拉麵的湯頭非常日式濃鬱非常好喝拉麵的面也非常q彈 尤其他的叉燒是用舒肥的方式 上桌之前還會用火炙燒，是非常值得推薦的拉麵,"https://lh3.googleusercontent.com/grass-cs/ANxoTn2liOQlTuSHGDACu6_s_iWG1wRsfPa77e571bDRhD-4qR8m_2JmLZH3oFSPMMuIGKWAO7_QKu2vlGYnhXo1Sk-e404vwGNbgzfjJlEB9m8oAYjzgLtV4WIp05nYUroSlsDb25lN=w300-h225-p-k-no, https://lh3.googleusercontent.com/grass-cs/ANxoTn2qkEATeR3Qgs92wJtZWH_YynmITBXQQ6OjZWBhbMIbPI7eUkeQYfbQ8tLEu94jm4a2b54noUXVWMwwCShDmpRmHdoLpT2jT3_PlV8NMZYjOXMT_M1IbjczjtkwLokD1Pas7AMo=w300-h225-p-k-no, https://lh3.googleusercontent.com/grass-cs/ANxoTn3cQvCVpNO7yMKL5DCJGML1UPtzWGfZl75o8Fu_PjQTaf8-1w96ITL8WIjuNpmQ9QTkNzJLoqB-J8BNO-ZNOn8_mA0LBic8KnZbVczJSyQbGOQasFGgtrwsv5dpJG563PtlDnIK=w300-h225-p-k-no, https://lh3.googleusercontent.com/grass-cs/ANxoTn1CW7FRyEhYcvkBGDpkiRiDjRIy3ST9neMaDBQjGLdM71dEIsJ1vx18WMzndJ89Y0TC3qWOdcHqvhZgIB-1apKGD8CKHF-6URQmy9Sz9JfzX-3ujHYGCf4iWa8omRDDIDS0IriiFQ=w300-h225-p-k-no"
Fizzen,5,2022-05-19,4 年前,豚骨醬油190+豪華叉燒拼盤100，之前在赤峰店吃過一模一樣的點法，覺得口味有一點點的差距，大概是100分和95分的差別吧。主要是叉燒拼盤的肉熟度偏生了，但還是很好吃，拉麵本身的味道是完全沒有問題的。絕對值得排隊一兩個小時。,"https://lh3.googleusercontent.com/grass-cs/ANxoTn0LaCxLY5zBuNLfKgOfLwsGfgegn3_IQFgim5xV3p_pagOgyF7t8Zve1db0oC87MDNLdx0Oi1Q0Xb0FsdQQ46jWQL2oP4vBnmr_17NV6jaVquPk-G8xsVYqt2Ku_FIdt2FYK6N3=w300-h450-p-k-no, https://lh3.googleusercontent.com/grass-cs/ANxoTn3zXstD8z9FOWLvwCpnd1znAvJdKxg2PNcJezS71IgoX3TqwOHaieBEa1nXY2bxu-tlnWpQ7Q62_e6D1V5q2vtx2hIU57z2XavFFcaEPd1MGjIlIjGdFx7zXr3aZ71NLsbIJeISVg=w300-h450-p-k-no"
陳慶龍,5,2025-05-19,1 年前,"第一次來排隊運氣真好第一個，濃厚雞白湯的擔擔麵好吃！👍

可以再來，早一點到沒有排太久！👍",https://lh3.googleusercontent.com/grass-cs/ANxoTn22zvz1AHX-ZC-GHNvMYmle3CIvw5TQj48Is2oRDZeUUY7bla38B3k9XMLRDr70G3EzOVTDw7f7UNQ6t6i394TjRB9xmpg0f3yCLyU7XQHvyFQ6rxvMvwSysKWiHaFfndGXdDQC=w600-h450-p-k-no
陳白,4,2022-05-19,4 年前,每次來排隊的人都好多，今天早一點來，排隊到用餐也是花了40分鐘，確認用餐人數的排隊方式匪夷所思，就尊重店家囉，麵跟肉都很好吃，日本味的湯頭偏濃，加了清湯之後很好入口，店員親切服務很好，良好的用餐環境。,"https://lh3.googleusercontent.com/grass-cs/ANxoTn1BOYxkh-hxEZ809mas0rigz-tL_CzQ7lalNdfpkXuZ2uIE9EB0QvDqJkQnhhd9CQAzDlVxAgigaYY8u5X-F90WTLh7VGBTzy4z0T8cZ1CKJ816XwUwPYgQq-Ows4RrvXOfnNzzOg=w300-h225-p-k-no, https://lh3.googleusercontent.com/grass-cs/ANxoTn026CEyzLVTQ7AwGKb1Xb3fLw1z-f1qkNF0GaP-Z2UVC5MjYenf4v76q8hmI1CjJCtpXoIoY3S-Jas1L2fUX0kqcUzbttfyObPF3ZvBU0TzsVAhsAVsYYCVCGTce1RKRFxWoVdj=w300-h225-p-k-no, https://lh3.googleusercontent.com/grass-cs/ANxoTn2HQOlLmUmK6HRsBjHDDD61U2NGgJgTc7923yY1cnOC8v11RhONfC_zHD_szH7yO3utge3NQkKOR7NYZqK4cZ5W6pKjl9UXcc6U7ThY46heaNoSdMtu8Amj9r2jyKjf4AZ23eDL=w300-h225-p-k-no, https://lh3.googleusercontent.com/grass-cs/ANxoTn3fp4AjFHbm7-FdY_cmIw7uR0lqa31e83xqmAbotmlck0czXi2biZzv8k4r1O9gPqZwWe9fquV0x9CSJaTVTLiBzxCcDeuCu02pg9C3mh1RmBU6M4OLO9U23qrecB7ne5T0pbWx=w300-h225-p-k-no"
Kyle Freeman,5,2024-05-19,2 年前,大多選項為中粗麵或中捲麵，意外的發現擔擔麵是細麵，加上恰好的辣肉球真的很對味！高窄的麵碗也幫助麵和湯量正好吃完時不會剩太多湯，堆滿的配料視覺上及每一口麵都可以配著料豪邁的享用。老婆女兒也都覺得好吃，之後有空會再回訪,"https://lh3.googleusercontent.com/grass-cs/ANxoTn0RdnYBtf6TvCG9HOpbGMfEhX8vPjpnOW_kjPnYHd5v6ymHQqKHyRVWnlRtJuUuFB1PnEnRXuiMTPhvtyFdYwRulxznUVu32xTiPL9CaIwy3KJ55oalB7nY25DlD8Mfpf1IHReu=w300-h450-p-k-no, https://lh3.googleusercontent.com/grass-cs/ANxoTn1ZofEV9I-eYIyk1anfgdFuoPvJ_r_49yYm9Hu0KJCXdffRADWOhzmn249ssXHjFZ_VzQgSW-9-ZAZRakzhojLNQ1o2W_tXBXvhfizvYx7pNXToGDyWyn7vKTpdji9eLXGKSVMh=w300-h225-p-k-no, https://lh3.googleusercontent.com/grass-cs/ANxoTn3W2lUpnC_LfmplJ-ETo_0NVL3-s3TpM1lZZnV-enfeFqi1EpiHArHwZjel1AyrI9KYPfU6bH7git7W-7qncV7RIXb1pQr7E_GQmyOPx6ipZ4XuDOw4MNoCx0t1lT9oof4vKObrmg=w300-h225-p-k-no"
C,5,2024-05-19,2 年前,"餐點不錯 大碗份量挺飽的
假如想再點碗TKG 建議點中碗就好
來兩次還沒吃過干貝、鯛魚有點可惜
缺點就是要排一下隊","https://lh3.googleusercontent.com/grass-cs/ANxoTn0pDrVBk8eUaIRdkMGFzq2cTo94KtxlukGZ9Z1NKBbBKUtWn4N38rhvc1ddjnfnyWz54EgDJDBT_j0ItsfU2J4PN7Fj5ZrwTa8Dk5jV5fbDCphto6ejz4Z1B0BubPfr8nJH83tfmQ=w300-h225-p-k-no, https://lh3.googleusercontent.com/grass-cs/ANxoTn2EAzZO4UuwjpJPoXh_tbadt5NKqoqe09QbQrSgjds1Vg0h5dU627f7sEknNGe8bGlLO6heGxrimWQrBe_Vi8LSWHEgHgCFwSqjOlXAD1xSeR-kmx9cnIMS4-TfgVNZK3AHEEFS=w300-h225-p-k-no, https://lh3.googleusercontent.com/grass-cs/ANxoTn2WP-ODhSJ3aY2m8b4BcDHHoNX7Eoo8AiLD3-AjdcLGTo6TpDbJyCyPziL6rrmQp8uwL4078fiYBkBHkZEQmRk89ztgMiZ1hCc09yeTTQCrjN0GUAYjzOLodCSF3jHEC724J2S3zg=w300-h225-p-k-no, https://lh3.googleusercontent.com/grass-cs/ANxoTn2KyxfUcjQfEAVIt9Ewjc6y5h6dFTni3riiMeTpS3RG1ilK0ledwY2offULPh4olclqD3a1_o3PexlzPlP8Mja8cLLA5nUFtLDXJLAOnxnJ-RxtnZR-zeKa1lyEj1kFrL5q3vU=w300-h225-p-k-no"
拉la,5,2024-05-19,2 年前,"柚香干貝拉麵清爽好吃，選擇細麵很搭
選擇不加蔥跟海苔，雖然看起來比較單調，但美味不減
TKG很特別，第一次吃也覺得不錯
店裡氣氛很好，店員都很有朝氣活力
雖然需要排隊，但是，美味值得等待","https://lh3.googleusercontent.com/grass-cs/ANxoTn2GBMD_kTKhWzbwd1Q9VrqNM_POvzXC8Lgv8-5FyJ3FxhkgVOdkvbBwC01zQEdX8hKvoEfsMRi911-dkkMSNgMWHCbRHx6T6gwsRdLNKOk9iigEDhj4_QBFi58qQvgrXECSTww=w300-h225-p-k-no, https://lh3.googleusercontent.com/grass-cs/ANxoTn3NQS8QwqcZwNWlT9bPq4UvwFjgpv_nOLAtQRpq8OUW5c-0lj5dkKaqISDtga_s2StpwBg1_knr82gt0JtMqE0C8JW2OwYVPN7attRV40CjiVB4fP5DdxuMcC_i-JyWgBAYcHJwEA=w300-h225-p-k-no, https://lh3.googleusercontent.com/grass-cs/ANxoTn0poBfHHextn8vib27eYdmveolApZiDwJT48QUpfrSfYODNO7L2LpvY2m1iQbJsnbTkr3bkpSBN6mm9gzupTS4uGODoyQ-F2CRPsolBAXpxgE8YQSh05sA2Suy48CBknwpS3fU=w300-h225-p-k-no, https://lh3.googleusercontent.com/grass-cs/ANxoTn1YJCZ3bgj7zv_zvPQp7E_zQNgxSuO64-yTLunWpDopFNZRmVmatseAZghDyosR8UX51nYW2nn75WbxPB5HSxNR87WxaND9brrhNGjT4BmD1rHsvLAa4nnV-Vjnrq7WzunlZy8=w300-h225-p-k-no"
R Hsieh,5,2023-05-19,3 年前,點了豚骨醬油及黃金雞湯，個人比較喜歡黃金雞湯+蒜，吃完整碗也不油膩，很好吃☺️豬肉叉燒非常香，推薦！,"https://lh3.googleusercontent.com/grass-cs/ANxoTn0xyRWIqqRq9vs3qbVFdIXWiDHA4ncSR14Nho-fSyngJmsrfb6hgo8w3n5WNLX5dAhi-59sjnHbAVThRzP7L4ZTK2s7ojx35-O5cANbe7UHRKD1gIES7vzt509xa0FxxFRlxs0b=w300-h450-p-k-no, https://lh3.googleusercontent.com/grass-cs/ANxoTn0bXrJnphW0s3goOkA2oDvfnjyN6hI7G3PhY1d7SSGT909pxs3mmdWsF3WOVy3CB1OId9fNnkqMUrZuQAO7q-4vsVieYyCRvRJeukj_nG1P-GxuqmBAZkm60_SRLLQnHhft_fTJ=w300-h225-p-k-no, https://lh3.googleusercontent.com/grass-cs/ANxoTn3jNZC_TbA6AtDq08lUPq9EGgQsb-sK7DozNX5JEg1blAi6c97nFMaveOVKADfJ_z2Jme5cROrRUqo5020p2ZD4qNO8R333iQgBQJJk8kIoUvgSY_uhXXgmqLoQX1JbxWDO_pnb=w300-h225-p-k-no"
Liz Li,5,2023-05-19,3 年前,"經過發現沒什麼人排隊就跟著排隊吃看看，店裡使用自助點餐機，餐點有搭配圖片可以參考
柚香干貝湯頭很棒，海味十足，渾厚卻不濃厚，可以加湯，不過加的是雞高湯，可惜麵條有微微麵鹼味，不過湯頭好喝不膩，搭配麵條一起吃很棒，難得讓我把湯喝完見底。
期間聽到師傅們不斷確認干貝及其他湯頭剩餘數量很不錯，隨時掌握才不會發生超賣的狀況
從店長師傅到外場都很有精神，還會關心有沒有吃飽，感受很好
下次會想再來吃看看其他餐點🤟","https://lh3.googleusercontent.com/grass-cs/ANxoTn3jjR843G7mH4MVmdDnqWm_v4kycmXJTzcNW9dfOBcC0_iXhW1_0VXiaLxjl4pwZwqUxCrFc2SiLjAmqgxR3sIlgsskzwrQCb_VR1wGOdxE21hcSc5W2hLrPWV1IskGamZ5WUmq3w=w300-h450-p-k-no, https://lh3.googleusercontent.com/grass-cs/ANxoTn3EEcNZjAxwVxp9vEtRppdWXelyI9WxkTXeym57YRtxlROpeTMOnRWVQvbsJgWDdLU79NJN00w_Efq-lb6PsLzNDh-X2vfenUm6Hqaqfdjq80Blz9XmUo6H_1xsOgt07ZysLTUs=w300-h450-p-k-no"
louise huang,2,2024-05-19,2 年前,"平日晚上八點多來，不用排隊，店員的服務很好，引導入座也會說明可以加湯～

不過老實說就是，黃金雞湯給我一種在吃夜市熱炒攤什錦湯麵的味道，一言難盡⋯頗失望的",https://lh3.googleusercontent.com/grass-cs/ANxoTn0NxkbyHJCHLU5_I4TC8iG2GM0ZdOGV4t_wpjZ3mTknmC61duvxliFZ19CyuINo2YIev3cOAIhRuzWzmZU1gSOIuTPkiMT9KitiSNxbhmpN3sAy6MOkv5OVI9vlKlqkvTPPyPp8=w600-h450-p-k-no
莯名造訪,5,2023-05-19,3 年前,"雞白擔擔麵｜海老沾麵
雞白擔擔麵的肉燥很搶戲，完全蓋過湯頭，很有特色的一碗麵，沾麵湯頭為蝦味配上中捲麵完全很不一樣，麵的份量小中大不加價，如需加清湯也可以，原汁清湯店員說不要一次全加，可慢加細細嚐嚐。","https://lh3.googleusercontent.com/grass-cs/ANxoTn0rVLUPicGzfjASZmL8CcQNsXqh7J-9JhhWmYtJONzHUp9YObaxl8HAxASJNXpuhPtqJoETVZh9S1JNf3-GkzErEDmBW-1-U59q9odpCU0YcwteAe6W6ptx7oT5IkN0CQ3wzJHt5g=w300-h225-p-k-no, https://lh3.googleusercontent.com/grass-cs/ANxoTn2DIk2_HWi171LcX8eMJ1tzAkRXEIzl-Y5btq1RMToH9PCGib2523lLe3pkO7QgF2XGmlOaUX5mRg80ok7sIwlOzQzjxRhLlDa9zQZ5Z7-L2SXigQ24nlEiBVlZNPDuP2zhceLc=w300-h225-p-k-no, https://lh3.googleusercontent.com/grass-cs/ANxoTn1c6ehmAPhRgt_Xg1MPLzXBjlDT6nwjuzzKlvEIzjwckB7VoUGdino324ylNB7N6V_Zo8MLiVGqKfP1KMzrQSt1hRFUs_AZJ8XXw50_t9ixnyH0AU3aGkaGuY1U82Jq-iy6VlaECQ=w300-h225-p-k-no, https://lh3.googleusercontent.com/grass-cs/ANxoTn1aeY2GukPbuZdvl2WvP0Hbzajt_fd8WcZyBpjfYSZxR_j2LKgVKBAdO2Ej_m5IX8kH5M7WMpN2hh17Wzsw-pGFXIWR2leo0E_swhTbjHHO0M3VtEx02-vHn95Xi66a8hrfUTAc=w300-h225-p-k-no"
87王瑋傑,5,2024-05-19,2 年前,"店外有一定程度的遮雨空間，排隊時服務人員的引導非常良好，室內的等待區空間寬敞，用餐時坐的是吧台區，可以看到廚房的各種分工和洗碗機運作，很療癒。
當日用餐點了大份黃金雞湯拉麵（220）及TKG飯(80)，湯頭個人覺得不會過鹹，店員也有說可以隨時調整濃淡，TKG本來以為只是白飯拌蛋之類的簡單料理，送上來時看到有大量的肉和美乃滋確實超乎預期，吃起來味道也不會很突兀，真的十分美味，食量小的建議把麵減量，不然大份+飯會太飽。","https://lh3.googleusercontent.com/grass-cs/ANxoTn3INEkpOqxYxz4P1tINsrcJIMwFaxhMYPFECPG47oPmeHRZMzTceymSl0yw5WYLosNmM3arEGJEHMd-GJSFp8HmwSbNS9Q7KwRq0iCX0S8SJLXJIyEF_P89SjpKFQmy3BulhUdK=w300-h450-p-k-no, https://lh3.googleusercontent.com/grass-cs/ANxoTn1gV-s2lFCQkLfSQJSz_Pi6nbaDxyHfy7ExDQMoOvxXaOBGH3pZgZdn5j0ZUGJ7D319r7zTfWUefU-9ke4Ob-ahBE6QqvL8q9ItNFPobCPATsCHk1fPEleP8lvnLr_4IZVns19e=w300-h225-p-k-no, https://lh3.googleusercontent.com/grass-cs/ANxoTn3wljHkf6Lv7Vf2TVPrEUAERI82F0AMEQPVoDjueCTGew_wslRg0HEsnRRlpPnv3IccZ5VT3D8eCLLw1vEIFs_Z5S6ieiZuTt8topzM_oPUDNj_QLGyZcp5Oic5wjsw2IpHrRFFjw=w300-h225-p-k-no"
張祐寧,5,2024-05-19,2 年前,湯頭推薦日本味~120小份麵就很夠了~豚骨湯頭好喝！叉燒拼盤130還挺划算的~（豬叉燒好吃！舒肥雞叉燒也很嫩！）btw我點豚骨醬油拉麵怎麼配的是雞叉燒🤣,"https://lh3.googleusercontent.com/grass-cs/ANxoTn2t0aXoXPUdaxCICRQA44b_CtbtwhKej3I7XZD5fEyDOhldAFYmRBKCH6USm0Hq7co5x_6jdYf6acfDqnLSJv432z6zKWIL_CRQq1MujLsJ4h2i5z9L3EUIWoXgeOv2OIGLd1dv=w300-h450-p-k-no, https://lh3.googleusercontent.com/grass-cs/ANxoTn15N3DjIWA7dekp7JxNFlH43CamENAcFDnVo3kGXAQIbroauaJmOLC73JalrN2PzByRRWjLFG8KqOjlslEhoSgq4c6Ol7H2t7dm0EPdztm6ytdzsSRDuDb-HtF1zmBIEQaafDSw=w300-h225-p-k-no, https://lh3.googleusercontent.com/grass-cs/ANxoTn2ZQE1zPL5seZq_c7iA7IrIwOxOc28HuzYW8-QdxpqVOwSZkQx0rD7HkZw850LKj0uvMRzuo3FFXT3aYXLwb_taAqB7yE9MxQaB2WMpIRihIen6xCh5lmShC4jgbWtJ9zG60j4=w300-h225-p-k-no"
Weixun,4,2025-05-19,1 年前,台北地區很好吃的拉麵，去要吃到干貝的都點不到…但很值得過來吃。湯底很濃郁，麵體的軟硬適中，但店員口氣不是很好…,https://lh3.googleusercontent.com/grass-cs/ANxoTn0jHu4jqq4kTw0iU2XN_AKoNhhvKyNSPSqx4w5qstb1x1rwRWSS2A2mlX24TW8oyeoAEoQL8imeXs-gX1QPOn_EaLFOEuoLfaUNaCpOnHag1UyGLsDPMPfdkh7rRPgJcsPCB0b9=w600-h450-p-k-no
melon,5,2023-05-19,3 年前,"①服務
平日晚上4.30用餐，一進門店員就異口同聲喊：歡迎光臨（日文），有店員接待並教導點餐機的使用，拉麵可以選擇：麵種、軟硬、份量、要不要蔥，點完餐就直接入坐，不需等待，周邊有可以放置背包或衣服的架子，用餐結束後廚房的店員會來關心餐點有沒有問題跟有沒有吃飽，整體來說服務很周到，一定是五顆星！
②食物🍜
⑴豚骨醬油拉麵210$（軟硬 份量 口味皆正常）
雖然口味是點正常但還是感受得到濃厚的香氣與湯頭的濃郁，正常的麵量對女生來說非常飽！
⑵黃金雞湯拉麵（豬）220$（麵種：中捲麵，軟硬：硬，份量：大）
豬肉有三大片，泡過湯後吃起來特別爽口，麵的份量真的很多，男生吃都快吃不完，把洋蔥和蔥配上肉還有麵條全部一口吃實在爽快！稍嫌不足的是雞湯沒有像豚骨那麼濃厚，不過還是好吃！
③環境
廚房跟很多拉麵店一樣也是開放式的，可以清楚地看到店員製作的過程，廚房的店員一隻手戴手套，一隻手沒有，會用沒有戴手套的手收碗盤，洗完手再繼續做餐，相當乾淨讓人安心用餐。","https://lh3.googleusercontent.com/grass-cs/ANxoTn02miXK89zf-bVwV8Epalx6jU_c1fN-rFN2Wk8wZodnlNMVZpzSdl-tnZe9JzalK2FYxDKhv1xM8lWITq41VlUyweQ2jaWMwE__EDTH8W6-A_GhUaygQoJn-lo3p8dDyDpJKav0mw=w300-h225-p-k-no, https://lh3.googleusercontent.com/grass-cs/ANxoTn07neUKt1g96ZDSU7WD05gDzsSItqQntkz68IrnkjB8MaUVOrqoO_ek1fXVWTZZyH08exfzM90i2T7WYQJVF555O-_LJmkdtMXs27bjjDDbA0sGnRHr25gR-DMS2yfdLGQBkNV7=w300-h225-p-k-no, https://lh3.googleusercontent.com/grass-cs/ANxoTn3SPCxWitCC7Ze4hZuyY_H1JZi8dsbaGz3dGg8KOF3VOf6-H7I_gD_PXVfqqfdAXtI3mluKDq3nIMI9p87OGkdsWgNeW5a5zIUFtxGUwgzHW9dY8d-SoG6JnoJCASd65nGq7LGe0g=w300-h225-p-k-no, https://lh3.googleusercontent.com/grass-cs/ANxoTn20Qs47GMHeA3-QL0uhsUGwuk-PC9sRke29G89nMS7LaUXoBvHqDhpSOPStbUosQy-Fsk5Nclp9zx_HiFR67w7kRgjDJrkTcSHME-prn0tJyM5sJEpfJpvUhwDrMJ0YNN2GSFqb=w300-h225-p-k-no"
洪詩涵,5,2024-05-19,2 年前,海老沾麵的麵條很Q，本身常吃沾麵，偏重口味，沾麵湯沒有太濃，但是蝦味很香，若覺得太濃服務人員也會主動詢問是否要加清湯，服務人員態度親切，點餐到用餐皆會貼心詢問，值得推薦。,"https://lh3.googleusercontent.com/grass-cs/ANxoTn11GK6DTQFvjjYy0P0248KGiKMfJpA7oox0Uf5w1u8tm7ud7LhxpH4G6DI449-GtlYJgZJ3ji3nk7wcAO7sk-ZbSAOOAHTaPK9IFleQvzD4bJQCnzY6oXnP7kq7yyuHSZVIPWXOow=w300-h450-p-k-no, https://lh3.googleusercontent.com/grass-cs/ANxoTn0uzYl0I6uLFQmKF4zC_uxCUp9IQXpXlgDL1zmsrmNlV-Jh1BM0CzHGdK_3Kps2yCM8pDHkdFY3RY2uchkgHspXFB8MeF5mwEToSlk4rPfs3vbfvrjelJD9mDpsoJhVX28s5kA=w300-h450-p-k-no"
Stardust's,5,2025-05-19,1 年前,"隱家拉麵 公館店 - 黃金鷄湯拉麵

要飛回香港，順道解決午餐
其位於台大商圈，不少大學生會來用午膳
所以一般都要等待一會，店員安排清晰且迅速

拉麵上枱很快，麵有散發清香
湯底入口感覺很好，順口清澈卻帶著雞湯特有的風味

麵有兩種，我選了中曲麵
掛湯力良好，煮得剛好的硬度

配料有大量的香蔥，紫洋蔥和一條菜
每一口麵都可以夾雜著蔬菜，入口的層次豐富不少
外加的溏心蛋有酒香，雖然不是半熟，但味道和質感都不錯
雞叉燒不錯，嫩滑不鞋口

整碗麵都令人滿意，淨係湯底已經贏左大部分拉麵店
能夠把清湯做好的店家都是好店家",https://lh3.googleusercontent.com/grass-cs/ANxoTn0D7yIMbQWrO6fFywyw6JdCJoGzEOvpin4478Zfe0sswwd9mx8VCAApVVUtld9e0dD3dSlralgmJoiAK_pweBRPEQhhCVV1y1Em6jf4drffkInYl7elr2Js09NjdZfaYhFxqcHi=w600-h450-p-k-no
YI-TING,5,2022-05-19,4 年前,"新開幕來嘗嘗鮮
在假日的晚上8點多前來已經有不少品項賣完
沒吃到柚香干貝拉麵很可惜
店內環境明亮座位蠻多的 沒有等很久就入場了 桌上都有調味料跟衛生紙跟冰開水可以自行取用 店內的服務人員態度良好都很親切
最後點了黃金雞湯拉麵跟濃厚雞白擔擔麵還有再加點一顆溏心蛋
👉🏻黃金雞湯拉麵適合喜歡沒這麼重口味的人 但又不會到覺得不夠味
👉🏻濃厚雞白擔擔麵就口味較重一些 還帶有一點點辣味 不太吃辣的人也可以接受
肉的口感非常嫩 雞肉跟叉燒完全沒有腥味吃起來超開心
重點是麵量跟粗硬度可以自己選 選了量最多的240g吃起來好滿足
整體來說下次還會回顧 希望來的時候有機會點別的口味",https://lh3.googleusercontent.com/grass-cs/ANxoTn2dWV9njClu5nGTp_DGsp4BuxgQ_V2R1Bmq-Qir3u7DuRKLx30qgZJPdo5ud9j44l8ghqC6viBVkCbCKS9SdrkJ3DycbcAFv9QoYvVArKrbat5OYaHkBbdGgAhgNTFvrg677k_RMA=w600-h450-p-k-no
上官鳶,4,2023-05-19,3 年前,"以服務和用餐環境來說，我覺得是很棒的，桌子位子上還有茶杯、水壺、小垃圾桶等自行取用。其中，面體粗細、湯頭濃淡、加蔥與否都可以自己調整。
這次點了豚骨醬油拉麵，我點了粗麵和一般的濃淡度。或許是我的口味問題我覺得湯一般的濃度還是太油了，吃起來有點膩。但麵條實在是好吃，整個是靈魂呀！
不過，我室友點了辛豚骨拉麵，他非常喜歡。所以……可能個人口味問題吧ww
但整體還是不錯的～","https://lh3.googleusercontent.com/grass-cs/ANxoTn3FMctmYffPB-vdyQFB4eibWhgsoqGOMv1lvguFGv6msBN94BFA8wcaTJq-zNZFo_p_bBh5vBPy1xNwjVfGHoHFm8HP-o8GTFyTvmx3ABgRTAuwsTNpvfsWLo1v4zhE0U85pGue=w300-h450-p-k-no, https://lh3.googleusercontent.com/grass-cs/ANxoTn110ICEJFA_57bgOgadqsW-VzdKibVrcfdRtE2NloEV6--egxMwZWEVpy8QZhDQJjzXKIanoheNVzuCb7ZNlzKCC3W4wH4TpSaRRYyFUGA_R8zgtGvniqpmtBtOiQy1XA5blxaH=w300-h450-p-k-no"
Chocobutterhand,5,2025-05-19,1 年前,"店面又大又乾淨，環境很舒服，喜歡雞湯拉麵，簡單又好吃，有空會想再來吃～

P.S. 店員滿親切的","https://lh3.googleusercontent.com/grass-cs/ANxoTn1NhuFt6Z33O_uI9cZ5YnceSLeW19T4L87VjMUb7bU1AF6UrXgroGEEJVNSp430rqbeJswToYq61F229y1GggZGymCJNo7sQ2ZzOUuyksypnvCHhPpjxCUqe9k8vlAiM5oJh3vT=w300-h225-p-k-no, https://lh3.googleusercontent.com/grass-cs/ANxoTn3kEewm_Nkfw2RygDn_IN4DLL5_CKFYb0x-L97wx-3PfK7ontSRpK5NMRSrOu-dgsyBXwTn0XMtgBE1EDfSxXZQVyXHHm1PYR1VXJH-RHDVrDpS0h0I0pqsk9y7eMhR9ntixKzv1Q=w300-h225-p-k-no, https://lh3.googleusercontent.com/grass-cs/ANxoTn3grsA1g-pIf0NTjchee4q9CJDg06Igh1lVuQUVSqet3H-1nlmvy968PH9SzG_cfrkM73ZI5Ypkzh6OpM4E2C1Ay8b1o6rHMKTuDJsYBeoYgG6wZ8fXrIPcJ8c_sNWjO84aoVyV=w300-h225-p-k-no, https://lh3.googleusercontent.com/grass-cs/ANxoTn3tzPTvqMzHo510sl9t1DRV276dGOhOnGonCNXM0afYkgD5wgz88jwHfN319qQa2jFxjRdVcfX_h_dyLAMWy58eMISts6DrZY3HLDq_BmE5wZx2PxFJq9X_bMMAVlFaLUkZDlT-CA=w300-h225-p-k-no"
Vito Huang,5,2023-05-19,3 年前,"在河堤跑步來吃一碗當宵夜再適合不過了！
點了豚骨醬油和中捲麵，還可以選硬度和份量有夠讚啦👍 …","https://lh3.googleusercontent.com/grass-cs/ANxoTn2zLcEqLt85sCPCVr7h0P7MbtTZX1QFkSTPwW38Avv7tos5CLI7AKAaULfYofFuDZCwsgtgkuOgYMgLBlaAlthdpZgdh0APHJD_gTKlFitcHqszCGWWcVb8gx81ZJRwh_Xi_Yof3A=w300-h450-p-k-no, https://lh3.googleusercontent.com/grass-cs/ANxoTn0Dc2YKXFJ-YeVKwN0rLbStbE49OpFa8QZHPzi9sRMqZSkj3dTfYpI0IMEHHJdVHg5HhoouJaiHj6ayZgCC6wPR8R1PkPiXqEWDHG0ZhzG6MbCPV24Jxv0RpaewaKEgbQCRT4Wl=w300-h225-p-k-no, https://lh3.googleusercontent.com/grass-cs/ANxoTn2p7EnG8jiiQ2EQyBB6HdbrYUowmRhEnADOb9BmRTw93qBu5mj9gQ9mQovEer3DkrmT2erhXtJjEJTrVOBv4pGsWPf2fl2lZKVYrCGmPIy80u1cnoEkS6ZTUOHO_vQezdq57tlblA=w300-h225-p-k-no"
我自己,4,2024-05-19,2 年前,只能說太好吃了，點了限量30碗柚子拉麵，是細麵，很好吃，沾麵不死鹹很入口，很棒的店,"https://lh3.googleusercontent.com/grass-cs/ANxoTn0ABowBKVVTlSayhwHZpu-VOWL8K-DPjb77WC8xkJKIvlfeGMZ0m-j69-Y-JbtZ07-AieEJU9hflQdwEQ_wJIKzD7UKqz33hoEwbIQHAmfzMzo9S6daDOME7frTIDfXxOLvSoU0WQ=w300-h225-p-k-no, https://lh3.googleusercontent.com/grass-cs/ANxoTn3-fR5uN37keMOp41ktlzV_wA_VY_DGiXT7RgJDUNCu7XdiJjnqa9CvNqJ-RyGp8PeN7WKpGgWiuZfX4Z2kp4klgzPrzP7qCYf96KW_f57gfaQlEqipqxhZwdW-AYOB9Q8Ey74=w300-h225-p-k-no, https://lh3.googleusercontent.com/grass-cs/ANxoTn2cm6JUrB3oNmPYtkclYZhbGAEB4PfNXpPjGlXv0-aE37KIQf8EMvZSuIPbM0GgU4PJmY5LebkOvBqm-6991NhlogredFvNKu7r4PhgJiU9SHPBnZFEHbUU9Q89tzt2rI1qf-ZbOw=w300-h225-p-k-no, https://lh3.googleusercontent.com/grass-cs/ANxoTn2ArJbkrey1v7iiIiNnHvw04w-JJ-_8xoGHNA-qz7OpIZjWX1qxNIWVuteK8y6Augg9aRFwowsbiBN9LokCPgMhmnNKPa0cRqpa1UGzCQfNlxmwp-sLon5avD28DiIDl58KvBUv=w300-h225-p-k-no"
Hanshin Feng,4,2023-05-19,上次編輯：3 年前,"說實在的這家的味道不是很道地，是融入台灣人口味的日式拉麵店，有他獨到的口感優點。
排隊來用餐的人很多，但仔細看看他們用的餐具組合可以知道不是很用心，因為以一家“品牌”餐廳沒專用的餐具，找市售品（例如湯匙用大同，但麵碗卻是另一個品牌）在整體搭配上總覺得店家主的用心有點弱勢。","https://lh3.googleusercontent.com/grass-cs/ANxoTn2Y7Z2yr6ms9_5ZrZ2keqiLQpK4n4jLiex_qsFElbUUcYlid9WUdJ7K09jOK9Kprc8I_otfRME4brmsBJl89oXtAV01gn0nXHu9pW0b63NXBPqyVzh1kkM46zub0vkHbfYKxUJx=w300-h225-p-k-no, https://lh3.googleusercontent.com/grass-cs/ANxoTn3i6mk6KSanMZjR2BZqIMuKeaylqQegHjFw3MPzX0pKids3XvL3y1PShbdxD2jKvVHvm_sq7uP2XwgXgaJX9MPsp4YAhOhqXPfPueahzHTZzzFxAitNUHkaObOVG4qZ3YTh6N95=w300-h225-p-k-no, https://lh3.googleusercontent.com/grass-cs/ANxoTn2lFZBoFN7eTnOgShnzBYSkWm2jhngx47sTS04j1-MF8l5UTYELM2lw63rcpQ02FTf5qm39JxCdm5zfn0QENXS47NnJlfcdBVl_Pq1ZiMOcWqwOOFseW5rud0pFX0KJdFaQ_Q-g=w300-h225-p-k-no, https://lh3.googleusercontent.com/grass-cs/ANxoTn09Is0OATImSbGWQiIpN-TLqnSvIlDczPU-Ec567zPEDr868TECjOtX079v9RzwCItK5zphS2mpK_m8tTAnH2TJPCTpc4bgJTSl7xzED91RVY_WoPT-7XdIC21fur7-3uX24tFv=w300-h225-p-k-no"
空腹虫,5,2023-05-19,3 年前,初訪隱家，很幸運沒有排隊，店員也都很親切，當天點的口味都偏濃郁湯頭非常好，第一次在拉麵店吃沾麵完全不輸給拉麵，叉燒飯偏重口味，麵體還能選擇很讚，而且還有冰開水很加分！吃的出用心的拉麵店，下次會再來的～,"https://lh3.googleusercontent.com/grass-cs/ANxoTn0tT5ei-9YqxCGGIgGZMLd-uAqwHbk9vyNjuvzrQ7US3tqlnKMpNNSleM1FDe5NklQVY3Ug5NGCEb5CCtLC1WDnKrIYffekxRrrYD8CDCukXBusqFp3p-zJ74vH4fq-5KlfYn0E=w300-h225-p-k-no, https://lh3.googleusercontent.com/grass-cs/ANxoTn05HovxWU3UONbEvt02LsJWeXhy513uYkCQqPYOKLQeTWmSElV9dIhPnZoJh7EBDAhrqV0QyQ8_bUg8Vo-wxRihkeqj0bJ6zqzvkRAkhK7-D_oD29G7bDSAv1ST9g9zRCbJMbbYlA=w300-h225-p-k-no, https://lh3.googleusercontent.com/grass-cs/ANxoTn2YoueYyX0pYgR9LkKqwVrFhUb_3UBsgKJ_6mhgZHQTt78ehx_IVMH1VAnqSKB01YY9YDRJsSKb5qU3kSSEh2aMV3uMiwVSQ22TbjOE6joPhGWAIBrQp9To9ZU6RyAwpjfsAJU=w300-h225-p-k-no, https://lh3.googleusercontent.com/grass-cs/ANxoTn3cWBcM1zNLfMp-51LfmMZRDySZDqhagnwQ21uKjl7F_1tcHHYjmYcNbqEzJL4qmDpSPyVevtvop_-IajJWZcTP0ot9KwL3W2M2UNusPW1CGD9OfUtUEQ8g8_9x_r7PCKiPnBXl=w300-h225-p-k-no"
jyun Chao Huang,5,2023-05-19,3 年前,"📍豚骨醬油拉麵 $210🌕🌕🌕🌕🌘

📍黃金雞湯拉麵 $220🌕🌕🌕🌕🌗

🔗我覺得醬油拉麵的湯頭、麵體蠻中規中矩的，但以價格來說，性價比蠻高的，裡面的雞腿叉燒蠻讓我驚艷的，軟嫩好吃，建議第一次去的人可以點！

🔗黃金雞湯拉麵的湯頭味道很好，不會像一般拉麵很死鹹，喝完也不會有種很渴的感覺，適合想吃拉麵但怕太鹹的人吃😋",https://lh3.googleusercontent.com/grass-cs/ANxoTn2fqVa1yq2jvIT5Rb4Lgi6h0szmNQH1oDRcCbvh-2RJam8a6TBmkPa7HWxtdsjGB55bBDTjunT49tvFqhYYJBTbZfHQ2pEGd6BLvbs-rNLtGdY7DxoeT7lOffaYC-y70D6bU6SNaA=w600-h450-p-k-no
昌曄的遊戲休閒頻道,3,2023-05-19,3 年前,口感吃起來與眾不同，點了豚骨醬油拉麵加糖心蛋，湯點日本味，但豚骨味道很淡，而且像糨糊，肉是雞胸肉不是叉燒，也沒有筍子，麵點正常，但沒Q軟滑順的口感，只是硬，加點的糖心蛋就只是普通的半熟蛋，吃完沒有飽足感，只有失落,"https://lh3.googleusercontent.com/grass-cs/ANxoTn0w6kqE9NwjYzl2LHjsri9I23P6VaQRwysYsCODNURVLSsGNF5P34L2wAmn4gOZ9sgFtFHKpuYp1pqSdss10v-AYMknHfj_9nOGApXFTyamA8SGr7BSPS1-FiZHcvU-fzfW7dKg=w300-h225-p-k-no, https://lh3.googleusercontent.com/grass-cs/ANxoTn1Eb933l54NWz1dUKwxzxVGhfs22dvyG8urHRW51IUdwpXVw7WS272OCK7h_wIO2Qi2gE_9zLVPNXhxp6AEpyis8KQXqxpq5bGmHdhHAqVmi3uqHMQ5E8ABfE_kPGlIUDQ2BWxWhw=w300-h225-p-k-no, https://lh3.googleusercontent.com/grass-cs/ANxoTn1FDDrkyw4MeDvgBAtd3JLuAVLyLbNyTQKIrkMndKJGJcBA8v7tOgFOilQEBh9ojiuEFM_GI7BQVMboDvcaGNyBJ2hyOwOAp1MOc7X39o1qxjc26QGSWjWfvX8Hg9dfwhJ8hiSi=w300-h225-p-k-no, https://lh3.googleusercontent.com/grass-cs/ANxoTn2SVeE25xfRJUu4NFcUZnILMjeKqlpxiPYTICqCJYwGU7Lso-NPGJY4sYP4F6iqfmh4fu09y5zG276sIhJUiSnTn3CX4ZHE-MT7XDv1POyjBFZ_-C32cNBUT0x-D2e4HzcPqi2w=w300-h225-p-k-no"
Tony Luo,4,2023-05-19,3 年前,"在晚上辛苦的練跑步後，能有一碗如此美味的拉麵真是非常幸福，不管是豚骨醬油、雞湯或沾麵都非常好吃（三刷了），這次是吃TKG飯，口感真是香，炙燒的肉、蔥、蛋合為一體的味道，帶有著層次感，令人回味。

最後還要感謝老闆幫我們補給了蛋白質🤣 意外的收穫總是美又甜🥰

到店時間：差不多21：30
幾乎沒有等到，如果晚上這個時間左右有想吃拉麵的人，可以參考一下唷

支付方式：現金（點餐機）
還是會有員工來協助與介紹點餐🥰

地點：離捷運站超近超方便","https://lh3.googleusercontent.com/grass-cs/ANxoTn1VxCLy6yBlJ_EPDLU0W-RNoHgz_qoI--Rh3gC-50F3NkbXIOeblQ94ecptXshP5ipVm8qV35xG4U3whCwXLRw04Ayt-Bl-hV7LTtXLQQ24FO4f2f_LHn7v8A8vi4DL5q1LRDMpkg=w300-h225-p-k-no, https://lh3.googleusercontent.com/grass-cs/ANxoTn0xX-B7Ibw25H4VUy4v5Yauf9tQ5Es2S223VoilV7kW3Epklii_93L-j5leqr-HLBAwWGFB-L8ep-_Bh7I54Ek6ZmOfrDOuvZ7aChK7QQkbwGhTwkuUPTlHmt7JB0htPcfRmloE=w300-h225-p-k-no, https://lh3.googleusercontent.com/grass-cs/ANxoTn2T349Fx9nomWZsnnMi7wyQAya8DuXrm7QJPWFOJWP8kmSL-BT5QFR-_17-OfCMkOooKG2NVu4FXc-r1sPJrkP0y4OTCpJOdfmDKFmC8ol-htclsWaDE5ECsCJPjnUrS2iFThM=w300-h225-p-k-no, https://lh3.googleusercontent.com/grass-cs/ANxoTn3M8K3F5LFJAQfn9E0NbfsvwF_uguPIn0n4uKlpkMo1_yMuyfj0pM16TE5ZXYzC9y8NBMCxoPaQbhNzCqj73H-dn3JyPVmk-IUt167TlTDqIZfmexNUZuIen6jP-ukFxKoP_I60=w300-h225-p-k-no"
Devil& Angel,5,2024-05-19,2 年前,"很喜歡店裡的氛圍，很有活力💖
原本胃口就不大的我居然能夠吃完中份量的海老沾麵🍜+一小碗的TKG！！ 蝦味十足我太愛啦❤️店長很有趣很會聊天，員工也都很關心客人的狀況呢！有任何問題當下就協助解決了！ 好有行動力！好棒的態度！謝謝你們~ 還會再回訪的～ 一定要帶朋友們再來的啦~",https://lh3.googleusercontent.com/grass-cs/ANxoTn2xYzCGXaiZ81DgJbduQE6GJZE9t1l5rykGaHHb35TldVju4g6AXwZ-6iqWnl9gqOVuahpL8SBfpoq8nvWdxBsqVZaJ_iBiW13HjLlhOwVYoufvORKf7HZPiIysVMF4Mbow9qrP=w600-h450-p-k-no
Jenny Chu,5,2022-05-19,上次編輯：4 年前,"愛店開來學校附近當然要吃爆！
店員講才知道原來老闆是日本人～
假日中午來幸運人不多，約40分鐘就排到
這間空間給人感覺很舒適，比赤峰店寬敞，候位區跟座位區也比較多
柚香干貝拉麵我們約12:20到的時候就賣完了
（店員說每日限量20碗，因湯頭熬煮工序繁雜，湯頭有限）
我點另一個新品— 「濃厚雞白擔擔麵 $240」
（麵可以選硬度跟粗細，但湯濃度不能調）
上面加的辣油&他們灑的香料粉跟湯結合在一起超讚！
但不知道為什麼，湯喝起來有個奶味。
雖然說濃厚，但喝起來不會像豚骨湯選濃厚那樣很有厚重感，我覺得很棒～～
———-
0226更:
假日11:36到，排了一個多小時才進去
很幸運點到倒數第二碗「柚香干貝拉麵 $250 」
柚香算是點綴，所以喝起來不太明顯，一開始有感受到淡淡的清香，但喝到後來就無感了。
我覺得這個口味是個很適合夏天吃的拉麵，湯喝起來很鮮很清爽，而且不用加任何調味，直接喝就很好喝了！
喝到底部還有干貝絲跟蟹肉碎塊～
額外加點溏心蛋，但感覺溏心蛋跟這個湯頭略不搭，下次還是純吃麵就好😆
第一次把湯全喝完，
發現碗底有個「感謝」的字樣！！
突然覺得很窩心暖暖的☺️","https://lh3.googleusercontent.com/grass-cs/ANxoTn1YkspAz00jtx6Tsw3seNhpvCIaj9OL6tayqkg1xqDrnF1bc3CPR6qEVwVVKPghKgfAgCD_FPeK8A0jcUbZvXpLtiIC9vczdWp1_LVjlQb5NjptiCZLis_ePJWHrDq17Ahdc19F=w300-h225-p-k-no, https://lh3.googleusercontent.com/grass-cs/ANxoTn25A5or9L0NL_8TesWYEWuV5WXAtmhpKqGVRUVZOpP56hZJRzQebDjLjZZcV9Fe3PvHDb4MZUIZLexqt-A1LFhl6_Gs7baLAMV1N6d7AY-j56G152IJ8RtXC-ImG3kQDqla6_M=w300-h225-p-k-no, https://lh3.googleusercontent.com/grass-cs/ANxoTn2lmhpUM7jtoDsbX-Cp9F5tFrK2vbyllvlM0vEjdB3B4sUWhwfb1VQUmJA1m7sUMjXHqIkbLi25yyY_E-rMM0A2dfFYI5fERl1kYWmjLYpMgzjv_UTUqNk9doaYVwD9ZPPB2YpL=w300-h225-p-k-no, https://lh3.googleusercontent.com/grass-cs/ANxoTn1WEoI8cka4vBfamHsuoOIFmyTFFsClLES-lmdb7pWDKA9yQZ-XRug1DtJIJwI7CbUjgfst34XKySWoPxUmhF-gPdjZAQ_0TcmwHlc9iODdfg6j1nJgXm3iJ5x7t8qPftn6cJC-=w300-h225-p-k-no"
咻碰小達人,5,2022-05-19,4 年前,"🍴 辛豚骨拉麵 日本味 捲麵 小辣
個人平常比較喜歡清湯
但是這家的這碗我超喜歡的
辣是舒服的拉 湯單喝濃郁但不油膩
雞肉非常嫩 推！

🍴黃金雞湯拉麵（豬）
這碗的湯是清湯 覺得相較之下是溫順的味道
豬肉是比較有紋理還有辛香料調味的那種

覺得翻桌率算快 位置算多 服務也很好
但！還是會趨向再不排隊的狀況下來這間店
有機會想吃TKC飯
在那邊聞著香味覺得很讚
有炙燒跟溫泉蛋
也會想試試看柚香干貝拉麵
去的時候已經沒啦
覺得這家的味道是比較符合一般大眾
喜歡超級濃的可能就有點不適合","https://lh3.googleusercontent.com/grass-cs/ANxoTn2_rG6JKN_tLgacWDzqefCNQ0gH4QIXFAx27ka0l1CbJ7KlScsAqMyRt8mkGw8b79X6lJtWyMHMPC7NeRJwcr6GMBn-mO8rIPCscqvrDpTc6YWVW-FaT_uHXHgG3AFQewYneQ_2=w300-h450-p-k-no, https://lh3.googleusercontent.com/grass-cs/ANxoTn3yKQ06SCQSOSrEq7nGr7esHEAJXc11_Wz6g4TWMZRZmToE0y3w3XnJGTDF-mle3qNajlI14wYqoZkI6Z8k1tWRC_8w8K4-i2M4d54jMytSfmRfqzg1jZNIUcD_uJYRQA84t0uv=w300-h450-p-k-no"
Yuchiao Sun,5,2024-05-19,2 年前,點了豚骨拉麵+溏心蛋+燒肉拼盤，麵選粗麵正常硬度日本味，湯頭真的很濃郁很好喝也不像日本拉麵那麼鹹完全很好入口，店員一直提醒說可以加湯結果是加透明的清湯⋯早知道我省著點喝湯了，但還是無法改變很好吃的事實，叉燒肉是冷的吃的時候要泡進熱湯加溫一下才不會吃起來很突兀，下次會再訪的店,https://lh3.googleusercontent.com/grass-cs/ANxoTn3UoPwNyOebRlW0-oukKDbwejbhlyfOCN-mkmvsLgWf2xLzOS_SmB3JBjCJR8aLqu49mfdMroQuiQFzPuxGUvkzz0IHRRCTmEVHrrH82lrwqyrJHf5MHLuOSfdevZzyz-d8i-CT=w600-h450-p-k-no
歐曜瑋,5,2023-05-19,3 年前,加麵雖然不用錢，但是會讓湯變很少（容器是固定的）。份量蠻多的，建議一般人選麵少就可以，不然就幾乎喝不太到湯。可以選鹹湯，加清湯免費，這樣比較好中和。,"https://lh3.googleusercontent.com/grass-cs/ANxoTn0mv1Ny9AdplYvXltQNnyvCxImFoR7mirbskmlzeau5Y3j3kEpCErXxldJGkVldVdGm-M8d1GzyvVFemwmNL68yD0ti4mzmZZ8i1jOjwaIN9VCNKX73OAo-6lY8nN7XzS8s4zQ=w300-h225-p-k-no, https://lh3.googleusercontent.com/grass-cs/ANxoTn22PhrlrC3yc5lKukZJlwiHYYMsPloNbD_R4wvvqIL56exKH1_m0lm3Qk9ViCfzBUvNMPeQxCoV4TEm3WaoeFNnMTc3gcfumjLMmtcEzUW9xAT75D5ocsF0yu4NC4OpkkDwkvW26A=w300-h225-p-k-no, https://lh3.googleusercontent.com/grass-cs/ANxoTn0Tc99ZXLifIzXQrCVQPDReHpB5ZMHAoyyd1chDG86WRYXDHbiFA31Z-l11adYqeyFf5zi_ZVFHONkmol0dCvfgVlyAwouZUFMr_oREUO8sdpu370bAT8d_XLnaBjNqqDyHl3A=w300-h225-p-k-no, https://lh3.googleusercontent.com/grass-cs/ANxoTn32CelF4Kh5JWKS_jRp9ajGgKObHQQ_05aiBbJFybQgH9fD9zAmHzpUNP1b08NeX1xEvMupbgCGCgwctxGolM5rNlt1MDwFLpb27VKwx4mfdff8f_3TTzmIp-lXjW-O1nZEsLDSIA=w300-h225-p-k-no"
wei Chang,5,2023-05-19,上次編輯：3 年前,"辛豚骨拉麵味道濃厚，算是招牌
柚香干貝拉麵口味清爽，還能加麵一次，但每日數量有限。
海老沾麵的湯蝦味濃厚，令人意猶未盡。","https://lh3.googleusercontent.com/grass-cs/ANxoTn2kEb2L688TShJtuCqhsLH4pXfuujqZf2XHEeGE0PsJ30gvPcsCPRbeTbqnkbQbW9RgTxOy9ISvNyHFC-7V9J9eyZ37x45W9DlE02FdJ21MRLDhl12rpNMgIxx_rGOSn8Vbkyky=w300-h450-p-k-no, https://lh3.googleusercontent.com/grass-cs/ANxoTn1FJSMN6ZTQ-dNqpna2VFbLDFpJpPlLfT53zW1WjG54Ka7I5F0KgRips85hIvSCjgJgiJLLB1w8Fefry8448jRvJwFh1FQ2yoNDxgzEYBDe85QjUeN0-DxvovSDr-TeDrluRXOtcg=w300-h450-p-k-no"
蔡宜君,5,2022-05-19,4 年前,"店員服務態度超好的
下大雨還是好多人排隊
濃度辣度都可以調整
個人吃完中的就覺得很飽了
但真的蠻值得排的","https://lh3.googleusercontent.com/grass-cs/ANxoTn1d79lOoje1YSdTHP2BhC3S2hOI3ZXx08F5IRkfBy788zx9hR5eyvrP2OUwj5N_q_FwB1YVl2PYWRGFFhaza4m-XaErYBGwm24hb8RkGVCwlcQgdELRv-Yp6w_F0s25c4kgUnyJZQ=w300-h225-p-k-no, https://lh3.googleusercontent.com/grass-cs/ANxoTn0v7AvwLk_6AVLWsh0MP3lhptWWFjaIO2pWEauVw3UJykBQ9yVdN1sRLU8DhSUSmHQk-QSSMQayQ3r686CPLR18_QFmKHS5wWWt8ICv9Pkte2638Rw_V4fST1IKoD4JYfxcKRqj=w300-h225-p-k-no, https://lh3.googleusercontent.com/grass-cs/ANxoTn3czrB9FHrmohQObTRKutnMGsWebuoySqT7byqGIg9jkE4IC-OEoEwYXuMEQegAI3sibJqel8FsSGT7KVY0UwX4-FtBI2YHpk001dkcSp9dFOJvXIvzp8SRYlr0k0NBh7TauVVtlA=w300-h225-p-k-no, https://lh3.googleusercontent.com/grass-cs/ANxoTn0hhtTCvxAw6f7kntrMLI5HvHHqSuPlQJLtdBzCvmsHF_UhgbeFHcejNGQrkDcHUPnkk4HWqZ9E8kg9Q377_eiiL6kw4f_yqoZK-5ZIimKPnY9s7Pp0ilDODDPDNQZxkUioFvE=w300-h225-p-k-no"
吳倩貽,5,2024-05-19,2 年前,"赤豚骨拉麵 $260（+10元 麵量120g -> 180g）
湯頭正常，中卷麵，硬度正常

右上一小坨是小辣的肉末，很香！一塊叉燒也蠻嫩的，但這個價位感覺只有一塊不夠滿足啊(つд⊂)
隱家的豚骨依舊表現優秀，很濃郁之外也不會被辣味搶走風頭，但湯份量比較少一點，喜歡喝湯的朋友記得在大口享受之餘記得留點湯，不然吃到後來可能剩不了多少(இωஇ )

中午約12:30去排隊，等待時間15～20分鐘，供參","https://lh3.googleusercontent.com/grass-cs/ANxoTn0Kj9Mdw8Szs4RFIiizoaOX-Z1KyUQglFvLt61_KwK-p_xW2S51JMZ9Vr2E4B-ZDEERJo6gMZB8mpK177j22VgDkVD5rnktAesWn5Af85LsOdVMhDdYFhdUTsvoZxZQc2Eqy1k=w300-h450-p-k-no, https://lh3.googleusercontent.com/grass-cs/ANxoTn001jSXtwWuvFUg7UanjwQBpcYO_w2tUcbQNCPHEvyFobkab23-uJzBdmbxaaAh3fo3DUVEix4_DU-IW2HXD3YPSc2i6Kf27lpB37AXN7tahvrBS6tlVscmbbBzyJvd_64Vj73bRA=w300-h450-p-k-no"
廖御鈞,5,2025-05-19,1 年前,拉麵好吃，麵條較硬有嚼勁，湯頭濃厚，有加入柚子絲提味，雞肉軟嫩入味，工作人員態度良好，衛生整潔店內裝潢清新自然氣氛良好，值得推薦,"https://lh3.googleusercontent.com/grass-cs/ANxoTn0BRJZQi0Z1Girpsw7fJ2OJ3SlU7ZXslm_-2Sz4_e6B_mRn53gJ4CrMBHPwOAfuTkiqeKlfc7ocxQKFcsR6WB8OLTMCeR-WTn_-s3x9jUHLyB7bXDEo-YViBjd9HZjwsw8suoW2=w300-h450-p-k-no, https://lh3.googleusercontent.com/grass-cs/ANxoTn3FT5HiMPT_WGi1Wb_mC2KE8LkFcF4X6mE2BqLryCP7xCxUrODUmFtuUTxaQJPrLlvBmnv7jXUkQN0Oq_uPkQf2WCR8KNboKRmqoH_qtt_KdVrXXC4EL8Lpne2cDwKm14useo2H=w300-h450-p-k-no"
藤原九意思,4,2024-05-19,2 年前,"看似很小碗

我一個女生一球120g

卻快要撐破肚皮了

聽起來很台式的擔擔麵但口味卻不一般

湯頭很濃郁

但我覺得雞肉有一點點小柴

採用販賣機點餐方式

店內算乾淨

服務人員的態度都挺好的

對我來說都是年輕的小鮮肉

剛好坐吧台

🈶️溫馨詢問餐點🥘湯頭是否合口味

價位$260飽餐一頓

感謝服務",https://lh3.googleusercontent.com/grass-cs/ANxoTn2_gZDx6MzzKvrI8iNeL4IWIH9rQk4UcQlrtTgEzeEWV8s4_TauqK78mJOdZMCHsbdb_fcaU2H8P_ZYg0nbqLLwRVwNSlvnsi0s-OQQ3yx7i6lWUvnluKO3y33iAVggkDHv6uo=w600-h450-p-k-no
Johnny Shu,5,2023-05-19,3 年前,"二訪～～
超讚的拉麵店！！
在我心目中真的是前幾名👍
口味對我來說不會太濃，剛剛好

這次吃的是 干貝柚香（每日限量20碗）TKG飯
今天運氣很好，排到最後一碗✌️
透明的湯，蘊含濃厚的鮮味🥳🥳🥳
TKG飯也超級香✌️✌️

環境整潔乾淨
服務人員都很有禮貌，不時詢問是否加湯，口味是否滿意
真的非常推薦👍👍👍👍",https://lh3.googleusercontent.com/grass-cs/ANxoTn1MRUG_lT4fiIS2NS_tV7gd1g6ZI1dJj20_KRseDQVos4A8b55x9RN29paexarEelUc17ms6rhu-SBnG9WQY08vVyfkgsgtssNJZ7SZw_wFSbdP2jcIL6sBzWCkbKmJo1LmUBtjlg=w600-h450-p-k-no
JerryC,4,2022-05-19,4 年前,"食物：☆☆☆☆
服務：☆☆☆☆
環境：☆☆☆☆
防疫期間勤洗手，口罩不離口，用餐前配合量體溫
初來乍到，長長人龍，不驚意讓我也排隊
豚骨醬油拉麵，硬粗麵，日本湯，糖心蛋，豪華叉燒拼盤
長久以來認為拉麵魂是湯頭，沒有小肥油顏色也沒想像中深，豚骨濃郁，接近我印象中的日本味，拉麵有嚼勁，帶著淡淡麵香，肉品的部份叉燒>舒肥雞>雞腿肉，叉燒雖然不是捆綁切片，更在意有沒有豬味，叉燒表現不錯，舒肥雞與雞腿肉都有點點雞味，但可以接受範圍，糖心蛋火候精準，沒有液態蛋白
辛豚骨拉麵，麵細麵，日本湯
一眼就看見赤丸，赤丸香辣夠味，光搭配青蔥就很開胃，辣也大大降低湯頭的膩口
黃金雞湯拉麵，麵細麵
雞湯甘甜香氣足，下次好好體驗","https://lh3.googleusercontent.com/grass-cs/ANxoTn00zSD8ER8ybzPbwUdw13Kdca4h-Kxx9Fv56B1GPNUVzdjmVX07s2USaU_90V9UCqnvRSWiRpyxXE29YEFc_KW9JSxfqilPNYR5hzZC3gQSQa4Gj5cokdoZK_U4T3_BLwEvWhJS=w300-h225-p-k-no, https://lh3.googleusercontent.com/grass-cs/ANxoTn0qwKZuecuRzs5IP8pgV2Vf-ZfwcYVkmx3-477T6GoMkKJKoRYcfAJoarGaKcFu_gl5RcmSwRodJx7R1FjOnJ5lwBPhptrLrxtLWApk_rAKE6ph_xkTAcdWgzehdy1nFH151YEz=w300-h225-p-k-no, https://lh3.googleusercontent.com/grass-cs/ANxoTn02qH9O-QPC-hqxsOcQuZRerX2C5XscxcQxbqYxUm_anQ3TPsW-F_kSXMMNWvJJmULbfT70yUb762sEdo_XkZiyGVfEpNGFQp7Y9jMbL8ESo0_Nc--7cQQ96y3iPVhmggFp80k=w300-h225-p-k-no, https://lh3.googleusercontent.com/grass-cs/ANxoTn1YXAUnkBGtOxSazm1u3CAOjnBJAA523nDWzhlsJVXBNh5b8ZgAFEIhyKWdc0LK0iLZybKo7AqJQn45ZX37Vz4HnU1yEbY5etUA0rRhGqipZQEU0yAG690eM7cKQp51feamOUF88Q=w300-h225-p-k-no"
ChiaWei Chang,4,2024-05-19,2 年前,醬油豚骨味道平衡，麵體吸附湯汁，蔥絲、海苔相得益彰。只是叉燒冷冷的，少了點動物油脂的香氣。差一點點就五顆星了😊😊,"https://lh3.googleusercontent.com/grass-cs/ANxoTn20VGfumQbXdUMewgYygLjc6ktstJ5LoaDUBPRL_KsMez0bCsbugg3B31mSNLxWQtlxLTaP2YAuzwi-KS5Y1ISqlDkmOWrZVnhpOtDoBIpleNkR7r65iuCNYLhWahZGPvYRSZo=w300-h450-p-k-no, https://lh3.googleusercontent.com/grass-cs/ANxoTn0FNGVp7l-kmqLgy_iYxmr7ABw-qvgw6GXA83GF9Hb3QEnPop0FeRpY8THRZFI6zwfcc9xMuJu7xqsQ2VeeHFfNl9fE84n6mb0sh1Qni1Gd_KVG69EZI8xTS9AK--QahamhfVPgdQ=w300-h450-p-k-no"
Lange,4,2025-05-19,1 年前,環境乾淨整潔明亮，有提供冰水、蒜泥和其他調味料。總共有三種選擇，淡、正常、日本，我吃正常是不會太鹹，剛剛好。,"https://lh3.googleusercontent.com/grass-cs/ANxoTn3Wdy0Z5SwU67sjeJqJ558RvgglZ5pbm-mKmhFXkOVs-EtWKir5CAa_RS319Bdtyq1IWw-TGqzItvewpuyLwa8JkA4yaTqM4dxU1w_MkRqQQAdOpX7CzYIBWnzrFBi4AkjGTlj_=w300-h450-p-k-no, https://lh3.googleusercontent.com/grass-cs/ANxoTn15Q-x1XS3xC0uYuIa_3KYxSTIiq8OGaOI88TkW2nkoeQnpZIyIbeA1QiFRUSGJ7cmgexWLnyOJEz85DUo6IuqJQxss79L59nFE-z0xubpdzsdAfs5dc63HXvN3rwXBGF3WjykA7Q=w300-h225-p-k-no, https://lh3.googleusercontent.com/grass-cs/ANxoTn2IcLe4oGKCkmo_H9f-8ysG9BpIX5Kuyx_gXEYucJKm10KVi764nH-72eU9dVc4jkpHUWqo6EN4g41eWEUU_VTrQG7RkWwuKneTUvPFqLcn7TgIWzSO5XRIondzBYtIv9OK_PzI=w300-h225-p-k-no"
4withsun,4,2026-01-19,4 個月前,辛豚骨拉麵還不錯,"https://lh3.googleusercontent.com/grass-cs/ANxoTn0k-GddTVinbOb0sxAgOpGoItIWvhEUamZKJzLG9PlxjJCUKI1Xl9QV9s56gPcB1vegEkjopubpatjbDnAi4O3o-9LMZivJGwIdTUYAHISbKJ2_aviCg0-y4TOn_rspwEk3DiAMbC0v9p7D=w300-h450-p-k-no, https://lh3.googleusercontent.com/grass-cs/ANxoTn1HfeFAHLaSm_nWRXRSTeoKnXfrFk-itF9kyv94ll0vH6VAC4C9d-Y7gIk03q8sXeYND-ByjXzgeaGqravIlpwzLeSKAmBjXR0CP5zHYhm6UWROezb34BU53zdGRlFSp8GMoSR0jWt2BMw=w300-h450-p-k-no"
Jacko Huang,5,2023-05-19,3 年前,"平日中午12點到約排隊20分鐘以上，進入店內投幣機點餐付款，取得餐卷後店員帶入座。

各種口味拉麵都蠻好吃的，建議點有肉醬的拉麵口味，這是隱家拉麵獨特風格。","https://lh3.googleusercontent.com/grass-cs/ANxoTn1rdN9TUvXAIE7Xg2oT_-0mhCi0Y1F-DSOCrVyDjaULNGzPvveCAq_bjxWpCkG1stNZn_2BTX0Tc5zUTWAQsRdEN0rhL_kkgFZoA_sERYR8xmBvnV3ZFxsP_Yk_F-frWFKWUYWW=w300-h225-p-k-no, https://lh3.googleusercontent.com/grass-cs/ANxoTn1xSHLi-9OvwqDnfieZRt20sI0-1ZJpPfvCBQ4IXLKZ53g3K8vCv86OxIZxEweXVBUFNyXID8WIaeu8aLgrhsrX6ba1Xg8kiRSiTk7BWIJI_0zFa40TdgD7q3rExadY6rmlygf44A=w300-h225-p-k-no, https://lh3.googleusercontent.com/grass-cs/ANxoTn0lhFGIV34olqG7VB4_Tyypin52dWmCvZ-VvoAHUla6fDE6rAo7pcidbTmR-JQesxujMqM6EHGFgm71F_o-tfh7J7pekrddDR_ORNEYKnYdl4N1wwZQKFC-9Tbf0R0DF_BXVutm=w300-h225-p-k-no, https://lh3.googleusercontent.com/grass-cs/ANxoTn2NLVqbItCMEv_9cgHSny3lND9d93ljLnY_Lz0asdbhtf-P0DVK0YKL3_bRzngVSt3K4V2mxWadYZRAZW-T0NKSagMm46_2hzKGUu3YA9j9B6CdK1zoMPjMZ5zTmdP2k7fAfVhG5A=w300-h225-p-k-no"
Amanda Chen,3,2023-05-19,3 年前,"整體味道處理的都不夠細緻
湯濃厚但豬味偏重，個人是覺得還ok，但怕豬腥味的可能不適合
肉一片是雞叉燒一片是豬叉燒，菜單上沒寫，肉的腥味也蠻重的，雞還吃到骨頭
細麵硬的口感很棒
感覺好像沒有特別想回訪的點",https://lh3.googleusercontent.com/grass-cs/ANxoTn0Zn0e9i-zYDkeXATCsf0l1UVxxxoaPZDsbJByBWiWdjcsjOeEp5R5E1xEuv9To41rQTYnP_sczPGXjZdG5zdqq8cl60SESyE6FOOCvDFi8ezeA7LoHGUWjhhwWJyKHb4VDgT6X0g=w600-h450-p-k-no
Jia H,3,2023-05-19,3 年前,"雞白擔擔麵：閉上眼睛吃，如廟口夜市炒麵，加特濃醬的那種。如果平常怕肉味的人，不推薦，覺得是肉香味的，因為有用辛香料中和掉肉味，就可以試試。

柚香干貝拉麵：湯頭沒有什麼柚香氣，只有覺得鹹味重，不特別覺得在吃拉麵，十分台式，在台式好一點麵店大概會賣到150的價位那種，而且可能在台式麵店湯頭會更好喝。

店裡面建築倒是很特別，像是拆掉一邊承重牆的建築，靠牆用餐那排，則實際上是在外推都鐵皮屋下，很台北（更適合放在台北女子圖鑑😂","https://lh3.googleusercontent.com/grass-cs/ANxoTn2l49QqMeBlnVad6VNirg5aPdHXPZddC6X3DFyI5rpWA18LmWHfo9JsJ7uK9cHqvakfMPDWabsU7sZ2tadBg5YeXRj3Z891tugzv4bzdlGXWApt_ZJIP0bfD9msdTY3vy6yemO2=w300-h450-p-k-no, https://lh3.googleusercontent.com/grass-cs/ANxoTn1wHlccCwnHs-I4nzV7EnzoMh04OCY1WqWyh32azlAqeXp7lGFO9_v9gR0Tq45GgJYLumNfJczd3wOal2_PCdnZCoIE6K8O4P25AhAJVezYDPc0-CgMVeb3aO-LCG_aY1GzfQ34FQ=w300-h225-p-k-no, https://lh3.googleusercontent.com/grass-cs/ANxoTn3Z_hHmpXfH_ph1LnwHHQLIYTdS2ysbBL-CCHOSNMIGzHWAszrZURNK0m21shxCuNsSgK-LJjm5ygaw_LNBSqLbWPhbvF_oJjfPf932aWQxZR3R1sHC3cZ2ZYcAQ7vHoFHyng-j=w300-h225-p-k-no"
Vincent Lin,5,2023-05-19,3 年前,"名不虛傳的排隊夯店, 等了將近1個小時, 但隨著濃郁豚骨香味伴著Q彈有勁的麵條送入口中, 似乎讓一切的等待都化為美好喜悅的雲煙!!!","https://lh3.googleusercontent.com/grass-cs/ANxoTn3aDHt2Upo8Y4nTG_bwwfvtnbOOGY-o9Rz_O0dSMUfWZvV-nlNmnpbVshy-3NZSVa93-JdVu9wU5CZ_pD6Mm03FDv0NTvuFO3m0TfnO-_kLidhVMopfrbzR7eA0WrOtjhUDqPrV=w300-h225-p-k-no, https://lh3.googleusercontent.com/grass-cs/ANxoTn0Skfq0j1u9IrGwo4F0syQN3ySTW1bUFyIHJtyakN0DDWso-Dq9YGD6nbjhP9cxKCU6E7QiayKmaOrQdUxlEvkZMILJ7jt1GP4BsPwrvv_AH1efxPW80F3NaecNpHLVv2oTlcME=w300-h225-p-k-no, https://lh3.googleusercontent.com/grass-cs/ANxoTn0aqCSKWenAd_2F3D2oyz3nRXTA8XV_-83wVgQ1cVY5pS7P04HDj-bpPQeUATPNPs4d0iNAkmUsTbn05WBfk8OoDVESzBJG7txknYE_NfiUC3dqCZhREjoXr6wvVWVzpj41RVzofg=w300-h225-p-k-no, https://lh3.googleusercontent.com/grass-cs/ANxoTn3VTS3yBf4JjhSKrgHE-P8ANB7_2k4_XkCZSQ3tiev_FCphSAis_hHMKgIQXve8VWIUGmsVkJBXg1ZDrKyAH99zit0cwchUiealsdL_w_ONnf36Gv-ELvb4ZF7O0_63tZmh2GCV=w300-h225-p-k-no"
凱傑,4,2023-05-19,3 年前,排隊候位會有工作人員帶位 販賣機自助式點餐 翻桌速快不會等太久 拉麵整體算是不錯 會想再去品嚐,"https://lh3.googleusercontent.com/grass-cs/ANxoTn2fuEeieW7zOBO713Bs1GWAALdvi8PRDH3BJYMXL-foskHMV7qhawdbM1tkNOZi3QHVIsxhwxsceP9xdJf5Y-wtmSEX8iAxfpPzvjqhEgQqowJjcCpPnezJ_pUubTkrZ6wmM8k=w300-h225-p-k-no, https://lh3.googleusercontent.com/grass-cs/ANxoTn0kQuqBXWShMbqujl6zwU5RbaesvPaK_PYk2OUem8qxTRTKda3qVhdvuv5vD4G5pSDkt7p3keaKDE6hRTNC42SIo7cbPT92yBr7ldtQJXd5CNlbRY4TrZb1kOGSGxf-whujm68SwQ=w300-h225-p-k-no, https://lh3.googleusercontent.com/grass-cs/ANxoTn2sX2gSiz9FFEQRd7FzFq5KRme1Ss9_WCk3ZbYzREQf_13kMUYtrT8d-SM8C79oEiEOaAWCf986efk-Dq8ffHs0FbFlpaAjQpn5wx8rwaLkfo6ZMUPVhQzzIjumO7IKb-eWTaNc=w300-h225-p-k-no, https://lh3.googleusercontent.com/grass-cs/ANxoTn08ss2W1YkCQ7wEvicOrSYA9JfjvlPzIlnhgwsCu3iOmQ-VPOtt0ZUo8_cWHI-_IJEgpoa87pFtayNOLTqAeGW2cMqCcFkWHDwtuKqEQc1GlBgDgd4ldC7moEvbwpu_1UoO20rcvQ=w300-h225-p-k-no"
Jason YiZhen Lin,5,2025-05-19,1 年前,餐點佳，麵的口感適中，湯頭（清湯）清淡但不顯得無味，叉燒口感與調味均佳。內用環境佳。值得再訪。,"https://lh3.googleusercontent.com/grass-cs/ANxoTn0pt7Moj9FeceQ5zkhD45DsNOcsd6h4sFp8AGXTORJva6BsL2W2F-9ZvbYdbieYYSYePrwfp2APMRDaVvz5dPHC39zdmo5WNmdB2HCCe7G0Ht4kNHZpnURGrJVopUcCRY74lQSsPA=w300-h450-p-k-no, https://lh3.googleusercontent.com/grass-cs/ANxoTn0rCrXBcC9JQZT4ULLbXPKmpYU6PPZF9wyvu5eennYgHPCw-kUjmqCqn-DetGasS10H3To8ZidLaPnFSRHCixQRZxG-NyH1QoAh0dUVySInMwiOpNAeshmn0XC23QYkuAgk6tql=w300-h225-p-k-no, https://lh3.googleusercontent.com/grass-cs/ANxoTn1YLOw-STGoYUNyo7nmg8FqPnanL5H0rSgj1ouI0iHEV9nvJmUjXteSOkYG1qNeCbJtZMBB5E8slF6OjzPiD5kJk7TliPl4hVnN_IitTN2PGj1_RzjxCE3R3-iP3qsrm5bOxcTJ5Q=w300-h225-p-k-no"
李雋容（Grace）,5,2023-05-19,3 年前,"昨日無意間在公館發現這家拉麵店。
裝潢設計極好，排隊等待的區域很寬敞，與日本相同的機器點餐付帳。
拉麵湯頭濃郁，完全沒有肉腥味，我點粗卷面，軟硬度非常好，絕對不輸日本。
拉麵所附的雞肉，也沒有雞臭味，非常好吃
而且和日本池袋的拉麵店一樣，麵小、中、大都同價，超級佛心。

店家的服務也非常好，而且是用洗碗機洗碗，這一點非常重要

相較於百貨公司裡面的日系品牌拉麵店，這一家超越他們很多。","https://lh3.googleusercontent.com/grass-cs/ANxoTn0AC9qD4wPrIjhEUtPS1PWqn3Iws2iowkUWc78wBPrmEP5C-kwZn_g5yRYbMyhYYpygun1ufIjRcuGQKZZGGhdVNT8j3jqHsvjzHAjYoyIVXQGyoO0RnsSyg_aKTYSbDWVhuqtugw=w300-h225-p-k-no, https://lh3.googleusercontent.com/grass-cs/ANxoTn157VWai93la21QPhHXXJbh_EHbqNUa0opDO3Db_XIGG3KRo1R7CE7xdIbQhUyV-p9tQrgZSIQ2iVvGqa4VATC4J5BzCKtuKHHWr9CbbT1P01vxWIOwvJg52UZC5Zd4p_ddEGzg=w300-h225-p-k-no, https://lh3.googleusercontent.com/grass-cs/ANxoTn0eUhOdr4b6RYXCxX2nYP8k3K0MA2p1C2AaQRt1yKaYicZ21XSzTukOBoIp4U7AaFNGrCQKmdwEJNnA73FEDvtJg560sAOG4aMHAJd7e1_pafBnuGb_gsvzjMZpLsVLVSkmxvH7mA=w300-h225-p-k-no, https://lh3.googleusercontent.com/grass-cs/ANxoTn1T1ng6IzqhpKj8FaYK0E6_xaG_SwzJQbdASiI02X4Jec8EIv8sd0-AqcYZo-S6F3NgxfWa9ESjqNIVKtNpilIRjrQ1A1xX3JPzgk5IFaDv9Jvd2mvY6xdc2bGVbRrVZYhIzrg=w300-h225-p-k-no"
juju jiao,5,2023-05-19,3 年前,柚香干貝拉麵僅限量20碗，很可惜沒吃到，麵量大中小都一樣價位，大碗的蠻多，吃的飽,"https://lh3.googleusercontent.com/grass-cs/ANxoTn396wokNnYvO5aS8fmHEp15cu_qz1LYfgidlExFHQAEe8yubB7Dc6_97LMtyEt0Jj9LkgpVFkLjVdv6JJ_qTGpl3rZotWJg-0G5pYSziNumNE5mkAlsaiKTU1aPtRqOQFgD93hS=w300-h450-p-k-no, https://lh3.googleusercontent.com/grass-cs/ANxoTn1qZ2YchHvFXcnMx2HB1o7y_WcdSQM9Q2n-BLBlNZQGJI-e2O3_oZiMRLX5ngJDGDbM0YSoY5KA5fxRHA_7ttYxyTMHc1yk_n-uC6rNHizV21RSeE0nhgUIDUTLCX3Kwi_gOGJI=w300-h225-p-k-no, https://lh3.googleusercontent.com/grass-cs/ANxoTn0R4wWl02oAivsx6bJTA9Z720drVRFq7jqiUJx7-BDvRiTiGfLzgy5db7yreJ-BeqF0sqKNv8U_IOOheIP7UnWARq33J83rG63r4JT3_fTfVWSP352SHZBV_sg9HZxq9Zn8XbkU=w300-h225-p-k-no"
M. Chen,3,2025-05-19,1 年前,"獨特口味的拉麵店
如果不用排隊太久，可以來嚐鮮看看。","https://lh3.googleusercontent.com/grass-cs/ANxoTn02UCeXXd3Ta6sgb5zYqTsvEU9ZhvHBrUaFpdHr94Xrxw3TQ_DpZmVzT2vTx-AYj1z0PE899ZRKXMCbkUYFX-N5QHMQoNynC0HKiIJTv6OwSqPqUdi2_OlZI5Q9Xj3fA1PuqCxz=w300-h225-p-k-no, https://lh3.googleusercontent.com/grass-cs/ANxoTn36dYOUJpWRDqzf4TBLSYbZwocGmt3TEPVeT-FSsTBKQXj_Euf-MsNBjXZwe1nay6fEeySQYUhujLI1ZuTAJjnVj7Mc_6RL_e8lHZ6XddvDbw6Xk0UzzLFObkdlIZfUr-Gy7tmQ=w300-h225-p-k-no, https://lh3.googleusercontent.com/grass-cs/ANxoTn2XR0sMZteVZ91iCy_l1VoA4G_xYmMkdy0hej-AYwsUVQYWtSOuUvZRrmCfxuttcfVwWN2CzgejYVDZppXjuvaEbOpc4WIOxJmPVkGoRla6oo49w1Rm-0B0oDpkR3rm5km0us5V=w300-h225-p-k-no, https://lh3.googleusercontent.com/grass-cs/ANxoTn1j2ggj4NV-n6ywsVhK7v06lQds5ccvvahy8Qqp9Wtpc5yNm1qwOBW3rM-wDF8vFShsru0vh4jPHQOou37IQxi3klFKjG3Ey714mYh2hsrv0Lj94xvWW7BuSunJaUzSzvK-feFq=w300-h225-p-k-no"
Connor Chung,5,2025-05-19,1 年前,"連鎖但不雷的拉麵店
/
當想吃拉麵但對於要吃哪間沒有想法的時候
隱家就是最好的選擇
店面數量多、東西好吃、高CP質、不會踩雷
推薦加點叉燒","https://lh3.googleusercontent.com/grass-cs/ANxoTn0su-XVHb3RzWpsEj1CHktmf2h6bcPWgjSjZOLwOihrsduyty7SQCIY9BX_3OQ-X3-8qFO_kGM7Er30SA2Ku98k3HAo8S8m8DKTTqLS2X7WNIP6RAP9qcu4fpWvqTjk62-UhLS8=w300-h450-p-k-no, https://lh3.googleusercontent.com/grass-cs/ANxoTn2X_kEl2gTuzW8vILKpueSQADbIO94BNx449bMFCbyZdoy0PtNSpiQp27Rnl-bE83yqOrj3uwo1GuQsJZoCH-H46HulDWq2YceiXjtYV5vX_P3XDlHwu3G3rvYX1s6kys7x0l6g=w300-h450-p-k-no"
孫愷伶,5,2022-05-19,4 年前,"剛開幕 人潮非常多
雖然內用座位很多 但部分不開放
18:30排隊 約等待1小時
柚香干貝拉麵一天早晚各限量10碗","https://lh3.googleusercontent.com/grass-cs/ANxoTn0--ckQTjrv1e2SeE3ow8eIKk5hjAdyEk0eoBsSewTQVU1bFNmvDFVPQMUTTWiK1ClDb47OJSf9odUZSQs0vI37-kvhCXdo1bfNJ88ZKmwgN9kmzbGa5gYp-KE93jmAtEAmHJCr=w300-h225-p-k-no, https://lh3.googleusercontent.com/grass-cs/ANxoTn1rZBcvLWF-mrHHygI_09s3BM18S5ZXXeYaRuoottdD2XvzbjIaOG035P8e2pNw5xdT9G3sDEDJYEIXZAoNwCmwg6GX5Ddsds_cpiRiQUkas_NJB1XGxXyPEmsMqPmS_6LRCO_gtw=w300-h225-p-k-no, https://lh3.googleusercontent.com/grass-cs/ANxoTn1tcQB2tPvU46ywMOZhFTND6RqS5q5FWt6sO_7X9LFaQjSPfLislOkeWDHSKiqk3Cki2bpQg_qwIdeMhx7IK0NS3l7fqij9xx6hoC_fbaBgvNyYS1CACs5gtJhzvb6s82nU4fSP=w300-h225-p-k-no, https://lh3.googleusercontent.com/grass-cs/ANxoTn3nhoL5HspJvCMYdJSMELm1xNlOjQ276W707eFRQX5Vqyf4ZHGHmgfc7HQydCYL2a7-cRPA3RAx0bcqHQKVDVHYBnecKoiC4g2XGJZYggLRKMY9DlG6mBEimnTMQMRxI8tYemdsoQ=w300-h225-p-k-no"
tony tsai,5,2025-05-19,1 年前,再訪 份量十足 美味可期 不小心點的有點多 可樂真的太小瓶 環境算乾淨,"https://lh3.googleusercontent.com/grass-cs/ANxoTn3vd3q-lSWxUYdqFhqioTwcn2QIh9hLha3VQOJGH9z4pLdK-IM4K6V5IlDX7ZXdGSEniNIfD8zvGVEIWwMlKrmpJSfTmwNgQvXO_3KKeMjyLy1uOAFHmrLjn4dwAupEFt0fb4XwYw=w300-h225-p-k-no, https://lh3.googleusercontent.com/grass-cs/ANxoTn1QDPsHT4tTlJNIPV7n_092VAH68ix6otJMnGQgXpFcEBqvqSjmeItsqbRs933-XEVke1ea3oPQ5bamy-yap91Pkr1FUu8WWM4OuCSEpqKDGP4Xlilrm-pUdWKgOfebWIhS1D2V=w300-h225-p-k-no, https://lh3.googleusercontent.com/grass-cs/ANxoTn1l7QDyt_tTHxGq3ojGFsmjVA0T-6TG1pNEw-eIH_UCFSJZkOh8mxG-GCJ_Nof9zPWEhvAk1CQsoRyZ3iwQWCAUiQucbZzJ08zHEgTQVXuSXdZNwJpkU5LsqxxLaMFYvycShJrkDw=w300-h225-p-k-no, https://lh3.googleusercontent.com/grass-cs/ANxoTn2j2Jd3-D7VEVRa2HtoJbK5sXd0NObPJbT3x4Zqps8RLAFFSHRwRq3m4PafVLYj9bwEjxV4CpYHx26d-A7DjDg-2pXWTLfSkXdjLz1UZOfUqjw3K2WF74rV-C13XFhzSh27XduQ=w300-h225-p-k-no"
侯正修,5,2023-05-19,3 年前,湯頭很濃郁，是附近CP值最高的拉麵店，八點多去吃的，不用排隊，店員都很親切，點餐跟付款是自助式，湯頭很濃郁，不用服務費,https://lh3.googleusercontent.com/grass-cs/ANxoTn29jI2ga9Fb1QsMcw-gP5UALgPFPswBmGgjPqcPk9Saz3jBsxSd9EvyzVJ4O5rMsO6WDKGwbak56QuMQOO1VOYGbX_LBGaxuNR11VtrPKs0c3eQm0jJSBOkYKauGhxBDaPQcnurJQ=w600-h450-p-k-no
SW.,3,2025-05-19,1 年前,"/ 𝐎𝐫𝐝𝐞𝐫. /
▪️豚骨醬油拉麵
▪️濃厚海老沾麵
-
排隊排了蠻久的 有提供水可以喝
豚骨醬油拉麵選的口味吃起來太淡了
所以整體不是很喜歡
搭配海老沾麵的醬汁一起喝覺得比較好吃","https://lh3.googleusercontent.com/grass-cs/ANxoTn06fY7hhpZ-ntvFCFEA5JfpGotsnLzxRq1Idf0jHL76hUbAwzktZK6Siv8L7cvpunq7Q7ECfJIuT35oPvWNY1SrAPJEOUQlzrf_wuJVSyf1okf9Ohj-aPuuYlnnd_OqfHjx4pnccg=w300-h450-p-k-no, https://lh3.googleusercontent.com/grass-cs/ANxoTn0J3abhqzBgLbsj6E98Op6yK5xoJlzdwxeL2b7fVI2Cj8C44xTEi3HXNM9p7POuNL4FJGch1Qm4moVz6-aMelW9Gs6SyLD0phSJyboAVfr_y5xmYhL4GzbtK1G_qwimFpEw-lrb=w300-h225-p-k-no, https://lh3.googleusercontent.com/grass-cs/ANxoTn0n6eaSihvujn5wd68CCWKHKcVXcTdW-EaIJkGQ4UzZT2RtJwukxCZ8ayLtmZGiQCO1nq1oB2jxdmHp97GOIy07dOYouYl3Av4aXdDAG7u1YA91ma7bMHofU9nIyRaplVJmM7Sd=w300-h225-p-k-no"
黃瑄,5,2026-02-19,3 個月前,"光服務的品質就可以給到五顆星
很親切、也會關照客人
今天剛好完全沒人排隊來去吃吃看",
派脆克,5,2023-05-19,3 年前,"粗麵條和濃郁卻不油膩的湯頭深得我心
服務態度良好也會double check餐點品質
會再訪","https://lh3.googleusercontent.com/grass-cs/ANxoTn14fUqFLAijKj48dZbQ7hixzAYc3HlcgwCaQvKNZ0HXcaaIg2FIaiKNc3W8TG7xSN93PtXXvN7g4Lsn_oULI4irgGSQVBvxgqfIqp2B1WvUQOoq3y66v2JkUs32J9QrvpO8KfQt=w300-h225-p-k-no, https://lh3.googleusercontent.com/grass-cs/ANxoTn1sf4hPw1YrAGCbdkfsm1k-Icr7xLPPBXmde7VSkBTfDWEDP4JEyqVxJsI-JLIedvvf9w4QClCiQdBm-NUw_Lbm808xjJwuuy4jXNZ3hWq9kXemFaNkeaCM7fJVTtSim4nVhvD0Mw=w300-h225-p-k-no, https://lh3.googleusercontent.com/grass-cs/ANxoTn2zHlBGob7LfGb7x9EcFg9dJojVkO1tgne05iTRqJWOB0FFPzYkMyne5dEd5WCmkngKyWMudcst426gRrq274E-7Badp2wUXK0gsm8FK3pXbjHZgnOd3s_oTq6hJz_iAH1ShrA0=w300-h225-p-k-no, https://lh3.googleusercontent.com/grass-cs/ANxoTn1KHBfyUJuLYBglgGwMhLtPLx3zR6c1bcrYiVxaCBRYXs9voVPoJ_deZTLf2a8fcutIE_3FlQiHwodOUzTTDsWZO848_oZG8jopONgwYgZdVwOktk_ePNos3o-R0prQ24PT6Sla=w300-h225-p-k-no"
Scott Ku,1,2023-05-19,3 年前,"幹你娘在馬桶上打完這篇評論！
兩次晚餐吃，兩次都隔天早上拉肚子！
第一次點濃厚海老沾麵，吃到一半涼掉拿給店員回去加熱。
三個月後第二次點豚骨醬油拉麵，同時囑咐朋友沾麵不要重新加熱，結果隔天早上我還是拉肚子。
看了其他評論才知道不只有我，
這到底是三小衛生？","https://lh3.googleusercontent.com/grass-cs/ANxoTn0GQmbbl4WVGQUA5mCXhQ2361Ko2BjTJGMlxdEaTnTFsC_Np-OZvohzUKPFo_QZphd8atyCFwc6bPCynWYzJxHsGkGZVVn6txAKc_aVejWzWqKsDABpFundKIWQhAFmUr39SMu-=w300-h450-p-k-no, https://lh3.googleusercontent.com/grass-cs/ANxoTn1tmZAe8jz7TW3KxZKFk1MArQ_k2DAMByu0VoAkyZC9v1vlJZowT7wiJK-mmPPkSpe3TFk0N2NO7DsDxGKd_69IBf6z1i-Z47sx91_93pbQQUJyVPZTPkNZAq9CxFdOlhltgV7UCA=w300-h450-p-k-no"
陳謙宇,5,2024-05-19,2 年前,"擔擔麵巨美味 微辣超濃湯頭喝第一口味蕾直接原地起飛
可以向店員要求加清湯 清爽湯頭爽重享受
TKG飯被炙熱後略帶焦香 拌上蛋液與美乃滋一口下去香甜鹹三重奏 不用多解釋的好吃

叉燒拼盤略貴 但是三種肉類 單吃或放拉麵沾湯一起吃都很爽 雞肉醃製過冰涼爽口 叉燒搭配蔥絲一口吃也香爽滿足

排隊時間大約在30至50分鐘左右 看天氣時段
店內音樂很嗨 都是日本流行及動漫歌 可以直接在等待區打扣 別害其他客人滑倒就好","https://lh3.googleusercontent.com/grass-cs/ANxoTn3yjQ9XDsRgpEPxVvS0ts9apgiG4WwoYfl6vgmm923q_DW0sqjz76k9kxWAYobykoKf-fvDYFF8IUpIAzYxGiNhD2EwEf3w9R9x476awGghXALnPtrA-bSc_5WuQ2OkezMjwemglQ=w300-h450-p-k-no, https://lh3.googleusercontent.com/grass-cs/ANxoTn3cJ4djeNRZ6HEIW9cLLJwSWyctNynnXr5ej8lf604Oa5LhFsrt_2j7iShoxLrrTZKNAcsecKB2h8444fuutuuPvg_vCVdBNmjTZaOhRKaKszNlFcPlSghm9hJE9pby5_yRpIc=w300-h225-p-k-no, https://lh3.googleusercontent.com/grass-cs/ANxoTn1WgVzsAh-Oe0tzTaw__VxPyZRuCX0L1KL114lIkjjh1QOCkH2JdYeLB9_fWobDP81fE-ljdmqkoc61p3mzmDzoLxH5BzfBuOAg-mKLIFXKGY_QKs55NWA5JItZs2y4rme0ZaezhQ=w300-h225-p-k-no"
美卿Tina,3,2025-05-19,1 年前,"11402-湯太濃，拉麵水準不錯，還是飯最好吃
雖然排隊但是快","https://lh3.googleusercontent.com/grass-cs/ANxoTn3d9Gjeizup0TYFEVQv0ojTKUDvz7QZwTKdTyuhbvnGvPPXKhPDg3a-BdMi3n7o83-gcDFW2MxFrMfylVlm8tQGW6KAWe_yNzHG9yWZzYfzRCmv2nnVjMrmXJetVoYrg3XaUn62=w300-h225-p-k-no, https://lh3.googleusercontent.com/grass-cs/ANxoTn0GIsPsT-vyqxnKjA5phmN-ltdFSTP6kC3nhf0R4E4H1zTkymQvlIliHcfTCp1uO2A9t5zaRn3issnxwcxx3Sqd6VcUi5oBaWmw6HFSVm5SQend9Oq4gLp_5FmCVjy7Psfqs2Fj=w300-h225-p-k-no, https://lh3.googleusercontent.com/grass-cs/ANxoTn0fvffl_R01xc8nGYVZW0TPwzCG4bR4uyYX-TpaJD8D1QAina5-cgSmOxoUB_al1a0MwJEbzkwdXO8bgBk4a--YNAE_aL07KK6mqkNoUaRwbbg-Y3Udi1qmpcctStp61yCH3BAhNw=w300-h225-p-k-no, https://lh3.googleusercontent.com/grass-cs/ANxoTn2_FV-bG1Nb8KKGTuCP4v6V7_MhC4yiVN-9vILXPRKgpfN_vTYzp8QXTApmHeYqNJ-VLG2av-wSHJ-48FA1VvlkWhK3NXG708mOBGhVIdcRDlLHbgR2UukA2Ck6sSQLy4VamE6s=w300-h225-p-k-no"
Zoe Mao,2,2022-05-19,4 年前,"來了第三次才吃到柚香干貝，
店員的口罩沒有蓋到鼻子…
中午內用的座位沒有坐滿，
只提供內圈的座位，營造排隊的現象。
但麵是好吃的😋😋干貝非常普
旁邊的墨洋差不多價位有三顆干貝","https://lh3.googleusercontent.com/grass-cs/ANxoTn3w86E2gviRsWEfVU8ECASSEODK_KDHKhT7QUont63ZuEQ7Pu6FFtGiTVzzP7e8ZWdyLcUIWypYhSpwx7xgdz0O8Q4c8YjHh0ISno_ZiTAH7p3Ocurg4PB4QFZe8T_nGkF0nv9A=w300-h450-p-k-no, https://lh3.googleusercontent.com/grass-cs/ANxoTn3ZzW6m7SmO4JJ4SUZI2aHGBRJf4M79UH95eiQavy8vAbQS4-psxFCV9LBBZ8dkXEAdOK4SusTjK_Ie_-uAYd8OvrxOZ56wk4eJoqJDiDZECPq7fyP8cx__2zlpz6vAd6N1OatX=w300-h450-p-k-no"
Mr.M,4,2023-05-19,3 年前,終於到訪，平常用餐時段都需排隊等候，建議可平日前往，店內收費採機器自助式，只收現金，這次選擇辛味豚骨(NT240)粗麵、麵硬並加點溏心蛋(NT30)，湯頭醇厚且份量紮實，算是水準之上的一家拉麵！,https://lh3.googleusercontent.com/grass-cs/ANxoTn3p-1UMZbjByzieqfTQMY0uNDxJe7Iv7WmE9ZU6Ym05YEEN9m370qWz0T3YYEVOlyM_evpKwd9hPJHw7gkJ1c3uJF8nDXFaAut03a89Fe0T78FF4z9Gnnd-C5aEpQYiypnoRKqeEg=w600-h450-p-k-no
寶拉,4,2024-05-19,2 年前,"店內環境寬敞整潔，座位不少，店員在你吃完後會貼心問候，我覺得很好。
不過，我的雞肉實在沒什麼味道，吃起來也沒有像店內那麼香。","https://lh3.googleusercontent.com/grass-cs/ANxoTn0WlfuDzAt6Hnk0okh7ktbQ49YmayxWJfyZVQuWAGYEufsFU3Wwe5M-WX8Rowt3ifhh70gW2Re8srXuzTAkq1hQxDFkrkhPz-9JsiPMadFbuM5Y8Yb_7pvna3O6SB3ox7bO8jOt=w300-h450-p-k-no, https://lh3.googleusercontent.com/grass-cs/ANxoTn17h0LywBP8Gfoh09L3XP9iZWIAqwMR7VX36C8SGsVJWrNUKYK9IW9hGDP9oEl9th6H2pl0UkZQBKfGZc5YETA50QHcDRJZmekayHWo4lPRDkLkDtuwsGdan-4hCfm90dp2oWbVKA=w300-h450-p-k-no"
Devan Liu,2,2024-05-19,2 年前,平日的中午過來，排隊人潮不多就進來試試，沾麵非常的不推很失望，醬汁非常的稀，只有稍鹹蝦味，麵條無法充分沾上醬汁吃下去，失去了吃沾麵的樂趣。同行的友人點了拉麵評價一般，說會想吃鷹X。廚房是開放式廚房服務蠻熱情，但感覺態度很隨意，做事也不嚴謹舀湯都會灑出來，拿海苔開蓋會影響到顧客，不過這比較個人觀感，也許有人反而喜歡。叉燒部分也非常失敗，雞叉燒全部黏在一起，吃得很狼狽......總之完全不會想再訪的店。,"https://lh3.googleusercontent.com/grass-cs/ANxoTn0wCPodLRZkQ30uOTmANOYDVGunpi4swtKoJLX4RselsJ64E5q6CPSPs7HFzljzUde6CQu3kI0Fak3uFycQlYG7Pn0b1rCjoxMzTK7N5lwWoecYnqrMmMssh3gJo7OmZRXXq0wV=w300-h450-p-k-no, https://lh3.googleusercontent.com/grass-cs/ANxoTn2PhGKeeZT7Q-K3lksP6NM5x7o_joLDuTScyWCULzqA1S7skuCkZSyLYKH6GPHw90vfxzj4-qbzLlbFzdq_wRA_X931TcH9I0eAXk1lc_x6hUOhK8bmKU4cicyVCaVAxTCNU60=w300-h450-p-k-no"
萬由里,3,2023-05-19,3 年前,這次來店裡點了黃金雞湯拉麵($220)和叉燒拼盤($130)，剛進去的時候大概有8-9人在候位，等了大概25分鐘才進去，整體來說麵的湯頭算是清爽，怕湯太油膩的可以點這道，麵體應該是符合台灣人口味比較軟一些，建議來的人可以點叉燒拼盤，共有三種肉可以品嚐，如果湯不夠服務員會問要不要加清湯，清湯沒什麼味道，如果是住附近的學生可以來吃幾次，但如果專程來吃就不太建議了。,https://lh3.googleusercontent.com/grass-cs/ANxoTn2Qbs6oy5L-Mgi5YgYd7in4noa_dkj8gVdvkc9itJEBKyfmLGlmaa8gIgA4FzQmHei6MdO255-yBfko-vTtCEsAblY-Aacj0gxCeJTEFyArEQ8jLIhp0M7MU94pEgwR6Lj2cyWZ=w600-h450-p-k-no
hua,5,2023-05-19,3 年前,女服務生很親切，店內空間算大，點的豚骨醬油拉麵，上面有蔥花加上兩片叉燒，中捲的拉麵，配上口味正常的湯頭，價位不貴加上女服務生的熱忱還會詢問是否要加湯，師父也會問有沒有吃飽，這種服務態度值得給五顆星，如果等待時間更短的話會更棒。,"https://lh3.googleusercontent.com/grass-cs/ANxoTn12oNbZVojwpVoieMHeOVFRVjh8qppptJXq9rFTRbLVOSIkWw1XULeg8QXw1Ay0AMIFr4AtEOeAFiBjcj1-a9b_uY7aV9ZCOGThaPetyNgkWrt4RoDLkR4s4EIzKf5Ud9CrcSI=w300-h225-p-k-no, https://lh3.googleusercontent.com/grass-cs/ANxoTn0ezU7WM4uLMDvzBe9LhwZhgoggmN3muipG5teDza6b4AzHz86Ikl7ALsmxbzy_kLJKIUjJPPBvIhJxD8f88cMWQW0KvAMWrVZaxS1MaS5Jawf3v5LAAACV9jG5EqiZgwqBLrCNLg=w300-h225-p-k-no, https://lh3.googleusercontent.com/grass-cs/ANxoTn0e-7BRA7xVxqzLt---bi8FZ6HPcvWFPwlCHPYOPfgpEM25hubi3hDITHJZY2rlpldkwy8tjAROpOXBlWTOWF8QORFVU1br99IaokHjT1ISw1O4MuPjNtj6TJsoyvWvLanK84aM=w300-h225-p-k-no, https://lh3.googleusercontent.com/grass-cs/ANxoTn0D2EHyj6cY8fBxJsh7MuLPIkjfg8azOhtRZShkiWLe_tbvIG6VGJxK6esZpsyXQKXZv9Sl0XAX_LSLSTAnsZJRYzLX6cm6e3MCYmA5DFAkI3ic2tGLQMz2hBEw9XIzm3uTfMjMIA=w300-h225-p-k-no"
井垣,5,2023-05-19,3 年前,"湯頭香氣很好，不會太濃也不會太稀，份量也很大碗，室內以拉麵店算是非常寬敞，因此就算很多人也不需要要排很久的隊
海老沾麵很推，蝦味很香不會太腥，TKG飯的口感也很特別，口味偏重建議可以點一碗大家分食，吃多會稍微膩一點
店員態度也值得讚許，就算再忙也會關心你有沒有吃飽，送餐時湯匙上有沾到些許肉末告知內場師傅也很快的協助更換，內外場員工訓練都很到位
大推👍",https://lh3.googleusercontent.com/grass-cs/ANxoTn3hWljY6v1hINWvfs-cRGY2gwcB8knyec0YT_2gkPKhZQDX4wraF29K6GuhAA0atgwMpEX61rjy2HowzxHRSjIGAwSyGvLInD9PFBVGiFTYgw_wIKMzcvZVOevp3bt8U4PJP3JJ=w600-h450-p-k-no
Stevennn,5,2025-05-19,上次編輯：1 年前,"豚骨湯頭、雞腿叉燒、粗麵都很優秀 豬可以跳過
以排隊店來說 服務態度也不錯","https://lh3.googleusercontent.com/grass-cs/ANxoTn3pKwrGEPnNd_oFS91C_-yyTJ5tktkHDB-p24cov7ow4uhevE4b9g6nb9Mz9dwi14gSOUp7871wyY2cb8najzQ6usFhPUk2mD6PQjp1jn4pOdBUUAdVBVbrZwZn-A4g6L_r5TCl=w300-h450-p-k-no, https://lh3.googleusercontent.com/grass-cs/ANxoTn3GVTq10ZVbwJ345o6aafd2gNRaSO9dt9sXz53fW46berEUFAU53aC3kFwkkz10WlRYftbfdN4Iq_KVxdTjDvOtoEoapzjkCK85CaT_HSAiRqecBcakN7cco9Qrn5HuYXvbGWsTKQ=w300-h450-p-k-no"
Michelle,5,2026-02-19,3 個月前,"麵體很好吃，就是稍微有一點點擠
掛鉤安排的位置不佳，剛好在狹窄的走道無法掛",
Ming Hui Chen,5,2025-06-19,11 個月前,"真的是 湯頭味美 肉大塊
服務人員 也很有熱誠","https://lh3.googleusercontent.com/grass-cs/ANxoTn1bB354Zm-yzFcX3Trg4NMCbKehEg29AK8dm91PfeiZ0RCwQyjsoLGtSdrCfmX7ic_Baiwvlyhsmr50MPu-b_AlFJqW8eR9HJ68kL1Qs6krC2kU7sFx4Qupo_q6lxQkZSvX2GuT=w300-h225-p-k-no, https://lh3.googleusercontent.com/grass-cs/ANxoTn0PTiUCGVAp9IcREzLfbZwb2dD_SMTdeLV9A-E6ThE2TwV8X8Vk7Cxz-03bz6bXkbeBzn5j45JX5i93I0t-kuag-lccer6JiFCW1npxzkCeHj-MsTXk_eWlHxmM7xs4cTg3T-66mA=w300-h225-p-k-no, https://lh3.googleusercontent.com/grass-cs/ANxoTn0R4h6xs--SPiz5te6A3QR0JISAj0SYyVApuGZHBuF--q_dnoW9Nm5EsBMR6q6kWA4z0WQfN0zOD49i1u3Q0E-kOadoQ5-A9x5VsdftRERt308zgkEy5JQ9jUTXtUB0fjjWSk8k=w300-h225-p-k-no, https://lh3.googleusercontent.com/grass-cs/ANxoTn31YhlcaFNENy9Tv5QjghxBanvC4-nNwtLe5mEMoIb_fdit94beQ5z-TKVvVTJQjjxPdJ873M1gZ0RKYKAS1uq9kLSrS6o1vlneBlx_lsgH7RTMEpuYfR_7Mk2nqifuGTUXkUav=w300-h225-p-k-no"
Chih-Horng Kuo,3,2024-05-19,2 年前,經常看到門口排隊排很長。豚骨湯頭還不錯，麵普通，叉燒切厚片肉很嫰但調味普通。,"https://lh3.googleusercontent.com/grass-cs/ANxoTn19qNunVUlkBkgzhTpxSqfQgyjXDx8q99lwTabufvLtB45mtYJJOgRecrneo7BOokpxNUvixjTJZ3vyekICBCUhPB2vckFvegN44OQFadoz069SOgWEkC7c0SpAE7uW3-hugA4Y=w300-h225-p-k-no, https://lh3.googleusercontent.com/grass-cs/ANxoTn2xS19U-iDTLrZfGIgFZBaRXHuzZQwLpErVHeGBk1n6_K6bevLiVQ9scLgvudC6rcODpXU61g4-ILclyeLQPswRQO65iOSH_BLaIzRnNrYibRk-FpTAgg7TkzvxcduiMczMdvb2=w300-h225-p-k-no, https://lh3.googleusercontent.com/grass-cs/ANxoTn0NhyMZ1HH9tBCMysqnnK3E2RDR5Wye1PaiI3LuCKBs3C96qcjTeDgcGQdnr-2jbobBphmTyO-jEOLh7KhMSfuqPDtfm4aQUQ7e-otw2omWP0SWAA3OyGbSTHS_c6B-t_Bblpr5OA=w300-h225-p-k-no, https://lh3.googleusercontent.com/grass-cs/ANxoTn2rMRDTI57MgW_8mRYasl45IuHeeMnGnfarnbUwcM0fbdJ2OOCrtrztkY0lHsV_A-6rPWdL3UVTKP6JU1hsJogbKFpif4ZYqkO4QFK2yTIOdLMtNVHWu6Qea_QtJgCb_60rphoX=w300-h225-p-k-no"
柯敬恆,5,2022-05-19,4 年前,"2/25 工作忙完 有幸排到最後一位入場，人員親切熱情。
還獲得打烊前 老闆多分享一盤肉肉！ 覺得感恩🤩 …","https://lh3.googleusercontent.com/grass-cs/ANxoTn169U8Da3Ogqlgj01P75w_iXGMwifwyyhX9A2zrOIiEE3qAt_tHrcS5wrHUEAuDr7QVXeWEKZVYZu4zHQS2Gnxl76NEf5n4r60UUs_hQBTuPJ9gVf_8VEMA6P6Fv2um7ZszTWc=w300-h450-p-k-no, https://lh3.googleusercontent.com/grass-cs/ANxoTn3-FuKoxh45R7Ep23OrMCNR6P1JctW7zwGrnX2XldyrAWhllWQlS1ON7rV8R0tlUhV1vHYI4uFjHLzBnB9dXS8mEeUwpcOtyroujPI3OVRdA_4_8AqocpB7iZPWvr0TVQYgfIMj=w300-h450-p-k-no"
張真真,5,2023-05-19,3 年前,"必須給今日中午的外場接待人員五顆星
服務人員的用心讓身為帶小孩的媽媽我感到很感動超友善
因為貴店沒有兒童椅 該名店員竟然拿出來自己女兒用餐的隨行椅給我女兒使用！！
開始用餐時還多幫我女兒特製了一碗寶寶版拉麵🍜實在太用心服務了
希望貴店可以嘉獎這位員工👍
還有新增一兩張兒童椅
謝謝該員工 五顆🌟🌟🌟🌟🌟 都給你

另外！！拉麵是好吃的啦👍👍","https://lh3.googleusercontent.com/grass-cs/ANxoTn0pJvE_aZ8tbEhnmKm-cU4kWm_YKxCr3qBsKh0j2X9Gy7agjtgjgXK9HxQ6SL4ynjPo7f7y8r9kKGAFOCJ9G5Wf8bY7o2sIcst0DVXC1xwA0kFwIKTod0qPT1OeI_L3B6gkJQJGaw=w300-h450-p-k-no, https://lh3.googleusercontent.com/grass-cs/ANxoTn0yxaOknn360c3_96yrz22-_vaxlWBSnqzFiCskRFEVmHGgnYzRCgz64GxgtrD4hAridJOqtMkCwMO8PB9IauTlYL0Xz6NnPFtGMwkezYo9PUsXLHEDEHcvgJBUwomc5EbdZLNp=w300-h450-p-k-no"
張竣凱,5,2023-05-19,3 年前,出餐快速，清甜的湯頭，很適合在冷天來上一碗，暖暖味。溏心蛋熟度恰到好處，有入味也不會過鹹,https://lh3.googleusercontent.com/grass-cs/ANxoTn1nOXM_X8qKTEFEtnbuvJuQLX_4NCWeOeQkGsI5NBGndOTGsAlf5e-14EOvfCt10VPJcqNjL_6oXG-zb-rDpZ7RdY-0U-U4nZ3QQme6NYWbnagFeIp9g7DHZA9OKNAY-oJrK9CK=w600-h450-p-k-no
葉季栩,5,2025-12-19,5 個月前,太好吃了！  服務超級棒！  每次路過一定要進來品嘗！,https://lh3.googleusercontent.com/grass-cs/ANxoTn2LXcHRYLEtuW79LpkiKOUtYHOD0UKVhoJxOHnYFBkKJ4R1KFvWD9KEG5l2_kVe2Z74u7gBXp48EktyXo9EsHZ70e0qkQ6-ZtU8OWxFPvr1rZzd_d3CZay2stH4dqfY1itrIBEcQ9KYt8O9=w600-h450-p-k-no
Sin Lai,4,2023-05-19,3 年前,第一次來品嚐，大概4:40到達，等不到5分鐘就輪到我們，使用自動點餐機非常的方便，店員也都很客氣服務很好，拉麵湯頭也好喝，柚香干貝拉麵湯頭清淡爽口，辛豚骨拉麵湯頭濃郁 ，麵體可以選擇，我選擇正常剛好是我喜歡的硬度，叉燒有炙燒過吃起來香香嫩嫩的非常好吃，如果覺得湯頭太鹹可以跟店員要清湯調整鹹淡，用餐完畢店員會詢問是否有吃飽，覺得非常的親切,"https://lh3.googleusercontent.com/grass-cs/ANxoTn12ivnCmwlmyGE8d5SJnBSbarsd2Zrg9B2cOxJEOwfnzXLoUMZ_VEIMhd_w5oYSyQiYzh_8Q6VFQnCuhJJPZmpAXo21hy18VtFxyUmCz7z5FhFglkEgPvmSmEiQY5YyaAGSdubC=w300-h225-p-k-no, https://lh3.googleusercontent.com/grass-cs/ANxoTn3zV3MbVI0cauOeeiNqTQ8CDQHgsvZEIBpDtJxUwalBQnVXRsic86xce5BmXuP-sA8hr0psoDu6WIbmKNvklrZ9pIQe36g6RtnuFiwnD0CENCI_aDUxYfmnZ1ED_Jd6nqIRr5QJ=w300-h225-p-k-no, https://lh3.googleusercontent.com/grass-cs/ANxoTn1Xu40OiTaKq4DlRnlDSw1Gs6TjcTq2IqRiyrGq7vnq6Ys1RIQU0SF9LEsOh9hOrULP_aNNxYa_6HYP-2bmM_0AzWG6Ms4vch3MUKL-yGpGszQvsE-WXgQETwAuxE_hdxPM4w_K5g=w300-h225-p-k-no, https://lh3.googleusercontent.com/grass-cs/ANxoTn0HdaCCb0ThrPeMcudjF4z79U0l54VOdss0fxOKubUTP50zlv4LyQg7Ssy7pFFcdbxyYDNS7ZhEiF3fkMAZdQXlmfHBG0yWrXJH1m5moLoZLXNgCZb8Fwn6WSbrZT2DyUyyx6Sc=w300-h225-p-k-no"
Ruru Chen,4,2024-05-19,2 年前,"雞白擔擔麵 上桌時湯是溫的 不夠舒服😆
黃金雞湯拉麵湯頭推推
冰水夠冰，桌上有蒜泥可加
店員都很親切，店內氛圍很好有活力",https://lh3.googleusercontent.com/grass-cs/ANxoTn2W11qIJQimVwI6W1lSJn24u-ZLYBAFkzZz4LCxyz_ylKD7oPcZ_mWV_C5Q4EjlUizc4IlElIUtNwnJp0vy7xG49qaYpxngsi1UPdtuhEA0yoyH6cFvIcnSvndhBOhaqhgIuMdpzw=w600-h450-p-k-no
Zoe Wang,5,2022-05-19,4 年前,"* 豚骨醬油拉麵
是湯很濃的那種拉麵，喜歡日本味的話很推薦！
因為給的湯不多，所以湯頭可以點日本味，店員之後可能會問會不會覺得太濃，這時可以跟店員要清湯，這樣救可以多喝一點湯，味道也比較不會太濃喔👌 …","https://lh3.googleusercontent.com/grass-cs/ANxoTn3ZyhKrKPtjEQeOiQTfEFhtc-1KPjSEb5K-zz8PCgx7dez1tsC66IzSkWskX8vpnZGsozbAv9lA9UCOmhvWVHfByezcL_t25CK_jahVWFxWDvmWf7WOVvnGAstzl4nXXmDyU-v2=w300-h450-p-k-no, https://lh3.googleusercontent.com/grass-cs/ANxoTn0noSz913rbyCriUn3q2DnfWFFumXkdm00wrysTGJ5cdHMNsjx0F6GTLhy473a7kKM8_ZrWJtAGUKM1I-P8l4w3u9m354u21GrpJui_S8rMO_12LNfieyXqvmUdKpVxSAzZN365=w300-h450-p-k-no"
蔡昀娜,5,2023-05-19,3 年前,"平日5-6點去 沒什麼排隊 內部空間很大 店員熱情 環境很好！
跟朋友點了辛豚骨拉麵 跟 公館限定柚香干貝拉麵
辛味豚骨點大辣 喝一口湯真的超級濃郁 辣度也直衝喉嚨 真的很讚 點也可以加到最大碗的 非常滿足👍🏼
柚香干貝 只能點到中碗的大小 不過一喝湯整個驚為天人！魚香味的鮮甜 感覺口中充滿了大海的味道 一口接著一口 不到幾分鐘就吃完了 還把全部的湯都喝完 干貝也超好吃 看到碗裡的感謝整個好幸福！
離學校很近 一定會再度回訪 推推推推推！","https://lh3.googleusercontent.com/grass-cs/ANxoTn1QRwO-vW9-11dGvXzkZUk-S5NM75Vjq3Otn1p5a14qoAnGHCuNZZDHUDlZN1wgza9QbG27Cel3qkuyAhUhByYuesS4IY2Fyj6BWEg49qTi5rVx6aw6WDLhxSa4_ZlAOOnRhs3PBA=w300-h450-p-k-no, https://lh3.googleusercontent.com/grass-cs/ANxoTn3PiLW_jwLLBnYVoLOJ_OkPGssWjyOlwdQUQM40vFz8d_FujVrqqyIb3PmYGWflsinqyCUKXGq6maI3cjB6lII9i_UbqAMG5CzCQCPthyXB1siSnmGIXozwonzC4mIE3UzgTqxT=w300-h450-p-k-no"
王柏文,5,2022-05-19,4 年前,"其實平日提早半小時來排都可以第一批進去
提早半小時從實驗室溜出來排隊
裡面座位超多 雖然我覺得外面更多人
真的蠻好吃的啦 而且店家態度超級好
不會像某些上新聞爆脾氣店家會罵人 吃個拉麵像當兵一樣一個口令一個動作","https://lh3.googleusercontent.com/grass-cs/ANxoTn2pFusyG14Hzm3KBTqJTQA7tJfJ5G9eDmgHFcUzIQbBmdwfE13z68VlC6wSUQ0mqyT1xqv95LHAzMXtGKgVZ_q6lrtqsXhChkPEcs7FJQePAdlIEIrMnBsWS5a3HN9cjzFlSJsB2A=w300-h450-p-k-no, https://lh3.googleusercontent.com/grass-cs/ANxoTn04MqsCJdMzDzezwB3lGgL51gDhI12g5nVDVuOfDZKq3txNgXI8HKOEzM6pd1EAo30ROkgykxfTH1tSvCPxJpIaskYdT09-nTTjbsAnBOwiG6AAWSKYSUCGFwpLfgwouhmt9cY=w300-h450-p-k-no"
黃弘任,1,2025-05-19,1 年前,"沾麵的醬汁根本稀到沒辦法吸附在麵條上
而且第一次吃到沾汁是冷的沾麵",https://lh3.googleusercontent.com/grass-cs/ANxoTn2nc6yLC0SfaZ9a0SNmYd4WEQ6WDsMz0LPwnnBp9DZqC4MQTLB4kHsegqoquk-muUSXE_YLtchlJArovFocXRAyYF_465CH9V4ky-Fe8Mb_HTAEQwepq7ccamKoDrYD6Gr52Uk=w600-h450-p-k-no
Leo,5,2025-05-19,1 年前,"看到人潮排隊 就跟著一起排
排隊需要花一點時間‼️
餐點很讚
推黃金雞湯拉麵 叉燒非常嫩 蔥絲又超多","https://lh3.googleusercontent.com/grass-cs/ANxoTn0u9y9KdBL--dH-OoV5LpTuQNlHEISuO3COEluTUvLem5-8Ylasbd1GQCN_WhRSsGtSxBPAeAqPKwayHmp_aU4_XaHAjf8g37oVpYFqwKvJaxE9JdOEiCiaPSP2PxqW49a7nr1R=w300-h450-p-k-no, https://lh3.googleusercontent.com/grass-cs/ANxoTn2aNmHJFilgzLdGqJ3Ym1ANF_TTntWd6sF5ketMMrHhG48tyJJQFjUCtydKWs1R4AYcDwIqs-pudopoDcFx1tIvxC_Hn58xVvRyi0uefrePb3NaCAqE18MHx0F3EEnkcoLROTnIfQ=w300-h450-p-k-no"
梁安祺,5,2023-05-19,3 年前,"店內用餐環境明亮乾淨且寬敞，座位較一般拉麵店多，但用餐時間依然是大排長龍。店員熱情親切，會引導客人排隊、點餐（販賣機式）。
豚骨醬油拉麵（正常鹹度）的湯不會過於重口味，喝起來蠻順口的，叉燒肉很特別，肥瘦適中滷得軟嫩入味。雞湯麵湯頭清爽，和叉燒的胡椒調味很搭，吃起來沒有負擔的感覺。","https://lh3.googleusercontent.com/grass-cs/ANxoTn3-lAwCuHOok2bNb8EEdWCdMVEUym0f-InsJQeMYNF6uXCeX0GlOpfuLST5JzQrpjAz3Rs5qfhMgYSJajP46_hDGSwkKhLvOo_S4pORSwL9ZubsUTTmWgXPLCW7L0nnfqJ5_m2y=w300-h450-p-k-no, https://lh3.googleusercontent.com/grass-cs/ANxoTn1cqAgaX4WjpP7L_S7s92RkG2OBpF1FLs3ylnR-0AF_Kw2DFh0Q9IPLjM2myZRAnQC3RoSx66w3Y731gtu4oKjAU9dlGC_9llUp_Wd4RtWY-9efoNpYoww9EeOzMKg_iPju6VgtvQ=w300-h450-p-k-no"
蔡政霖,3,2023-05-19,3 年前,"看了食尚玩家的介紹 特別來吃據說是公館點限定的柚香干貝拉麵 但是跟想像中的味道有點差距 而且干貝根本很小一顆
以後還是吃赤峰店的就好","https://lh3.googleusercontent.com/grass-cs/ANxoTn26U035aZvgLNiAfwSN-3RmLp7QAR1ug-raXHt1m1U6vi8aESqDjT4HN8NZMPg3cbmFRPNwzugsyZG8D8lu3UlrNuFT0XA1b3X89jdp2vh2wpZChmp0-Wk3u5DGCVyzy2AQM3-p=w300-h450-p-k-no, https://lh3.googleusercontent.com/grass-cs/ANxoTn2_ngINCcJnzgTATnwA9GLsAy_W89I6RUhR_FK7-SLOTemD2qkUCg31V4y6dHEkkA2Z1OlqFBLVdnPOVGRD9WZxKUXpfLAcz926fuV-hSS6STkyZXWuKN6akwGvVNCSwM3cd1lz1A=w300-h450-p-k-no"
魏柏宣,5,2024-05-19,2 年前,湯頭好喝麵體也好吃，豬肉叉燒處理的也蠻棒的，價格220元不算貴，但加購的溏心蛋，是今天唯一吃到覺得不太行的品項，裡面太熟,"https://lh3.googleusercontent.com/grass-cs/ANxoTn0-cXEnTQkcKSNiPEs9kytZKpcM0zRGTAtRX1TqLdI0fPsi_BFjxz9IY6YxLCaE0b03_ajIrS_sDKlrEtBPPsRn2T0QEIWofkuHYMBqqgNWXWSJ3-5WPDmGx0RjVeane-6-88k=w300-h225-p-k-no, https://lh3.googleusercontent.com/grass-cs/ANxoTn3hYCebe5OSfqPqG7UmjRIAwmfrYjcOa46RbDlz2OA4pBDT_w9r6heP1z7OzRZrl4mPm9xpabUwMFgVQV807Cj9jqIOXIMqamkNDPboVQ6KuIohPk6rMbzKyO7QbnEVMiNyePK_OQ=w300-h225-p-k-no, https://lh3.googleusercontent.com/grass-cs/ANxoTn20VNos4ksZBvizyGJ5phWVel0QT9TgskjvKzaoRGcaWvLTxnG6AjWwzzUQlOsiNVGf81j2n238ciOB1WB4VhshcgRyKNb-bVT3BcLybesUidM_UbQuVf32lRZf61a6Nu2fAc-t=w300-h225-p-k-no, https://lh3.googleusercontent.com/grass-cs/ANxoTn0xgTn7CwNooA4OftXNFwwyWJ2ALKhFgp118bBdZUzMiiSY4pzPL2OrvmZEy98_K8li1mb7yal2TOv3JPq-Oby-dwfSKSjWePlkEZAM1-m_K88QoeAhWXdGYlKL_kbqac4cW5ewrA=w300-h225-p-k-no"
廖尉婷,2,2023-05-19,3 年前,與在士林店的味道及店內體驗感覺還是不一樣，厚炙燒雞腿叉燒吃的時候是冷的，士林店給的一整碗都是有溫度，同樣的濃厚雞白擔擔拉麵，士林店人員會主動詢問是否要再加湯稀釋，整體在公館店的體驗除了位置大、帶位人員好，對拉麵失望。,https://lh3.googleusercontent.com/grass-cs/ANxoTn0VLwsdYp8jkTxoY8dgfNv8zRkODsTWD5S-oqL4SwJVLmyWAQQGqoAk-HirivLyxj14C2IYvyaFHj5J9luTbAiiOEjVaulutlpQS19kT2wKYCms-Db7cztU9ge7P6XlL31M6BA=w600-h450-p-k-no
xin 01613,2,2023-05-19,3 年前,"點了黃金雞湯拉麵 雞肉有種騷味跟怪味
肉吃起來的口感很像超商微波義大利麵附上的兩片看起來很寒酸的肉
然後湯喝起來黏黏的 不知是我那碗的問題還是口感就是這樣
帶位的女生服務很好不清楚操作也會在旁邊告訴怎用 星星是給那個帶位的女孩子的(*¯︶¯*)",https://lh3.googleusercontent.com/grass-cs/ANxoTn3YkFQq8ibkBB6AbGXzHASL23BVxlwt9IYnAepJ_wVt1fBrSPSId2dsrpXqdYSGjtAqwepg3JIpd4H3QLotcIBEpU8tEWqvI5pKZTM7fO7eULA8chyuTdO4mI-FnLMpOqYhukG8HQ=w600-h450-p-k-no
Judy Hsieh,1,2023-05-19,3 年前,"這應該是我這輩子吃到最不合口味的沾麵
此為初訪 應該會是最後一次訪
其他家人吃豚骨醬油 也說沒隔壁那間好吃

其他部分好評是
服務蠻好的 會主動一直訊問是否要加湯和加熱 明明很忙 但我一舉手 他們一看到就馬上回應處理 這點很好

值得改進的 因為是開放式廚房 看的出內場不是很細心 餐檯上舀湯是讓湯任意灑出來 料也是很多灑到地上 端沾麵醬給我時 湯也整個灑在檯上 感覺細心度要再加強 桌上小垃圾桶基乎都是爆滿沒人清（周日晚間約七點半）

最近在挑戰公館全部拉麵店
目前各方面精緻度（食物和服務和環境整潔）極x 和x 嵐是比較優的 雖然店面開的不如隱家大間和漂亮",https://lh3.googleusercontent.com/grass-cs/ANxoTn0QJGdMvefpYAEBCUiqQQeaDOymafKDcAmxVV0cvvCDD7uyOrM3q-E9AS1A0-tUWWgTk6N_o_Svl0EHN1pqWkboJOq00taX751TZTZNLZSoehyphnvYkaDo3B1tbnqXxaRGhaN7=w600-h450-p-k-no
HH BB,3,2025-05-19,1 年前,人蠻多的 週五晚上等40分鐘 餐點不符合個人口味 應該不會回訪,"https://lh3.googleusercontent.com/grass-cs/ANxoTn2e2NWztM5Wv5R1HCTf4TuEyFObdcmsG5Oos3aLqzvI3XgmEjG43e3m298OmKId1N7C9Wq1gsnt5iGwS2vYCC2RPwv8A4nj2v7QE0eR0c9f8nsGgbepTHTxaYyoT8K_L3sUdeg1=w300-h450-p-k-no, https://lh3.googleusercontent.com/grass-cs/ANxoTn1O_8ySLXWUxhNI3WaNUThNyTZLZ9oxlkWOIVXrwHno5rjjD7S5b38FLXU7jEz-yn0NuG24o8cSyxIE0k9e8oH_DvlurK7WCgagQOmzdugBEpVDXis8ZHC6XWnyYhwbwi_yVvoW=w300-h225-p-k-no, https://lh3.googleusercontent.com/grass-cs/ANxoTn1BQ05qot1goyiTcCi5hSI1UYjcEs3JGhLbO-iRWZ_4jJ-PMDn0TOTBF4LXcBUj-VKzoFPbGXu4DjZTMVVfB_yUqSYsjUE4UnXc9bnHpTxcesj2UW-HA6WIpdJV0e-9ckPyn5ijfw=w300-h225-p-k-no"
Daisuke Chang,3,2023-05-19,3 年前,湯頭太少無法蓋住麵 麵的叉燒只有一塊 若要加點叉燒要$130 麵裡有根意義不明的蔬菜 辛味豚骨吃起來不合口味 整體cp值偏低 有點可惜,https://lh3.googleusercontent.com/grass-cs/ANxoTn3UEF_-soKk0p3D-NlYtATHGiDOHts9o5bU3bpjkZPA9E5p9KsQdLRmBuyHV_TCZUnrizHhoJVE1p_hmLWcR1qieCn3lJVPfb3lxbsSgOljFQN8zKwLj89tiyx1Ea7PQoSumXPk=w600-h450-p-k-no
Michael Lai,5,2022-05-19,4 年前,吃過士林區中山北路的隱家，日本味的小辣赤豚骨拉麵味道依然一樣好吃，湯頭濃郁鹹度剛好，可加前面鐵罐內的蒜泥增添香味，使味道更有層次。,"https://lh3.googleusercontent.com/grass-cs/ANxoTn0CjNrKHuUOyO5-aPR8FVqw3p3bPpCC0Jd0O2dQoHAQUBhnHWfuejWLoEagsMMmxzMOn-XTnwZYrKt2yzgDj0GUDDb3Wohj38QGpF7gqiKKn8fiKgxiC_rfbkfj3sis6Gb5L0v4Sg=w300-h450-p-k-no, https://lh3.googleusercontent.com/grass-cs/ANxoTn3vSd2bL5lHKdLKYpCFwHKw7Whw3d9W4GbLujcPcjvizIEBbRueENYNcxTKi9zbWyhU-GCbwkk_dFvwko-_yKufXv8n1kSuh59ANU3KJWeB62BY3Mh5rOvYrQDCO8WW6kD1dnZW=w300-h225-p-k-no, https://lh3.googleusercontent.com/grass-cs/ANxoTn2OMNLN2b7gSPjb8Z5Cs-LmLV-ttLJlMPoouHaoZIX0Gp4GI8RqSpsCLB3fPJoEN08tyMFWvTB0-JBga3kMFLmLaF56Noe9YoIakGFgdEoTxyfOD_9_rnMtHJ5XCa_Ayhv0nEID6w=w300-h225-p-k-no"
Joanne Liao,4,2023-05-19,3 年前,缺點是無法訂位，流動也還算快，整體算是還吃的，但如果能挑選麵的寬細更好。,"https://lh3.googleusercontent.com/grass-cs/ANxoTn3SXNRitBRoiTaGW-cT5SYRbScOvdHa0ytpMyGtNqZzGH5_ripvgtaTtg-F-5o2xMVZzWR-OpZTRw7JIe9NqD5Rrc4i4pWpmYBNx-uYu1ZDUmhKLNbFhrDf68R_IytZm2Mhz79O=w300-h225-p-k-no, https://lh3.googleusercontent.com/grass-cs/ANxoTn3oWVGdK83-e4OC-QT4sDJSn8cZWGYEirojCmVdt4Q9V5v2kuqahJvrde_rvx89cz-YvH5MEaawHGR3KX-GBmgLzExnjza0zC1nTVioaA1_OGyOXt2mDeWgqtOOHV3fz61B1g4Q=w300-h225-p-k-no, https://lh3.googleusercontent.com/grass-cs/ANxoTn3YHbV0R996rdPtP0cP_h9cDgIhFCkemUPR2eqsyVekYBrXpoUmyKjNLiAtWHt830m1sBcYYOoEqytB_QbXocTMW8nSWRHwoQJwLdiE9R59_DPGvYkJ4WHu1qj5yNykK9mztDkUKg=w300-h225-p-k-no, https://lh3.googleusercontent.com/grass-cs/ANxoTn3iKsztYpHhTcM4g8NP5qXNGAVp5toETcqWPStz6fvJeZLt8rjoUyiAY7mOHhTbc2HqO7O1q3cikA1eBLqgvDrclLHwEfdTlLqWliSDBiYt_yuVnVREIthnD90WA8gqSY5iqPvu=w300-h225-p-k-no"
Ray Liu,5,2023-05-19,3 年前,"好吃、店員親切友善、店內環境舒適明亮，
不要在尖峰時間的話排隊也只要5～10分鐘，
整體用餐體驗很好。

拉麵有很多種不同的口味，清淡的濃厚的都有，一定能找到你喜歡的味道～",https://lh3.googleusercontent.com/grass-cs/ANxoTn3EHlPKDDWPI4dzhUqAGgTHGiLjfBCX5rnxel14IMFI43vVu_YYu2CmWSWbnrlQ1KsR1LKybTYIi7dEvm5y4g0vCYZq_4eCwVWgespl3vnfzBjpadpDCSWvwKtss1vG1Y0hady3=w600-h450-p-k-no
Mrs. B鼻孔超人,5,2023-05-19,3 年前,"排隊人潮眾多
但店員朝氣十足都很熱情
使用自助式點餐機
可選擇麵類的份量粗細硬度
點了每日限量20碗的柚香干貝拉麵
一端上來馬上聞到柚子清香
不過湯頭喝起來沒有太明顯的柚子味
而且整體口感偏鹹
但干貝大顆又好吃😋
舀到碗底其實還會看到干貝絲
麵跟肉的部分份量也足夠
下次會想吃看看別種口味","https://lh3.googleusercontent.com/grass-cs/ANxoTn3J7iE3bI503ByFnSpMqJ5JInwuSC3YsVirO5gKdMqdVKZtJgFKVEH53bfEiYORFA_iRBu4bRhSH6jIUJIB-NBTtJkVr9p5vBvS41qOfZt_ZoGMT48RxwJ7LbTxGluWTRfoH-A=w300-h450-p-k-no, https://lh3.googleusercontent.com/grass-cs/ANxoTn0nLRffCWiiDIegplAxSlbKackv89rUb9gdENprCzZDzaoDycpiO9UR1PQJvIYp61C9KL14ISNmTbKcrMN9NKkNLc9rRYm2-Zld6PUZU63s6MwQ9OG-yFUzUphC6lvYRvvuE-bKlA=w300-h450-p-k-no"
HANK CHEN,5,2023-05-19,3 年前,"每次經過都要排隊，這次很幸運不用排！
店內裝潢很舒適 店員很親切！
假如未來經過不用排隊 會再來吃！","https://lh3.googleusercontent.com/grass-cs/ANxoTn12_dg6uPBy9Nmim81JgMkDgUUToPKZMMb_R-p-_B-QxtLhBzm0yrQwNA2Wvg6XwSt9u_LROKPmtyBoKLaTUbA7KxMFPRUBBVReeQWrRewW4LrdJYnx_ob5aeHsOX1hcuVslhsU=w300-h225-p-k-no, https://lh3.googleusercontent.com/grass-cs/ANxoTn2-l-Pbp9nlXQ_Neud8bW-dAzw54t5ICNfAzaP9hYjUpaCuNL0otm4j_JY8IgkaEDQpfegWc1TwkuljHqALL94QL2N3MIXXtICWZAgCABV8NHa_NmSBABpwIdL3v6pSyDrVXgpQKQ=w300-h225-p-k-no, https://lh3.googleusercontent.com/grass-cs/ANxoTn2z5LgDVIqQxHVY1uTcZjRQYRuTtsxEJjUqbb5M6RUAgKi9mjdYOZUZfrEuHgzGBp_fyNCZXs2mXn29ZsZXp1ZvBvPIOGeYwHfayq5Tzr36HeX6aIj9B8eSUfe-yOHGOj4G9e8U=w300-h225-p-k-no, https://lh3.googleusercontent.com/grass-cs/ANxoTn0Uc0OVWFDE3FZIPDEsBbCom-l4cjjd1kucgPe7OmdQcPvPmL9dhdqR-fpKI1wfaYZPu6mPUHtiYrSkM0ikLpO6U6Vi_dWTxRNPm7-2SAyMZGQoE0K3kF8PZ_nX1FvN0RXimTv9Bg=w300-h225-p-k-no"
Kiki Yang,5,2025-09-19,8 個月前,對非拉麵迷而言吃得很滿意,https://lh3.googleusercontent.com/grass-cs/ANxoTn2YXhfVXLmw1oKJoiaQMUqB2I_EAr7OOJ7GGqf5h3UBSKj7imqcIL95IOi4Q1LeHk1Q_D9LKY25Vh2ZA9C2CKt1Iqh4eMbRlRWK55MNyFZof4-8aTUnGAKYHU5mhC0FwaLoWGG2x04qXtXO=w600-h450-p-k-no
Nic Chen,5,2023-05-19,3 年前,"免費加湯跟加麵
一碗兩百多一點
吃了一次就愛上
很喜歡隱家味道","https://lh3.googleusercontent.com/grass-cs/ANxoTn1-sc-2kGHHRd8SvP3jKH-vySLRckG1r9wsxgd3GEtWrz0En9Ni8vi3HcXvjCdwgEUVmL3mINyBZSyaUhZnIQg14WBC18t8QImrzdJyrVwRX_GQDJit8qOn4hfaC_Wibw48Utca=w300-h225-p-k-no, https://lh3.googleusercontent.com/grass-cs/ANxoTn1UrXDoTr5YXpRuVDQ4it3XUirI7vU-2_mfqW15OJNHDmUZXMQPZx_iv9lfWwyFPS9KEUKt3lCTk6E8iUNrr2YB6JrlcSpkkUckIAJ-8ADqYEHeEGyxAaKBlU5JLh50ATLhXiE4=w300-h225-p-k-no, https://lh3.googleusercontent.com/grass-cs/ANxoTn0aLxxWdStoLrqRCdNGbfyToAv9izzVuBfQuqnF59Yx2VTuZmr2QZ1nAx9hpH3YMif2nj1dUa4NfXZ2ysSwZHk4QgOy3_qyMwNAIsx5_RTE9muXqw2Ke7wbDN7HkOd5A10iJJo=w300-h225-p-k-no, https://lh3.googleusercontent.com/grass-cs/ANxoTn1-6_UjzwFYA_TNeh-xDFfseBaO7TJ0nc7WaVzBleC982H57X5blsH6-7UfyizoT3GEUi3Z-5cNug22PytW4dgsOzqZDzXQgfdDLRYhigUOA6ulBq-IFjHnI-0ozeA2Sw-NU7_5pQ=w300-h225-p-k-no"
Joy Yen,4,2023-05-19,3 年前,"店員服務很親切！都蠻年輕的
選了中份的麵條很有飽足感
吃完走出店門都會詢問有沒有吃飽

一個人去吃也不會尷尬的店
位置比想像中大
開放式廚房也很乾淨
沒有排隊到很lucky
下次會再試試看其他口味👍",https://lh3.googleusercontent.com/grass-cs/ANxoTn2M-cBICIL6KsrWZU-kmQX-jIjdhYls8z0jq4rA7cqCyUInKdbp5TBFq_wvvDt-NdyydCEo2cDQl4qVfJiaazn48zbH3tWvhrJPbQfYLXVhO4nb_2UllAydwJB3RkX1RmrXXj60Yw=w600-h450-p-k-no
Ryan Chiu,5,2024-05-19,2 年前,濃郁湯頭，免費加麵、加湯，用餐環境不會太擠，麵條Q彈有勁，干貝好吃，五星好評,"https://lh3.googleusercontent.com/grass-cs/ANxoTn2cglKuyEqz9UfwFnsibu6xm5rfsE8_odGGVDylAuP5jIgJayv9jO3ApF6QgubVHZm8h2eRsTl4RiUzEJ6GHM3-KIOovaImJZTmayyA-qO_Yhsi3Npe7H0umMjpSeBWwW9pXdk0mw=w300-h225-p-k-no, https://lh3.googleusercontent.com/grass-cs/ANxoTn0jaUI6vP7wQNZ1Sj_IvczmRAPGpX9S6cpXuhBsEvJW2oUha_4j8k4JLNucW1CLAy1qkVZ4yO9e0iksdkF96TSprYo_kcu7I90r0BLepdGumyx3GrcsKOpkSCitV-gnSVIXGFY=w300-h225-p-k-no, https://lh3.googleusercontent.com/grass-cs/ANxoTn3iTY-JIsJul4W7xbLaF-Qu6_1G4-a0mzg_XNtOHtspcaTpev-h9GpmdalU8_BB8YAKFWDMqBj7HCL4BKDANDWUFGuUydjWi1-rSiRXC553OQi5puHqaM8i1VEfM5xG4SLHGj6u3w=w300-h225-p-k-no, https://lh3.googleusercontent.com/grass-cs/ANxoTn0AcUuRxisU9jb0jH5ikn8m57D8ebAmlidwxrQAak9DKqH0QyQbs26x-2xi2DR4qltf_sydyImoP1Ky0IqsmaRakQNpVQMTBUoMPqN51z-RsT_SMAmxxqn7_hnZmKUZzGUfumc=w300-h225-p-k-no"
Hayato,3,2022-05-19,4 年前,"醬油豚骨拉麵和tkg飯

拉麵湯頭不算好喝，只有醬油的鹹味
麵條Q彈
雞叉燒炙燒過蠻香

Tkg飯的肉燥非常香很下飯

服務態度良好，環境整齊乾淨","https://lh3.googleusercontent.com/grass-cs/ANxoTn3HtMuBLL_K8edCC8nrP9Me-o6Kp40Jz0M_0L4bg47LDpPKfNjAlDrUC4SKTcFA40Y4OclmeeejdoYQZ5s41w4aEvuQN-JjIEwRRih3CVgm4egweMH7XlPDHJka_OuhXnq6_fvHdA=w300-h450-p-k-no, https://lh3.googleusercontent.com/grass-cs/ANxoTn0ts3bnkcWB4Sk4vr-Uuf9jv0dk6weYExTLqZZUimAfmaMGSViOPy5q8Kw1R33Yk7RC1fTXfU93RzD0mWImGC0YiyDfT8vfTkxR6XIHTOwZG9Ohbv2ZYurluCLo7cGRkQGdIy6a=w300-h450-p-k-no"
賴辰,5,2024-05-19,2 年前,"平日中午1點多去不用排隊。服務還不錯，點餐是用點餐機。
點了沾麵，第一口還蠻驚艷的，非常濃郁的海鮮味，平常不太會吃到這種拉麵口味，搭配旁邊配料吃蠻爽的，不過吃到中後段會覺得很膩很飽。
價錢當然就是貴貴的啦。",https://lh3.googleusercontent.com/grass-cs/ANxoTn2weHJxBTcLSBRRS8Ui7l38_nK42I5-HYWjctTETOH4RUdExuCZMlt1BXAQ9eot4_fbfnXVLy22zzbFtLi-bbUrraMAQYnacDs593W92aTMOdZemS-KMY2miI9xfQAxKAE2lebXWw=w600-h450-p-k-no
TMC,2,2023-05-19,3 年前,麵條口感不錯，但湯頭或過鹹或過油膩，蓋過該有的香甜！以這個價位來看，料過於少。,"https://lh3.googleusercontent.com/grass-cs/ANxoTn1OOgwCzjQR-sXZhsu-tFTYVTPNSkWZT5QGk98S4fruMce7EgrjKGqlFx8YMKHx3DpxfpthIZ0VIvRXYSCJlRiPffwOsBMlp2QDBQrpVa-RTvi39A5JFokiksyy7bjka_lGp_Y0=w300-h450-p-k-no, https://lh3.googleusercontent.com/grass-cs/ANxoTn0Cr1k_cJ-NmjBvNx6I--_FYG1qrlZhJu2b2c4jk9kNF5C9Sq38pMvtNwYQLwpZUPpTLnewYAeZ5DauTm9vZuHajARVIJZyPqzBSOeceVm-2tdKSQ479F21IrEldWFjX1qqLirP1g=w300-h450-p-k-no"
Vincent Tseng,5,2025-11-19,上次編輯：6 個月前,辛豚骨拉麵 ，口感濃郁美味， 但比較偏重口味； 個人蠻喜歡 濃厚雞白擔擔麵,"https://lh3.googleusercontent.com/grass-cs/ANxoTn31ROmH5nYcAxelFOerliiz9KqF1HaCXP-Q7QX6y_dI-Nmog8RtNXjeB3WLEcyT8AwyhPnKMEP1pf0nvgIyynDMwVKtsMzsefDOMyjUTgzg20-ej1e9FPNdluboTJJhPD-L-wL0GQ=w300-h225-p-k-no, https://lh3.googleusercontent.com/grass-cs/ANxoTn0GRwEvJgui7bIRwhmDQ1TnjmuzFg9H6D_qK8TIHc0Azh15YSXDcbA3VC76_bn7YCxoksgoC5dYHAJlOKG2fBuCzoE_yQHpjzS1OpH30lot_2U2JQkLcdCjmUsLi2UnHQWlu8fQ=w300-h225-p-k-no, https://lh3.googleusercontent.com/grass-cs/ANxoTn1xjINOaI-kQflg0uVqjupFbivQcPHKZSqzpLE5iUvfQhmhOJssod2JQIjNztIAbvO625I5y_vb8geXtFcs54We8W8ApoIrXL1Gzc_TgUOyRtdGHbMNi7_hUqhied8RnwazqUJmSg=w300-h225-p-k-no, https://lh3.googleusercontent.com/grass-cs/ANxoTn2P0NC6HQrQnDjH0EdVufI4Qd4rNm4sGWqbYUQiVrUjE0z4zAKNTTTqmM481FujjG49kKBhvHGuAsCLrQXJc9Eu0Y18R25MxBgvW1L3GEqYM2-ExQbzidHvinsZe6_dL3ck9Q=w300-h225-p-k-no"
SPC,3,2025-09-19,8 個月前,"醬油豚骨湯頭吃起來是家系的味道
大概只差在沒有菠菜
豚骨湯頭不算很濃但膩
醬油層次不夠多，只是略微增加鹹味而已
醬油不能解豚骨的膩感也有點可惜
不能算是好吃的拉麵",
Alvin,5,2024-05-19,2 年前,"2023.07

限量版 柚香干貝拉麵

湯頭清爽、淡淡柚子香氣、

麵條軟硬適中、

整體評價：⭐️⭐️⭐️⭐️⭐️⭐️⭐️⭐️","https://lh3.googleusercontent.com/grass-cs/ANxoTn2PZ6OHqFdl5PsDU0RQzDPwHfP4ZCT1mCNxp8NUeKf3IWr2Ra1OOxNBplEWB5u_rBm_fEnkAx9qZfj5jfj541uhDxo4kCnp4eez1Svbg_yGUKbkMUuh2dnmEtvnScphwecqk4uz=w300-h225-p-k-no, https://lh3.googleusercontent.com/grass-cs/ANxoTn3ihK1mO8qJjwi_eR6_Jhow9ta-9kE9lFspfE8MDxP9l0XeP-s7SqdMlT2qOsxihgtGxvW6G7dwg4XTIEHiBmmPZklUvjtCDp1pMf3tUY1rEl75YcyQTgiz7-oWkPrDWsW7G6dcEA=w300-h225-p-k-no, https://lh3.googleusercontent.com/grass-cs/ANxoTn0xlRS3d6uIdnr2JTquAVIjqBWT-7mg3aRw2J01da8N8NJFaX0m7w9UKRSPHha8NdUbvCtFyMsdZns4slhiUanUG9PHYm64-gZReU_YfG1xH9FhbtxDTaASYyJcEgKAHr5j4lm2=w300-h225-p-k-no, https://lh3.googleusercontent.com/grass-cs/ANxoTn2fnGHZtea-ynavMQFv1mgD2tPWbqKcLuX7Cn_t2DN42oyL3eDrsLdgjtSwXT26nhgVMG9SLaRRVax-vLI2HjyzOkZc8NKOu-O3hECo0Z9aMrsSCf66P1VY56aGkP9oB3IKJDUf=w300-h225-p-k-no"
許庭叡,5,2025-05-19,1 年前,雞湯拉麵好吃，湯頭不會太鹹也不會太膩，剛剛好，不過坐在最裡面的位子實在是太熱，冷氣有開跟沒開一樣....,"https://lh3.googleusercontent.com/grass-cs/ANxoTn0KRbWU8by2FtPxlCuZZxR91aXcXp8Lp5bSD5irgzwyZAhy1b9Y8yrreDw3VrFMiNRtXwtSY_mpAUcP3bnBZqZPpYmVKRWNGJF68wzvDsAZM8T8-o5NAnHAlTSbLAxbmfnRhw8=w300-h450-p-k-no, https://lh3.googleusercontent.com/grass-cs/ANxoTn1P6zk_9Rj-ms9oH62dkRY8M7aL6es3fKFcMDvQhs6fwOd-FN7ZjXHPIyk--HnjyNbKi-oSjqibxWE2qkOHhK3PuVulX6vhN2zyFQJ1j4lg2dXmkVUVIPxoN2g-l9Jtp0eJQnvgTQ=w300-h450-p-k-no"
朱映融,5,2024-05-19,2 年前,這邊一般都要排隊才能吃得到，這次很幸運大概20分鐘左右就排到了，排隊方式是直接排，而非領號碼牌。點餐跟結帳都是使用販賣機，沾麵的醬非常濃郁，滿推薦的，豚骨拉麵口味是清淡系的，喜歡清淡一點的朋友可以試試。,"https://lh3.googleusercontent.com/grass-cs/ANxoTn13dSYn5hrmQBraN2o4K1-zUBNuAHS55yFxZyFm7uL3bKwf4JFJUNGuYvOSqnUeRQWcA_DmjDoO-yWi1NDRPNMb_7K9-FcpzqL1ufLfm9FHwYXcHxZhiH5kyefs-e4006OIJukpZA=w300-h450-p-k-no, https://lh3.googleusercontent.com/grass-cs/ANxoTn0xIyFca-UmKRNahDSYygSQgrUkCM58tRMSTiIfciCSX_RNwAPP6yuu5bcBGv9gNPJ9aOhbS6Zsd335hFqOjiXzDUtgWjnupG5O_J9jVeccWiMmoqDz9L9i8jb7WLoLZlnG7spM=w300-h450-p-k-no"
Bo-Han Chang Chien,5,2022-05-19,4 年前,"環境整潔氣氛佳，服務也很好，最棒的是拉麵有夠好吃，加點的叉燒拼盤也深得我心。

整體來說，不管是美味程度還是cp值都把公館其他拉麵店踩在地上磨蹭，很能理解有評論說在擔心其他店會不會沒辦法存活。雖然要排隊很久，但完全值得。","https://lh3.googleusercontent.com/grass-cs/ANxoTn2HtJwcmjABLTMeoe2D7H-G-5hSzN0AASnTTsqd36EDKbAIRHCPBFfUT-FBJlq1SKIPDJst2ACMoBL3j8pKHJ_iSspGGrAnTBNu12CNIGNOEhTID2D7QQBCSO5purwHZ7C_v0VO=w300-h450-p-k-no, https://lh3.googleusercontent.com/grass-cs/ANxoTn03MJEdScWYdQSx-LLtPSl77rSDVPC1_fx18iYODWljGmssVtwCd1nU_gtreYROFd7tGPZDVQXu_ERiocNXbvF6cCHhmTj0Zwh_j1PDNEfmXMnzSLX-azBqgbMDFxpZv_XmDRjY=w300-h450-p-k-no"
Cherry Chou,4,2024-05-19,2 年前,去三總汀州院區做檢查，附近剛好有隱家拉麵就來吃看看，當天有點熱所以點了清爽口感的拉麵，柚子味比日本AFURI淡一些，但肉類比AFURI豐富不少，加點溏心蛋蛋黃偏熟一點沒有濃稠口感，還有免費冰水可以喝，有機會再嘗試濃系拉麵🙂點餐機只有一台，服務人員會依序請客人來機台前點餐，但只收現金。,https://lh3.googleusercontent.com/grass-cs/ANxoTn0kEpBx5h1Pr_Xm3dIn42Zxe5TCb1fas3L0odidP11Vh71syu3It8BAtHb9waX3W88iumPOmikC9-yVO92ft5QPkw5Gj5tirPTe1v43rmYNTIPHpemSZ6DM0Et-gKwwCfGOxXEF=w600-h450-p-k-no
binio0204,5,2024-05-19,2 年前,"中午尖峰時段等大約30～40分鐘
建議帶個陽傘遮陽排隊 非常熱🫠

店員們都很有朝氣👍🏻
份量、味道都很剛好
（可以選小、中、大）
叉燒很好吃
會想再回訪吃別的口味🍜😋","https://lh3.googleusercontent.com/grass-cs/ANxoTn3mME9bagYaMpyeyZHjeuM5IDCx9wai_3kDlNmdxhsQPLXIJ0G_wKq5ug0jmTO2l8xWJcIwDjeJ3e7rczF2axO7wPfDMqX_RWuvasWtDPi9dM76c_0La8UxfLWljurwJtrNd2n-=w300-h225-p-k-no, https://lh3.googleusercontent.com/grass-cs/ANxoTn2JV4v_F_ezOfJNuDQgNHPojFSBUd9fo2I3MmVJdAE0i8R6ZLr6UDrTCI7rnDDluWB7JbaLDHLm-Vp6udEXFVRpvTlqsTsEYfLUHoAOeyp1hc5kak3YH2JdzZurgASQ3WnzRoyecw=w300-h225-p-k-no, https://lh3.googleusercontent.com/grass-cs/ANxoTn26zRc4h8g1VvYBHJzK8uUl9A3HX_sUGezP-5uh9VGKs-wPGesf7vgtWftY2oQpBwIbzdxU5mfFV5rtMCwBwoHE21mHI2uqu07e_KgEmBXCvWIz-V-q8soH5xVeZ_pREGf8OWE=w300-h225-p-k-no, https://lh3.googleusercontent.com/grass-cs/ANxoTn3FTH7dYr7ebvaFoPUCt-Be2xs7MZ0fhySsGnwzzNiEL_F6CE_XQUf_LpPHkNZD1fLIjUpe40xxzgIvJdQDGYVc_cP-tAr_GeajCKkYwtFYxiAA7fQKI_RKxKoml1kDYUE18TTpbA=w300-h225-p-k-no"
Ken Shih,3,2024-05-19,上次編輯：2 年前,"看評論號稱是排名前十內的拉麵，就找了一天來試試，先特別說一下本店服務人員非常棒，下雨天會主動拿雨傘給外面淋雨排隊的朋友,加分...餐點部分差的多了..點了高評價的柚香干貝拉麵及豪華叉燒拼盤，坦白說很失望，麵湯本體就只是好一點的海鮮湯面，但叉燒肉沒叉燒味，就是單純的舒肥雞肉，加點拼盤吃到後面會有點反胃...CP值不高不會再來(餐點只有2分，服務多加1分）...",https://lh3.googleusercontent.com/grass-cs/ANxoTn31ukVjYsc9Q_PhLNJ183ODR1-Lli4ZXliTnknxw_Of73ofFXMjujgd5qUgOgqyuFYslX5JOv_TZ35mjhYjs_1jkYrKmy-HrgDCdIjQRNNySWPvzTmB2T8I7KrTnZs4A7K9gx-n=w600-h450-p-k-no
Ping Chang,5,2023-05-19,3 年前,"值得再吃的店！
湯頭濃郁不膩，黃金雞湯跟豚骨都好喝，
肉跟麵的部分，口感都很好，
女生點少麵份量很剛好，不會吃到太撐。
店員服務太好😆","https://lh3.googleusercontent.com/grass-cs/ANxoTn2ADE55_i__RdwgAKG2__TCIazbzmTa7CiAlDbBTUbVMYT8zNuC6PyQhvvGI8HEogrUZVqhgU4T5vBHps4UtywDO6usHstMuJSfgtr3rW5DCxmavG73-R8BgdtsGKcCGd3xXj9y=w300-h450-p-k-no, https://lh3.googleusercontent.com/grass-cs/ANxoTn2DFtSj9tjVcdYK0W7ha460dN82LSnhvAyowYNdC6LL-6ro1A-cj64bDe9vA5SRsRMxQDV05K1YnmoeCSUrT4xb7ARpU_K8q_ChZn-M4DcVzh-Zfb2jiasdXjNSoO5exu86qtK3=w300-h225-p-k-no, https://lh3.googleusercontent.com/grass-cs/ANxoTn0EjzPSb8a55LjT5kRCBWZKtlFJ28fkRJA8ibzIwOmaB0lxc4_-VVg66YdupPLozG1v8jEV-f3geabUYL4Zw9XWuC_dwOaml4pAxDKyU_5Y39Ss3JNvDJIJ1NrLvPP-Sxoi1pNs=w300-h225-p-k-no"
捲毛鵝,5,2023-05-19,3 年前,豚骨拉麵湯頭濃郁好喝，麵體Q彈，服務人員都很有禮貌，店內氣氛輕鬆熱情，下次想試試看雞湯拉麵，應該說每種都想吃吃看,"https://lh3.googleusercontent.com/grass-cs/ANxoTn0RkkGEVIDFNCDDwng3nRItMVrZOKNBDYbbcYvkFxT1ig0jXoB_MZVm2m1E9Mg5HUT9ugLuz-HkgphBTIzRJYTMh0f4cNFdtb8layRkiYjqL3uxrRicOKxkzkAfWgD3DpnwmGBG=w300-h450-p-k-no, https://lh3.googleusercontent.com/grass-cs/ANxoTn1EbJZ39ZvpV7V3LuGpLSvnQ-KUBSVSDxGS3IlpdZBkA44h3Bq1u8miSX-i2uWto6Ss67ZlziT_e36NdDL5-t4aFknhrYGfcot17yFdT4PtxLrdef2dgG7twMmNXJ5x3GtGIqcLJw=w300-h450-p-k-no"
邱士玹,5,2022-05-19,4 年前,"豚骨的湯頭很濃厚很讚！
下次會想要再補點一份叉燒拼盤，感覺頗讚","https://lh3.googleusercontent.com/grass-cs/ANxoTn2odg8wE8e6lJ0XYL8grIFjToXpRrKLA2mLEINoBWsQMkR2oNLRPrqNg76pXoOobVnOPiG7FioxC-JvamWYib_hjT_6VOdO88wd8uZHfgUDi-2Yv5t4e1ujD4V9oEZiJaaqgwXI=w300-h225-p-k-no, https://lh3.googleusercontent.com/grass-cs/ANxoTn2zowHxrYtPz6xRpCMtHYR9h5TLa43HZGAx3eC4lKu29aUYasQmTmJljrHViAYYMPV83LSSwbO2lhlp22133a-2KsSy5sAwV5zvMd34hCrWGVFGaMgH4-BK8cCorygKk3pTOC6G5A=w300-h225-p-k-no, https://lh3.googleusercontent.com/grass-cs/ANxoTn2hpEoshprd1St22l21KyvD1tQUU9GHZKoyHJBLbjMKeOAJCbzzfD_-vIQ6pJ5KqjOHwAD33QjYHdU0papAxTFrINa2JdpD5P0skHosVxsQkt9PPgQn-DBeHjG9XjL2_jVWSaU9=w300-h225-p-k-no, https://lh3.googleusercontent.com/grass-cs/ANxoTn0auRESMdPNMlpV4XG0Kd8eeUiPvBzWX17ry8Pv43phynLF1_g7w5WrywzavWOTaIyjzp3QlAReaWMxZ6rqUsIwuWo77DQY0w6-ju2yq04PM-i5ag1VwRoGnBo55W34iMQRTlol=w300-h225-p-k-no"
林玉彰,3,2024-05-19,2 年前,日式拉麵店，頗有日本街頭小店的氣氛，座上許多配料、調味、餐具近乎於日本相同，豪華叉燒拼盤是不錯的品項；但或許是料理與調味風格相近在品嚐後缺乏味蕾層次感，建議非假日前往用餐有較舒適的用餐品質而且無需再大熱天站在外頭候補入場.,"https://lh3.googleusercontent.com/grass-cs/ANxoTn2mi7pidxle5jpfLiIvRhWmw6qZF_hEvp_AN-OYpbo2y32zdAgAMNr60JAalr-RouUcCVQ3m12Ft35i5-tpZIoc98XNxTpwE0yae6SCaL6aKFFcA8A9KQsIdQQdN9Py0rGJKpqGkQ=w300-h450-p-k-no, https://lh3.googleusercontent.com/grass-cs/ANxoTn2CJ4HPRK6AM2PojqXkU1I1GJKUgZFBf1TgLj5CeJhdoUtORmledbtF1VqqcnfXNl1L2nSTWRgQTOOhgnQ2Rnu6GH6vm3tACj_mXymHOAOPp-_ZtzbAzioHOnl4OOncFbB92iA=w300-h225-p-k-no, https://lh3.googleusercontent.com/grass-cs/ANxoTn3KElcH9QSdnUjt6086qQZCDVhs50wRWuj9RFi9bYCGyOI0RUfaEgE2TiF_e4gohaPDyd4CpI56yCROQPLqR2tzQ6-h-Pi2KgSpgsphUd5hunjckSc4G1g5m1h6U20d5Cl6F7qpJA=w300-h225-p-k-no"
mlk866,5,2024-05-19,2 年前,限定的柚香干貝口味偏清淡，湯頭是滿滿的海鮮口味，整碗吃起來負擔不大,https://lh3.googleusercontent.com/grass-cs/ANxoTn1EVCuRY1FLAf2WXNG7OP8w3KLjuzY2yf6Ko0l_4va9bwHVqAwYYQH2Fh9sq5UXcaYGocypSb3eL5Ffv6coV3uBD9QbKwAekJ4BgjLAaBUYy1UsaewMSi42A-6wtiEK-CNDarLr=w600-h450-p-k-no
嚴嘉慶,4,2023-05-19,3 年前,人潮多，需要等侯一段時間，機器點餐，服務態度不錯，店員很有朝氣、麵可選軟硬、多寡，蛋需另外加購、湯頭有點油味可惜。肉很鮮甜有彈性好吃、價位中等,"https://lh3.googleusercontent.com/grass-cs/ANxoTn3QFtQy20DYBfP3vVgSK6f7KfBUJ6FQjbnRmA1X0jn5K_Z68JIdnnEvIkdrTsS-0aHS9jN__WV-B6SE0Aofm1-N9rVlurQH7L0QdF4nU-ZtPZrwgoK8aIi9gQvLNP2zs48F48LE=w300-h225-p-k-no, https://lh3.googleusercontent.com/grass-cs/ANxoTn3aZMzbCRfJhr5xPMqc67mBGMMjVYfJMc7ks-X8w9cxDu8lZFdrdkcX0AAuTjftQSbOnPngi9BHJ4yU5XK8gwI4IePtjPpR_5r5KTXO6r-QlPVxrRLEbryuUz6eoMusjPB4Jh4a=w300-h225-p-k-no, https://lh3.googleusercontent.com/grass-cs/ANxoTn3euWcXqmxR66NqHLpn4VHn6DDHwsWYclHDKpTG5ZQIvy1Fiy_I-_EsurUnNJ8B1ZzDSXFJ3Hi4iangwKtEqlitz8t-2R7wq8Z9RE8git4Q0JDFhgnCyafsmwgJ6q8YS6lj19j_Hw=w300-h225-p-k-no, https://lh3.googleusercontent.com/grass-cs/ANxoTn2FCyQJlghj5SScmK_6VAQpoQotK0h4nTL61dNb_Vrd-vAobC123POZn3JrAi33J0P_LFXxsomTWldjboqlr8Fhs2u7RQM9gBdKktNCxXqyatN8FcNvvdomVDlRIDkvJZFKiLbQ=w300-h225-p-k-no"
沈彥儒-小個,4,2022-05-19,4 年前,辛豚骨拉麵還不錯吃，點了中捲麵（細麵）大的有兩團麵，中辛自己覺得不會很辣，可以續加清湯,"https://lh3.googleusercontent.com/grass-cs/ANxoTn1jzRtqYvN-l8IJ-Iprhf73KOfN1q2VeBRIhdDYh0Yvkj2GKIp_kTM879ppWuCtjm-k_3TBf3CRep0GdZe_V2ygar50NIpBEB1Z_vA1iMOL6O8_ODQyi65cs2irGcIZ34xWvR6J=w300-h225-p-k-no, https://lh3.googleusercontent.com/grass-cs/ANxoTn0WntHyFi03LqMT-wNi7mLTCQlv9XT9D4jwhgUJlT-ymqyPekPBWsHzH1OQUTppU0Xq4-kio3SWC_xU8-ZFVC7raJYln3sdgA8W7BC_IA_OLF1oppgLd-gZuTwdrI1xGKpZU5uIVA=w300-h225-p-k-no, https://lh3.googleusercontent.com/grass-cs/ANxoTn1RnR1UNMmwBmf18Yvi_yvyfjCzl93h5v-9r3UsmjKve5yuKMFnOUNXKBdpqVEDItRkbdRaZVU5DqoE6rc0V_FmIOz1VUpnkW-r8PyNFpnMSwnrBsTkVdfgByix--QlTn6bpYgY=w300-h225-p-k-no, https://lh3.googleusercontent.com/grass-cs/ANxoTn24dTxm1HPmlvrddu2_eD4cSC0iWUpwFZJ6ZaK01pGijjK7kMSiayvASGbLUU_ZLHHotP6HRUjltUrG08C74hiWfpkXl-P_ip2QiSHYkone3exDNyQcrDCRYP700EZZdzfNR1SonQ=w300-h225-p-k-no"
無段道楓,4,2023-05-19,上次編輯：3 年前,"公館很新的一間日式拉麵
假日中午大約排隊30分鐘
除了外面的排隊隊伍外，裡面可能還有一段隊伍

環境OK服務OK口味還OK
價位大約200~250
叉燒肉片不是吹彈可破的那種厚度
可以加點的項目頗多元
另外大推，吃肉派的可以點叉燒拼盤

一個月後的再訪。
週末的晚餐。雨天的排隊人龍不減。
店家還非常貼心的出來發傘
這次體驗了叉燒拼盤
但覺得下次應該會直接點單一肉品就好
（雞肉以外）
在服務跟口味上，這次讓我覺得提高評價！","https://lh3.googleusercontent.com/grass-cs/ANxoTn2CPHDaKsdPTaHo28lO_3dBc6H0LmmJRohHborDMZ7Ogg_RcnD_aZTHbKNMQSzkVx8rdgf-Rj-D2JBrgxtvKUF2uHNdEjyNlH2SRX2CXjaa-SyywsC4pdm4O4IbJ51d4ztQi9Au=w300-h225-p-k-no, https://lh3.googleusercontent.com/grass-cs/ANxoTn0mA0dchcd5SBBhbUsUDnmKQ_DFqZTR5l7tHakAFr9kDvT1DyKUhMg_wXmpmenDnDBUlLy6M3sHZqwygg8yNWcVZ6LBFA7OT6au1mzoXMAszTniCvG0MlK-mh45TtGgc0FSm3bl=w300-h225-p-k-no, https://lh3.googleusercontent.com/grass-cs/ANxoTn3KI8d6nt4rBF6Qd63WX4ClImhV1AHN7F5LDw97lf77nBuxJcKJrNfQ4Ys8NkIlPpvPTaByaiLI7KFUvEUom373edyVIknnkOCMzosbmPSc5h-dZgilDU34CR61lm_f57x7X_4=w300-h225-p-k-no, https://lh3.googleusercontent.com/grass-cs/ANxoTn2Q5_K-8pL7P3c39HwXF1zscZkmfINTpfXItOTtTtona3CnAEACvG5HXOWCjafwzOromqZ-Wq2CufHpxJkiAllsv7McmQbXmjncgev_HrNrgmltIEgHM2F42fhd2feAsZkG3_1JtQ=w300-h225-p-k-no"
Lynn,4,2024-05-19,2 年前,"今天中午帶孩子去吃，雖然發生了一點小插曲😅，但是店員和經理都很迅速的為我們處理狀況，還好是小事，危機處理也很好，很謝謝他們。

餐點部份孩子一直說很好吃，我們下次還會去😄","https://lh3.googleusercontent.com/grass-cs/ANxoTn1xzeXk3Du1ndV6T1jiHO0bB4IFGV9q2e6rIr2wOrFxp-NQI1IBUOUzObReYDDfE2VsDx_-S6UZ9ILJWhL9i1fQayXjIVCEZZniz8OInO59e2Mm7iotVIq4ROBCExiErpkvSTOa=w300-h450-p-k-no, https://lh3.googleusercontent.com/grass-cs/ANxoTn0EReiDVCek4OSrt8qOPd5TGii4OtqaZMtM0x2mA7YFyEzVoT5xH3WqhDCjBrJ0ow6RVyITzuCwJHZqIrjTkMBhzcH40JPoB5pMJgh9snTVbEPlNOUidTauXM3rjoCK2pq-pZTq=w300-h450-p-k-no"
李俊毅,4,2025-05-19,1 年前,飯太濕且不是叉燒，很像肉燥飯，干貝柚子雞湯，沒柚子味，但肉嫩，干貝甜，因為不用等來吃，但有點失望.,https://lh3.googleusercontent.com/grass-cs/ANxoTn0LTGr-tUGw5AGGcUv6Ju0eAOBaBPpJpj9jm6114PIP9cTBuiu2ey0zJmih567IyO7xLL8y0TbiuKqdpOQU99O-e1n8mtZOojuABFwutZpNM8L093ct2s8LPPKmvMgpNaS1mema=w600-h450-p-k-no
Valiant Lee,5,2023-05-19,3 年前,"用餐時間會等比較久的時間
湯頭及拉麵都有相當水準
個人覺得點豪華拼盤不如點TKG飯","https://lh3.googleusercontent.com/grass-cs/ANxoTn3VbYRs3c38XHtdq7BFxiH0QgGmhvM8hpKn_EkTUwhp6jWLu93PvcxFcJ3cvRlvWLccyKfbXD6nhwDtx2Tc4wIDWsiZhGm5XjJmbilVEQnsfI3f4QlsS7pmB9QDpMx5H3AGqw4=w300-h225-p-k-no, https://lh3.googleusercontent.com/grass-cs/ANxoTn1OGDBrXOFWRAZkWrRYz6zG3jig1JiemOV6Py-C16txZzGoJ-sUI4V5HrkJHjbAGsNABshMb8x17q5-slqrdmnFCzBsUPMaKoW3386OaE65Gz2pWQoUo67TtUfRUNrzp5Xniq3_9g=w300-h225-p-k-no, https://lh3.googleusercontent.com/grass-cs/ANxoTn0mrgJss-OkkkNh2e4T5K98gxsPhLeZrT9BKepgkoG8Qbr5KDCe060xjQjDXuSWNE5OkgajoEsntDK4YQgUoL2kNPuiYVKLrCSB5Jxm89awm7AcR3U3RdZcwx4zLu4fCPOFcVNK=w300-h225-p-k-no, https://lh3.googleusercontent.com/grass-cs/ANxoTn0yR266Vnx75m-4Cav6rdvx1liflnOod1FXA0lq9mF2oqpKzbcYu05MqCBMIjUY2BkLwt-3jbzFRaTMLtX8KQC_9n5b9E3W-uRIn_d10iXsbXfjYUmnQs-GOEyBHi8MAo_-1hX3=w300-h225-p-k-no"
Palio CHANG,4,2022-05-19,4 年前,沒給五星的理由：需要排隊等待，點餐只能用現金自助機，也造成速度拖慢的原因，扣除這些，其他的都很棒！,"https://lh3.googleusercontent.com/grass-cs/ANxoTn0oAA1PSb2YK3uTDOpxBjN7JjlRNRUcqLAcIQihWc8bPChSoLZId44bo8tAFNrPrK8_F7Ql8MLuKw6kefluIEypDKvXiq1KvDGEYvKpgiUR98dPfr11Q1bifHsNH92njZrbNCD0Hw=w300-h225-p-k-no, https://lh3.googleusercontent.com/grass-cs/ANxoTn3kKlmNN_Cy0kDY7fGHcDODA8MMyghgo0_AAT6wdeOHSZl2Qrlv-yDMXwQhZ2-0E8o-B2MuX5xXlU8BeBqddOUqOKvQArnnmbGCamW6pCC7So43LuNhZFIS11GMp7Hbm-43Vz2o=w300-h225-p-k-no, https://lh3.googleusercontent.com/grass-cs/ANxoTn33YpdAq1rUg3oA3mw2JZJf8b2q-P9OwKCv5ZKC8pWdZLZ-w4-cuiNDCaBIlaiIUt4KKIn4X5xyKqzhPyQoXv2crpv4ycpsAKpa9JGyt0tVcRDbsYm4q0JxTl8F9bdFNYNrrrO7wQ=w300-h225-p-k-no, https://lh3.googleusercontent.com/grass-cs/ANxoTn1m6pRmpjR0K-nL-xAMMud9Ji7mIEu33nBam5gNtYZBBZl8eCaN-lUzl5-VrSLpMsRe0uFDWfOrkYDFfE03QUjc-2kpaaNvfUBh69X6ErbSTTStUsOSWTGAtbyfJqtGpFKAD3U=w300-h225-p-k-no"
陳彥良,3,2024-05-19,2 年前,"黃金雞湯拉麵（豬）的湯頭好喝不鹹，加蒜末更好喝；可是叉燒肉普普，肉不推。
豚骨醬油拉麵湯頭濃郁但不鹹，有一片雞腿叉燒好吃。
雖然可以加湯，但是卻給一般高湯，味道很淡很失望）。
整體來說，黃金雞湯湯頭+雞腿叉燒我覺得最好吃。",https://lh3.googleusercontent.com/grass-cs/ANxoTn0dhMXqKDnVs68QqO27sa5gbFEMPIbiEIQrN4oEsC306H4DPay0UoQKhhS8hgwcBHCsr73qDLejM4wF0sv6tdecmkIk8abUbKin5LPjmHkNJgrKanljyqnPMvCCzYhADLbKgMXMYw=w600-h450-p-k-no
Vivian Huang,5,2025-12-19,5 個月前,紫色帽子有鬍子的店員，服務態度超級好，很用心對待客人（有看到他在指導員工 可能是店長之類的？）,
Sunny Wang,5,2022-05-19,4 年前,"平日五點半去～大概排四十分鐘左右
覺得豚骨醬油CP值超級高
竟然200元有找而且肉不是薄片是整塊的！
唯一比較不習慣的是湯很濃（有點稠稠的那種
但也有提供清湯可以加
還有冰開水可以解膩！
還有服務非常好！",https://lh3.googleusercontent.com/grass-cs/ANxoTn2PbCDjGV-xiHzd4Koi437z0ikqZoaQbbD_bRdyKHsUb03NaoRGSWyF9yO5LOTTPyl4GKemhUv3y-TQfIpEJrDO_RgH0nk6lFSL4533B8_64zK51t4PRDKFmwyZaKh5kjNFHRY=w600-h450-p-k-no
Pb Huang,5,2022-05-19,4 年前,"就算是打烊前一小時還是超多人～
遇過服務最親切的拉麵店！店內也很寬敞
點了海老沾麵 🦐夠蝦 麵體是捲麵 硬度剛剛好 肉類部分表現優異 蝦子還貼心的幫你撥好了
可惜柚子跟鯛魚賣完了 ～會再回訪～","https://lh3.googleusercontent.com/grass-cs/ANxoTn1QBCE5Tx-6PKhHP22QTxJqGi474cNiS470FiBnJmbkyHNLy_-1m7gYKzjY1GOi5MxLhvWccJVi7ToXOyki1WTIT1PIX_zBHMKZXUGJu-qwkB6fXuHZ8UFuJLO_vo0HyQizf8qD=w300-h450-p-k-no, https://lh3.googleusercontent.com/grass-cs/ANxoTn1oKESqDaGrofwpW04bS1UGHh0kfolN5Uq4u9BGZP3-TdFSg4npYrkbvU3X3XEDgQn_fUK5VfA6ZResw3BsPnT0ZLs-4dNocv8yVBvhTAWmWNWyPaIHK5pRnwxBBd-kh-5nGFyD=w300-h450-p-k-no"
Yiling Lee,4,2024-05-19,2 年前,"湯頭偏濃，麵體中卷麵 選適中，但吃起來偏硬，下次應該要選偏軟麵體.份量選180g 但女生份量偏多，下次會改120g,
願意回訪試吃其他口味❤️","https://lh3.googleusercontent.com/grass-cs/ANxoTn1WG3t9K9B4ArqBTimlwuwAsBAo7QLifJnimMsWK95-W_gvcSZQjNbTco_iT3YmZvHsjZO5OkLaWOm_nTtjOa21G-LA8sLqsUQTuEhrvhWmacvyLZjXPaOC7_L37euyRbcIndeK=w300-h450-p-k-no, https://lh3.googleusercontent.com/grass-cs/ANxoTn3iW4wF6sZDS38uzWHrXkTflGfDaA_02qYEJHMhNJVATUgGA6lArxYiT_dwbHgXP8IQ8ROBIdqxQRwkUEH5NCPq94uANarGfirfPCgVLeU7R-3yTzz5gbgmAtZLPxZk5Q6JgOw_iA=w300-h225-p-k-no, https://lh3.googleusercontent.com/grass-cs/ANxoTn093iWqVixo3QRnYCL5jEPGDXpYleMNMPpZEGviKbm0O6_0YqwSnxd5ybYwuVJLE4cngOKuc9OlZQmx-1P1HOY1zLJEfQ3ZznuD7XJe_G8pNXP1fDY-EkJUxdhxrgJqIWFIcwd7=w300-h225-p-k-no"
周菲克,5,2025-12-19,5 個月前,"綁白色頭帶眼鏡小哥服務得很好 動作迅速
希望大家可以給他一個讚👍🏻
重點拉麵也好吃 湯頭也很清淡",
Danny,5,2024-05-19,上次編輯：2 年前,"TKG飯
灑上蔥花與柴魚片的溫泉蛋拌飯
上頭還擺放了肉燥
會讓人想一口接一口！","https://lh3.googleusercontent.com/grass-cs/ANxoTn2R24vobiiCiM8L5VHH7KKWORVOx-PPg1ieyD42kSNg1rX8a_U7y63AFZBKFJL-P28mZ9axBu9EYE-yrcU2dGacx3H2S1bn7SMTo3yZtpE2nIDu4mU2O8BQvMN84JGxAxusqq-5=w300-h225-p-k-no, https://lh3.googleusercontent.com/grass-cs/ANxoTn0FpYTv1cepXE0YJsLMI0tVG9eG-QP48-28fq3ojGXC-_v2txCVdJD53VgQGeHjxhM0gkh29fUbfFNNCNDTkjM6PkS3ybZ9GZMeaWyQgZluR0SlajEpeKLGdpBo_cq00lmag7hbPA=w300-h225-p-k-no, https://lh3.googleusercontent.com/grass-cs/ANxoTn3jy21YihKNHUPdwD979FTiH3gpalIrr42eXUWFfkl5mLO67p7EWlq1Qv_07omVakI89OlHZvwIEt_XKiFp1gw6bk_P8lFIWcP09nK0d113AUzsw3CKokzgLDu4wbKN9ZEhBZPr=w300-h225-p-k-no, https://lh3.googleusercontent.com/grass-cs/ANxoTn0mmaigRs9Izqw_ycdZZUcLcA0DDkYV7vAFIp0k5uibK0XWERShhXFdCjp7lt8C1j3UA66OqSwc46vYCtVw_JMZ_IjsSFbt4RkWl5_XHUR0YpocmhPah2b1zE9iPziCmnExjW0v=w300-h225-p-k-no"
雞腿排,5,2025-05-19,1 年前,"外場的刺青女生店員服務超好👍
叉燒飯跟拉麵都很好吃，喜歡濃厚系列大推",https://lh3.googleusercontent.com/grass-cs/ANxoTn2V5XQPN0zqVp_O7xsnoeKUWBQHGQIoNt8YQ5h_-eXYdW0_7kn13Pec4-NhEDLUTfaShXsn8z9Qkt4F-79ohJ1bNoaZkAYch-DFjnYcf_UukfTQxJpcVju5bXQMkV9qjnt1MTRm=w600-h450-p-k-no
tinx,4,2023-05-19,3 年前,湯很好喝 不過到最後會覺得很閒 肉好吃 真的要等一陣子QAQ,"https://lh3.googleusercontent.com/grass-cs/ANxoTn0LZHK8CWUD-XOE58ZobSoVb32tPfXh6T0Q5JYvdDVvLKybVEsNmm0LiE7nUjemJrWnCNzmhmwU3N1Pu3oXpxy_sV7pxQd-qpa1Z8juT7W-PaJsJfw7XlC-SeUcitcn8HGzapjo8Q=w300-h450-p-k-no, https://lh3.googleusercontent.com/grass-cs/ANxoTn1htpcdJn4KGMUr4FP8lLUoaGQx9hkLJy9IaT8yJwigeBAM7-5qnlMH_bjactM8ToJvt-DH-_rSbD_J7dqSCOSe-WRD7UCOhlMCWgo2l5JuQfpUMVzLpSdfW-CU86A2e8PJXfH8=w300-h225-p-k-no, https://lh3.googleusercontent.com/grass-cs/ANxoTn0XKpu1epRtXkIF0kpYZKgksnbgvjLaGzDiaLYf5oLIk6qSETZ6W4q_MF2yvHRNTB1RdSDn4p6nLY60wNjyIq7jaLPsCOzZFwN4XyiwyypPFpyEnCDZNXr1gExxZsvVISPyLRUBDA=w300-h225-p-k-no"
潛水兩萬里,5,2023-05-19,3 年前,"位置蠻多的，排隊等待位置安排後才點餐後入座
麵大小可調整，加大不用再加價
辣肉臊蠻好吃的，辣度可以調整","https://lh3.googleusercontent.com/grass-cs/ANxoTn3f51VkcE-M04oABtoLpiOwmY4w5CGR3PMuj2cole-Q-f6GbqGF0dz12lZm38LKB_INWUEU0yfIMB0l2ugKNcfvFatwHPUJbbpTv-H8dzm5k9icd5GJ03p8nxXZbKT-I-_lP1MO=w300-h450-p-k-no, https://lh3.googleusercontent.com/grass-cs/ANxoTn36Ugu_1u0EcdNCiD59aAPIzvjoyMJ5kjkUB-UOBcHqusdi_tObshIPXFAHcZQ9jYEUo6zk4eGm4kf9ewcfd3UWVIZVSBrUiMCI9Up-4vKGXutO2iOgcrWssJYf-zIBMAtv7j7-eg=w300-h450-p-k-no"
Alex Lin,5,2024-05-19,2 年前,拉麵好吃，價位也還算合理，而且服務也不錯，吃得很滿意，大推~,"https://lh3.googleusercontent.com/grass-cs/ANxoTn3Ty1Bv_rzA8mtLMoTtN4X7ro3uYc9scAtXalLA1XSAkQxcwMv9LSZNZ3FKLPJRpPuOPebKedsjv8IwUlFl63BNlm_NqSsdb52SeXjfzmD_88c8k_YGYdN-rtrNtuOReD7S6i2-=w300-h225-p-k-no, https://lh3.googleusercontent.com/grass-cs/ANxoTn31lH0KDx1IzUK5wE7HHUqrCFB4_A-0KdHGo23TEap3Ezt1UK8c8jytdwox_5pUD_yXsgVaXlNDVzKYqcSlqtyhlozgUow6VnS72lgRyaTpzQ0NoIpGkp2Blt9FlGhVe17BMwvn=w300-h225-p-k-no, https://lh3.googleusercontent.com/grass-cs/ANxoTn3bGJVXQIz7bfC1sQkle-L_0BXUhBQDhPM6u14cNqbvBJcCnSPN5xMTvxazqDheJoLf6NsZewvy9qIZQYCvL6Qc3kQCQZAoovPFJ6jDvjvobV8b8dHwMYxcxZU1wm2BqJ-OqM1A=w300-h225-p-k-no, https://lh3.googleusercontent.com/grass-cs/ANxoTn1OvFSGhIg8cL3Iv7IPkuqLQJN3LBsSjWHeWxIoKJMvu6R8XkF23m37phwoWV8rahI3aLtju2BJOZcr-n-Aku53U0xbOn249GfDw7TFNVQ_LCwXPD-ZX6K2_X1nEeXs8_rhjs7chQ=w300-h225-p-k-no"
koion,5,2023-05-19,3 年前,"價格不錯、CP值高，很好吃且能夠吃飽
湯頭不油膩，叉燒也都很有特色且好吃

如果吧台下方的位置可以放個小籃子讓客人放背包那就更好了，背包掛在走道上感覺有些離的遠且不太放心。",https://lh3.googleusercontent.com/grass-cs/ANxoTn0q9ChWe4vqX7gMHG8bkIQi-JmURTAH5NBxI6XANnTi2FOibSJCaeQGeJaq1Tq_XqyLHkS1t71fE3J7dhBUvvyzNVYmy0GS_trLZk2dNhITLzHFawOhxNn8jMYjzUGLzl35MVB8og=w600-h450-p-k-no
QQ,1,2024-05-19,2 年前,之前都是去芝山店&士林店，第一次來公館店，首先「一定要人都到齊才能排隊.....」 去過這麼多次別間分店都是登記候位就好，盡量以不影響隔壁鄰居及交通為主，但公館店在小巷子裡機車來來往往，人潮也眾多，很增加交通安全，沒有依照規定只能重新排過，再來進到店內店員也無告知是自助機點餐還是人工點餐，只是給我們菜單讓我們坐著等....等一段時間還是我們自行詢問店員，他才說可以人工或是自助點餐，點完過了一段時間遲遲沒有找錢，詢問另一個員工她才趕快找錢給我們的，餐點整體跟其他分店比起來偏油，綜合以上下次不會再來這間，還是乖乖去芝山店好了,https://lh3.googleusercontent.com/grass-cs/ANxoTn0gcCgGsAF81AZWlPlniqRVi8OI4gepk_naZKTcvhQ1EmccnQS9YRoaGTWQy8khtq69gbjiULtrpHdkDqLDBijW_E7oWlGPAj7mFIXYKaTSuomkcvIdxyyY19gFenAHId1TZigy2g=w600-h450-p-k-no
Z7,5,2023-05-19,3 年前,"店內氛圍朝氣蓬勃播放日文歌
用餐採自助式機台點餐
麵體可調整軟硬度
份量有分正常、中、小份
雞白湯麵加上蒜末味道很加分
店員人都很熱情且會問有沒有吃飽","https://lh3.googleusercontent.com/grass-cs/ANxoTn1yyk0te2gZYKQ8J1OgnNpm2n1__eiYJrsbkLV1YUQDXKEQ7U1tMCsRv6y0vfe0XYHxHNfr2MTi4fgdZFX6Ak4ZPlWFElA6j9dAZjL8tcUVRV_Pgzo8GPMhV8MO2VdBSLN2wHha=w300-h450-p-k-no, https://lh3.googleusercontent.com/grass-cs/ANxoTn1nH3p2Rm_8N0JnLCc9LjykwbgeiCj5mYoK7jzotnCzQNdDpZ99zMbFBVwzoJ06w4zrdanGVAZzd95Kn1SgSL7HHYU-Up8ryWs-2G3M5gaW-fyhWjxVuNslrsE9z-31v5pljYtrfg=w300-h225-p-k-no, https://lh3.googleusercontent.com/grass-cs/ANxoTn16Ho9g0r5mbE91YABlSb3jJkFgsXOB0C_VnJdMeYmqTCeAmmZmvDYtk7hU_mByJhWyLJFEoFbnJK__U7IJUluqvo9n60TqtpqPLJ_NUP4QNty6ImqQfzzYpmVcQeihFhEvpXhy=w300-h225-p-k-no"
Amber Lee (寧寧),5,2025-05-19,1 年前,"終於來吃ㄌ！很好吃(｡･ω･｡)ﾉ♡
沾麵的湯可以加熱
真ㄉ很貼心","https://lh3.googleusercontent.com/grass-cs/ANxoTn1kDjv_cbIdDYyzzPuP9msLrIcErLSgmJA584zUzXfRmWVkqSOJ74O1QXtxSNhxj5atCCoBMt8-RK_hMEyDNeveN-64kN98P0yUcH9dSN3J6luzIDYq-CZESSPiI3dxTw1PXHYD=w300-h450-p-k-no, https://lh3.googleusercontent.com/grass-cs/ANxoTn3L-s-wguS2sSmMYm1Z5D93AJ2Vghpvv_rTwd4qKOW_-R3pGxz64_Q-BKH0qv9sxrvELaIkHNoveHiL6Y5W7l3cMZorSNO3j5mudI0CdMuHFBVzk970HY3p76jY4lKj8lIkJT-g=w300-h450-p-k-no"
333 Wen,5,2023-05-19,3 年前,不用加湯加麵也可以吃的很滿足，肉不夠就加點！,"https://lh3.googleusercontent.com/grass-cs/ANxoTn1vFOLP7CdywpqTO6ICoaNdHuv9-j_Ldi-QIX3jJW_YRScJYXNESR4GeYBVl-4KnhJ4kxiU6okFGqFtFEVVhXETeQtxcwf2ZE1wyko2QNfwU0kckNysgCjDyBhgU0Zld4MhiAjZ=w300-h225-p-k-no, https://lh3.googleusercontent.com/grass-cs/ANxoTn0IVBrubACqVyqJcNhVdJBVWlXsJd_2i5QSu5yR9LA3JzD2m0Kh7-yc5zO8APy39R18aqpTLNAVfvPMfYPtiQQ83lbuYN_OCZoMER7T__Pot6h_51S7UjqrFpq_eTUDY1SX_cpa=w300-h225-p-k-no, https://lh3.googleusercontent.com/grass-cs/ANxoTn0-eD5Egj2w7LIIK9KYG-raIfF-rqTMIkBa8K2RBssPW_WQaDjyVZz9Top4RyT8xqwDTyVgdwUBRBAd818qSCmiCl6KTxjHJsxyoNmVY3mPt5BEW0z4zsk5Ingn0uZ57C6RIHlL=w300-h225-p-k-no, https://lh3.googleusercontent.com/grass-cs/ANxoTn0aBQQGvCs9SmfLyhM7PKRk8oZnNsnPq6Ve_H4TGPhew8mSulXb2tDjYgPpN2orNzPKjtPCR3qxVDDKHjx7_fC0EdDcuK5QMNMlcZPeyhBuWztwyV8boy-dCuDnxxWM5mIWpaEM=w300-h225-p-k-no"
吳曉昌,5,2023-05-19,3 年前,"目前我吃過最好吃的拉麵店
每次路過都大排長龍，終於我忍不住的去嚐嚐
吃完後的感想，「應該會變成我吃拉麵的首選店」
它的柚香拉麵是我吃過最有「柚」的香氣
湯頭我覺得鹹度適中，不會濃稠到好像粥一樣，但又不會淡如水，很適合第一次吃日本拉麵的人
它的叉燒，真的非常非常好吃，整個噴槍烤的將豬肉的香氣都烤出來，吃在嘴裡更是「滿溢豬香」
最後最加分的點是，它的麵跟湯都可以加，不怕花大錢吃不飽的拉麵！","https://lh3.googleusercontent.com/grass-cs/ANxoTn0M80oyhwJKQwbDzLIxId0x6tnEcI2emQ2JUypqAZqXqRAta38JMEyPdN-1ewd5YWG2oE0LgrYkHiXmnEqrmOiPNJWLRIIRanU-m605B6jSsJHUHr1fy-cEtBgyj61FJHFtipg=w300-h450-p-k-no, https://lh3.googleusercontent.com/grass-cs/ANxoTn1ry5XyopJgzOOM26CRpOGFh-EIdLj4FWWxgzmqHfKVivPxOIz-l8Y-w_Lr6I8EXZs5mNYO1x9G16A2xgv7SVRYiAu7pTrXPGL2fZ4FUme2ukAURqRP58830XUkTe8vHL9wAD7D=w300-h450-p-k-no"
陳冠宇,5,2023-05-19,3 年前,"公館分店！
店面大小明顯比其他分店大很多！
然後來吃的人也不少！
辛豚骨感覺沒有以前辣，
但是整體是我想吃的味道！
聖誕節期間，店內的氛圍也有所改變。
很符合學區週邊店家的感覺。","https://lh3.googleusercontent.com/grass-cs/ANxoTn3d-gYgPVV4O_vkcW1Qp8J2xR4FveBiMY6aiZAZ28aMuW3gkwLN4FHS-10kMhW_knEYSGESYaBmjpGo5bQlfNtyCBUb2KDbXYk6sv_X6Alb05rY-wCpL0tjv0e6ulf_KBpMF-aR=w300-h450-p-k-no, https://lh3.googleusercontent.com/grass-cs/ANxoTn38rlcHPWDUzQ2RA1JpAbmSkUQwwb-czkUN9NEK0Q3HOdJE91lM9OUt8Wi1wDcTLMKxeHLhIkJR1gG1t6uJs22V3AlL0QowX_N_pd-y6143sDVhJF6cYLSgMqAkQ9tBOovKLR7Jiw=w300-h225-p-k-no, https://lh3.googleusercontent.com/grass-cs/ANxoTn3nQz8YE5GlDzOcQqt1NuDzBguxbltH83qJLvw5KeTLV6CsLNtie4mSfXe7vd-LytalEh6We-59kCNjRhfDi7WSkUGHLaNG2I9BtvBlorrV9aZvCicpr7_bcmBkkm-rc-a1YgKU=w300-h225-p-k-no"
Carina,5,2022-05-19,4 年前,"#濃厚雞白擔擔麵
超濃厚吃到後來像吃沾麵
再請店員要一碗高湯加下去
讚爆我直接吃光光","https://lh3.googleusercontent.com/grass-cs/ANxoTn1I12cVOFpsk4W02QeWEtowdyiwAkqtmZr4bWJh652WWaWeWHCJxkX7ZXu9KECj-gWk6ZbHgTNCwFjS9qir6hP8_CNMyVKdhzwgCPqjtDtVs_qBRYRRoRIOVamu7q0uKVJ-1mg=w300-h225-p-k-no, https://lh3.googleusercontent.com/grass-cs/ANxoTn08PBJHmvyo9eqxfanl4hM3jbMqSjLbbOTL0lynlEm46aCfnN7ZFUdgEKMWX6LBTjAQMaAY3TGPRf15qy7qpQizCuyJML6fjnnk5JCoBq7GEGNEAzqEfi59iBhAM3uE2WZvgqpT5Q=w300-h225-p-k-no, https://lh3.googleusercontent.com/grass-cs/ANxoTn1_eOFqzuK9DXSL6agg4T65QFzjZmV-OX1WRt3bwVj-73Mb5bPiUneN7r9DqIilQ4H2iz_TbR5JR7MRbamZyRULkb8mfJnt5jJ7rWjZualve-2c7jCu8sZzAUorfhDk65RXn9vU=w300-h225-p-k-no, https://lh3.googleusercontent.com/grass-cs/ANxoTn1sMyEmqLQ5WlSfIaRB6PzWnhibLbcRmt1ypDoqp7KbGL5UZ76MtSDogdAXdFNmAkhp6V_Z15Rte44oGVllI-iZl0GM-4FFJaX4XJyXDR7RkqSXnymdTrlra-theJZ8qzX5SIkg0w=w300-h225-p-k-no"
N J,3,2024-05-19,2 年前,"吃過別間店，公館的雞湯不知道為何有點膩，現在一碗黃金雞湯拉麵230元加麵另加價
拼盤是冷的","https://lh3.googleusercontent.com/grass-cs/ANxoTn0vhkRNqn8gOSPDX_E1SkA1cqs51fQ503WW3JKBud1Vih-9LtNk1G1i1BXoJsUiXaCWrtUIJjCSrHfzZIST4g9wbX9-4HChGrmh8TIZhDXxLPpxspPOek2OQvaWSPmAWOPP-06YcQ=w300-h450-p-k-no, https://lh3.googleusercontent.com/grass-cs/ANxoTn2EYBiSjUHFe20AbgxJYCs-7iqbz0x6aI5DtPJRR37vfV0cW17QZ8wrJFTdJhxLKaG7ItxeZETrBAPuTBU8MQIF99Li1Byafea0fJPya8ibFLdVKujTQxFgmUH0CpUw0PRp-rJR=w300-h450-p-k-no"
Elaine Lin,4,2023-05-19,3 年前,排隊～台北的拉麵店算好吃的，值得再來排！湯很濃郁，很棒！,"https://lh3.googleusercontent.com/grass-cs/ANxoTn25UdS-05dd1JWv8dk6l0IdrLw54ds-MrvTCufRkkzAU3LxElwuu7xy_jbpHU8gvPnbe-AIPu8Hfzl_glj86H0yPh_CT2_Gve9TYj8C8c5P48rG_i8wD0RQttN5V-X8MN3FmAF0=w300-h225-p-k-no, https://lh3.googleusercontent.com/grass-cs/ANxoTn3y-461burvgqPfpVN6mb8f1-eJzObmmRQfqHN51DI5MMxhA48AYpv4A7fJy0puZGd9CXKVsAVxBpDuWtOLIYzRZEmT_T32-kpqoPt7qWjZh7csc_1Ivhj43n6R5mtBkgePT_voag=w300-h225-p-k-no, https://lh3.googleusercontent.com/grass-cs/ANxoTn0xVnkMgtEhKyeAm7CvzJ6fMAlQoUto5FkrjoqfrYxustGOd4tVYETDDn7VQAeZFUvM4VcRkeYQTwVZBLp5Cx158WiqkJrH29Ggudf4vumXgSn2AQHf95ncbkfJBRrAAkSU6on6=w300-h225-p-k-no, https://lh3.googleusercontent.com/grass-cs/ANxoTn1Qr_QnzqbFZQmcJRYLvFQM-KlzBp8MF1ZUJYC8Iz_TI_ngbbci8BhIX53v9lizVCu_lYlfBsUgT5Neipj18Di1vSEuf7ZxugbHjI-2LH04WhcjH8z-8t-PmQTyOZ23dASbckQr4Q=w300-h225-p-k-no"
Robin,3,2023-05-19,3 年前,店內用餐日式氣氛不錯，第一次來點了🍜沾麵，舒肥雞肉、叉燒的調味都蠻不錯的，肉質鮮甜，蝦子也新鮮而且會剝好殼。但冷麵中間沒有煮熟，咬斷中心可以看到白麵粉，搭配沾麵醬不夠入味，醬汁偏淡，麵條還是比較難附著醬。建議大家還是可以點其他的湯拉麵，比如豚骨或雞湯拉麵。,https://lh3.googleusercontent.com/grass-cs/ANxoTn1Md3OXwnZOb2NYvoTQTOB7eezR9isIBN8-u_zT-xEK9V7qiMkopOA-h49acUyQqDcSMEeOqVNnNPEFWYLHiP3Wzoo3KJrqJ4XC1zq_L0mXKlJEfIC6cBl5tmzjFKp8VYNfNpfv=w600-h450-p-k-no
林依霖,5,2025-08-19,9 個月前,"柚香干貝拉麵很清甜！非常好吃！😋
想要感謝7/28的接待服務人員  一位戴眼鏡的男生～ 我帶奶奶一起去吃拉麵 他很貼心的關心奶奶有吃飽嗎、走路小心 非常暖🥰吃麵的時候聽他熱心的招呼其他客人 覺得整個店氣氛都很溫馨！吃得很開心～",
Lee Alex,5,2023-05-19,3 年前,"限量的柚香干貝拉麵讚讚！
很棒的用餐體驗
一開始被安排在吧台座位
但有點咳嗽的症狀怕影響到衛生跟其他顧客

詢問服務人員是否方便換位
帶位的女生店員非常親切

還主動詢問是否需要提供常溫水
用餐完還祝早日康復🥲

根本是小天使啊！！
非常感謝妳！",https://lh3.googleusercontent.com/grass-cs/ANxoTn2UfJaSu44hx6He5ZtJuw-6KuZK_4anJzwg7JsLzBCXRzm0ZsUE9s1r_OQyw9ZWEaoSGlLbKQ9b_-pDm0jI-eOZXdlajhB4qDdIuzxZCnHqhFDl8HmiOq3sSqF9n42AsThpDlHd=w600-h450-p-k-no
Su Su,5,2025-05-19,1 年前,整體價位跟美食度都很不錯！趕時間的先不要考慮！人真的很多！,"https://lh3.googleusercontent.com/grass-cs/ANxoTn2dNOMBQ4t8WXUUfhZj3X-tf3UMYZSGIPNl84XdHHDcbd3esaFKdKqWjtfYOvqB5rD_w5yT75d7kN3lkEwy9hm2Uq82_wGy0SBtPRbNBH26RzwP0KTujrAldKG0eWf6mw-WGqwb6w=w300-h225-p-k-no, https://lh3.googleusercontent.com/grass-cs/ANxoTn0IGSPtN_JkpetjfF5GnMt6KOYIhAbaFFf1llNfsO7kcyCJ8Y-P5LH6h9ZmTrEfGqVPSZA48C8MmACpxfAz_vPbvovVPC1uU_UIqXHfDry1_AD1drEcxei6N5Cwp8Mpqy1XcGIp=w300-h225-p-k-no, https://lh3.googleusercontent.com/grass-cs/ANxoTn2B5pl8ChjakaFbiX-U_ocWo_snOKE1evgfc14ULcs4qmuhZIni5FA-U88aDDZUQ7a0LMtFMlKK7VGTKxjPCw2xtORMo56uNB2oB5NWTyrCzW_2PEGUKmINXRNwND2yflsW691A=w300-h225-p-k-no, https://lh3.googleusercontent.com/grass-cs/ANxoTn2AGfSQB1SK8vujAc4eBflXYZ80vnxxUDhEmzT4GEvcBHkJaybrNl1OO8qfqFKDJ1lpj9KN-PRSfzHs5OXD5wwzrhJZ1d1JqZhuuMU2df613Hpgh-o8Hfb3-O-xR0WbepnJ16E=w300-h225-p-k-no"
0.0,5,2023-05-19,3 年前,"大份麵量很多，但可惜雞白湯湯頭蠻普的。
不過沒關係，看在紅髮的面子上，我還是給你五顆星。","https://lh3.googleusercontent.com/grass-cs/ANxoTn0SEJ3TcUglesy_P3bZQ7XA51U0D2LAWge_IkVT31oYDyjKTaUZpvKNHVWmiirsVlFBUoIkWhOmgRnD2qMDVVUEQEXRmrArFhegrhgWrSAMVQZWDcJSVWJr2OQwVVO7F65ccM_G9g=w300-h450-p-k-no, https://lh3.googleusercontent.com/grass-cs/ANxoTn3FHxIxWceF0yFk4RRwUdztXF4erDWQMaUufZsPWhzIduHCEu9Qlvs5hVOSRietxUrCxYBVLe5h27nthBhaLiy-wFg3VWCzy3tJf5Xl7zOMz1AwAad9nd2QkV0rZU95z2Rgma4=w300-h450-p-k-no"
Allen C,5,2022-05-19,4 年前,"湯頭鮮美
肉片拼盤更是美味，炙燒的香味跟肉片本身的油脂都讓單點的肉片拼盤增加了不少風味，舒肥雞也好吃不乾。","https://lh3.googleusercontent.com/grass-cs/ANxoTn1wjEWepxkIURc5sKffKgohUOq_hdTDH3pNkF7EUu3r7G5vtfLOv3q2qEPw6_l0LeSkX_SsUCg-5UX7GzhMRmV9rw3H9FS7dqaasG20lvB4NQdyqh9xsabrlTaxr6RsvHTNn9qbzQ=w300-h450-p-k-no, https://lh3.googleusercontent.com/grass-cs/ANxoTn3LvbDOnRo3Ci3SUXUN0Y7GPKcwIPDLJwZtBLnZH7HjacwODoFX3PzKJkAgpQLb42edl9JsXtmHXEENcs2_PMs9HnDgGnPB9b6jLZfAy3T07ajzMfTCfMFGVnO5WqUR0rlL7FY_=w300-h225-p-k-no, https://lh3.googleusercontent.com/grass-cs/ANxoTn2K5Oxwn9vDgjCsjqLGxEYSoIbnuRYASoiE3EuCjhKnUCTXPX5qThA_x-Ao3gv-_Es0kAR0AOAQpgW50JXdVZTF2NNPqEduXUkF4wFEyo_fxCPubi9QmAB0ILU1Q6iZ21B5megr6g=w300-h225-p-k-no"
CHEN WEI,1,2022-05-19,4 年前,"黃金雞湯 一點雞湯的味道也沒有…非常失望
名字應該取錯了吧…
吃到的就是水加甜醬油的味道。 湯底偏甜
就是很昆布火鍋湯底的味道
…真的沒有必要去排隊。
雞胸也不軟嫩
豬叉燒也沒什麼味道靠黑胡椒提味…
女生店員服務態度蠻親切的，
主動說加點的豬叉燒幫您放一起。
送上麵時發現缺了豬叉燒 跟送麵的男服務生反應說豬叉燒沒有送到喔。
回話口氣蠻差的  ：喔！我知道
？？？
不曉得是業配還吹捧.. 雷爆爆
280元在公館商圈有一堆店好選擇","https://lh3.googleusercontent.com/grass-cs/ANxoTn34TK4IOL1qQRk886V1WwocPVoDYalKLGTCc1L10QiIsB9ZzKmWXRJeZyqe_cCt-IldMsmURff9nK3TydbLH_K73drCp_HMIk_m05oeVNhCRHDvIr2zj34-MsubbILp5uA77gT3=w300-h450-p-k-no, https://lh3.googleusercontent.com/grass-cs/ANxoTn2mwKl6ttvuc2-91HAcdoh285hHRGymwifp_y48zq23SGluNzjFOSWEyhuIydQS7rDjrclV2-TZrbMhI_W_D20ONZqci5waTOHEsT8xLH73e5epkc1rwATrsgHKImeNzi4E349v=w300-h450-p-k-no"
何小萌,4,2023-05-19,3 年前,這次是吃大辛豚骨拉麵（麵硬，細麵，湯濃度普通，麵量一般）我覺得有驚豔到我，第一夠辣，第二湯真的非常濃郁好喝，麵也好吃，可惜肉只有一塊，且沒有筍絲之類的，糖心蛋要另外買，覺得配料有點少，但整體非常好吃。,https://lh3.googleusercontent.com/grass-cs/ANxoTn0REvBDGb-QguN9DHcdn2NXA-wSNRFAy4BT0rbPmqVZJOczYgJPh2mfbTdX2SzizeJL-KmA6lbqzAuC7_xi0jYVcFgYl74ooorB4sXaKcEEzkpnivV9DkAcw1uUt7N90pwPsf_O=w600-h450-p-k-no
李學佳,4,2023-05-19,3 年前,"逮到不用排長長隊伍的時機，才來訪新開的公館店。不過也是要等人數到齊才能開始排隊。
先使用點餐積點餐及付款後就坐，大中小碗的價錢都一樣，其實店內空間不小，座位也不算太少，但應是礙於出餐及用餐速度，能接待的客人數量有限。黃金雞湯拉麵的湯頭算清淡，清甜好喝爽口，雞味香醇，麵沒吃兩口就需要加湯了，麵體選擇中細拉麵，口感屬偏硬有嚼勁，青蔥刨絲給得相當大方，紫洋蔥提味效果也不錯，雞肉的舒肥做法軟嫩但不噁心，有另調味，鹹的很舒爽。是一間適合台灣人口味的日式拉麵店。","https://lh3.googleusercontent.com/grass-cs/ANxoTn2rZDxHQgEGXxS5khI1HtsJgT9vSRF5fqVBxTIWMQ1UxEySIGY4mFGD8eSojLl9v3EpUDU046diyJ92ffmJXxayHaTKxRDApWhKthD_BnMGomeyu5MutJ9dXk1l5WXnSJBhE4u7=w300-h225-p-k-no, https://lh3.googleusercontent.com/grass-cs/ANxoTn090-Rb1rc3-lknLNn0d6-pIEcU_yMGO2V9kK8oGZtYflQeivh_P0ja2F1IureYcwh6Cz8PyLXQtP8lIybIU22Jm-m-HSpYE6v4tSWFe0gV1etpnLCXIIqaOGt7eucPFsIIaEw=w300-h225-p-k-no, https://lh3.googleusercontent.com/grass-cs/ANxoTn22pMiFrSv2r5F3eagaFX_lhuDqwzo2DwOWYCAr18z9J9ERy5qU3Q1_acBns2lLY9kJcMpLvwzeQSXokgU8PAtfMoVd9X0-3xzHIUxid84o8efk2W-Nfbvzwz32kLwcnHJ_2ouF=w300-h225-p-k-no, https://lh3.googleusercontent.com/grass-cs/ANxoTn2CPPxcza5708_Dlu8PTHQMgm3Dvs49z4VbQS0UCczIgdRUq8V3Z1wWmnH6pzcXaMAim_iMaaBwHeSUKNVaQp1CrJlhl7dsDUtTbU9xkFtEHJNL9GKcmhdmQWbWe8ZclEr9xez0=w300-h225-p-k-no"
張廷睿,5,2025-09-19,8 個月前,"豚骨醬油拉麵

吃過最好吃的拉麵。湯頭濃郁鮮甜，豚骨湯頭很入味，與麵的搭配十分順口。叉燒入口即化。雖然沒有玉米等配料，但這無礙他成為一碗頂尖拉麵",
林軒安,5,2024-05-19,2 年前,超好吃！而且今天去剛好遇上萬安演習 店員很貼心的提醒每一位客人 演習期間不能出去店外 除此之外還招待了店裡每一位客人一瓶飲料 優質店家 一定會再訪,"https://lh3.googleusercontent.com/grass-cs/ANxoTn0DK-kfP116a3ekQn8q-s7k4pP6K5X8ODwvtTqpjvF1ePQz3mhrYaf_gmaQK9NgnvlEDVZRpMstHCnvXTyT7X098cQrzIMTMl5DfuDDUP17RwZFe5itSydhzVcOZ-jG5Cx6dR2d=w300-h450-p-k-no, https://lh3.googleusercontent.com/grass-cs/ANxoTn2Wx_YjMZcrJkc7j5M87kwJxvM2Qc3CVb9Sf_di_DgpC_vwR3BZYg1B6lFCdtkjNq5V0ozEMFhL_ltl3C71CDQOMPz9yq7e-IIqNSzm7PgCy6jGjOZfRJcEBE4gsmtEfuMIkqgs=w300-h450-p-k-no"
函郭,5,2022-05-19,4 年前,"可以不要蔥和洋蔥
豚骨的湯濃郁好喝 雞湯清爽
如果食量跟我差不多 一個便當就很飽的女生
絕對不要點大份的 整個碗裝滿滿的麵
根本吃不完 剩很多（後來朋友幫我吃完）","https://lh3.googleusercontent.com/grass-cs/ANxoTn3HLdKQm2_pQCZXg4sjZ5mWH1Cn4e-zzlPKhG691MK46YYh8WFnz_wb5womi6dAYLz89hGG1ZeRw00phVkv9VnpzKtCV0ZS1mDFeE3ixEt6OuIpzYCS5kYTdexocTFJ4jsgZ2HR=w300-h450-p-k-no, https://lh3.googleusercontent.com/grass-cs/ANxoTn1DAeVVjRYbVsIBFOnns-udQdFy0Mrflta0UX7tNFXB8jdMmdfJ1pW1o3Ngb4GEtS-hPIFFKOU7FLmlWFwSf-QRTD5V3i7lLUNIEBu2L443_pTvtnkkUrvhj67G8DAxVI3cgFIRhw=w300-h450-p-k-no"
YA WEN,4,2024-05-19,2 年前,"2023/12/18晚餐
我點辛豚骨拉麵-粗麵-中辛-正常湯頭
湯頭濃郁好喝
麵條剛剛好
希望每一種口味都吃過😃","https://lh3.googleusercontent.com/grass-cs/ANxoTn3OoeyK_Y9aSoIveGHz3Isn3ccE6x7pMXd-j_uzlXyei5ug62aqWeWrpS6Fz1OR8IQaoEV-AnrBC1CeRD-SwONKSsE8_CHUq0PZP5H7O-F_NqJYeizdEvvFEWMjPHCzNPowmeY=w300-h225-p-k-no, https://lh3.googleusercontent.com/grass-cs/ANxoTn21UWFJdxlicIKyBB40VZlrC7T8cehNH1Ak21r2pplAX1Ug93qm3k_wW0A_w7xWrzGG-GEAQs0_hC_l20tH-KDJ-DfTvBbPM4aPMRM4EO7Vy7aTuHqTE0p6xUUxxCPC6YbqJsLf5g=w300-h225-p-k-no, https://lh3.googleusercontent.com/grass-cs/ANxoTn0_72MWi6Ip_T2RzN3Em05B9u4marL8x3KClSPxJWghciUmRGuSW9F-z14WRPJFbQZXGZgWOWWIiah_FziBFN6xsWtciqqIBGu9pKBcEeSqjvU_pnaJadc7KTA6m__tT4qw197S=w300-h225-p-k-no, https://lh3.googleusercontent.com/grass-cs/ANxoTn1GjOc32fpUy1vlLvtvCpBCw5c9D4x85va_5W0x-UPll9KL1lcwQ_tqB4oPEoCVqXfmAxUG1GZeRoGLHUTl3MXqfOD6D45qyzuKrKmPyHKbXT-00DhouI2VsbJ1XM3-0fU14gQd=w300-h225-p-k-no"
Yao,5,2023-05-19,3 年前,"辛豚骨拉麵 240

豚骨湯頭十分濃郁，搭配一點肉燥讓湯頭的味道增加了更多層次。赤湯不會太辣，但有辣的香味。
麵量可以調整，硬麵的口感有嚼勁。用餐環境蠻寬敞的，搭配這個價格cp值蠻不錯的。",https://lh3.googleusercontent.com/grass-cs/ANxoTn2ogOgFChFZtjVhjA_p4gqiFW1BVECzniLr-2AV2FZgK7tAwW_TfA0fLk6CFDaINcd-DmMunhic6jp84gyvXvNQZrrnABq6T3atdmM7IiGs6LCxjtLfqtvhnppooQCiTdmdau4=w600-h450-p-k-no
Rong Yang,5,2023-05-19,3 年前,"很好吃！！
還有方便的自助點餐機
低消一碗拉麵/人😌
店內位置雖然不多 但出餐速度極快 店員也都很有禮貌和客氣👍🏼
只是點的豚骨醬油拉麵有些偏鹹 但麵條好吃🤤","https://lh3.googleusercontent.com/grass-cs/ANxoTn0P7bPeYTOQn1gMza1BTnvKmD79DiV26Oha7QbrJp6cXk7wMXNRpqU_4_QrryD5ZGzg4F2qnhpVS0Zsi-kYlp0xosULyYGrCDgn-N-UOoHKNeXvHZ_vP28JkkRrO1cYrzfno6n-=w300-h450-p-k-no, https://lh3.googleusercontent.com/grass-cs/ANxoTn2nPE7m_OESEOA16B6LPrrnX6DpSbHls-AvM7YptKlL3TEnEvXr4rsSKG4ILOUq26_YX3msetSloYpuDbBNjnuVZNvjv8ZKgGnz3M-5e3XVdZaDvWcE5Ku8EQZ096Ja6CEz1f3x=w300-h450-p-k-no"
S L,5,2025-05-19,1 年前,"相較中山店，公館店感覺較不用排隊，
這天只等候點餐就入座。

它們家的水冰到很過癮
Tkg 就像溫泉蛋配肉燥飯，還蠻好吃。

豚骨湯頭表現比想像好，
濃而不膩，是較大眾的口味","https://lh3.googleusercontent.com/grass-cs/ANxoTn3dH5XK7J6M9ag_yUg2rkNjTdVx8aGSUCQkt8Cvmjc70TxyxBTZgI_5uZKKe_yM10kUfJqHLaS_KGc4euY--6GXQum4qyGx4dc-ZcUYodyaRuS0l2XMxyVmBJIrq7lbHcxodFyS=w300-h450-p-k-no, https://lh3.googleusercontent.com/grass-cs/ANxoTn0Wda8PGc4EmWVolBbLGMQHBXVInrIBPv5FFHlZxHsL1xrcu4hk2su-3-gYlFV3snGA1w_dKv9FpRoY3v457E8pFgJc2cQ44SsbRI3kQu6-EexoAgm7VAE9MARle-DI5prqkUk=w300-h450-p-k-no"
Bocchi Guy,5,2023-05-19,3 年前,黃金雞湯拉麵湯頭順口，香味十足，麵條軟硬適中，洋蔥和青蔥添加了些許辛辣和層次，豬叉燒軟嫩，入口即化，舒肥雞胸肉帶有些許嚼感，但不乾柴，雞的香味很好地釋放出來，和湯頭有相輔相成之感，店員服務態度也很親切，唯一的小缺點是叉燒拼盤小貴，但還是十分推薦！,https://lh3.googleusercontent.com/grass-cs/ANxoTn14xIezULkZBg_9JotkXrHTOtLCHuBBJYjGOpAGIGfbIrtC0uk83GLW_hfpWL8qYlA5m5EOSB2v7FlmKrcMPKr9I4T-9Az5dho3CL51k-fzN9t9nZy8jnhMDKJxJ0VNILfK3vEQZg=w600-h450-p-k-no
Elric Liu,3,2023-05-19,3 年前,"干貝柚子拉麵。
豬肉有點碎、雞胸肉不柴但有點冷。
柚子的味道不明顯，整體覺得略顯普通。
當天音樂放Yama的色彩，很好聽值得三星。",https://lh3.googleusercontent.com/grass-cs/ANxoTn20k3jn7_axH38vbxZS1Qcg8eGiLudfpx_v38zByQPZO2fz_L3z4-k4kRUXcI1ZfNTYRNXBmdJ0w7CY-44HQ98sAUI3CyhcdPTcH2-EpH2wJ6pipMFfefxM2y-4V0kt60ZmmdmF=w600-h450-p-k-no
蘇蘇蘇蘇,5,2024-05-19,2 年前,公館商區數一數二好吃的店家 每次放假想吃拉麵都會來這邊吃已經吃了不知道幾次了 雖然排隊人潮有點多 但是店內空間蠻大的 翻桌率很快 排隊大概30分鐘左右就可以吃到了 餐點都可以客製化非常優質 店員都很親切 服務很周到餐點好吃,https://lh3.googleusercontent.com/grass-cs/ANxoTn2oJYAx_U5DHu9ciaOuC8fEqQlxFlCZ1vuQUCnfRiKCNNPStDxUIe-q01i2vfdEa3-N7xelvfdCwF-zvfQ190M_r57VMV9E5Uqakxgnf1_y2BJ6yuZiSEiwExo-Poehc0myRldV=w600-h450-p-k-no
周宸樂,5,2022-05-19,4 年前,"我點了最普通的 反正就是菜單上第一個
然後還點了一碗飯
我跟你們說 飯真的是經典 超級好吃
我覺得那是店的本體 所以麻煩去的朋友們
必定點上一碗來嚐嚐
至於拉麵呢 就是熟悉的隱家拉麵 穩定的好吃
下次去台大再吃吧😣😣","https://lh3.googleusercontent.com/grass-cs/ANxoTn0pAcqGwNgLkY2yIsLEhaScdTOVIWdmrWklIr-lkaqo4VEFlyzNHXVuFRb_T3bc0GVmbwh5egRVpAOLa3OX43Hp9i3cvmm7tKAM2nhFHETkzK06NtcM4Lnt1nAq493iDr5hQmyW=w300-h450-p-k-no, https://lh3.googleusercontent.com/grass-cs/ANxoTn2oWv1iAfrKNRafsPE_40KSDG9GzVA6SBuzcEuchmSRkJwdy_Mn5gFHL0JfH91rR1dx1oUfWKelUXbN4gxgJHAzeYxHWC0SDB6abDXPiX_xmfgIxJZrple5eOqt46PWi5s0Z8Tc=w300-h225-p-k-no, https://lh3.googleusercontent.com/grass-cs/ANxoTn1Jvgf6LT5I_mVA1XXiiCPlMAB2LB01LtNrbWbDtAGxkx5rB-1XSfbchJFQtmhSCCd0I52KjSjFctvl-u5d0w_MONe--W3E0LUiEpyNzi9uZwmhiKXW9pgR58CFHZS4zvYvRAo=w300-h225-p-k-no"
VICKY WI,5,2025-05-19,1 年前,"好吃～～ 我點海老沾麵，很鮮的海鮮湯頭，讚讚
（人到齊才能排隊入場）",https://lh3.googleusercontent.com/grass-cs/ANxoTn1jTyX0g-BrYwk9XahFyI9XF5Dnqqzn7sauIP59hPzsZ8YbeHHXLmulwqimEoFqVrgT75Sox_JN3-Mg7xQJs1OepB_71sakjrFXhLWa4Zjq1LyduOvGZ8aTEcMhawex-qevjmn9Ng=w600-h450-p-k-no
Ü,3,2022-05-19,上次編輯：4 年前,"#討厭飢餓行銷 不要把他當排隊名店的話 五顆星
拉麵本身吃起來大概是賣場美食街水準
麵跟湯感覺不在一個世界🙃
便宜吃得很飽

只能用現金有點不方便
不過服務態度極優秀～會被嚇到的暖心","https://lh3.googleusercontent.com/grass-cs/ANxoTn0ZLTdpfgHdkRfEVSzMBefwPhF3wc3Sx3GBAgJ0ZiQBVri5-4x4ld-JI_YOg_lKNV28MaYhKCOTHyRl9aFvfcpOih8YuwDyLIt5hkEIb0DuAMe6Jrz_XDIMcOfVJhNNjnIoAfw=w300-h450-p-k-no, https://lh3.googleusercontent.com/grass-cs/ANxoTn38LH5z2ic35oous8rx-bpXQNmY1DEJE0HaWTvyG6P5JwftVtu_UCP1-a6m_GKA7CbMBl1iDc9bLq3Rryo0VwfdeTGfD7rDg6SwOEMRJ5MTZWKZ7sS4_yL78aii31Ik964JHOG-=w300-h450-p-k-no"
陳vivian,3,2023-05-19,3 年前,"無意間經過,排很長的隊；繞了一圈終於可以輕鬆入店.
店內氣氛明亮乾淨
服務人員有隨旁引導購票的客人入場；
廚房人員在客人離開前都會再做餐後詢問和意見
拉麵,湯頭,叉燒肉片,有到味~
以上⋯⋯本該支持的是滿滿🌟
原本要打消給🌟的念頭了⋯
看到~~
一名女性員工在領員工餐時,除了在旁要求配料,海苔”多”之外,廚房員工也附和著捉一疊;
接著女性員工再次進入廚房內,夾蛋,攪麵～⋯
當下在我眼前看到的是一手塗滿深色指甲油的手⋯
~~~~~~
當下,把我打回台灣式經營的氛圍了,很可惜~","https://lh3.googleusercontent.com/grass-cs/ANxoTn3E-DGZa4H6mMX8KOcsi97Jcyl7_peKBJNKHEK1luYS4ZOGxWwz8b4QETcEB4QaMTYjUi0PApLiH7wcx0TtAXVHPxsv0AGKVeu900dpRpe7_H9nZxJG4HHDkC3SPrN3lbk-7sWuPw=w300-h450-p-k-no, https://lh3.googleusercontent.com/grass-cs/ANxoTn19alRmPuKP3exQ3h5y6osuGtXxTjPV2XN4C5RTZSORIqnuJ-VKxf86Hk2IUG0OdAGGPAZJeSJ77viDNuJiS5bLJsqqb1wW9SmHVSC3uj6c5awxGuLn4HX944BqnXvl4PF7BwK7=w300-h450-p-k-no"
凱克特斯,5,2022-05-19,4 年前,"公館的隱家拉麵
辛豚骨拉麵
口味都可以個人化微調，
大份量的麵有點多
拉麵很好吃，店內的裝潢也很好

唯一的缺點（？）大概就是生意太好要排很久
離開的時候估算一下外面大概有近30位😂😂
（大約晚上6.30）

下次還會再來嘗試不同口味！
只是要挑非尖峰時間","https://lh3.googleusercontent.com/grass-cs/ANxoTn2qxE6Q3JpPGqTzYeiwnQ88A1AmfbnYg9GzFpV2YqCnDmiKMwO3tSgyG1zohZ8Xtu8N_zS4XKxj5gEHXpKJXbWn8d9UfmEf7L_UKgKzKde8MNE9L-pi0ivst3-y30Ju9gnebNhB=w300-h450-p-k-no, https://lh3.googleusercontent.com/grass-cs/ANxoTn3_tt7v9Y5Yj7yV1CX0kC8wWWgQ23145rWIsxP6AZ1ZAUg7kD2KeethiY1knl8k-TOOoruJPnExP-93PEQL3io2ACnTSmIEJyqafPTFY1jkHPkFI0nUpIb3EwPtJo-zKlSSPUWCRQ=w300-h450-p-k-no"
美食公道伯,4,2023-05-19,3 年前,環境不錯，是公館新開的拉麵，平日晚上約等待20分鐘即可，雞湯拉麵口味太淡非常普通，建議點豚骨醬油拉麵配上豪華肉品餐，另加湯為清湯幾乎沒有味道，不建議倒入湯裡,"https://lh3.googleusercontent.com/grass-cs/ANxoTn1Mqra8IGHiXvk5VmTRANtkv7ogV-xfftfIIM2wHC3HEzHewpJp9XEaX_sRp_E_MZPmag29RdcEffa611XQpQbYizFMiMG384ogZRSzqGSAG7WbKkHNLTwJ4-tKfvF2hv-ACSCV=w300-h225-p-k-no, https://lh3.googleusercontent.com/grass-cs/ANxoTn06Oje-SZvc_xNMv4oYVYIlJi5U3NxaLsQIDuzDbxm5JiMWgT2vZlT49UA_Q8s7WCxo52m4h98WRHSzl6FyDDIHvSCZEPzGiagW8rusAkAFCflB94lPAd50Z0x_74K-RWfziis=w300-h225-p-k-no, https://lh3.googleusercontent.com/grass-cs/ANxoTn1QUdkzgakEGDLQaYzdg8lW-0l4Yidg8u6T84YKc5FLTCGbgrpDZ_kcnOSYnQZuB-JIiK9QvYPCJx36S9tzaLA1zM9D27kliB1vzuinxuHvBTDVBDRd8Myt1U-tbN7fIMyYUSt0Pw=w300-h225-p-k-no, https://lh3.googleusercontent.com/grass-cs/ANxoTn1fKw1a2M4-hsIKnH5r9HSm_H0eDCFpvc65uxScAh4z75Xtrsr4jOwTq54HGAtEiNrpR4PNLvD9QROygYj3q_6DNEumP2gqPEDl9NI-yizgKxKW5NwWZUNhFkh2yvSQpzPoGyDX=w300-h225-p-k-no"
Mudi Chung,5,2025-05-19,1 年前,"餐點：豚骨醬油拉麵
湯頭做的非常讚，豚骨味很濃厚，雖然很濃但不太鹹所以吃的很舒服，算吃過的最好的豚骨拉麵。（雞叉燒份量不錯味道偏淡，小小失望
室內空間拉麵店的頂級豪宅，空間很大很舒服。",https://lh3.googleusercontent.com/grass-cs/ANxoTn3F57iwGTl-5IGAVJ-0MbqpHVWjGLlfLcHSik-SSIxa9ixwid05tj2pZEQqnJa4VJK2YGXq-iARgyc4wHHsWSWwMGpyMSyp8IFVUk2Zl8kCCne_USDiT-tCJa2J84s8eP73r64F=w600-h450-p-k-no
Mandy Tsao,5,2023-05-19,3 年前,"遠距教學，公館一帶人變好少！在中山站都排不到，趁來學校辦事順便嚐鮮🤤
當天下午一點來吃，等待時間=等朋友來的時間XD
（其實整間店的夥伴都，但特別感受到）外場夥伴很熱情，不知道是不是怕我坐在外面等人很無聊還跟我聊天哈哈哈
點餐過程簡單，有店員在旁邊協助更迅速(⁎⁍̴̛ᴗ⁍̴̛⁎)
也因為當天客人少，就吃到了每日限量20碗ㄉ柚香干貝拉麵！湯雖然有點淡，但喝得到貝類的鮮味🥺
麵也好吃～～～想試試其他菜單，如果之後路過看不用等很久會再訪！","https://lh3.googleusercontent.com/grass-cs/ANxoTn0mCUk6YyhA3XDCdjMOkf5AlQNNyGWOHjrR9J6255DK7HPxJb1Ki7IrN7xmmd8yRFeUsIgMkjzyJUKBfXyskkY6BopSXfln55C_IyehFThYvBG55VEzAUI1NU6HaribHsAeV5e8=w300-h450-p-k-no, https://lh3.googleusercontent.com/grass-cs/ANxoTn3vZdaAaw0T49K9dYzQ-1f8jhBqg-QoeX-XNCpuAlABH2B2Ahzcg9hLvWJP5e1yWo5a1PIARavDLtkGZcYlwhUq4cDXDGSeG6ismkIwQ1DbrHPkUDnvi4I_nGfjpKJg7vV7SVjP3A=w300-h225-p-k-no, https://lh3.googleusercontent.com/grass-cs/ANxoTn0JQgv1M7R4-fiKOvYpUkzuyX1KNR0mXrDOoJmIs-Bbj4FpcDm-VvJkO7ophY1BN7WIl5Wa1frClgLY1yTlBNZrPWyzPH5Kb8F673vmdebAzgKEGLl18fZjr1KnCEtqfk5IYolp=w300-h225-p-k-no"
MaoChuan CHEN,1,2025-09-19,8 個月前,點了沾麵，湯要加湯加熱，過了十五分鐘，看了店員，店員才去內廚（手臂刺青師傅）問，白白浪費了時間，人員服務都不專業,
湯姆瑞塔,4,2022-05-19,4 年前,豚骨醬油跟雞湯拉麵湯頭都不錯，豪華拼盤的叉燒吃起來就偏普通…店員服務很熱情,"https://lh3.googleusercontent.com/grass-cs/ANxoTn1u0-3WLZd1Wo9Lp8rQlZDcX-C_fg5EFWVsZMWFsUSj1-lYAGua0SkZj5-SHUYsKJlIA2CTaN_1v5nHy1LlD-awEzU230l9apeoWRgVe1MB36HLxNLqvmVYrHrl6EBCkS8pKVUh=w300-h225-p-k-no, https://lh3.googleusercontent.com/grass-cs/ANxoTn2A2hp0RXYpvbhNQhaMoJ8rlw6WkXl3SdUlsz_69nBzPYewr0UIClaW467hYOvk2mdHY9HfHlg2N13OFNueiGNsuJeXNpM-0CAJALfo0bQTkw52S5NUys9XqIZg1DZ6S83kR2z13Q=w300-h225-p-k-no, https://lh3.googleusercontent.com/grass-cs/ANxoTn2QPgeppeaCCaHtXtcwP-oIRzHcInyq-WjROC3rZ3Y9rLiEC-gTA1ADGeZkS6bWeRBQ04p14kTB4IfjjjOgCDM5HdM9ruASb_Frc3xI0QGvmBgb4akMoPBSRKlyVeJyq5wo9OAI=w300-h225-p-k-no, https://lh3.googleusercontent.com/grass-cs/ANxoTn0IhF5WuhLdwv5f9Fo1ms-jEoSS6CKsiMejHvIb6FJ4aSLGgpLCu_h4hHraLFAI6hf4R5GQv9DdRJaLP5A4niSmipNcI8NN6JJ8YisSS_XD45afzkW60ZR2OLuA6zL4COSiypvftg=w300-h225-p-k-no"
Mountain,5,2025-05-19,1 年前,"好吃的拉麵，喜歡味道重一點的可以點日本味
這次先吃比較常吃的豚骨，聽說海老沾麵很好吃，下次來試試看",https://lh3.googleusercontent.com/grass-cs/ANxoTn2X5G7Gpm2L38-0TMpZ87Quxqv-eAgQ34l2zsLveN2veHXElm2-Z0sz5dHVSQqGGBblfujT6U_D4W88ow9KWnu5CPdjrLO4ZGhRhBQJ5u3ikD_cNMpdfMpKiQvo0jnayi3Nmz13=w600-h450-p-k-no
Anson,4,2024-05-19,2 年前,"先排隊後點餐再入座
豚骨醬油拉麵：湯頭好喝，但麵量有點少，肉片還好","https://lh3.googleusercontent.com/grass-cs/ANxoTn2Sc_g1kV1qtBrAypLbGmDsYKNMxknvUB5ir2SETnDFuKg8u49obDLd3QxC0GPUR490W4uAf2CH-BrWi1TtLKzd6EIQFglHbPdMueCm_DUnreQWzmEbtD3zS2npyK6mccAlkrbjxg=w300-h225-p-k-no, https://lh3.googleusercontent.com/grass-cs/ANxoTn0x8oAUJNGjGd9_BA7GPEtTc8gaUDmeoxF4B70CbbCbyqDlsOsdqcJnWW-0C2I8lngUoGRHXCHI7Q8AfQxb9cwSYU6VAKzwFSMEbANoi8qxWiP_Iyk20DBSYGuDi1K2LPOzxec=w300-h225-p-k-no, https://lh3.googleusercontent.com/grass-cs/ANxoTn3YllbcgEmL-IOKzEuz_hzTCQPrdMWB2uI1_vobFt2jd6Au48gBL1RHPQVKDintYYOZrUoato_ZqDp2H3-45wTnwPnlrwow2Wy-R8nfIpRjFXqhRKEN-NvVFoe2dWZMyTpNHvVjUw=w300-h225-p-k-no, https://lh3.googleusercontent.com/grass-cs/ANxoTn2uKQBU-sTbGFj91T25_s7TAIb5SybxMv5DL9oDpFBNdxR6Cmh3HFltt60pxsqR9HWudQ6pQysdtXDFgfq1-Y8Hvnnup5z5kmB9M_eBF0yIVbu9TvlM7pBMuNZRgF4W-1G9WyQA=w300-h225-p-k-no"
Aaron Chen,5,2022-05-19,4 年前,很有名應該不用特別介紹，雞白湯的濃度稍微沒那麼重厚，但一樣好喝，配置的麵條是最喜歡的細麵，真鯛雞白湯可以加麵一次，可惜的是加的麵選正常硬度，不過送上來的有點稍微偏硬,https://lh3.googleusercontent.com/grass-cs/ANxoTn1f7By_9mZJ09z2KKNeWhHquQM98SVSYsS3mrFQpyDQIe66fNVAy236OhFIey2VLC2iKTeHqx4OYSvccCtYwUsU0GzUETEMJVs-uKQkV20x_l2rVucyj9SrkdIr5HTzVjaievkf=w600-h450-p-k-no
Liu Max,5,2025-10-19,7 個月前,"店員人都好熱情ㄌㄚ
感覺拉麵一直在變得更好吃
肉的份量也很不錯 服務非常熱情❤️",
克萊兒,5,2022-05-19,4 年前,"非常好的排隊機制
避免一人待排
影響後方民眾
黃金雞湯拉麵
榮獲我個人拉麵排名第一名
湯頭十分清爽，卻蘊藏著滿滿雞的精華
配上嚼勁感十足的麵條
柴魚風味的溏心蛋🥰
滋味太美好

雞白擔擔拉麵🍜
也非常好吃
豚骨高湯卻不覺得膩",https://lh3.googleusercontent.com/grass-cs/ANxoTn3yPpSj85F0REx2t5CcHAVSmCGzEAPLSoqo5m9O_gY0G39MOHsUZ8S4Pc3tK2u4C-g7ipDsVgiv_WQ0wUHCBbpbK4nHwMrj43Kcj0CYMkA3VHyzKf8irWDrUGKoQbIzS5P6CX7gLA=w600-h450-p-k-no
水瓶喵,4,2022-05-19,4 年前,座位比赤峰和士林多很多，所以不用等太久，濃厚雞白擔擔麵很濃，吃到後面像吃沾麵一樣。TKG飯就沒想像中好吃，上面的肉比較像是魯肉，跟擔擔麵上面那團一樣，吃起來就還好。,https://lh3.googleusercontent.com/grass-cs/ANxoTn1wsix8nk9V45NiOCeEcVLhJQ1q6Om9RUpfF_2qzfmu_phXmu1ZAzxTTuQSrvvjSoDiWqVkiQ71FV_yuKuWgMlp8GCFyNItqwUi_xNeqmu3WszLPQoahaEYbhQJ4Mh3KPkDKk2e=w600-h450-p-k-no
Keika K,4,2023-05-19,3 年前,算是不錯吃的拉麵，一開始吃很不錯，但越吃會越來越濃，店員也會很親切的問你要不要加清湯，桌上有蒜泥跟七味粉，但都偏清淡，不會強制改變湯頭的味道，桌上的冰水很棒，吃完喝一杯很解膩,https://lh3.googleusercontent.com/grass-cs/ANxoTn32Rwhf1Sk1YL1iEy97pHg8PPcI36dQ27f-kJlvU8gPh1iIsq442K0ziApWKsbZu6LjOoqqtmY0jD5pxb4rGewzixpFWNN2Q0aef5XekgjmSm8lV7GiG79AHugXPJP2hKI3H0Zmcg=w600-h450-p-k-no
Lu J,5,2023-05-19,3 年前,"排隊人潮很多～
趁快打烊時去吃，雖然沒人在排隊但店內還是接近客滿！
服務態度非常好，店員親切👍🏻
份量很夠加麵不用錢，味道一般偏好吃 …","https://lh3.googleusercontent.com/grass-cs/ANxoTn2J7FpdDqyUaUG1XvKJ-PtktpNRzRNtKRqIBqf0uT7HLP_DTE1DjhgfXV6Z3P977iYnrYxVFcggQmiObLutoSdHysnjxeBY5jitRtfx6TBoR4QDbfxlLAaOmkPR3CzWhIfoiMf_Eg=w300-h450-p-k-no, https://lh3.googleusercontent.com/grass-cs/ANxoTn0j13RU-oOGO05JmvFb22m-wyjVMFO3F-ICBHFLtLPjA2Ojk6xwHWFkmKWX88Z_FiNki_Hgg9jlEJ8vyZMF-w2S51374Gr5TmSqZ-YON91Pt6sAzdV1ajQEXRKIjli4r-vy4A6E=w300-h450-p-k-no"
Hanson Huang,4,2022-05-19,4 年前,"蝦沾麵麵體偏Q，沾醬蝦味不會過重且偏稀，比較像是一般拉麵的湯頭，可以直接喝、不用湯割
附帶雞叉燒有一點點硬；豬叉燒帶有彈性與炙燒香氣。另有兩隻蝦頗Q彈，但本身沒有味道，或許川燙的時候鹽可以稍微重些？",https://lh3.googleusercontent.com/grass-cs/ANxoTn3ZtH-ack277CI2wBNBJm6vzL2fID_q7ai09a-yc39YlLzPdZFiRQ2B1olgHblclRaEedCoWvVtihTpITA2p6E85txqMp5cEfyK7yI60qTkzq3Ym9JRuGHwxFH9lkXkwoE9N4s=w600-h450-p-k-no
Yi-Hua Wu,4,2024-05-19,2 年前,"真的是要早點來才不用排隊很久
這次是16:30排15分鐘
這次選清湯風味的覺得還不錯
就是中規中矩的感覺",https://lh3.googleusercontent.com/grass-cs/ANxoTn3oostTVqoBPa5xefNRwgb__tf22ORefi1-o1Lq4uzLsEaf2J3125Va78XXOVEqreHmWxy3AVpl8017ogO3aPSApvI4B9gySj-nXlH6mkR2juNkbZBBBpisHXhYx0q6Eg3rv_S1=w600-h450-p-k-no
YuJen Yang,5,2022-05-19,4 年前,應該是目前吃過環境最舒適的拉麵店 店員非常親切細說介紹品項 每個品項都非常推薦有水準,"https://lh3.googleusercontent.com/grass-cs/ANxoTn2MVF99JDbJUUfmvKE64t1EdK9ysmdlatcQLFFOm6FdcD_ouQ9PUnhGb8FOWfsxFZQTEgWzoqQfASWimCISwk1jXZ9mhx6y7ptKcEeJMTk-DvIa7N5HJJ5e7bb-EYpvA9OtpuFn=w300-h225-p-k-no, https://lh3.googleusercontent.com/grass-cs/ANxoTn0f72H5PcAPijWmCbflplxLSiJcapOOptkhZMgPveBa5bpdIL4_yxLFB779lxmT2uCMWtzR0dwtioJ-GL47aUl88VDvbmbpSULTfUa9dyLmAx0o3JgbfLP21brhqVlj0AFbo3k=w300-h225-p-k-no, https://lh3.googleusercontent.com/grass-cs/ANxoTn3XAi8OJQU0Eb0Fg6x4KW3IOyPAmZDysW0bC6p_cu1bDN1E2Dm3Q7fVJo7a-Fp6pMPIxLX0sgTCjSNYnCWj8vWYnIcWzV6tGIKMci0uojQR4lbG21CWhGCvzzwfq3RDaxHvMgt-xQ=w300-h225-p-k-no, https://lh3.googleusercontent.com/grass-cs/ANxoTn28ElpSge1_VFrlcnWcHnQ_Y1aTcvfEPvWLxDx9r9SJlc_x1PmxvpcjDrh3LOTGi3hWbfI6jNLvFVRUe3CNN7MKZWBkAtKXVqP9wAaaMRkjC60HHpCYTuf283ZrD5qC89tYNo2w=w300-h225-p-k-no"
陳欣華,5,2023-05-19,3 年前,"雞湯拉麵超好吃~湯頭清爽
豚骨拉麵也很濃厚
肉片表現一般
但是從湯頭和麵條都可以客製喜歡的口感👍環境也比一般拉麵店舒適寬敞","https://lh3.googleusercontent.com/grass-cs/ANxoTn1VIP2LVwmC_qvnGzhwCoclyRZCjDBsdHnvbVigikzFehmsz4zqZllK0XcKj6n4BKH9ZGbHE2mJh_9bYPfGxIRLQIzHeKd71Db8GfCCiVR1sK9qxpIzmjytbFwX1Ogy82Ho0pt5Gw=w300-h225-p-k-no, https://lh3.googleusercontent.com/grass-cs/ANxoTn3-9FY0NS15pdu3idarSKrYddnxfGOpfZXTXIvaEcROFvC_JSzaHPf3ovrBM_FqinBJsd0boGgC_Yiieb_14zpjOwzAktQQBDgKmZ2cPL8hxRrBbFxaEaDGu0qIWQ1TUx_ocuw=w300-h225-p-k-no, https://lh3.googleusercontent.com/grass-cs/ANxoTn03e0VxweolaBmiWzTp4Hdgyc2nFl9yz8qAsg983UhC8994pHNfns_FHfMAei1dh-qPphiS_6fbWM119R6zGyIIbw3KMdtv6wI6RS9cOU857eXwZ02as6Dj8ScCvXoWOEQkCa6Y=w300-h225-p-k-no, https://lh3.googleusercontent.com/grass-cs/ANxoTn0Tq2rFYDuvsidHwsegcSN0wWG9cKsStJZMHjV1fTZn-MgmHmQIqM-gMS89Xk83JBKpjxpkiadAIzNDc33IL8HRbZSoGmEltoPEiDhG3rtK1LBd6TMHsXrX9IP8VrqDVIuLFepo=w300-h225-p-k-no"
Hugo Lee,4,2022-05-19,4 年前,平日晚上排了大約半小時吃到麵，以公館這邊的拉麵店來看位子算多，但遠不及用餐的人潮。點了最基本的醬油拉麵，麵硬度，湯頭跟份量都可以客製，順便點了叉燒套餐和一顆溏心蛋加入麵中，看起來很澎湃。整體來說CP 值算高，可以試試,https://lh3.googleusercontent.com/grass-cs/ANxoTn1E9WP4o4FjxUoE0jQ9makxXE76G7DcaLBi7w_thf4DEX1LpiIHJdpsRtzvWn4bZ4sLjvJm_waBrv1C_ekfyTwBUpabul13-Se3zxoW7L0BBBiU9OS1eSdUvQh8eYkbNXc4uI2sxg=w600-h450-p-k-no
123 456,4,2022-05-19,4 年前,"來這家店就要做好排隊的心理准備，這次等了1個半小時，但排隊期間店長也會在外頭維護秩序

裡面有自動點餐機，讓你能夠慢慢選擇自己想要的拉麵。麵體可以選擇（粗中細），湯體也可以選擇濃淡，如果覺得太濃可以再和店員要清湯稀釋

店員充滿活力，店內佈置很有感覺，服務很好

豚骨拉麵的湯很濃稠，豬豬味就會比較重，選擇之前要先考慮一下，本人從頭被膩到尾:D",https://lh3.googleusercontent.com/grass-cs/ANxoTn05dotfGPuAm5fUwi894BBL8LodVjNpFPOPGe3bI3eRQDelZWuftxV5neT5ymbB_lZhY6UwIjNy9Mp_ScwM8Berf-8qaT4vAcr90q9bBFAgiIY0LspkivvECuKlHz3498VlwAy3=w600-h450-p-k-no
uu,5,2023-05-19,3 年前,"服務態度超級好🤩🤩
很關心客人要不要調整口味
或有沒有要加湯加辣
環境舒適又寬敞
還有室內的等候區
雞湯很清爽順口
麵的份量有分120、180、240g
都是同價位 我覺得180g剛剛好","https://lh3.googleusercontent.com/grass-cs/ANxoTn08bmIM1TAc8oBKIsWfyBDSEHDXUjMGOaEJQ0O6dTrgITYvA2pIjPoel13pRUdlmws1WUc0EzgpJWZQrGLBOEDo_KzqHkneXNYzk8Shsb1Q4CFk2bwK7orVBiltKMblIVSVtYuw=w300-h450-p-k-no, https://lh3.googleusercontent.com/grass-cs/ANxoTn0qEQzV-5m5x2Aty4-MhtVodeDgL49O7MT6Avoy1u4z1vIlobKYDlf9TC6_kDBhgcN83xZpwy4ebePvGINVhuGdGqMqQtz4foFrBgD4ak5epq8nD-6cD1DqbPtt-qd7zJLmmeoI=w300-h225-p-k-no, https://lh3.googleusercontent.com/grass-cs/ANxoTn2hgXRazsYg347QsOxc3yfb1DgX47R8gGLgENuxA_rs0cSANHre2bMIknVN4xOpyrBu98VkA7e7k_lIrFeq3uUbl6xfZxgHrMpIn-FSicVIWRef1ISvFHQe_X_NQcyOVOvbR3jo=w300-h225-p-k-no"
Tom,5,2023-05-19,3 年前,這間跟中山比膝蓋相對友善，點了限定干貝柚香，湯頭鮮美濃郁也有層次，喝完也不會有負擔，干貝跟肉片也處理得宜，很推薦,https://lh3.googleusercontent.com/grass-cs/ANxoTn3Bm7bqQhfC8H2sGRUWpD-kJhkHMGbQzjN3IT1HG7HU-6_iqyaNf_cew011mDLfWjGVI0urOsg7mfLmX6_tEgIv37ApHs1ePrvH81cww6V9QKhW4sq4Y1jTmrCNPRhSm2TSyfc0aQ=w600-h450-p-k-no
Keller,3,2025-08-19,9 個月前,"與士林店相比：
濃厚海老沾麵
1. 麵缺乏彈性，不夠Q彈，吃起來有點沒全熟。
2. 麵沒有辦法吸附湯，導致整碗只能變成一般的湯拉麵吃法。
3.一開始上湯的時候，湯不夠熱偏冷，可能要注意內場出餐搭配的速度或順序。",
Olek,1,2023-05-19,3 年前,"⚠️注意，吃完可能會慘拉 ⚠️ Diarrhea/ Biegunka / 下痢になる/설사/  Понос/ Діарея /ท้องเสีย / Diare / Tiêu chảy/ Pagtatae/ průjem

每每經過總看到滿滿排隊人潮，好奇朝聖一波：當晚（11/17）點黃金雞湯拉麵，友人點海老沾麵。麵是有嚼勁的，湯頭給過。
但隔日平常自詡鐵胃如我也頻跑廁所， 友人也說跑了4次。
查評論發現半年以來有10+以上留言提到同樣症狀，不少也提出衛生疑慮。看到其他家隱家留言也有類似情形，雖然是拉麵愛好者，但下次應該會略過這連鎖…",https://lh3.googleusercontent.com/grass-cs/ANxoTn22lJ-ai8JcxhGMt5UPKtpal6ytCv0MbyikRSLZwgj0z7mr0J8mFM4QPWJhcGa2N0wkNBPNeepYD0ZiJttmzoubQ355LSwSBXknmcNjdtn4jLIFVmkU7IyoGBolOPx0OBzDElSD=w600-h450-p-k-no
阿淂Jay,5,2024-05-19,2 年前,"麵條是粗的跟湯頭相輔相成
叉燒表現優良
叉燒拼盤超讚好爽
去吃的時候快打烊了，還多送了幾塊叉燒
賺爛",https://lh3.googleusercontent.com/grass-cs/ANxoTn2o0ZrkqR4UwzLfOo8Bao0MHUPOwB1E0JPRumx6YE22YJUsVUlBqI2TLslA5UqIVSKV1VrejX5WgmnMlhU7Dos9YOfDrxc2Je3pG53LU0Y2YMDJq0S75458YisVCTywfrd0iiDM=w600-h450-p-k-no
MuMu Yang,4,2023-05-19,3 年前,"下雨天週一晚上八點多小排了一下才入座，沒吃到柚香干貝

-濃厚海老沾麵
醬汁蝦味濃厚，但輸一幻，粗麵條很勁道

-濃厚雞白擔擔麵
擔擔麵的口味特殊而且很協調，細麵口感也不錯

-豪華叉燒拼盤
雞叉燒還行，豬叉燒跟舒肥雞不太出色","https://lh3.googleusercontent.com/grass-cs/ANxoTn2CqFruhbk8pzlFB5hbbJRJcJNbYWh_mBM3lXWQ3Fz74OPokL3oL8A7EobwcnxivBNHpBNgvgaK0ua2weu_sPaji7OZu2kKO6M4RILp5yGW8PhNOhvEMJ75WYiUm2kBVVMO5yny8Q=w300-h450-p-k-no, https://lh3.googleusercontent.com/grass-cs/ANxoTn3yIA68y0Yc0KG_mJipqQXr52VXsN_oATgqAjme6Fb592VpebqkS4jaRNeYED5G-28W82Um9f4fKPWK7BuW5T0ql7EQimig_4Nm-1zylg6tiwTh8zHx1y13whd2gybAJ-CK9OFB=w300-h450-p-k-no"
李璧璧,5,2025-05-19,1 年前,"隱家拉麵 完勝 日本拉麵

地方媽媽邊享受這碗美食時，心想如果搭配動感台語🎶，會不會也是另一種感覺😄
( 我個人還是用愉悅心情享受著🥰）",https://lh3.googleusercontent.com/grass-cs/ANxoTn0E1P6wCWyTIfeIDMNvSNtbGhpcC5tGLQiAZUVGWUo6g9g_rITZhQ_h5-f-ajRmMxswKEQVil1qgERCpZQFddV283OFuIC-OzqCDcFN4jyI4PhtUC1QpvPtz-8tH3kEbPQKOi5W=w600-h450-p-k-no
ycb23,3,2025-08-19,9 個月前,"湯頭很棒 麵也不錯 雞肉有一點腥味 但是份量很多 很久沒吃 吃完還是算滿足 但衛生要加強 放杯子的木盤上都是屑屑 男店員都很親切 但聊天聲量一點點吵雜（有蓋過我的耳機）女店員兩個都像欠她錢 希望會改進 因為東西很好吃🙏
食物算4.5顆星 衛生扣一顆 兩個女店員服務扣一顆 …",
黃子芃,2,2022-05-19,4 年前,"跟士林店的蝦湯沾麵比起來，肉量真的少太多了
醬油豚骨的部分沒什麼問題，但當天不知為何叉燒吃起來甜甜的，有點太甜

海老沾麵的量有點太盤，跟士林店比，湯頭的鮮味太少鹹味太多，有點像是為了讓人有沾麵的感覺所以加到非常鹹，鮮蝦的風味反而被壓下去了。

溏心蛋還算ok，可以加點","https://lh3.googleusercontent.com/grass-cs/ANxoTn0xNMeR4eXElKzFAjHzCb-MI7WQ1EOpUSj9m537sAnndT4MGReaFOtPDi9fab2CdJZhh843PD633ZWfls9wRXd_2euAw1g3OYME5jEvC3zhRg2WoPsTpyVurHC5OBAz-nhoN3o=w300-h450-p-k-no, https://lh3.googleusercontent.com/grass-cs/ANxoTn2jbeUnyf0grLOzZlFx2BqLx0-d6uZpQlQOeb_jWG5ZElC3H-UYenirbyIwMqn94F9dET_0OS80HzDjpztwn3EkT5m1FoegdNbZedTdTe1KaRb7H3OlAT5Pt_-uC7kkj8_NPYnLeQ=w300-h450-p-k-no"
曹雪琴（冰淇淋）,5,2024-05-19,2 年前,🍜超好吃 真的好吃 愛了 擔擔麵跟豚骨100 重點晚班長得像韓韶禧的女店員服務滿分 難道女明星也在拉麵店上班ㄇ ？？ 這家頂穿ㄌ⋯,https://lh3.googleusercontent.com/grass-cs/ANxoTn2S-ynYFxg5E9oKOFr7jAemjHoAfPR1gFVs_BpwLdMmC6jMrA9RpYENjDr6r47j6ZLCZ_RUFiJzIzAkCD_uWLF_2GPHDOHC4Wg1FauZG4W0niG3Gik9r1Z9siIqQcf3ETb7cjns8A=w600-h450-p-k-no
Ray Ray,5,2022-05-19,4 年前,柚香干貝拉麵的干貝味十足，值得試試看。雞胸肉叉燒好吃但少一味。,"https://lh3.googleusercontent.com/grass-cs/ANxoTn3G6U2nxvzjRWfx8RYJ1_yZ2Y32lH9TACZ306EtiUdIzXr5xY6NDEkfDnyY8G86Sh_WySc7_9jCkesezJ2fESgwwFU9hDIDeT-pHFECpB6oRMn_xKLDNmGpNxdPSOQLYcqWx82dag=w300-h450-p-k-no, https://lh3.googleusercontent.com/grass-cs/ANxoTn1ZC9fg3-YtRMCEAVLG6HBV0P0Nvow15s8aFUrMrLW-mYcEI4auRe3QlbY6kUtXTHETX6SgHEDyIVmqq5FzBKyyiND82gL5RxQPPeuqRmDKiV1enZzImx0at2fH0l0ZheCvi9Nl=w300-h225-p-k-no, https://lh3.googleusercontent.com/grass-cs/ANxoTn1Y2N41lWqFs1_664lUtMvlx8qfCu0kr4cAU9p1D-KpUSbRGUzvu6kcHTBw2CRI1mqwzmCXYGDYtyvBC1OIslaX4SNo3BGojfU1JTBWf2rxEk_43H6Y5xqBDfeZNzoDE7X3t7JS=w300-h225-p-k-no"
MeiMei Chang,5,2022-05-19,4 年前,"來吃隱家很多次了，拉麵份量足夠，叉燒拼盤好吃到每次來都會叫上一份，用餐品質是沒話說的好。
今天心情不好想來隱家犒賞一下，沒想到剛開始排隊就遇到雨滴滴答答的下了起來。
本來沒帶雨傘的自己心想是不是天要亡我，店員忽然帶著店家自備的雨傘出來問大家有沒有需要雨傘，真的暖到不行，如果有10顆星一定按爆，謝謝店家的用心。","https://lh3.googleusercontent.com/grass-cs/ANxoTn1ASAzNg4mKV_Q1OrDqD7viuNUziCEKjSPe_4dKcDPJ-2f55g9lddIF0Sh7FFK6lC2UnXb1WfnWQDnibCfS9Qqy10qxu62tInpZrPxXyLgVFpDHBoojo5MijOJiib1ik5yoyVc=w300-h450-p-k-no, https://lh3.googleusercontent.com/grass-cs/ANxoTn1r-mpi4gjjwMebFQg61lwaBNVsUk3HaDGhH_1n08Zlrp9gqdqTawuV3b2uY406SI9HLFnCQ_ET30r06WxCq3jz8fXLHZsQ7OFlm5gc8xXFYJyYu4LN9yOFQuScrPipR90sC9rO=w300-h450-p-k-no"
凃冠樺,5,2024-05-19,2 年前,"雞白湯味道很棒，與麵條很搭
叉燒飯店員注意到有小孩要食用，特地提醒從溫泉蛋改成溏心蛋
親子友善、小孩額外獲得海苔吃的非常開心，值得推薦","https://lh3.googleusercontent.com/grass-cs/ANxoTn0Y-DV5lcL56k8gg5SJJRdRNoT2R-NkxnrUCS8Bz2s7nZcp8Drze-M-1cQmSGDerNF-Z_I6P97dgdbLDaRBbZ4NNa-Nzd3yGg6roSynk3SBed5MQrIl0T6iLpgI-nHuTsniah1FZw=w300-h450-p-k-no, https://lh3.googleusercontent.com/grass-cs/ANxoTn0n9mfpG4xMEn2rP6WApWNB16madYyak-_34E15MrSc15_aaFtBffOxv8H7-qEZhWVEtwPFweCPsdcYuyEZZuZjaR8rmCNjpOF9eS87ZeJaBKJFQfXBTfYHthzAJG7EWg44EA4=w300-h450-p-k-no"
ck11300537陳泰宇,5,2025-05-19,1 年前,好吃 湯超級濃郁 不算太貴 cp值高,"https://lh3.googleusercontent.com/grass-cs/ANxoTn2da97kC7YcRALUq7hezX73NUek5xtWkJZR3Ks9HdFfyMvftQxtppzu67JDdo-suAWNxKyXmOTYWlPGeyPef0C2jazoW4nJhZlWWBEwWtpifQhXwEioIC8xeNeddry09_IDkZ-1=w300-h225-p-k-no, https://lh3.googleusercontent.com/grass-cs/ANxoTn2pNMIJHoIuNzW54zNqszm2KF2M6EUw83Kj3kkKUgULWul6pT4GlOt0bn_93tUIMtQRdxpJ4_5ew_H92AFp6gvpdgTj9nYRf1Dxqmv9D95m6_oNddu--McWYWEf8jZdi_Di5DzolQ=w300-h225-p-k-no, https://lh3.googleusercontent.com/grass-cs/ANxoTn2s4SCe4xIinnevZpMsLya5x20jSuGuiBhousxNcUOPNast7PvSaDeKB9iYAIMAvKpcxlFPqbAKMskSYp2BHo6YBXFFENaHLZoDuLcn2FJ8eY_tIJ5crtFJlDxdLmhjE6_FNn4L=w300-h225-p-k-no, https://lh3.googleusercontent.com/grass-cs/ANxoTn1iSVngjXnqsjA29OaL1IMvMfsGoTweQorv6trIDdD2uTreb8_4g7Bf-PHwDQxcEiEJRceJWfWex6ncZtGga9oeltTgJPTWZini2rEZhRqaJ1G-T3MBjh4Mq3X2VqQXg7oxDa_cPw=w300-h225-p-k-no"
Claire Young (クレア),4,2023-05-19,3 年前,"四顆星是因為等太久了（平日晚上等了40分鐘），但食物和服務本身都沒問題。
- 以下為拉麵評價 -
今天點了兩碗拉麵，分別是擔擔麵和豚骨拉麵（我們的湯和麵都選最濃郁和最硬）。
擔擔麵的分數很高，湯頭的味道非常濃郁，再加上叉燒和絞肉的味道，重口味的同時卻非常溫順，真的推！
豚骨拉麵的湯和之前在日本吃到的很像，吃了之後臉會變成這樣( ´▽｀) 不過點了中份量還是有點吃不完，一般食量建議可以點小份量就好！","https://lh3.googleusercontent.com/grass-cs/ANxoTn2bW6BxZG_R_7v3oLPEr3ByLfQXXJ7K6kjIDvZt0VkOHEd9KUFjo86JQQZFee9mSaJWw9N_GVTSB6Ja7laiANkwdVvteRg8MO2Q0ES78LT_jviAl87wmPI-jo4lDrTDGkHDMBhp6w=w300-h450-p-k-no, https://lh3.googleusercontent.com/grass-cs/ANxoTn3idmpiJgYAi4fafCFUe3xBSe9psKWOGEhX1GOQWWUEIbLDrmDJ4c58HkcykezVkEl2FQdIowrVYUA1aybYGgV0XOSq2ISVxz9m3J9ohPIWmzlACRwZsMafRugIYY-OEELsalQ=w300-h450-p-k-no"
陳勇助（Bill）,5,2025-05-19,1 年前,海老拉麵味道不錯，湯頭很好喝，蝦子和雞肉都很新鮮，食材一級棒。,https://lh3.googleusercontent.com/grass-cs/ANxoTn3FKmE2aKIGOJE35FXDYzJwrse7YMwIEbApgKnoxnN5h0VPiUKRUez3Yj-enC-EmAy0JTbQlkCDx5gKCuhR03XuHWZ99ZFvpVQFMAHf7Xqb4x_KibGShYUaYVYoLQtpqxnb-ztmww=w600-h450-p-k-no
Seele Lin,3,2022-05-19,4 年前,"公館店初訪。
點單是海老沾麵加拼盤加蛋。
拼盤：維持水準，但不知是空調低或是肉本身溫度不夠，肥處稍帶脂肪冷卻感，很遺憾。
沾麵：麵條有嚼勁跟有擺盤整理。沾汁偏溫非熱，沾汁表面油脂似乎沒有成功保到溫，吃到後段整份溫度都偏低。蝦子品質中下，不到不新鮮但肉質接近鬆散邊緣。配碟背面似乎有藍色塑膠碎片沾到我的蝦子。
環境：裝潢舒服，音樂大小適中，店員親切，夜間接單到21:45，算是太晚覓食的好去處。不過上述的溫度問題有可能是空調太低，這點可能見仁見智。

會考慮再訪，但可以改進的地方不少，以後應該只會考慮湯麵或是之前其他分店吃過的鯛魚沾麵。","https://lh3.googleusercontent.com/grass-cs/ANxoTn12DAJmKjeeLgMspCv-ZyT6RIuzs3aR9G43qW2AE97yPwiDWOInMxSpaOu5nvA-m5YO-MygZS1A_sFrd77yEDH6JEz15ieK9IMh9iiPSRzXx26Dc4BuqlmQAg0vGZ4Vg1RC7MmN3w=w300-h450-p-k-no, https://lh3.googleusercontent.com/grass-cs/ANxoTn1RwDZ94YBIyQ4hX2ilpGx70nykAAY8wPpmP6aQrh6T3HdExvZODRAn4am6e5ahvukK9RdwTqcxvXtUKYP7XfxWvC-A3pJ8tdJbktfNA5JegcLftYf3xvYxGGb5enYm1owYc6k=w300-h450-p-k-no"
Hailey,5,2023-05-19,3 年前,"湯頭濃郁，但不會太鹹～
要排隊等待，但因為內用座位區多，所以不會等太久！","https://lh3.googleusercontent.com/grass-cs/ANxoTn3MqdgWu-v6yaSn3BFbcYrapmRs5ETlCe1Xq6Bkmd_0BQk-RESDGB5O5r63bJCK80bxvNxiFGjFCJSdliUDHqtC4eXsZQjtZxCe7zaN-O8pP3W9u67_Bx676sAPXO8P65k0YZkm=w300-h450-p-k-no, https://lh3.googleusercontent.com/grass-cs/ANxoTn1U--zG2CAFSIzHy7yB_JakQrAkDpLecWxAbGQijlM-9kC8aUwdIhwXYQ4xJuxUN3bREaidjdO5SH85aMQCDbogqaCuHFC3lxkzrssj0KY2h4z-0IVEo4zhAdyxK84IIEJmLFEL=w300-h450-p-k-no"
G-Hung Lin,5,2022-05-19,4 年前,"拉麵約200~300
務必要點100塊的叉燒拼盤
店內環境意外的大
東西好吃不錯
店員人也很好
CP值很高
.
拉麵如果要選豬跟雞叉燒
雞多少會有些騷味、雞味
怕的話可以選豬
不過都好吃","https://lh3.googleusercontent.com/grass-cs/ANxoTn1ezK1xOMTaWuk464MzV-0R6vUuPVXhGvgkBJdZyqPGR9jNgrxGQoOuTXW96zBEwSbAgV4OZNY5U5F1RYmvf2oyeT21_EnR-zvGbFuypgM5EJx5ZAe2_KknVcdCNIfqJ3GH4AcQ=w300-h450-p-k-no, https://lh3.googleusercontent.com/grass-cs/ANxoTn037x8el5LggxTysz_mVkdQT57APDrHs3O5C99xy6j9vkA7IXQp59UwYAiXP3Xj8NBrtOcMJESYPWNWwEiRXQCaJ_rxEfFs4vXoQ5FVRuV38_r-_wqqyAjSu1PV0MHPBE4KzjvqrA=w300-h450-p-k-no"
Jill,4,2023-05-19,3 年前,"餐點丨嘗試了辛辣拉麵和雞白湯，辣度、湯頭、面的種類都可以在自動點餐機中自行選擇，但或者是期望值拉太高，其實拉麵沒有想像中驚艷，但也不是難吃，就只是普通拉麵，但他們推的叉燒拼盤才真的是不錯吃，有三種肉拼在一起。

環境丨環境乾淨明亮，外面看小小的，但入面空間其他頗大的，有凍水、紙巾提供，主要是有不少人會慕名而來，所以可能會遇到大排長龍的狀況，所以不想等的話，避開飯點的話可能會比較好。而用餐時間則沒有限制。",https://lh3.googleusercontent.com/grass-cs/ANxoTn3LRRhoISLGd1yJOXgxpqKPMLRP7AKxFrYvWOtzg_0EL0kGSj40Lb4QJ9Rwqlql7m3sn9G7PYizk9-u_mshv9n_RedLnIAcKHmt3gIMD_ireAYID-D0tWjkL8DVrY3jEKVjza76=w600-h450-p-k-no
Che-Ming Lin (Victor),3,2023-05-19,3 年前,"配料豐富。服務態度好。
但拉麵、配料與湯頭的搭配，整體上來說沒有融合在一起的感覺，肉片與拉麵不搭，也吃不出拉麵魂。","https://lh3.googleusercontent.com/grass-cs/ANxoTn2E7OoKEOFbW2rgxQJcb8Tq7X6rw4lzsZAcFqm4WHjx7vQkACeUQXt7t4Ukv3fi_MW0YswXgKFMRWcPM9y8BoCtaiEJm7jVdLxE_iF1W6T44sSdnJd5uaKw9E8u8GbpNYDhwDfFvA=w300-h450-p-k-no, https://lh3.googleusercontent.com/grass-cs/ANxoTn3OwcRDcUNKKmdU_PkyhCLAVdTjIRQY9u74a_TYMgkTk9Cng7qRe68zuG9clJqu00s0tH7wWOyXNoS7gZa3JOCc1_M3gB9NBCIHq6Nc1k7bATGIS7mtG8y5FXZqxxZ5jrvJhpau=w300-h450-p-k-no"
Louis Chang,4,2023-05-19,3 年前,內用位子很多膝蓋友善的拉麵店！走進店裡有很親切的服務人員引導使用自動點餐機及入座，出餐速度也很快而且如果坐在吧檯可以看到備餐的過程蠻有趣的。我點的是雞白湯的拉麵，整體而言四平八穩，豬叉燒略勝舒肥雞一籌，我朋友點的是海老沾麵，份量蠻大的還不錯，叉燒飯有柴魚上面還有一顆蛋很好吃。整體用餐給我很舒適的感受，適合不喜歡排隊又想享受有品質拉麵的人拜訪。,https://lh3.googleusercontent.com/grass-cs/ANxoTn3gquyQA1usNOPWAzDHf1MiThBksqED_nAJwkKNN6C_760MA_d-5XjeEW6nCFtqXrIKu_vzIlu8q-dHqFq-iNnac3_pOqCUyehScb1HiTz60rCXaFi2dbH470afJBA3JlSX1YE=w600-h450-p-k-no
JE008洪品毅,2,2025-07-19,10 個月前,"每一家隱家，都會有各分店的特色拉麵，公館店則是「柚香干貝拉麵」，然後結論就是令人失望、非常難吃。

1.這個湯頭平淡無味像是高湯，柚子味就像是柚子果醬湯匙上殘留的柚子醬，不小心掉到鍋子中一般，若有似無、平淡寡味。

2.干貝雖然經過炙燒，但是干貝是經過燙熟靜置後才進行炙燒。所以干貝內部已經冰冷，影響用餐。

如果要吃柚香拉麵，推薦去「柑橘鴨蔥」，這裡只會讓人失望。",https://lh3.googleusercontent.com/grass-cs/ANxoTn0qRsWXO8Xu8ynnX6NtKxcJkrUI0sgy1cvSYb-H7_dKl8QH58pXw9Ql-ZoxKz9RlOpCcY1MfqGPW3NI_R-uCv6YbhKDVLa5tFBsgnH_p3gjQGdudcqLlw6_B3p2L9-tXQ9p6qROhFx_nA1C=w600-h450-p-k-no
Nyxx,5,2025-10-19,7 個月前,好吃 超飽:D,"https://lh3.googleusercontent.com/grass-cs/ANxoTn3zYjjnsAD0DegoKWq9rnOCetgQ9mE7m37OiJl6o0RbE2ksEZ1ixSec-hddIGZZ5PpOvMz__S6we6bQLhOyitsO1qvRYb3dTwmZWCl76wg30mDGTlNPb78U-8K0dRtpXcLPZfLHPYAC5WqO=w300-h450-p-k-no, https://lh3.googleusercontent.com/grass-cs/ANxoTn28Ydls2Ohc6Zhx6QYUG_5duyiixYDpbaWuZUHgrRGzNyCg3cYI9jj2MhpBDaJ4RPg4yWmstll5ynsIkktroCk_ekf8i0U_If5sjBT9GAwUg_KrLyvJg_eiuLARAJSClJ7s-FLx_T6wRZg=w300-h225-p-k-no, https://lh3.googleusercontent.com/grass-cs/ANxoTn2_MjsRrUxSpuQb-WT8Q591GemKC-51x6P_jKTTLDnMq4VwIGLmZBdvfoZwsuyzkDvLeKPdwYUPgh_oethHKzvFwv9vjbW4VabRJN98YxE9ABrlpee2zQCq4x1sR2V7S2hvIpTapMTuIR5O=w300-h225-p-k-no"
Jenny Chiu,5,2024-05-19,2 年前,"當時是平日約莫晚上八點多前往不用等候，
拉麵好吃！
（比日本某些拉麵店美味）
服務人員很親切～",https://lh3.googleusercontent.com/grass-cs/ANxoTn0Jq4FSEYWg_MkdERgP5QCz5YBuh4pttV50ePD6kijyVDCBIukUY4cnfNn_QNPfwaUhlT6_QO3yahclt9ChpC34pXe4oXBkOUrnfSP1KcvCUDYinwEI_SHMH0-ZtC-2yFc2OXIQ=w600-h450-p-k-no
yuri chen,5,2023-05-19,3 年前,濃厚雞白最好吃 吃了n次都不會膩 店員服務都很讚 想吃記得剛開店就要來 不然會等比較久,"https://lh3.googleusercontent.com/grass-cs/ANxoTn00z778Caos6MfLEJ8kLHL_kCeuWqrtkk1oMWrIf1AcZsKt6-25KaZ3v3eyXqoBe7k-Ii6rOBkjL_aaGyK4Qodo6pDHypHM29Fi9zqc_bXVCQ-7lPj_dj-yhWzxNjhL_G6yrDM=w300-h225-p-k-no, https://lh3.googleusercontent.com/grass-cs/ANxoTn33HBMPueF2GEPILc2mnStZ1yNxmaJDY_zfBAzoO99yRRNsjbL2mOj2eb1U0ep8nJ4QI27Le434UrxzueQZ-b2inIRq0tdMvuC-Nc38YOK1gcadZ9wSrOhE7933Cip-kanvDwP6=w300-h225-p-k-no, https://lh3.googleusercontent.com/grass-cs/ANxoTn0gWaJ0VlneUK1FL_cwAlbMVOihkD6s4zd3TpBIM1dhm9u6vgxV1f_Ng42RqJXWuUuBqWIOJjZZMBFNrfVlnraFO1Cm6rjeoDA_GdzufmFzK5L2UDMDCZtIhsj0ZpLZEW0f778=w300-h225-p-k-no, https://lh3.googleusercontent.com/grass-cs/ANxoTn35oqWfltZjAdAiEC-th1Ib-eBjobgBJhAM06Fy-OlThAWyTJTjxntUOgeE1fOpA93YjDFotFZmk8qeEUj3g3_umtBBHuxTv0tdvHSs-odOqu-lRr21am39iFraOGg3d1InrItj=w300-h225-p-k-no"
Li-Peng Wu,5,2024-05-19,2 年前,店員都很注意排隊動線，會提醒要人到齊再排隊。豚骨拉麵很好吃😊,https://lh3.googleusercontent.com/grass-cs/ANxoTn1Zyn7AA-Q462amQtkpniuz7OpF2VmvUxG2p_YWGO6Zt-DKdZ_WP9lWjZS4wEHBSJmD3bpS5WWVJSIaft90RZkLbIgTlqWiyl7GzikUdcs2wtRWgPJw04aReigBRro0RGrcW-nBiQ=w600-h450-p-k-no
Linga,5,2022-05-19,4 年前,原本以為店面很小，結果進到裡面蠻深的，中間吧台位可以直接看到工作人員料理，雞湯超好喝，濃厚海老沾麵真的蝦味濃厚！麵條是比較粗的，大中小價格一樣，差在麵量多寡！,"https://lh3.googleusercontent.com/grass-cs/ANxoTn2ZycW_mXTvUs5BLhVzQjq1wToojWzXbjzaTluGzb_h0Wvx1htP8gp25-XPUE9TKY9wfO7kmbffQ5EevDvyYLrhI0PQiZGrhY4MAiAqgnZwJatVJiMcx9GenN5wullR8HwYHnqY=w300-h450-p-k-no, https://lh3.googleusercontent.com/grass-cs/ANxoTn1aHco6wLkEAC8nmtSUdoJgeothDFhSARZjW3QkaPi1XL1gB3ntyS2uoBmr1f-awK9M7qRSPohY8OY0LQIPzQnSzR6-ufkCWudR1SoZmPQrgXBfw8fIJ4go8ewVfLk-wu2A4At4LQ=w300-h225-p-k-no, https://lh3.googleusercontent.com/grass-cs/ANxoTn3592t6HscXow5QfgahflqM1eReUpswFf7s4TJkRhAiOuit1TChXVxwVP_E3OK-1pFMSowgQ62ycj-0IMAbxl_5ZSrg8bYKnSPVyyf-Qq1meuxyO9lIAcrrVKW_3Y65EnT_s-6e=w300-h225-p-k-no"
Derek,3,2025-05-19,1 年前,"加麵要300有點貴
現在沒有免費續一次麵了","https://lh3.googleusercontent.com/grass-cs/ANxoTn1Psu1aARfU1zQsPV3wwwSPQy5AYKbLIb0UwBn_gLKQjHk7lC0u6Oh8KPrQrVTL-5xrTQtge8DPfEpkNP_gqqP6cULY2GfYfckNAj0e20iWbux2sGSznnpfuCTzqtExn5GwXTWc=w300-h450-p-k-no, https://lh3.googleusercontent.com/grass-cs/ANxoTn359wOzjKNKvNd8DkBdt6GlRX1z_Zz4k-bB7js9bCoXIVOIufszDwL3QWMXqYYwq5M5V5OI_gk2NgPndIckkRShgtNUpNfKNATH_QPP0GdYP0pFXiBDnmcOwfWXgCSc4yDRng825A=w300-h450-p-k-no"
momo,1,2026-01-19,4 個月前,一個女店員多次故意靠近我男朋友 口罩也沒帶好 根本沒拉開==,
z zz,5,2025-11-19,6 個月前,終於來吃到啦！限量的干貝拉麵很清爽，吃起來很舒服！,https://lh3.googleusercontent.com/grass-cs/ANxoTn1j4GDQjIsTA5GHG38wP3pPq8I1bAbH83fwkxttrJTS9Q94sU6e-M8hX9TVwYS8YfeurcgzolP5vRglGHevZi7zFSk9NiX_yS96oLimEt7g04H35p63x30MIYNC3vCYfx96DYfPS96E0L1q=w600-h450-p-k-no
