Username,Stars,Time,RawTime,Text,Images
王停茹,4,2026-02-19,3 個月前,"因為天冷關係，點了期間限定的芝麻粉粿，店員說此款可提供熱飲，於是就想說喝看看。粉粿黑糖味明顯，配料整體偏甜。芝麻牛奶喝起來香氣十足，芝麻味濃郁。點了無糖還是覺得有半糖的的甜度...當下喝一口卻發現是去冰的狀態，原本對第一次喝發發有非常大的期待，這樣初體驗有點失望...
點餐的店員很親切地介紹店內產品，甚至會詳細說明熱銷優格與優優的區別。
回訪指數:3.5顆☆
(應該會回訪其他門市喝看看熱銷品項。",https://lh3.googleusercontent.com/grass-cs/ANxoTn0WZD9Bbgk_4EPooV47AvaMBrWN8g8G6iCfNIvQOQvgZhdrW2mMADcxa6ZVoDcCaveka6zJfpYbES3H8kAS6Zl0__KOBHG1iWZCQaLfslENr_cUVX5r5qR3ep8wR_WcU_oJ1E4d6gsVJjgu=w600-h450-p-k-no
kidult,1,2026-02-19,3 個月前,買過很多次優格都是冰沙狀的，今天全程咬到粗吸管可以吸起來的冰塊就算了，喝到最後居然還有大冰塊，感覺店員隨便攪兩下就給我了，還有買過兩次海鹽檸檬綠萱都沒加檸檬😅😅😅 …,https://lh3.googleusercontent.com/grass-cs/ANxoTn3E1SH7qfVC_zzmds6h-cXyqUCk3soM3wzusM7OxyX_O0uNKjlUPwXYySEt9c9CPKEP74WMce4BGf_ICJi-aK3a5M_ec5pxhdpyrxK3DNkdBkre7UNhOoOuJ3NXMm8gwCcJm0IvIcaxdOba=w600-h450-p-k-no
Arbay諺,5,2025-12-19,5 個月前,"奇異鳥粉絲朝聖景點
還有提供選擇困難者
‘’優格盲盒79元‘’
我抽到阿華田優格～好喝","https://lh3.googleusercontent.com/grass-cs/ANxoTn2DJX-EJTrHcBv9w-jE1S5xVJL9jjkiYoSWle6Givu5tFBkIPdXdOFwFAZY4t0pj866f_zbn_pOKKEYCIqtdkcijKRgqkRkh4qhffHvCaYt-FvLmZFgSOPUzlF-7bY181GqVv4VoW6oMKyq=w300-h225-p-k-no, https://lh3.googleusercontent.com/grass-cs/ANxoTn0K5RWcxcjuX4U-IzlDPXeYB77pQ-87SgUNui542xEdbAyZwBszbSKv5hfB-E01siX3U3hpeXgbGctBxb7ZlFT0a3Gb3pSMTZ6imsX2hZpq7xxROgvYM-CSHC0Hkp2Mpkt4E41mqE8Yn1A=w300-h225-p-k-no, https://lh3.googleusercontent.com/grass-cs/ANxoTn3vWHBZmBb1YUmlAzD7j0uXxl1tv4Qg2ovF_yhCPYKINELxy6sgwUNBYEVa4svQz6opXPKQ3Dt6vczDjxIffMVrxI8ibgtW_ZrRSDWmgoL5rgOy1l-iuCZHFK5aKo5XES7lrFHt0wptJwUR=w300-h225-p-k-no, https://lh3.googleusercontent.com/grass-cs/ANxoTn3TA5SEmysibgkZniZr8ME5w0VBtdExiPD5DdJdDUIwkU85GAbpe7CzOgrPX1tZp5e91irCZyTtiXt4yKG-sON7efX2hKBeyP7BqAvI3iF74Mxl7ZvxxLRGczbp9p6Umw0NXV7wQjvJe7o=w300-h225-p-k-no"
Yt頻道:騏樂繞地球,5,2026-02-19,3 個月前,1/25下午三點左右來買飲料～店員男的帥氣女的美麗～重點是又親切～,"https://lh3.googleusercontent.com/grass-cs/ANxoTn1ZNvLsmT9K_57XBcLJ6q-rous366jUQx9eney5gmtrCQHiwR8Y0zPNMOFgsJIiMzxHOzg4Uf3ZSs80_clpwOKCEnuEJhdYP-tFh8TPAIPkoOLynWiYHGTqPHMgERMbWoEwxSKA96ezSBUF=w300-h450-p-k-no, https://lh3.googleusercontent.com/grass-cs/ANxoTn15HhxvaRcMLqfDDPPfAo1p1IOFajr2L07WWbtCCV6sgT8ozIiKs-GEuARPsTwCS_nxzKeF0pBwAnURWVBX0CTkxA4zyy4vQxX2tGPfddINtJYNiPkX8lUhYPv8XtK6DcoLv6OWF0Rf95W2=w300-h225-p-k-no, https://lh3.googleusercontent.com/grass-cs/ANxoTn2k-2bKngFIBLeDA5TioOqrGAe_3DlMqQc6RgumA2CQsvv3iDmSzNxHkAqvzg4D3GIbo5Sj7zgOh8_RkW_SfOs1PoM-BxLONrxJzCRJ5wlJE0-InXbUnlT7GTUHg4ywBiz4YleUqiN05vEU=w300-h225-p-k-no"
Amelie C,5,2026-03-19,2 個月前,"莓果派對優格中杯95元
酸甜好喝","https://lh3.googleusercontent.com/grass-cs/ANxoTn2NuyHe-fhXtZWYFaCJMqBx7R12xQEXY2qCbrHS9Aitt1U0bv6Ke02M2EDVt5Qr-Yl7FaoiwdQt4md4YgVfzJ0oK_j3fFv-mIU-41DCc_RQoXGi78O-RZodtqUxe5Df_McMj5TM9RZHyiA=w300-h225-p-k-no, https://lh3.googleusercontent.com/grass-cs/ANxoTn1hQEBknqCcw2x9XtCtn3A0r1Kvo9wcGtz1uhTDaguGVOtAFOREIXr3d6mTgUZxm-C6zQ18ESytCMb9h1W3P-pEAU-6sipLkbWwqqIKIvUn6ybZjMmrRUc8PJWFNaxnHEsESGSVq41sHJnU=w300-h225-p-k-no, https://lh3.googleusercontent.com/grass-cs/ANxoTn0TUBkveMGsygz_KPdfIWEoc9_gpDU0ljbLnxxseIPJQWkgB8q-PQEAX4EkpDPNy-Rdiyk9gz3pSqLHzIuBNnwmaKdaM2Iy5W1k5J6l9DvRjKR-HLixzz8MIwNk6Lk2LiRu4rNfYtGibZqL=w300-h225-p-k-no, https://lh3.googleusercontent.com/grass-cs/ANxoTn2f6bR_t942MI6gHhtN9c0sS0Iaj-aLxFDXxsmVBpcwPo84XwlRO-909gBYUwxCfV-MZtXc12_KYw0MVQX3wC-DaEcGG6hgzq-EixD86YLdZelDZ1cAW69qEfoWY0r0rvvOfa3a1-PmHAGF=w300-h225-p-k-no"
玫啊,4,2026-02-19,3 個月前,"飲料整體是好喝、偏甜
店鋪裝飾很可愛","https://lh3.googleusercontent.com/grass-cs/ANxoTn0vauu0j_0UnuVHIli-FrkPfEewtzG8Ivjt0uucmZrjzs1Itz0Z1A6ljYaX4EVNFLW7bvre19J5UHuUv5wPYSqq8auJGeJz1tT5RgT50xKqU_sEc7uiw0jvZJH6yHkMHM5y6icBGG1eHEQ=w300-h450-p-k-no, https://lh3.googleusercontent.com/grass-cs/ANxoTn0Py_6p76tpmDls6an64gFi-CiWKIscVKRRdULWSyxefX4-K-bRJloISrM9FtdsW4wmQ8AhQXJjvKYUjVlnKa5xER8TsksejXB66ccKvTKArkWGBdpCk5y6_eWdx981uzzERNkSi0atbsY=w300-h450-p-k-no"
jbmn100,5,2025-05-19,1 年前,"發現不僅以優格好喝濃郁，中杯覺得意猶未盡，如果有大杯量會更好
穀物鮮奶茶有烘焙穀物炒熟的香氣，周邊奇異鳥也可愛，解渴的話挑無咖啡因的穀物鮮奶茶是不錯的選擇","https://lh3.googleusercontent.com/grass-cs/ANxoTn2Hji-J0uHxdKAhVwd02jzl0a8rYUAvPCsJmzWZVjsxR1g-A_Q63K4L4c9HLkHF8SAwR1lW8RseJMbBEqaijyKofzM009qh_vvso-_szTpcE41mmVAFtK83vSpl8H10-6shcp4A=w300-h225-p-k-no, https://lh3.googleusercontent.com/grass-cs/ANxoTn1Otihagl-o3UGxliXw9cwqnpnMe457ga9jdFrjDdpw7wZIUYSKRIpadjS3cGY-fVTbOanH7g8aMCn4B5YKISTMhx7JwhfSFNrpcGtXEoU4TpFcIqH9EUo-p9h9EGH3tainL_ks=w300-h225-p-k-no, https://lh3.googleusercontent.com/grass-cs/ANxoTn0NTZPjaU99ZYpKELDGPL7YlSl2P1DuJrWLRhdnLkvrZmzK2YdbbAqZTT_z93qr2jfKCk-o2uLdAeIwHhlDJGuQq_hUysCyRFZjFK_kndYTcgpGCYqinAE4W4MO2HdncAiCsswHWw=w300-h225-p-k-no, https://lh3.googleusercontent.com/grass-cs/ANxoTn3Eoj7pFI89b9KAGq9pIikQi4mu2Ztt4jnT1xPbcf7SwPjI2Bmhww-aotqkKXT8xzzm6EC5nXT6f6lP_bHyFLHGC7knqgRFUVJjuhqsWfftLNkWzttXhJgM7rn4zNqF92EAUGn3=w300-h225-p-k-no"
陳學楷,4,2025-08-19,9 個月前,"飲料整體是好喝的
只是都偏甜
甚至微糖喝起來有半糖的感覺
但裝飾很可愛 氣氛也很好","https://lh3.googleusercontent.com/grass-cs/ANxoTn125zZ2wkBXTT_EeYU0PFMxBMVipTTSfgSFGPhsmhmsiM6iYvKJHZuEdwr2D9xXZVDXx5jDcU6a5eM2z8thdoz9jhay6LmacO0_qxGhxsNYD3wuSbRCu_rKg1JXOEud89m2QRK1Czeepak=w300-h225-p-k-no, https://lh3.googleusercontent.com/grass-cs/ANxoTn3JixF-emUydi2kN31gtAdmGRPoj0fzDznlftnSIAXy5BfErVQiQQeayMPaqDOzWRGGDoy86QUhTS4CV24DjFaB-InQ8mCWHRx2GNnIzmtSSaEw2wiHmp0qBBgrqDe4lH8q51CBGMLlPaw_=w300-h225-p-k-no, https://lh3.googleusercontent.com/grass-cs/ANxoTn0mxwsCKBl6QrprNmmx6goZG3pD7aqQ2KMkhuA21KAyWvNYk_i4m88d_Xrs4HEXosIXFD65cbTOCwQCGQYIPdkOv9UTLohi7s8QbqYtjCJsP6Ai-P3PU6XZxU9_Z8jA_0HsDuZOCxZbvjbH=w300-h225-p-k-no, https://lh3.googleusercontent.com/grass-cs/ANxoTn2BOzfn2DCPedj7vi2HoKHaOI00kt2aiYhVRgfzuPVa4eVSVYSU6BBeg97rPOpArsNYwBc2aITZurH6-rQynTSoNW8Jb1Tn5wqj_7MhNe4BGQEv79BG3dhdjONvIzuWIT4UT5nHuLI8v1A=w300-h225-p-k-no"
Candy Ho,5,2025-11-19,6 個月前,跟著小孩喝不膩🫶🫶🫶服務人員態度親切👍👍👍飲料好喝🫰🫰🫰,"https://lh3.googleusercontent.com/grass-cs/ANxoTn2hzLofXc_rqf_2GPJT_Slk8JjMsqP_4KOmBw5mlZ8UukOpWxWgdQ4nw7Q4OEHu47fFP51qZpBWOdq3fjyCq_mzewc5OLZE9i_CMcAzT6lcyHfdwDyVOWTMjzWLTCFY-YTRtN0U3CD_2J2r=w300-h450-p-k-no, https://lh3.googleusercontent.com/grass-cs/ANxoTn1e--1ukpUhzsG94XlDruqOTCJ_84VhYOVmvcfPEweo3dbS0o-CoyiDJozH8PQxLeKY30UI1WjQXgudl1yOWGNjxK3lruw7ZsBgwjwqrjrBmMDCIvT2EGcaEWxP9-uSwbdAGB5X-E6XlRpF=w300-h225-p-k-no, https://lh3.googleusercontent.com/grass-cs/ANxoTn2itszilp4PrLKTMbJUWBQoT0yoBY9P5Fs8EuMGnZX-kDY_7vrlB1moNoyY9hJj4WEhKCyVJXGMNaZOFmBpBezuaytNT7HYB14Oic1qNDNZhkkDExFGYBJg3e55Nh3ZWWzA6Wlx_NQC0-pz=w300-h225-p-k-no"
YING YING HO,3,2025-05-19,1 年前,"沒喝過，看主打Yogurt，買了杯喝，甜了，味道不如何？不知道如何形容，只能說廣告勝於飲料🤣

沒喝過，可以試一下💕","https://lh3.googleusercontent.com/grass-cs/ANxoTn1B2lhV3yX_yUJb31N8wcWScrhtmJd_XpP68Ub6B3nTtE22NlqruaotOVAkTNG3OSzBGElwg2Qd2wYsu-Hp3yqEedU3JA_AVpYet_Mj5z5pK2EqXuKNa8tu8S6Zj2bjeMNPO2vz=w300-h450-p-k-no, https://lh3.googleusercontent.com/grass-cs/ANxoTn0yx6yXlV6es--W-bJPipmU87uSXfEHlQw3ABZBBe6keg8kHKmRblXZvw-QZPmClyW1MUMWNJpUunW1g3ZS-_ySrBUqOZ52bFdeUssp8BgcKo-MEYTFnXbJYYECk0-6Ilq3-WSu7A=w300-h225-p-k-no, https://lh3.googleusercontent.com/grass-cs/ANxoTn3GkJB2j_wxbuIzi-1AAVgrOKhNY0XtWfu-2RIWeE5DQ5ZmpHCQNxUEERPlfMB4U9Aa_3cuA6KyoU_YxlXg12zhTPSXvMZEflwwry-9BQGSLSOouVLkDCIMC5F0BomHGJwLAlg=w300-h225-p-k-no"
Shang Yang,1,2025-07-19,10 個月前,"之前買過一次優格系列覺得還不錯，今天想喝點清爽又可以咀嚼的飲料，點了蘋果蘆薈，本來以為他們家都是用真的水果，結果第一口喝下去發現居然是美粒果，整個傻眼

而且我還特地跟店員詢問適不適合無糖，店員說飲料本身帶有一點酸味，但蘆薈有甜味，所以還可以，結果點了無糖還是超甜，因為美粒果本身就超甜啊！！！

就是不想喝太甜的飲料，才買比較貴的手搖飲，如果早知道是美粒果，我去超商買不就好了嗎，生氣耶！😡😡😡",https://lh3.googleusercontent.com/grass-cs/ANxoTn030vdDtTtUQevTFFP7rtn6XINyIniEqGK6N3nVaIr6ekSa0q1T2wMw10__Yr_2epalE_ucH5_72aW085pHdPMQgOyMbRJIF6BeCPQfDLwL2oQxWOYWZXR6ReCt28zRFow8RDGdNRA_o7-Z=w600-h450-p-k-no
Lin,1,2026-02-19,3 個月前,倒到杯子裡才發現沒有滿杯，又整杯倒回去攪拌機裡加冰塊重打，抽到泰奶口味，喝起來完全沒有泰奶味，還變的很水，不知道在喝什麼…,
Oriane Chen,5,2025-05-19,1 年前,"📌 奇K巧克力優格 M$95
每一口都有kit kat 碎 無糖的口感濃郁不會酸😍
好喝！
.
📌奇K巧克力牛奶冰沙 M$80
不是我的菜
不知道跟無糖的有沒有關係 整體有點稀
但可可碎片還是很多👌🏾","https://lh3.googleusercontent.com/grass-cs/ANxoTn3blvdeFlwdCSEJ1pV4Lx0Y0CyxazVjAzCDiHXlG5UTlqSpFnUIFBBPps-HMTt0D0Jo3gKvcaeC826Ybzeyus5BkVdowbJUzUgm7rosyYQ8CWf9qY3zI4CvANMrwfJzZEdqIRJD=w300-h225-p-k-no, https://lh3.googleusercontent.com/grass-cs/ANxoTn3iPisCQyr28QFa-btZqjGqRu_k6J3NVqrgRZumKHyEOHz6AIrf4W0DeyvI5t504_GVq3RQLSQeXQoTJDDVEto5-uLhQlbIABQi5SAGsLw7gWVflNLSNMbe7Y9kl7r9HyeGCkqVog=w300-h225-p-k-no, https://lh3.googleusercontent.com/grass-cs/ANxoTn1kw6A6uYSpyavwWQ4t39Kxd0EzrCNkw2XDawCN9Aa9B277u29W_HRcE_Pu5h5lwEUZGvsq7qmnbUBC_i5jIVmTTMwkYfGYEfbA83kwwWjfD-z8sYfaG42pgA9Efai77ZEKAK_9=w300-h225-p-k-no, https://lh3.googleusercontent.com/grass-cs/ANxoTn0Kn3HKvYFx7Tt5r3TbycGpNEu4VdksHLZ_9SN_A-66gg8UbS3iVCRwrJkFwA0LNxn__W-_FMo8qs9MEeYFOBIuAs1OdA6TsfG4tFY4IOkiTDFjgpC6WgQZ-s-vsT59bDt0v8Kf=w300-h225-p-k-no"
Chuer,5,2025-05-19,1 年前,"喝過不少次了，非常喜歡優格系列，我個人喜歡全無糖飲品，伯爵茶優格可以做無糖，其他水果優格本身在調製時就有加入少許糖。優格百喝不膩。主要也是因為很特別及少見。

我雖然沒買過周邊，但品牌形象很可愛和溫馨。 有經過會在繼續光顧。今日點餐時店員都好親切，很喜歡這樣的氛圍。","https://lh3.googleusercontent.com/grass-cs/ANxoTn0izLj-84Lh-Ob6AvThpqOi6gSyqru4NKXsCX9-gq0HfZHNejGgYQdJT6CCq_OMFv8Wwiw0FncgopN3jKQbIZryus60jTPyweOwfbjTLbruaapiVSAmlKtPCL42vy2zLiGSjunJ=w300-h225-p-k-no, https://lh3.googleusercontent.com/grass-cs/ANxoTn0CWaCtDReB_Z_4NhxyK2VWYpMM1IjwJRziMDl2vJtj-0GN5bxsZ-NgnNn20JjbMCPklyt4MJzBU1iLl-hLN82fUU0FlvHc1roURAey6XrOx8VHpkOsK3rVkdowfLdw-n6QtDC5=w300-h225-p-k-no, https://lh3.googleusercontent.com/grass-cs/ANxoTn2O71Ds_9e6ttleT_0H8gnN3MMr9pxnjiEZvGmF2Wx4KPvqrqS5ChcE2pP3QgalAtpdUOXFaUtJJUxfPipq_arDV4XGY2ZsbUHjtLalo7PC8i8OfJPet2Q2wXWjoKLHomYXVGyh=w300-h225-p-k-no, https://lh3.googleusercontent.com/grass-cs/ANxoTn2ytIFxiY2KqNlj72BJB6dvdeC2XiuofRcquiZ5KqQlNRhgGSnniVhn9cekXY0tB278ajheUErcGvwGQv-Fa6I6C-Eeq5O9fKzj4dfecRtkY6hX4CWU-kVyRjL_U1e8WhtuYYD3=w300-h225-p-k-no"
Lèvr【第10級在地嚮導】,5,2025-05-19,1 年前,"真材實料的飲料，發發超讚👍👍 燕麥穀粒鮮奶茶吃得到滿滿的大燕麥粒，無糖甜度剛剛好。優格系列也是招牌必點，這次嘗試焦糖海鹽優格很好喝，鹹鹹甜甜酸酸的口味相當順口。
店員服務不錯，耐心介紹飲品，出餐速度也算快。","https://lh3.googleusercontent.com/grass-cs/ANxoTn3jZEIluJW19AMyp_o3YmGoMTs7g1VO9rm1x1ZYZFMUgp2YFgUmtkzMlczmYQzUAPBlzw0YE-fRI4LhMdDXYSFBBIfk3-4EzClNOo--tBjm_PH11U4PsvR2Jtg4L4j_-iLGI00ytA=w300-h225-p-k-no, https://lh3.googleusercontent.com/grass-cs/ANxoTn0ukPisNvVMdPUmFHYcaMdyfpLMqJs4Ka1701lgRUZNieaYRAOsMsgdNFTBkhp4jzE31l4YcfLFRszwZeqK3iT2lGIF-OyDmwl_zc3-bVZYs67Tmnk12sTVKcl-ULm-iF4pxUo=w300-h225-p-k-no, https://lh3.googleusercontent.com/grass-cs/ANxoTn3NrWU6JKad0fQoRt5J5x4B6pODw8pKUWjIWh3KA4nZqrfuIq4t3DyE3TTouEgtWCPbwrEZFWhWLyEDnGKuYKRjcocGcBsiV6cOJNq-uTzODk8qlTX1yEWiLceyUbyMJCqSU-Th=w300-h225-p-k-no, https://lh3.googleusercontent.com/grass-cs/ANxoTn0lvKB7TLcAZL80Gq87APkxlkviWmSLyks-dAOYMxH2x9gGbQtQg1oEqZ8BFQR7b7J6QcWekhfYUqWtnJNwmaYEPJdI6wXJRqL3WqMKeC8swAlum_svx-GjJ_nT5lbIZw1JzsMe=w300-h225-p-k-no"
miller miller,5,2025-10-19,7 個月前,"雖然賣完了🥺
但突然獲得最後一杯紅茶😳
謝謝店員拯救我渴爆的嘴😣
下次再來買別的喝🤗",https://lh3.googleusercontent.com/grass-cs/ANxoTn0Cu5CUZmI5Z7A9L08v-HZOompAT6565d1vTTcw-TJhvCnz8gy_ewK4_LGlWw6z2OezCC0dNcSzPdiUTd53lh-FmdYmc7XUkcW2LNbJHo7YT1bV2LLn_dKi7j0mG-4geYqCjqZ2LMmhtXMZ=w600-h450-p-k-no
Lava Li,1,2026-02-19,3 個月前,買之前看評論說鮮奶茶很水，不過是一年前的評論店家也都有回覆。結果今天下單喝看看果然很水，味道很淡，一年了沒有改進阿 XD,
Dolly Chan,4,2025-05-19,1 年前,"【賣優格飲品的奇異鳥】

來到台北第二間的茶飲店是以吉祥物奇異鳥「發發」作為品牌形象。發發牧場 The Far Far Farm 主打優格飲品。
分店不算很多，剛好在公館遇上當然要試試喝吧。
簡約的裝修以白色為主再配以木質色系，在街道上顯得更鮮明。
店內還設有企或者坐的打卡位 (,,・ω・,,)

🥤粉紅柚柚優格 (TWD 95/M)
杯子現在是發發 x 蜷尾家的聯名包裝，很可愛耶。
這款的甜冰都是固定。店家將優格加冰塊打成冰沙，很適合夏天喝。清爽而不甜膩，再加上三款柚肉，酸酸甜甜的很不錯。

另外發發牧場也有推出奇異鳥周邊產品的喔✨","https://lh3.googleusercontent.com/grass-cs/ANxoTn2_5aM9kR6VDwhp1mQtg6GPhXLA0uT0g-MT_Wo4S-XkLZZzsApVyFKgQaEPYfTCVz6Hrkbo9vnQzUxxLdQFyAlUPkaJNwcYNBny94Us1inc_LvpWDassmhYPxfRGveUOcDiK9k=w300-h225-p-k-no, https://lh3.googleusercontent.com/grass-cs/ANxoTn1DRqpgv7_PocJSaPwhEqsbHNV5hGr2a3BzkVLkYSf-v9CILAoAId2XIlX2uWszhuTSK75GM_CTtedcvHKdPnzKN95k1Cdjte5mpqcdfyaFO1iBni5sXVvgGxycENGcxREBvRCS9g=w300-h225-p-k-no, https://lh3.googleusercontent.com/grass-cs/ANxoTn1Lac7yT0OBkyStj-ihT5Hqn6eBI6lFNJ6GFgdqBlDkxUtySOslkgm6dFVO11Jal3SBh0qMpUXwpd_g7o1bCs2GSVfPf3Rbwyxx5OshOPUV2kxwiNro9r33bkKw0NmSfRjlNSJ2=w300-h225-p-k-no, https://lh3.googleusercontent.com/grass-cs/ANxoTn3K8XX0EYGqJlIUe-1Iie8gaywNMUYITvQEBk4YkH9aEo__J7sFTZ6XfKUXLNV82Ijsyior8jGHO3ZSISXxld7IjRmyXhDtX7KnH0ooj5d33lUYTrUi5FgumTJHkM_h2kEE69v8=w300-h225-p-k-no"
Linda Chiao,5,2025-05-19,1 年前,本來想點優格，小姐姐細心提醒那是冰沙。馬上改喝優優。紅柚嚼嚼優優去冰一分甜：裡面喝得到柚子果肉蘆薈跟蒟蒻。雖然是很稀釋很稀釋的優酪乳，但是味道調的蠻好。,"https://lh3.googleusercontent.com/grass-cs/ANxoTn06fIQvTX_3yeASEGP86SxJChZ2Skrjorc5kqpBEjsA9pfXulUYe_uFbs8Wp19gOLItaJCHkKHkoddpsR7THPM7VaUG4RcVDZfpLVvUa41xYP-iq6wJUDpH2bTanpj9knKs0-M=w300-h450-p-k-no, https://lh3.googleusercontent.com/grass-cs/ANxoTn3jrOj1Y8nC0U578fuMjT5T2INZNh1nEmOtgaGmhn_1nVmvqj-IMNai3hHht5iZMcylEKWlG_hK-QsOMWm-tferEAPBZxxgKIgaMH4BtLPgPYD3Nr38h1ANBy2FwMuFQJrGtzzzAg=w300-h225-p-k-no, https://lh3.googleusercontent.com/grass-cs/ANxoTn0Z1TbSjHUYa4THNwsLJe4ddQ0jIGxfV5kHeyu_k6X_2r_-gijndqx7tfLDYjf3DJIA1wYgUwQRn5PazQvHTlvGNF3zVjKrAljc5T6N1OxS30k4nbas_Z0aDnyR3A0GNLEuJXp2=w300-h225-p-k-no"
MAIまい,5,2025-05-19,1 年前,"草莓季特地來喝發發~現在兩杯草莓發發有打折
點了一杯草莓牛奶和一杯草莓優格~
不但好喝裡面有草莓果肉和透明珍珠，但這樣平均一杯只要65元超划算

店員會把現做的果汁和飲品倒完杯後，多的倒入小杯放在台前給客人試喝（通常都能喝到前幾位客人點的飲品，我自己覺得這個行銷策略超棒

奇異鳥也有草莓色的太可愛了","https://lh3.googleusercontent.com/grass-cs/ANxoTn0BOSNoy6IXUHfZZpwgnAjvkOmUnhLz6ktGoM_z455xYLKcbzwUskTtWUrZTvK8OTJ6ZwJ-aHijZW415re8NBONiDWZ0tNtwk2qOJzAptaHf-yc5PNlWEjbxc7HDY6eoIIYp4s=w300-h450-p-k-no, https://lh3.googleusercontent.com/grass-cs/ANxoTn3qmyVCVdx0yN-TnPU6DallKstuMNe4Tkdg-c91x-nXXSiZta60UMAxNs98wW6RKbys1wTesu5-ifwufTVAXN8kmNyiILOTKAtPE4dzjMBQlnnvppfF89DTIjpW3QwepUUpvstHlg=w300-h225-p-k-no, https://lh3.googleusercontent.com/grass-cs/ANxoTn08h2fC_dOM1udyFoboNtpRl8NmMzHMozk-DLbwCNyyt_-PcSIPeUg1rhYJ75ueJdLykX9J-9aUaxhlKbgtNiIRwWycny3wWYnDKYAHvefTQdEwYUvjcZkiKFiavCD-mS_rvX4=w300-h225-p-k-no"
SihYu LIN (鯊魚),5,2025-06-19,11 個月前,"一直都很喜歡的飲料店
夏天解膩又爽口
特別適合在吃完飯後來一杯
雖然單價偏高","https://lh3.googleusercontent.com/grass-cs/ANxoTn0oeUXu8_PmrZqmb-4gLUHTdkjHK48moQoe32N0R2e0puzp1y0-hj2pioulMZzwjgfviphJK3Fk1Xa07kBDemXHHDSdkbPCiEvYSYipNuLV6D9vQQ8JafdFV3RsNs84dt8o3KFSsYusIMw=w300-h450-p-k-no, https://lh3.googleusercontent.com/grass-cs/ANxoTn00Qn_f6CtN53whXzLc_BKFE2OpicPPesliRUqRig-wjJr1yaT3NwfnwjelYRm_oipN-uMz4BJ7e1hkfTokawipoIbtfqNOMYWbXSsyNSDreLQk6VQnLJdP1Q1Du_Fobh_UFH8kNAQ0KQff=w300-h225-p-k-no, https://lh3.googleusercontent.com/grass-cs/ANxoTn2EQEX_UxhwlPcMU2de_Qg0L0qfzdnvc4DCRuAW8gjR9lxyU_EIrz_5VRttBDpFNA0VH4L65P3SOeTSJOoFNv4jjaFJzb57RqE2wBvc7H4koGcOr7TrMNPGhO2m9b1tmXE2h0x3zfOumQeQ=w300-h225-p-k-no"
Stanley QQ,3,2025-05-19,1 年前,"2024.08.23.  ★★★☆☆  初訪
見4.9星所以消費  但此款試過之後覺得普通 …
》》發發私藏珍珠鮮奶茶  一分去  70 》
白玉珍珠  吃起來普通  外軟內微硬  個人覺得還好
1分糖的飲品  很淡的鮮奶茶滋味","https://lh3.googleusercontent.com/grass-cs/ANxoTn0t94__2cRarJHQP9iNiXpKcQf0CCptcZBNFAbkQAaaKzTYDFJW8orLeskmUyGI0qOUWbE5ltDznfyTyikLbkMT5giSZA-pA-bwvPGIomK63tcm25x6ajjB4eF4rRhzx8dcwFz7=w300-h225-p-k-no, https://lh3.googleusercontent.com/grass-cs/ANxoTn1ocwEsU-YNt7lkWI9bz3cH_QM_i7pztleHpUJ66EdA9bdZ0hFrknJYbJEDU5szQxcZPM2Atp3B1neHK80ZyRoNJKcsM2xVC-l-rryCxn6hF3Ed1hpy4I3_XYAtkzryMA4ZbQYqRA=w300-h225-p-k-no, https://lh3.googleusercontent.com/grass-cs/ANxoTn2ME_YxZZWD3u2Ea6SJ61G8WMnIy6nCiWIvkPQz13EpgK6HC6cVr0kzWtevQIo-4fjyOtglA0YgaxtJXnjqO1fxkHqEVf2qLQqMjPMP_cJvMC7hXlVbbMpbdDrgJlpgysfDMQ7V=w300-h225-p-k-no, https://lh3.googleusercontent.com/grass-cs/ANxoTn20HHneLoN-9R2Mgfxjl3-zzKcoPmAXNExz2MoVG0kyP-4Z87E5JkptLga0hkTBlD-F2PawxEtVXzEtbkmPjwEpzeMISp57cjUngD9PF5TbgeasRYUQ-y69qUY60z5oJu9nem3-Fg=w300-h225-p-k-no"
tiffany liu,4,2025-05-19,上次編輯：1 年前,"芋頭小芋圓鮮奶 超好喝！芋泥綿密甜度恰到好處，搭配小芋圓很驚艷，而且沒有咖啡因

缺點是價錢不便宜🥲
我只喝的起中杯
還有希望店員態度可以改進喔，不然飲料做的再好，也會失去客人的喜歡⋯⋯⋯","https://lh3.googleusercontent.com/grass-cs/ANxoTn2oUC7TVbWBuaKdAlmM-ftGI3MaE4wSNitEdofhQWpjBqaAG1aLhi9XZ7HrsCJPB6_L3mC8ljLQ0FH1hwl0V9jN7WyR9JlWfQZUkqTfl5G-abcgQchA5aDKXp0nr6xK-BT0WUHnJg=w300-h225-p-k-no, https://lh3.googleusercontent.com/grass-cs/ANxoTn1z-wMBxWSUwhjsPu0q6vwfq2irBBmDLKQ7XmUUk03bX8Ulj8WRSQ-xCwLdZT91BRrFhSVShOhTvtdhCkV51FMxozvclNaM96JqSWSyg_OPt01NfHuAUQ-YaB6jrIGdjZBQtbEv=w300-h225-p-k-no, https://lh3.googleusercontent.com/grass-cs/ANxoTn0qGiVAUBNG71xO1uSVWSs8wreA2iHXEdm2CEGjefUu3x3XDaWfgH-tSdF59bx7WILGFSa6waPFDP8x76GWfcMbisqqtq2ZYFcvVh4U_tTRPfqUym-SWCCF6_Ccum-OnLMQ5Qnj=w300-h225-p-k-no, https://lh3.googleusercontent.com/grass-cs/ANxoTn2rdCRz9Qov9DyvXYtZqFuQJHHw1Xn0P9BQ_ThV3TX58iARs8iayMN-Ho75CsSy1F6k1FFMELe84niVxwCFdkfDc2hViI1zRijSPwoobCp_3x7qGX9Ra45ageQzCmr47uu6fJZM=w300-h225-p-k-no"
Henryzz Lu,4,2025-05-19,1 年前,"招牌應該是優格系列 就是優酪乳
點了焦糖海鹽優格 只有中杯要95 小貴 喝起來只是很甜的優酪乳","https://lh3.googleusercontent.com/grass-cs/ANxoTn1BmL5P_QJb6PnSJg7x4g6YVEtLmD4hN1G99LHE6LvKKciMkh0ccdc6fSceHHBscyDwQ_zJzgJxYz16ZJXt24vK3TjyOd5k-Y8G9QsOYRPXw6Q1hrD91esq5IWLXEur0-SV2nmG=w300-h225-p-k-no, https://lh3.googleusercontent.com/grass-cs/ANxoTn391gJ6J_z60B2avLzYzft1FWhOw9_an_fo6ZHFi-H3Dp2_JfEKTnyrtqCyc6u9dWweTzw-HJ2LIDMlp5GKoRaVzPGDrhT7JH09WMuTpAjysXNojDwezL_lxaEHLzwC4we7iHQ=w300-h225-p-k-no, https://lh3.googleusercontent.com/grass-cs/ANxoTn2hCkgxo_MqiV__2SaUZOGgQclbJj_j5t9YKWZu3DNIPgrfId9G_IdC6JdY1ytv9vu8PzuJZfCGx7f_wfbwaF5vjOlu3zJLtwjtBfmk1RrXlqRNsTEX4136e5TjbzMooKkTGWy2WA=w300-h225-p-k-no, https://lh3.googleusercontent.com/grass-cs/ANxoTn1IQM5Lr2vsivM1egFZQDUR14OsM98QdbaiLslEowi7EKOMcQmVXvyEk0_paj5g5ME4y1QvXA_cW5jkPK1u_cmt8omS6arKQc2EyrcPcqcaBw1NOkQtpX49aWq2LjraPvsfwYFx=w300-h225-p-k-no"
KAYA,5,2024-05-19,2 年前,工作室附近新開的飲料店，點了「蜜香小葉紅茶」1分糖少冰嚐鮮，喝得到茶清香不苦澀，喝得出店家每天新鮮準備，對我來說是好喝且喜歡的紅茶，在公館飲料這麼激烈的地方，期望品質能維持住；招牌優格飲目前僅喝過「好芒優格」是個清爽口感的優格飲，看來會是我近期的午茶良伴了☺️,"https://lh3.googleusercontent.com/grass-cs/ANxoTn2R3wdjAldYkoa0eNb1Ogi2TAFwtal9ydIQGAxe25SUgq3D_r4X_wAcY6I37cbvhZmkBsY4qGCgjeVB9oGUsfN91h3nMPyvTfQ2_uLxlwdZS9ORUgUYIO22K79NRx48usqz39L-=w300-h225-p-k-no, https://lh3.googleusercontent.com/grass-cs/ANxoTn2V3RP5-dfRQVzdEYY7J_2IQMr9EInnDSwiH4T2sjhWb5yjwm7-xvFK4Lrvzur-fgNraU6t7kdwfMEOcfvQg16hpaks2b-AKKObJ5FQz7twLKNjG53oOtN6kxG0cod64iDfBgYW=w300-h225-p-k-no, https://lh3.googleusercontent.com/grass-cs/ANxoTn2PvX7L02IqfffoblNhXKIezSoe65tw_irxlSwCN7BuMQzYSRF9n2nmB4otUr3S_Cq0HfIUFGrp3fA6Rug32HaQlSq3XOMjw3dLDCiCYpQT4K1vuYkAQ_mgwAK8JM_H2bCZZ4wdTQ=w300-h225-p-k-no, https://lh3.googleusercontent.com/grass-cs/ANxoTn0UeXMdHNwAncG-g-Sxmcn7g3egmwhekNcE6QpgQdWmzFHQCqHv5DacSUyf0mjFNSiWXFIdM82_Sx4ZrNXjrzkZoXREJ517gzduItBVnP49Bly3SeJkTN-HlBnBvihWkzSPXzM8=w300-h225-p-k-no"
Janet Chang,5,2025-05-19,1 年前,"焦糖海鹽優格非常好喝🤍
朋友喝的野莓優格就比較不甜，不愛甜的可以喝這個～
只是優格是冰沙狀本來以為是優酪乳的型態😅現場有試喝可以先嚐嚐自己喜歡什麼😍
店內裝潢設計簡單可愛～","https://lh3.googleusercontent.com/grass-cs/ANxoTn3nZPtJ-WEGlyIkRt5EtQYyBn1GEHhxnoG7CebXY3TlKS5vi6XXpLoseMxje_taKUL4p2HYSbnAL19v2yoBYDGxeX2oCjF14puqUhwlmLcSny70MrMp8vbBxuh4bOEBgAUQpytT=w300-h225-p-k-no, https://lh3.googleusercontent.com/grass-cs/ANxoTn0sCewwsi_7vnAyJg5LxFCyY_XLTBt_CEu3r6lMUKDfkJ1GFWgyi-2cXzCw6sMWHwTRcWzHTDOreHxQh5f7GNEWfk4WzAiQPq1R1zj74krBHOafZnVJNtdO1T92kmk7vOWAnWE0=w300-h225-p-k-no, https://lh3.googleusercontent.com/grass-cs/ANxoTn0eo9eAcjrzU14dUNO8CWQzKIgYHIsUPsmwyhO4ex7nzEA1W40RbmtpsnHCZAdEPdaqetYqZ5s9azAIFJ0UzZjW964mPq2KQMTMJla12km3BYvUOLA3T1jiIGzwRkGZvKeJP6rr=w300-h225-p-k-no, https://lh3.googleusercontent.com/grass-cs/ANxoTn23vT8grcTOVejFk2VMxBtP93tt1B-YG6DHJr-9azhaRNhs_e-i7TTEh1E7xIZlZz0M2CJFMa-3MLXlaeo5ZRB8AY8NlvaWjbNL7T2RkDBgAB30Zfl3l4K9fHLEcEvrjIrq2PHPIA=w300-h225-p-k-no"
HCH,5,2024-05-19,2 年前,優格類的飲品蠻不錯的，首次購買點了店家推薦的野生藍莓優格味道濃醇不膩口，清爽解渴的蜜香小葉紅茶也是店家推薦，門市有可愛的奇異鳥杯套等周邊商品可購買。,"https://lh3.googleusercontent.com/grass-cs/ANxoTn3XcoNrxCFsE2XKd9_fQaG4xlHw0BjqsoTTLHNpY9uPNDTDCWUfPeOzj3nslDOQX4sB64T8377kzbs8n6-ETH7r_22vF5u9f6BZAxQslv00U5acsYebmEuSZjutMEPW-lg_6Dm6BQ=w300-h225-p-k-no, https://lh3.googleusercontent.com/grass-cs/ANxoTn0-o6wVndFFsKJmjY6F90NJVThg87pq_uHiv-Ic9t4KRxmnRD2b317C6Y4Fasbo-t5A2wmCztpvYM1AJ8falHj6nVVDb7lFNyfB9akPulykWI6e2HXqmmqjGCg9dDWg1hdK=w300-h225-p-k-no, https://lh3.googleusercontent.com/grass-cs/ANxoTn2CyNjrLcf2W2anvc4M_d7h7A-GS5WByBGfTZufPC9lYmxDEf5LzPyz-quRD1552AjGAdtrt7wLV-JjDCqoEXC3r-xN7eXddjN6cFFBNEU0EZGwf3l8yjkK9NglqK_hfUB29WSDIw=w300-h225-p-k-no, https://lh3.googleusercontent.com/grass-cs/ANxoTn3OTGJrx0vy94VNECk3fMtBkR_ZxpDHhfdjGkql-FGYtmeswQYBWPoQp0biE_YUtIE8r4jy261vlGD76mQu0puBQ0Qz-LCIizrCWe3rSpNn3CljJzUbgvKQxWrTarmvF9iCQY_JPA=w300-h225-p-k-no"
Alba Huang,5,2024-05-19,2 年前,"發發的優格系列真的好喝
大推最愛的伯爵紅茶優格！
雖然一杯一個便當90不便宜，但發薪日可以小確幸一下唷～","https://lh3.googleusercontent.com/grass-cs/ANxoTn3DhJ9PMTGf5VFPpM8Xj7DVNiWmfUJiX3aduU6q7tnruFQAjEf62qTRaOMgP0fUoU1wbBE_oQHbdgospMAFbHW2snR01LWDLgX2uAuFyndrAivbFkEVfxbwmiZ_ni4PumZrwYgQWA=w300-h225-p-k-no, https://lh3.googleusercontent.com/grass-cs/ANxoTn00HZDDMZzTXC2TwK7xAEJxeapYwdZm_-xsAXSmydW2AMIoD7IVsEUEFHWu6poKtJT4C5diJf4GNpc6KsqoKuWw2q_0W8p6Nb0Svpla6TZS3dXJkJdY-MmK79Y8sNR2FfjiloI=w300-h225-p-k-no, https://lh3.googleusercontent.com/grass-cs/ANxoTn0jH-CN1AcI_PVoLfHTmnSrmb2WHPOXqgcXNtF2htNMV4X2xXVLBYdeogiACmYcnJ8PK9HK2SanQnhTMXw4vVYwxwyoK7gZ0CHKWSTtOLyJGw1K9nRPi90R0Q2fij7kYrQVueI6=w300-h225-p-k-no, https://lh3.googleusercontent.com/grass-cs/ANxoTn1CHaVuhQGKK05aaPNNO9jbNU80MpHLCLpvFYqvNQfscbF0XuvVI1WpJbhbHxE0NXbEkbcv_ZJAuWoPAG0JncTYSvxmG10E3RrLJ23dmSXCXz6q8toQT-xBvFcqfUfdA-68Lyp0=w300-h225-p-k-no"
洪恩恩,5,2025-05-19,1 年前,"店員看起來是兩位1819歲的妹妹，很酷🤣
這次點野生莓莓優優75元中杯，裡面有真實的葡萄乾，蠻特別的！喝起來順口，只是個人不會特別再買",https://lh3.googleusercontent.com/grass-cs/ANxoTn1IacQRa62Z2NWOAdt9eUTwWcGAwmPfabEn7rzBfmvND0Sf84m3fWIgCZyNUCy5QpdkNScPT7SklvbxsBLpDNDvF5-OzVQrFQAoHbz6CvSEEaJuTZ6Dd4HE-xHvPRVL8CmNVtA=w600-h450-p-k-no
嘉,3,2024-05-19,2 年前,"🍓白雪草莓波波鮮奶$75 糖冰固定，喝起來超爆甜🫠很像一般超商賣的那種草莓香精調味乳😵‍💫完全喝不出鮮奶的味道（可能是我木舌⋯⋯網路上寫是使用台農崙背鮮乳）
草莓味是蠻濃的，但是類似香精的濃，奶蓋有很淡的鹹味，但是奶蓋很快就和底下的草莓鮮奶融合在一起了🫠喝不出層次感
最喜歡的是「寒天啵啵」！超級有嚼勁！比一般的珍珠還有嚼勁！而且量很多，每一口都咬得到啵啵💖
比較可惜的是杯身不是透明的 不能拍美美的飲料內容物照片😭","https://lh3.googleusercontent.com/grass-cs/ANxoTn0r9l9utrhjdMpdHvNoSSEdejNbCTuP0G0wLB5hcXnaWb34cHwcch-IDyWoyZ180Te8FOrXrV-xkJZJXz5biPxLUnRDXQgjoaxiWOZlrjPjH1ra0rJYC5eE232tYtq8f9mEBT0=w300-h225-p-k-no, https://lh3.googleusercontent.com/grass-cs/ANxoTn3vs883XvJChmYUzvOOwTkeZwl5p4QJz8zeLKLa08FROWxdlHWKErzqu7DBRxhxAOa2kfrxuncBzWT3jPyky9Bj1gtVUf57uSCAOTEHmZX92b9oXPF99HXXi3SiMzQYrBjzT8AX=w300-h225-p-k-no, https://lh3.googleusercontent.com/grass-cs/ANxoTn1PNU-e2k_1borqyW4nqEzJ2yyvCW3tm2YvYn8aX-dpRCs1XBJmVSfUXWVffImv4XkOkJivtSk3o-xiL86QKCv9cRshIGykXs2RXp2nTCk2EwFrlBoYGIixhcghjEw9iUijTCyH=w300-h225-p-k-no, https://lh3.googleusercontent.com/grass-cs/ANxoTn2w5eGVlt71ZspOF_J9e3CTnnduQ2N_Lb4Hm1Z5B4-V8q31_9FgU9AY-FZ92lNDtk0aX3ROzYPYxJdc6PO4Fg9v1h5jm6A4gLMSrgJYT363zAFT9i8lYgK52oAeVS63G4utmDR79g=w300-h225-p-k-no"
Irene fan,5,2024-05-19,2 年前,優格飲雖然大部分不能調整甜度，但是正常配方喝起來也不會膩，馬上喝有冰沙的口感，退冰一下喝也很濃郁，奇異鳥超可愛，目標12個月徽章集齊！,"https://lh3.googleusercontent.com/grass-cs/ANxoTn34FU2HdgQi0a654j8cE5Zj80Q2VvDFr1pDBRKkNVRMB-bmeKgjlL6rb6UdnzLIgZ0IFbZ1dblcffHlNelFmSUM0rCdZubjUTvu7b6Byz53v_x0bD4pIMQSa3vBlvYkVKz5dYeb=w300-h450-p-k-no, https://lh3.googleusercontent.com/grass-cs/ANxoTn2KZ2plBQdChNBFlEHXXuJOmQJ8SZ-maNR9UZ3UCIQsEqFe_vqiyTq-FyZsFEmXYS7mfZmlAd6kfW7rRTxNrGFOJoKrVTAYshQw2WjWDfNvncs9Y1AydQtjc_Juos7zVyLz4qcZxg=w300-h450-p-k-no"
天天,3,2025-10-19,7 個月前,"金萱鮮奶茶有點淡
自己買了乳香世家加有比較好喝",https://lh3.googleusercontent.com/grass-cs/ANxoTn3o5Mf1ufkD32NvYf3FRUQDsFXscjngnbaWay685zM-NYWCUgJPy8Rum69p0CkLZoV3NlUnpfD_QX_OQkjIzsUMe7kGTero7Yt7H288Qm-XB6a2jy1dQEmk81MW5Slibdpqq0behIjxqv4=w600-h450-p-k-no
ウサギ,5,2024-05-19,2 年前,初訪公館發發店～～～終於開刀公館商圈了，可以方便購買的地理位置，店面也依然可愛有特色，特色是優格飲品，特色吉祥物也非常可愛，很吸引人～是一大特色也出了很多周邊商品，都很實用～但價格還是覺得有一點點的偏貴，有一點的難以下手，不過可以線上先點餐減少等待時間這一點很棒～,"https://lh3.googleusercontent.com/grass-cs/ANxoTn0DFPQ1i_61l5k1SkCY5wNyB59iHObeN-RKEjYNAlaHB2cC4ZSJf1sg0iv1mnxGkMgfUi8Ci1PigZnMCIBuBEvyOlRmeFJSV45P-yxHj5P6Gwq0n4l_hXREsnMAPTyJtlyk_CMEVg=w300-h225-p-k-no, https://lh3.googleusercontent.com/grass-cs/ANxoTn39_7f6gep9igvuG8GcQ3B4BKyZYsta0kjT2ZCp7uZLIBMaMbS2Y71olI-Pl2Mnq18ApGa13KGfOG9hT4Tw0gae9HA68xyoPscFg4kFmGlkJuH9U3m7zRgjz1WXIqJI4GKebvA=w300-h225-p-k-no, https://lh3.googleusercontent.com/grass-cs/ANxoTn3SV7KhCQYCOwogoEZnU9VAK2MrcIpNEbac71yjcA9exZccHuKoXhRefNGiH7NUtWsSPaxjCL55eFVljDThrhhaGGFOryUP9Dc7-r5NoMDH_z52LxyUrsBXV4wV4lxGYyD06FLtoQ=w300-h225-p-k-no, https://lh3.googleusercontent.com/grass-cs/ANxoTn2UaYfngcgOvGk9ovjPHJFU5j6sblyAYCAUsfX_r9ySL5PsrFV-LoRbmlVs08nWujBOtU4XSSiIsNbgZS2Mse6upF026qYI0X2RORelp7h46vvZa5lMUeo-hhNvBnDraXSAe4Kt=w300-h225-p-k-no"
企鵝朵拉,5,2025-05-19,1 年前,"發發的優格飲真的很好喝，優格濃郁不稀。
之前喝濃芋小芋圓鮮奶，芋頭不會覺得很膩很甜，小芋圓很Q，讚讚👍🏻👍🏻","https://lh3.googleusercontent.com/grass-cs/ANxoTn2g2QPkrHHM4qVbzjiW1z-Xt1LZp13WMi1bs8-t0DU_nKnWCZaA6WK2xb1nCIcEdejgO84tV7A2Hsz7cK1fMNOM2pqeIHGJhRd3YlZFll5v4DVMLm5avxbyGs97l1h0g8w5AHNo=w300-h450-p-k-no, https://lh3.googleusercontent.com/grass-cs/ANxoTn1omrMO9J2wMIZ8Z5H2Bje_YD96OC7kjdcmxtwiAJxVRLcCVvJgrGdvu1PDvLQ5IzAwhCfxPABPJg9m6c6wjClo0r11l6OJadZSr1EurkxPeeyx-IkPz_dzwkCvtnPIPt4piHUBuQ=w300-h450-p-k-no"
yanhauchen,5,2026-03-19,2 個月前,服務好，東西好吃，氣氛也很適合，很讓人感到放松。,
Yingching Chen,4,2026-01-19,4 個月前,"紅豆粉粿優格🌕🌕 🌕🌕
意外很搭的組合，雖然糖冰固定，紅豆混進微酸優格冰沙裡，外面搭黑糖粉粿。夏天應該很清爽。",
It’s you,5,2025-11-19,6 個月前,鮮奶茶好喝！非常抱歉在店內打翻飲料麻煩你們清理了而且還又在做一杯給我！🥹謝謝店員的良好服務 …,
Rōnin,5,2025-05-19,1 年前,試喝優格覺得還好，結果點伯爵優格加燕麥來喝還不錯欸不過點無糖還是滿甜的，可能是燕麥的關係，濃芋牛奶也不錯，但偏甜，芋泥很多，整杯喝完底下都還是芋泥,"https://lh3.googleusercontent.com/grass-cs/ANxoTn0-wT8S151Py_2gGmaFXTMeUtBsBKAHpGbKIDCBtze_lngUVunkxTcRO8WEvgw8-NdaxzdtOHs0j07PvPl8yi2fWbJNxNk5ewWlpfctlVkZiNUQBO-d16jLwnNtL9RL26_EDp32Dg=w300-h450-p-k-no, https://lh3.googleusercontent.com/grass-cs/ANxoTn3F86kirk_AOjCutTnkVZXt09Y72Dt6STCCjmCnD1HFj6xSdRXg_sxoZMkVkW4CsqKlaFKBTuntz_805QcZUOlrz65eWfNJEzcM1dZCI1EYGsqeaHc_e9qHKSXeSN2vZ1n8o7JM=w300-h450-p-k-no"
阿星（Jasmine）,4,2024-05-19,2 年前,"飲料選項特別的飲料店👍🏻
但選擇不多
點了芝麻湯圓優格💰95（當時沒湯圓換成芋圓）
大概是一般飲料店中杯大小
芋圓好吃💗
芝麻香氣很濃～
但價格實在真的貴 可能因為真材實料？ 沒辦法太常喝😅","https://lh3.googleusercontent.com/grass-cs/ANxoTn1-a97dQW2i04X6ucXO6b-D2PyR9Q9dn0E7VU8Xp9MtnXF-jufMmyYHLA3IIhsh5INptqnpI8jjpfyg-g9RUiSC-OH14FCQSqOHsSChpVbHYI40PDHG-Js72xJRhcp5C-dCnHVF=w300-h225-p-k-no, https://lh3.googleusercontent.com/grass-cs/ANxoTn1dkfJDUNP4RylSZJnQVbep-nLuC4rmynNDV28YvHhnXVRnq3xexDmfzOBCi5hbZLOo0OhdlLinujoJYsNb2Z83abNE2kjGnG5LzWXoQT_mPbb0Sylokpx_tf5ZaaUGhnLgn7ns=w300-h225-p-k-no, https://lh3.googleusercontent.com/grass-cs/ANxoTn0u04OZsPnnfDqkXd2O65DRdYRw7nFQBKHSWUSuBzv_x9VZSEB3HQzrs_zYc3k9rP1_rfRAukzCvWiK5GlCZhkOErgorctaotX-S9dG8Fb8sGj3nc8FVH04XNCq0r7_XrB6DejP=w300-h225-p-k-no, https://lh3.googleusercontent.com/grass-cs/ANxoTn0S2000P-WyVD4524mW_nTkLn8X6qBg6TcpGMKbv922DkZx3Hv8F9pzLZvGpnCTHThYQEyCI3yznldIYNoJ9DYfV2SOQSzqBcyk3h9I3WSIjYqhdzlwkO2QxQHwUGOkudHUT8Sj=w300-h225-p-k-no"
菲常好攝Elsa Yang,5,2024-05-19,上次編輯：2 年前,優格只有冰的，像是冰沙口感。有些飲料甜度是沒辦法控制的，很可愛的奇異鳥周邊商品，冬天喝小芋圓鮮奶覺得很溫暖很舒服也很好喝，紅豆燕麥和起來很有飽足感，還有推出各種平常少見的手搖飲是很別緻的飲料店❤️,"https://lh3.googleusercontent.com/grass-cs/ANxoTn1u_iAzPtsHVcwiNNCIt4DzPeo6Rl86UNiLla9NnP3_Jo3Rl6F-H2GtxMgOEnOHEJtWM6uAaEc8bMBFep3bIRAdddZkrCMCO1yWHA5J7MfqsyiCQhhTBerSfz9epparO-DtFMQUqQ=w300-h225-p-k-no, https://lh3.googleusercontent.com/grass-cs/ANxoTn1Gdonc23KNaNjZrX7Bg20-bovSRw6v_rZIu6eNy3d5278FKtRfIL1h2QzeLk5rCL_ZmWIy2Fx9IZ5y0fGDxpzkf4LemiTiZzBPsxfzggFr70Iu4x9VdfCHShqtRzYA8knyQI4=w300-h225-p-k-no, https://lh3.googleusercontent.com/grass-cs/ANxoTn11nozTZfVYkjOZKZGRUgkqNSyhnzdoYbyLfFKwnWpJAoPsiA4BmbyO1SNX6G9kyWVHvoC9yfz9Js2NTowbw-ccjXiSQ5hfN-KhVdYitke2RyfG0uIZVSIbx8vTjRrtR4jNMB_K5A=w300-h225-p-k-no, https://lh3.googleusercontent.com/grass-cs/ANxoTn0mMcbnBfkm3jdcmvLQZdZlQmlOkpVVibK3xf8OTcxoD5gxgcAbOsH4kLj_xVIxIuzcpF6nM7DfgsSlFZSAh-lhpQRYId37KTJV7C_JbYtt7HEFm4zjHIumhj2Uw28_vfUyYOnv=w300-h225-p-k-no"
Dora Lin,5,2025-05-19,1 年前,"我點了一杯野生藍莓優格 好喝👍🏻
周邊超可愛😍","https://lh3.googleusercontent.com/grass-cs/ANxoTn0rCzW07KQxYbkSP-EWG4mBzyBagYeTM73f2TLnFRShjhO5JCezvmwW2fdXfYbvKj0U6hGr_vzHfQMxiamaAdrQeAymdPYC8wz9m51F8FaPnruqScdPqdGAIbo_-T6JFlcH0jdx7A=w300-h225-p-k-no, https://lh3.googleusercontent.com/grass-cs/ANxoTn1pJfdZN6SKfVxocwRdi1AsG6oJfdwPw-3Vl-zJJ5nB7mCSXpvF0YnTR1UO9bQCaJCuvE4ty4SWEl2DMpPy--NhdPuNVP7d97Wer7-5K2IH0P2onzF7Caqqha9XmQ645xSn-pI=w300-h225-p-k-no, https://lh3.googleusercontent.com/grass-cs/ANxoTn0dDCaMlilsjaZXTjqp07bQF0cwyx-20MuW3BbAU0d-Y6c3f1iJiRsP7hbHCIEj7y8Lw0q_E2GbHTdyWPcyHEZW_3G85q5C6PsY7c1Ziyq5RU7o_rHJyraWeIlSfuPTNcRXpZkW=w300-h225-p-k-no, https://lh3.googleusercontent.com/grass-cs/ANxoTn3hU-sD8ohMuIbFRhKdTMhuP1Sseu6kO0HyKlxw6YX1mBNa0jWx6l_n4Y38Z7hl74NNpiR6BE76DE5A9c7e2zUgs5qZcEgf-X1f5sv2HCv-4xuovpEpK2JMdtovJiyrGKnvg-_8=w300-h225-p-k-no"
LeAnn Lively,4,2024-05-19,2 年前,"原來 藍莓優格喝起來就像藍莓優酪乳😂 會想推薦點其他口味試試
小芋圓QQ口感味道不錯 值得加一下雖然價格會破百元 …","https://lh3.googleusercontent.com/grass-cs/ANxoTn2FOnmCHup6RFdD3VQKIb3OSk1ECx1sZnRrlZd3yvsRyRYRtUiOcRbsQFzpHOKGZgxFDwdtN1YtgHX-0ZbajeHuhl90wD96PiWKmXXzXxmlHF7mYOualdGTW8FRyDYpgdTfY6zz=w300-h450-p-k-no, https://lh3.googleusercontent.com/grass-cs/ANxoTn0BcxNT6HayIlGLW5H9RO94uuOH8twifrZN-XiH3ym--PpNBL34bMOs_9meNN-170cKJx_C3xHWDsnBlunzqpoKjfuP7ciC_12ncAZPJvQ-RfjksGpwEARrampOfqiOJR29ZZmohg=w300-h225-p-k-no, https://lh3.googleusercontent.com/grass-cs/ANxoTn0gKDIYS_dFgFKDmHUSgbtvFZOIXQjF9lzDu8crwGMSCGecexIPscPCRXiYA7RuMscLSEFny-HjvoMXLloONhrK313ZeZlVAKed6i5zuEvCnblSs_yDWy4L4uixU7auHA0CVCA=w300-h225-p-k-no"
Jason YiZhen Lin,5,2025-10-19,7 個月前,純茶不錯，在南公館。,"https://lh3.googleusercontent.com/grass-cs/ANxoTn1lORqemM6hUcQl-DE6kTfvnRjwMAKrpTbrnz3jisLExxFN6KlWIEjvDGtmhyXAEbmuMeBC1GUSlhfTjDggns_e6EXjN8h5F2604M1uOCWAk6lADneIQbbMpoy6SoJ-k3-IUOux1Ca1cpWi=w300-h225-p-k-no, https://lh3.googleusercontent.com/grass-cs/ANxoTn3evSwJt9J-KDA15wX0Ep6jAA0rLJ5DWeefL8yY_Wc9s8YS6AUFv0hJSrpgNqWXa6DQUdCrVkPMkHjzEMYCmfdnRzQ-zMeaX3HOnubpp98ZB_xAdMiFy9E5ImbTBZqSPw3qpmbeiaa_xYpc=w300-h225-p-k-no, https://lh3.googleusercontent.com/grass-cs/ANxoTn0n5-RzNhMBydtfhHEXHydgT72hj28WigS5HY4MfO4I9fYpD09mkxGABj1R1lOV2DF8bOKHfSHuYvrhDmHzG2mvEZ4CZudmriocsp03rQmzwn0Psc7nqGXrznlMzG-m8mf1cfUHfEl3goif=w300-h225-p-k-no, https://lh3.googleusercontent.com/grass-cs/ANxoTn3_V8ls1KQ9jibU60irZ9485W_MtpgJH37PHkEBF72Vzrb5ppmL_8bAnmt1JQdsUwBtrppXzwTHaqCwGv1SOsefuhPPVDinc_DgOk76SA4DUDyEtkvF_4cFsMV3mVasDUJVu2me5yahm7s=w300-h225-p-k-no"
雏JU,3,2025-11-19,6 個月前,之前喝過一次全糖感覺很好喝，最近又買了兩次也全糖但變超級淡！🥲,
楊凱西,4,2024-05-19,2 年前,今天到公館路過這家可愛的店，店員也是很親切的招呼有選擇障礙的我，點的鮮奶小芋圓很好吃溫度也調得很剛好，整間店是走可愛清新的感覺，推薦給大家。,"https://lh3.googleusercontent.com/grass-cs/ANxoTn2xulKf8_SEQFQdK9GdQOICypXNns3yeM8r7BRduhatYFE44wcbzBoCBbu_74HV6RDnOLDMRMDd1Cz50RIYtH8gdn6aIdrXrP64hZwPXhHd5hPwhb1UITaJ2JzEeGVNycCSrek=w300-h225-p-k-no, https://lh3.googleusercontent.com/grass-cs/ANxoTn3Ub27sdupLQ3-0EO52tlPLlCTS0yblrnPX0rhc-AVXQbdYa6om-CuG6mDKXk0eRXxStl1CzqBfhX7VcE5Koqg7lSMdNd6pvXz5KRovrdZjsjqGKfefolLD1ezQD5CzruSfqy5b=w300-h225-p-k-no, https://lh3.googleusercontent.com/grass-cs/ANxoTn2ASByOH9f_NoaZ99tlnE6kEcQ4TnSU0cZ3qNr7X3kpnqOU8NmlsASLqaTm9ZBnKVt2U2qHij_kPgpXlTIXMakMaNtz7LIjsEuMO2fZaFiY18qrv04IIvbTQN2w1j7ogLePlXv9=w300-h225-p-k-no, https://lh3.googleusercontent.com/grass-cs/ANxoTn2Mv5WzptI8Wb95bqVt11NLEurT1cePZe4jbDuJPgYqGPfZPY3_nANaK-cnou0FimM6Bxo35TdAwRl2ygNspW7fUy4M7EQfO9zwaGgYVVxGnWR8SPTctAZYF5c9JAuBWGJnRwDypA=w300-h225-p-k-no"
ya ting Chang,5,2026-01-19,4 個月前,超好喝 有比較多小孩能喝的選項 白玉超q 大推薦,
Mochi糬糬小日子,5,2024-05-19,2 年前,"在附近弄完頭髮後大概晚上 9 點多，趕緊來買個飲料 happy 一下😆 很開心這間飲料店 10 點才關門~~

🧋仙女燕麥穀粒鮮奶茶 $70
一開始看到價位表的時候真心覺得不太便宜😂抱著適一適的心態點了一杯店家推薦的品項，品嚐後才發現料放的大方，很喜歡燕麥穀粒吃起來的口感，表皮厚實 Q 彈配上內部煮到軟 Q 的口感，超好吃❤️
不知道是不是加燕麥的關係，點了一分糖感覺像其他飲料店的三分糖😭，不喜歡太甜的可以點無糖~~

點完後看到許多推薦優格飲的留言，只好下次再來嘗試了😁","https://lh3.googleusercontent.com/grass-cs/ANxoTn0ICZa2E2HEeOkWUp0yX90OXGarPEH9NKU_icyGxlrCJKM-39Lm-Ga_nKXZtdhBqhy3qr7PqKLIBj5ofqvplRUrpbSn3l0xFYpXkYFnVso_H7MOLYEYJio_-iF3Ul6BYH0ShMs=w300-h450-p-k-no, https://lh3.googleusercontent.com/grass-cs/ANxoTn3r-uLvu3XRlumNf3O2KUs0D2yZrgSCM7WGqkLjmbXhv-NXHEogM1K2h7DAZMUpoWvnhKblz0_NNokVXynBretHS1oDyav8WrXe8XoK6dTx-8EYeXfDoTmfwSPV2RxEW-rusgQrSw=w300-h450-p-k-no"
Jo Chang,5,2025-05-19,1 年前,名字跟店名都超可愛，飲料很好喝，強推10穀茶,"https://lh3.googleusercontent.com/grass-cs/ANxoTn1v5b5Rc3YJ79TfHB4c6t0wt-NwTbmkK9uLeGza0teSQwn1erOR5yhmfGhHPUt4AIn_8woXPfvy-7R30NIIg2xXgB4meiztcv4Esz_PcMCbHvmIbqNgLsA3D7v77Gl4tJnDDDkY4g=w300-h225-p-k-no, https://lh3.googleusercontent.com/grass-cs/ANxoTn10oK6-3RO0qE_gdhMTTCVGNPe_ya672nXnqN0YGzE71YG-JkhGfBMqdkAKNY5mPKuyMoVeA-vrzOXL0t3TgsDgrDxKnDSyxuUVFZppDpnGyJ2WidH8kMMjs4RtZKTGc07VXNef=w300-h225-p-k-no, https://lh3.googleusercontent.com/grass-cs/ANxoTn1zMke8_hdVg_IFZkKGzcNkzI2rKrqKEmhZTnBzNBpvl3y_PL2QnRGyW_sgianQsfHSknc33YJdw2fZwH_eMsBfFF99bXmiRTRow3qNaaEJZQFVQdDRIVtIoxmxc7AkGzpdzAQhZQ=w300-h225-p-k-no, https://lh3.googleusercontent.com/grass-cs/ANxoTn0_xyW5EoHN7c_zbWdBWqzMJx5zQi4nhfqcDyjAErFQ3cQjRC5FB8_xg9HbIMX2fVEstTJJxs5BtE4gC8ocI8dV7UOILSUOOTp-LL7wo05a_6ePUgMsBmrLz6-PoZp_nhavq4Ad=w300-h225-p-k-no"
C K L (kuei),5,2025-09-19,8 個月前,"燕麥優格是好喝的
只是小碎冰太多很稀釋
冰塊的部份可以再少一半會更棒",
Jasmine Lin (月詠夢影),5,2024-05-19,2 年前,"季節限定的優格真的是濃得很誇張，真材實料
直接濃到吸管吸不出來","https://lh3.googleusercontent.com/grass-cs/ANxoTn08gsa-nj5awKV6cmQv3Lb6iauxQjDYryZWOotvTiCv_iEyMEvULFgr0OOytNsd-HkslwE9gz0IFQlBjMOhViqi7pvclu8ad_6oXNuHwiK8xH2twrTrkWZPqnZp4k5Exu-8a6k=w300-h450-p-k-no, https://lh3.googleusercontent.com/grass-cs/ANxoTn3qLBfKv2rdE1JbBM-8oZXgdtDu2G6iTLAjO7q0CI3ZWZTarJU1sZ9T-BL3_FGErJCzrBj539ms-zfjVOxR_vDE4139jSnu76wlYf3VwKv76Z78k1jnqOMdh5LcU4jOqml7Nxse6g=w300-h225-p-k-no, https://lh3.googleusercontent.com/grass-cs/ANxoTn2KP5WvAcV_WMBYm-Piu0Suan-RchHfUmUfTPJ57ebkrzwygH_4iDcI908LiQ_jL_k5PccOyAyO1J3nyTYM8XgkP8pRGnK7Je1-o8zso3OElyQW6s1uZeuXqyT9QSgumN9Izxk=w300-h225-p-k-no"
使用者123,2,2025-05-19,上次編輯：1 年前,"味道普通，環境乾淨，奇異鳥很可愛！
-
更
第一次喝還好
第二次喝覺得不好喝","https://lh3.googleusercontent.com/grass-cs/ANxoTn13BeDxoAtAKP-UAdoOODDtKdv_GyoIuTrTNqucozmkdpmkwpT8TWWzD9RKde-TuLTYXgtaLqckcItfaXxeW7_hppmZn20X_UmxJFq59cCjzgOEHmh7FJBRpwMpi3FFh4gpVgPm=w300-h450-p-k-no, https://lh3.googleusercontent.com/grass-cs/ANxoTn2SNLHBdriA0ADnE0dEAk7hKVRWgGC_Zw4bU9xjlKQZ-KCfnEHWBzh4WbfCb1dc46-4wpOcKtzhuhAy2GMB9kGp4VtpfvVYI44qrfY_vujAsqTXBKPs6EyVB3o_4BegIz0F5bJ6=w300-h450-p-k-no"
Emily Chang,5,2024-05-19,上次編輯：2 年前,"近期很愛的飲料店～
大推他的優格系列！有香香的果肉甜甜的配上冰優格～在夏天喝一杯，很快樂！喜歡鳳梨百香優格，也很推薦藍莓喔！
昨天就是帶著他去騎腳踏車！
奇異鳥的別針也每個月都有特別版的！快來蒐集😍😍😍","https://lh3.googleusercontent.com/grass-cs/ANxoTn2Mz1rt4-WgC9YL1KMJKy21LjxEa0LCYOmrzatw1_Sf6VUG9Exa-qVn0cS2hQxM8ptsp63DOouYtGY4JRn5QQYe9LS4VQ8JaGQai5kqzW2AwKsNnq28EctTvjZQC7Su9PfIi_TB4A=w300-h450-p-k-no, https://lh3.googleusercontent.com/grass-cs/ANxoTn1KTYumqH2t7wqU5rnPRoE95n_aL_sGVPu4EemN0DHo6ODRVPhgrjm1rg5m5YgNTh3fV9rRz7ztGE3o0tuRwIdMn-4Rg64vYH19O5HpM4RFjodZNY9HCWfkzi_ocBTTMOIXq-0y=w300-h450-p-k-no"
QUINYU,5,2024-05-19,2 年前,"店員很親切
優格系列好喝 但價格偏貴
店裡裝潢的很可愛","https://lh3.googleusercontent.com/grass-cs/ANxoTn3CxICCI3g1J3uTArNoefoeILKH_Qljr1OVRVwix7tAFHsnHeYtskd3qXlZAvUayS2ICAvQAeP43UPpqW0-3UtBT5yHj5pGBD4OUQyTBgLF2mODsta0P8PDBfLi2KIdd-N2vj8=w300-h225-p-k-no, https://lh3.googleusercontent.com/grass-cs/ANxoTn2j-WViZ-LCvX_1Req9fzNvPWx9AWpAaFPCA5tgUrYSP27LkeUEArfYUm1iilgLs4XwHloQqe-9tD5suAKGEkBEqfR_NZe2EEX6dhD7OSoQ5WBOF13CtS1prBv7gLzZAyQ-9nkuxQ=w300-h225-p-k-no, https://lh3.googleusercontent.com/grass-cs/ANxoTn21-A13QevLD3kYW92bOPntuRwTulpLK14eFcxJiyst7slpqUwAvcQppkd6GL41VysFHeZZxmMU5eOBSWxwyIXeWlfFur-GmtLMQGoTNrvSyhqM2Pr4qINygo3H1IBs8uN1FPsC=w300-h225-p-k-no, https://lh3.googleusercontent.com/grass-cs/ANxoTn3gaCjVnWS2nmN6E66Yt9jLFzZsMkdbOo-zOeZcebRsm0wEa2MMx9eKfNqp3RbwahwOGALZmxZh7syXbHqTXfX8SNejpAEXw2QG2bNlNvqPC7WynPo0s4AUIAR-YeZnCynhcUQV=w300-h225-p-k-no"
Joy Liu,5,2025-05-19,1 年前,超可愛的飲料店！希望很好喝,"https://lh3.googleusercontent.com/grass-cs/ANxoTn24-xj_4e8hzAciwlAFfZs8Jbii2L1CfDqK2XxchVemNjBf7fk1xiKOJhINbILBcroSObbCVwt2Cwk-sbAowZyOs0kKjt8uor2X_hepTC9Eipu5PCXJMuwANltbsv05XJKLq7Y5=w300-h450-p-k-no, https://lh3.googleusercontent.com/grass-cs/ANxoTn2LPardmtRBQeDsd3qBydrexM1vJXUj_3PRapZQfnkZwK_s5HFs3H1Z2DJYNmj4w6CKd0RiQxO2EEVmugA8Ahxark5R3x1x9yeElXdKEfhoAKMs2nzi0MwkB-f4-mXxQVAcHnXc=w300-h225-p-k-no, https://lh3.googleusercontent.com/grass-cs/ANxoTn34ghC_jcGourZ07qKEk2RIIiVJvFpnZ1szpKqDvqJngBUWVuVaRu581eQFguLvh_egB7qjs1U3LCFLK9BT-YekT-oEdDyiCm4foM-Pc_fDDstNlBH07GpQgadDiTn-Ebx9N5yc=w300-h225-p-k-no"
Cupressopsida,5,2024-05-19,2 年前,"最讚的是他的資料夾
超級可愛 光是這點就值得五星
優格系列是主推 也有試喝活動
超讚的店 雖然小貴
但是好喝又好看 又可愛 跟我一樣","https://lh3.googleusercontent.com/grass-cs/ANxoTn0D5qjJsdbFHJl226nXRLREjILUY_l94BEyg8Ea3haO6o6-xLQxCEkI2s-minwmUquhy_3RJoJTwIMpdEP2thVAsYBYkpTRPoDNqTEbUwBwXK-pq4SQzeLYCRrr8M19_JIiAU7I=w300-h450-p-k-no, https://lh3.googleusercontent.com/grass-cs/ANxoTn1pGTTtFrD3u5c8BOvC8i66MCYnSbll2o8CrgAMYFJPBVthOHYabyjxTHnLJfRwjBXY-XgdEBPs8NlTst3YNohv5Vb0DcHw3T6E8hMj4JPpfAz0j8341QGijtu47op1oU94Nz0=w300-h450-p-k-no"
神奇海螺,5,2024-05-19,上次編輯：2 年前,"🥤10/27
因為第一次來這間店
真的有點選擇障礙（每個感覺都很好喝
超驚喜的是我跟朋友還在想要點什麼的時候
店員就請我們試喝飲料了
真的超貼心人超好！！
我跟朋友點了芒果優格跟紫米紅豆優格
我在還沒到學校的教室之前
就邊騎腳踏車邊喝完了
真的超好喝超愛優格
推推","https://lh3.googleusercontent.com/grass-cs/ANxoTn2Eu8j5DdVYH9indr5v8ODrilWOmgBJFSoYW1w9nbYay0vG-kyg18LJCiP1q_Twp9QLohn1qEzkgN5ejr9U4tlaKNf7OsNQYasc9URlFdbywbq7ehHagcbMDjkSj4vlqvzkMNmc=w300-h450-p-k-no, https://lh3.googleusercontent.com/grass-cs/ANxoTn0W646Pd8rY5rKCcKwhOTrJkS3AoOKGDNlBwD_p66ug1WOGOds4N1QwUbvITIYMCQ3RD3UrSoY3Y_qnb-9WasfdmEn9LnbKMO7ja9iHSKIvTBiELxnKGzOHqdj7hVKXRt9SwOEpMw=w300-h225-p-k-no, https://lh3.googleusercontent.com/grass-cs/ANxoTn2NaCUoQ4FhUUbJwcTuPEJNaqFX5TvGF-UAnoH9bzfnUHmP6p_M5IZ_iF1n2RENBbvC4PX3yashwrV2zSyzUN9JtRhWL_NtxrlNPB5gcgtYi6-nMt9a3lU41k5L4cvz0m0IpAhJ=w300-h225-p-k-no"
YuChen Chiang,4,2025-07-19,10 個月前,"近年出現的手搖，
價格高貴，
不過喝起來口感都蠻不錯的，
天氣熱，
喝喝冰冰的手搖很棒的。",https://lh3.googleusercontent.com/grass-cs/ANxoTn0uI5S6Ai5JvuYudTPIbkMEUHhlnrfvxMKQ0I25hCENJZuZ3dwmd_dzOiH438G3GCEtgGh-_lHP_pL0N5zo8pzmKurh4f4AjadK_GdPF_une34DcZC7styU_1hC8s8n1WWa39JB5RW15JBd=w600-h450-p-k-no
CC Ho,5,2025-05-19,1 年前,"真的覺得店員人很好
路過買杯飲料
去旁邊金石堂不小心倒了
本來想說
回去重新買個袋子
飲料還可以繼續喝
沒想到店員很熱情直接幫我重做一杯

本來不是他們應該的
卻額外得到如此服務
感激涕零🥹🥹",https://lh3.googleusercontent.com/grass-cs/ANxoTn3fkquoEcENXo7DAI_CYhyIokOKoznRIK0VYQLNmLU3iHUZ0rvpKCr6tcjKP2xO3VCqRvfAK_Hvrgcu_SzG2xhaHXwDwb7FPUVtAxjdKhE0j3gqR4amXwWjPe2H0ZUP7IvemX8=w600-h450-p-k-no
Vivian Tsao,5,2024-05-19,2 年前,"平日快五點到 需要等個五到十分鐘
整體飲品來說價格偏高 但是有優格很新穎！
觀望了很久終於來了～
-
野生莓果優格 $95","https://lh3.googleusercontent.com/grass-cs/ANxoTn2Gyl7srMCI_84oFu5XnxYbPUHiZ6PeNFgNAXlNmX78om1twoNGGw-fzqmjrNg1vaqRBV46AxxtpeTEb-95Nma5ESQFOePME_wY4HJK_ICp0XGzdM38HFLaB6DrdUqFSa1xNf0y=w300-h450-p-k-no, https://lh3.googleusercontent.com/grass-cs/ANxoTn2YSbQDKapkkvtXcaActLiRoSPQWysnVKdpf5BjfLybCWYEOEM7aq4fsmAwe9YyBJulOPsp2dqJe9mahW40kwTTY9UjNlrJP2UTziUgCSUewyzH6efltQWYZMoj1eqwgxix3Uo=w300-h225-p-k-no, https://lh3.googleusercontent.com/grass-cs/ANxoTn3l_MuJDV1rVx36c4adyGvF3QJqcdNoBuWhxqqDK_Gx7KPpGPmGNaco9a0OQRGBN1kN9oOBTdCxFd_9SaVCQjSx1rfKISyKfc-Rw4MtzZRdG7D1vWaZjsrJjvzercv7H4JrlXrCtw=w300-h225-p-k-no"
wefij twdgodjewvo,5,2026-03-19,2 個月前,今晚綁包包頭的女店員好可愛😍,
賴辰,5,2024-05-19,2 年前,"#莓果派對優格
店員服務不錯，除了價錢不太美麗，而且優格只有中杯，口感很不錯，裡面吃得到果粒，甜度雖然固定，但挺剛好的，大概是一般的微糖吧，喝起來順口。",https://lh3.googleusercontent.com/grass-cs/ANxoTn3V7B5-rEHPbDQLMdBt3IFxrKATl2_Kea6f3jae0VxfKn7Oh2jTV2KSCkiat9x70eFvOHBbvjLggpjDKW2hNgrppOgvvsXWKRT0OgA4OPWB2B85f4LduItZgLBU7FTBZu69pBdeVQ=w600-h450-p-k-no
Loreta Ma,5,2025-05-19,1 年前,"以奇異鳥為吉祥物的飲品店，除了販售飲品還有許多奇異鳥的周邊商品和杯帶等等，可愛的奇異鳥布偶很吸睛。
飲品有喝得到果肉的水果優格飲，今天點的是小孩最愛的芒果味優格飲品，稍微有點甜，但是店員介紹是加果醬沒有再加糖了。
下次我會想茶飲非優格冰沙。","https://lh3.googleusercontent.com/grass-cs/ANxoTn2XKyZz5US_ZRgPA6cIX4oAvwg3dy28xOSEYy54WCo9Vmc_-KPR7LzaA9n_UxpJrXnieM2HtJHAqEGNKv3WlevDt5sszHYTXzx3sz3Q3ZmT36zbN4_QsLhY04sDXFayOen5bFuO=w300-h225-p-k-no, https://lh3.googleusercontent.com/grass-cs/ANxoTn3WczTWh4NEgWK4cWgXXbXdprFjG614Wyd6OF1ib_ar_8UjmZ1fO8mTuho4f4Lav-mWWt-DMO7i1efyUQkRVY3Rh6_mvJfhPwmf34zFcJlmyLJ8gJkj4Bd59Q1AmCwIIJdyhU0_tg=w300-h225-p-k-no, https://lh3.googleusercontent.com/grass-cs/ANxoTn16-KJcgMYkL501WDZr3ncgx48zdC3ILVqkZAGD1z2_d1PDBgnQ1MfqVSO5c9h3G2VS46O3HOrMOrJuh5Yh8_i2taVKtUFnNxQ-FvbWpfFwiS7341aLP_e_YPD6GQfeWLpNZIKB=w300-h225-p-k-no, https://lh3.googleusercontent.com/grass-cs/ANxoTn1f_3Ez75-xIs5JSNO6NPDMmMR8WgvyG7SqjD3f5N3dPnt6UrKECu7sQ7Hgi1DOpMiEFJC9fPQt9KIdJAwDqPUn9Aid3_CgaUTZPBBC2Jv-3N396PrUZfOoyubHN3eBp2_X6Psx=w300-h225-p-k-no"
JY H,5,2025-05-19,1 年前,頭一次喝，覺得中規中矩，下次再點別的試看看,"https://lh3.googleusercontent.com/grass-cs/ANxoTn39gkQywewOMtQPgiRjGfLJ8qL7qhM0_hN1tngiHuvCjQI678u2U15BE8YDFaa0W1G3B58hBCP6LmVyU0BPWcj38nCkvvycRFvCNxwhgax5Mt2ntToe_L0nJ0F1hfj0DqaVhV9g=w300-h225-p-k-no, https://lh3.googleusercontent.com/grass-cs/ANxoTn1qsb3fSSRdQh86MQS4ctYMfinsDFYOCZxdYyb7Wt9RfHP2cFXoVQvCplRCqRM0BJbUwS-88NQaes7ywUzJvWQMpJTsK1vv5jcZVOw6sOUnMI_HOju0nc-5kjkTBEuzLngAU7yXnw=w300-h225-p-k-no, https://lh3.googleusercontent.com/grass-cs/ANxoTn2GANLGrypMs0XDEHjZTfZqGuC-p1FWBpOdWNizN1AA0yvVs4cJ_0yuBdUYWXIVt0h7PRXmhSGyhaHrNLV5cUO0Q_nlSpUzEzs9imgjkqqW_kPJ7bI9vNrR8UI7cUNAQg9AQj0=w300-h225-p-k-no, https://lh3.googleusercontent.com/grass-cs/ANxoTn16xgUQe0VUItJZo7WFDzX8VbzO2MKKtdbuCQnDZv7kETLZTWyckvX2tc2UwrgDVALvh1KSpAhu2FQM_FNWhZ7ZXciR3h9wlh4gFkGm-CuxtGG9-zVGGcmGJlR1IyLTOv2DOcxAxw=w300-h225-p-k-no"
yzhenn,5,2024-05-19,2 年前,第一次喝完以後隔天就來買了第二次 真的好好喝 店員也很溫柔 可愛😘🥰 推薦伯爵茶優格喔 不甜剛剛好～,"https://lh3.googleusercontent.com/grass-cs/ANxoTn1rvCqca0WEQc_iJ80hdzySxaENbAYedDcPISo1NN3xQf3wyEFzhNLvTdWq8e7GIK-tFBDWNf-x9dbf2qyo8C8q6etrpYflg8Q1-E-ZTGrBxkTsVMsgqk7F7bC_Rpuaph7s477g5Q=w300-h450-p-k-no, https://lh3.googleusercontent.com/grass-cs/ANxoTn3sVDzSSyBPg_fpLo8by-7dKOGnKuW2rPqPRr1FNGaXxeX4eoNyo4T6qdaV4O72_Pgc-DIgDVVzwdvpN_jSpSS6EJ1iyUoRpcF5Dbklk2cq9Snd_a01XrZnzZzNmyHsS2-c-8Ac=w300-h450-p-k-no"
戴帽子的戴,1,2024-05-19,2 年前,慕名買了抹茶優格花了$120元，如果喜歡甜的抹茶的人絕對不要買，因為是偏苦的抹茶口感！喝起來就像鮭魚卵咬破的鹹+優格的酸，個人覺得有夠奇怪，花了120買了心酸跟心痛以及五味雜陳🫠但造型跟美術設計很可愛，店員服務也不錯，只是這杯完全不符合我口味抱歉了。 …,"https://lh3.googleusercontent.com/grass-cs/ANxoTn2a4I3pmm9R-6-jsDKxBuNFHCzVZlwl4l1GorjsvOOeimUHYpSg_jO9nzDKz-5hzz6s1NKTfshe7blEMpEWoaTXkQNST_280DqK6eIbgSgTQmnAUXiGNiAYJhE2ZKFfa199SZMMnA=w300-h450-p-k-no, https://lh3.googleusercontent.com/grass-cs/ANxoTn3XR6jGXSyYy7HR5kDkOAKoJjnK8ReqgebgcnnhSq0eNrm8rZLe1ci_Fbpgg-iVJCKomntQlI_fE4pEZLgboBRNIAm8j_ZsOTh4nKq8lohS1ajRkaRcnWFm69Q1wKfHs9q0hNnB=w300-h450-p-k-no"
Gene Belcher,3,2024-05-19,上次編輯：2 年前,"伯爵優格90點有糖 但喝起來像無糖🤣🤣
伯爵跟優格沒有融合感 感覺很像優格冰沙裡面進沙了

冰沙沒有打到很細 吃到蠻多粗顆粒的！",https://lh3.googleusercontent.com/grass-cs/ANxoTn37eLrm58AE17a4WJ0bjvVBsHxznib2vaGiNzj885DCEAf8mcQva2sNv680OU6ZcyCoFD5DyUwPJserISfta5xCRa1uPXQ5KuqGg4rp5_r6IoPz573lOfGOVtijub05DJyTgU7SaA=w600-h450-p-k-no
虤虤虤,5,2026-01-19,4 個月前,嚼嚼優優好喝,"https://lh3.googleusercontent.com/grass-cs/ANxoTn2hO72fYIv0q8mf1N3EdLUuUiyb6ccYqOqQ51_qKpezd_c1t_thFQF2L3-R7ZLMSQCLIzBtX1Rarg6wztNtxF7pxYhEfUZq58DEDICRl_U2RooBh76fpmEBnzdspfU6NmE-ZMjGXFAxtUFN=w300-h225-p-k-no, https://lh3.googleusercontent.com/grass-cs/ANxoTn1rBaDcsj-KKXQpzBZFVt9Nhwgr-r_HoZjTv5IMrk0pamus3T3fft3mI5nrHjceNV2xCVNXz-u0iKfqxZpwb63nYzxQibQzxxGh3lC8Yf2jK8fAduM6v4HlhO1B9R1VCjs7TGzra9Ls4js2=w300-h225-p-k-no, https://lh3.googleusercontent.com/grass-cs/ANxoTn3EU5DgMgcBU6Lt0-K0eCA6BedD2ais-gdQHHiesu22PWo4uhsiIvBwU2K6H8NhUHXCt6L0VqfK9SYYIvq74e0pSydITnoFK_63UOVX4ZN0ED4PcBq7jqxsjXhORB54zuFvdNed7ZM51VcC=w300-h225-p-k-no, https://lh3.googleusercontent.com/grass-cs/ANxoTn0ODHTPIBEo1Ng8Q5Qkuvq1vyIoUhX09N5VVJqT7Fm_9GsWQzZxS5FJHs7KBmdUJSwXMYG_q1MEs_2INUPLPsNV74q-BGn-xdhJNfI-18H9I4DxIEwAUlM9T64hmhfRR-wBrf-pPfnSVLQ=w300-h225-p-k-no"
葡葡萄,5,2025-05-19,上次編輯：1 年前,"5/29更
有拿到補送的飲料了 謝謝🙏🏻
但芒果的還是太甜了哈哈哈
推薦大家焦糖海鹽 很讚
伯爵茶可以自己選甜度也很推
有預算的可以選我最愛的抹茶
無限支持蘋果山楂回歸 真的最好喝
整體來說還是我最愛的飲料店😭
拜託來三重開一家🥰
—————————————

今天心情很不好 很累
想說買一杯很喜歡的發發
點了你們的新品 發發泰芒優格
反覆確認了很多次 我不要加粉條
你們也說可以
我還多點了一杯伯爵茶優格 有跟你們說不要加糖
結果這是怎麼回事…
在場是沒有其他客人的
所以我是什麼很賤的人嗎
為什麼只有一杯飲料在做也會沒做好😭😭
你們甚至有兩個人😭😭😭
我花了快兩百塊 結果讓我心情更差了😭😭😭😭😭😭😭😭😭😭😭😭😭😭😭😭
為什麼全世界都要這樣對我😭😭😭😭😭😭😭
會不會我等等也會發現伯爵茶優格有加糖😭😭😭😭😭",https://lh3.googleusercontent.com/grass-cs/ANxoTn15AAYuMqHPYyNgf6zOx1yyZZGdJOYCtyNyNiLc7LnBNkOlOMx6ltPdwCgTJyEZteFfyPMzQaIxH_yzdQ7gmBuGba-HHieqU8MAEM6lD1n3ymgEBeo1ux493VBxejyq03ZSwWI=w600-h450-p-k-no
Tzyyun Tseng,5,2024-05-19,2 年前,誰能拒絕宇宙無敵第一可愛的胖子無翼鳥啊啊啊啊啊啊啊啊啊 周邊算是主打 每一杯飲料可以加價購一件 喝了無糖的紅茶 比較平 還是需要有糖比較好喝,"https://lh3.googleusercontent.com/grass-cs/ANxoTn2iN2-cRguFw_J9qBqouscl7ALdi7BniRlrFV0PomrsN4zo6_SSP1kpse7EInmp1AiC4XouwoC0rGJqAbEFqOMWjooCncqGRynWGsOh_lg1JBabsMtqErNWQGesSWKkZbvt5vDo=w300-h450-p-k-no, https://lh3.googleusercontent.com/grass-cs/ANxoTn3Y8hqTTTSCPStNXG2-tOdirsqTput0b8jpPAfKrKdV8z_LMea98wqbxe4bNt61Atk0HxrdC-Cb-c6vg8JssPSKMdUqWCfr6qETVBJj9vKPWRXCUUSMxvQlg06A8-kpW9Z-zzSk=w300-h450-p-k-no"
旭,1,2024-05-19,2 年前,通常我真的是不會花時間留評論的，但是我拿到的飲料實在太扯了，珍珠鮮奶茶沒有茶味奶也像是被水稀釋了三分之一的味道，整杯不知道在喝什麼東西，還以為自己舌頭壞掉給女友喝一口也是面露難色，在自己生日即將用一杯飲料結束完美一天的我踩了個大雷,https://lh3.googleusercontent.com/grass-cs/ANxoTn0Fr6ZK5HEsUib-doAjGIs5zO9nkHuzFUqJya4ymsi7elGJaONMOFaZktnOHZx6Cq6lH8MqaiydobXv2JJfD2WvCZrhXt7c28IRDzs2Rv2mgyzp9L-gMkRs5YKgLomIdSJcHRKSbA=w600-h450-p-k-no
沁碧雪,3,2024-05-19,2 年前,"杯子大小+價格，在公館來說太貴了
點的是抹茶歐蕾，不確定是品項口味不適合我還是其他原因
個人感覺完全沒有抹茶的味道
-
但是店員服務態度都很好
有問題也會細心幫我解答
點餐做餐動作也很快
店面裝潢也很乾淨漂亮",https://lh3.googleusercontent.com/grass-cs/ANxoTn0f9Op4VB6DAxS71271sCWu3Z8nzBCMQ2bL2bEXLgpNz4VS0aOciTMd3fhiYdFUAIwpcdVkGvsDpkK1MUZlB26iBK_SG0GCpkYQQP6IkYFDG7zOAO5DQMLdJM2H5yvMcci6etmCXA=w600-h450-p-k-no
Wen,5,2024-05-19,2 年前,"優格濃郁好喝
酸酸甜甜是戀愛的滋味❤️
2024開春喝一杯，讓你一年事事都順利👍 …","https://lh3.googleusercontent.com/grass-cs/ANxoTn1j3t2Cf4DmQBEFojow_6XWj8WYr3koP8pqO6tb1pA5r8WRFysc6HJuj318i7JolYafsLyaJBcevrl653GRxxeTxnBhH53OEvnSJ0CsmDFF8V7aNuJKQCIYmNLjOs_eiy_tDE5u=w300-h450-p-k-no, https://lh3.googleusercontent.com/grass-cs/ANxoTn0xsoKualiBxqhm3xZbQCKN6IH0o6HEcdtYRsrW8YGCKRp7sW4BCwgV4L51U-kg4a3j9no8ZMiAXK6aoX_RegeavgGEir6aFu2Hdys-sYAPnySMaHHhXAWiD8HTtDjhpdQqTj9U=w300-h225-p-k-no, https://lh3.googleusercontent.com/grass-cs/ANxoTn0kGyRJzkAEvv-iRjj04RhTTir0FwD03CbcqofMSSkIk3CLXFOBF-mOPYAuJvnpRsthy39CamNS_lEZ0WCKQZ7GEjfT9KlHBt5OvBvsN_Nq_S3Sxo711vR67JoEPJ4PKxu_PHM12A=w300-h225-p-k-no"
Chen Yan,5,2026-02-19,3 個月前,伯爵茶優格絕對不要嘗試 喝一口直接丟掉,
Dory Kuo,5,2024-05-19,上次編輯：2 年前,"裝潢超吸睛 奇異鳥很可愛
這次點伯爵紅茶優格
尾韻有蠻濃的香氣 帶點花香 很特別
希望有機會可以推出伯爵純茶🫶🏻 …",https://lh3.googleusercontent.com/grass-cs/ANxoTn08JiQmRSIxT9s2wme62v5OP72Xm4oGCG_EAltKdHC-J2YobCa1RUxsKN5eOwqmQ2d-evxsCY7t5h91JUnnZKUOcHsDaT04ce1LX_-cNZ9iXrpqPmHH9iBPzpz8bUCjbFwcpqGb=w600-h450-p-k-no
王君柔,5,2024-05-19,2 年前,之前一直都有在關注發發，沒想到來公館有分店，店員很細心，這次點的是皇家焦糖鮮奶茶+白玉珍珠，很好喝❤️,https://lh3.googleusercontent.com/grass-cs/ANxoTn1Mu-rWQkqFyR1TE8RsyHZnrXHNyw8Ftz6Bla8pqBfHrE1gJ2Psq1rkEcoyKwndWEW40FFFXPbTZe0_a30uP4U16FUC8XKumc2DhSr8OItyzx9-0DWseIzhmyAx0Zd3_ZriWlUpeQ=w600-h450-p-k-no
Yakko,5,2024-05-19,2 年前,第一次來買還在選擇障礙的時候，店員們親切溫暖試喝「聖誕季節限定，蘋果凍凍山楂優格」$95 元一杯，酸甜適中的奶味優格很濃郁，很喜歡✨✨❤️,https://lh3.googleusercontent.com/grass-cs/ANxoTn1ZfpN5Ak1G0Go9tapUv17PiXxn02y0TnolmRzG0PCgHcUxeQnbHWy5hAak_YgpkbirwN-JvjSt6vbJ_3PUTLn-1Dwah4arFGKZ7J6HiasnCDYlu4iKF4BeQIIMm1MJEMWxhHJ4wg=w600-h450-p-k-no
Chun-yu Chien,5,2024-05-19,2 年前,"飲料好喝，還可以試喝很親切！
下次來試試他的優格冰沙","https://lh3.googleusercontent.com/grass-cs/ANxoTn0CUcgEde9VFTZQZ5hkNBNc7p7jGMlswyn1c1H3_BfKD2rGgz1SKZPesf_qR6_M5E88i6AMss1KwTOG59cVaa0y0ZudZTce4d8ZORo6OF2sTBj7J0JWhDyAKBiUwFXvryyRJN0r=w300-h450-p-k-no, https://lh3.googleusercontent.com/grass-cs/ANxoTn0EE169GWzS1Gi4XMvqoFg3jxjMXNCygRbpr4OxLm3Ox72I0L-YW-_ZdZvKug8kiiii37AfAEpHNU3luJkMLLelITw6vpw2xlcyNy9DHlNwjNzZO16pzGJ2PcsFtPv7PQFhhKhUaA=w300-h450-p-k-no"
祐,5,2024-05-19,上次編輯：2 年前,"大推優格系列！葡萄柚、萬聖節系列都好喝
女王玫瑰鮮奶茶喜歡玫瑰調味的話也十分推薦～",https://lh3.googleusercontent.com/grass-cs/ANxoTn1qX2QeASWzzB1tEmwwVaKEyZJw4Uq0NtT5KLl0l-38-SJyVWEDhQjrbtpDT-vygg3svJjmOtg8dMdS23pRfXzpHN2Nlp_KCLU18vkC6rtwn-jZw8RI40Jtph_r9_E4XfY3vfXA=w600-h450-p-k-no
鄭双,5,2025-08-19,9 個月前,"在旁邊吃完泰式在門口聊天
被老闆請喝茶
謝謝老闆",https://lh3.googleusercontent.com/grass-cs/ANxoTn0vM9LxxSl1dd1dWgfacaSiniiwodGRFqLkvR1ttKs2iUItAG4lK7khCGEAFsiQcSxYqw97cZDWVWR7ubTpg1QIovwgFFjrkQWQFxJHgM2BHZTwnERLRETTTY9UDKZ-4tljop4fT7jLaEjV=w600-h450-p-k-no
Xian dan Chen,5,2025-05-19,1 年前,謝謝幫我解決選擇困難症的店員，這杯超好喝(⁎⁍̴̛ᴗ⁍̴̛⁎)莓果有草莓果肉(˶‾᷄ ⁻̫ ‾᷅˵),"https://lh3.googleusercontent.com/grass-cs/ANxoTn2qpOIFUuMBUQohOaJQgf2t0neHTQaOsRiNji_jK7d4zttHb1TcMeTpsM7OEfCzbbKtrN2VEhD_mI8K0EREGCrSs0Pb-VfeCLQ02AWjEbRvECex6dHmuycs7l3RCGbRo5lIyGnE=w300-h450-p-k-no, https://lh3.googleusercontent.com/grass-cs/ANxoTn29vwu_A5a5jEsf9iC007ni3wdrXkg3rZdHFoaOVLg0rN9_hFeCx2YMPeSfEiGucQsRNJbLNaCLW6dJd50vLG1uqmy9hyajkV4NuLUZ3wpRMVGz_iV_me704xHYQ0psB4O1ePEa=w300-h450-p-k-no"
Tejung Gloria Li,5,2025-05-19,1 年前,人生第一次喝超過$100的飲料 超值得! 大推優格系列!,"https://lh3.googleusercontent.com/grass-cs/ANxoTn0S7yswoMvGrx0TW5DItlLaoh2YXVKc5mCDGT1sLdTLWEjC2lFC8o9Nny4icZXrxl_y6qbAxJUUxPjsp-uEdHhV1vUOZIIzL5L3phdpQ_6VXEDLQG_TQ01jS66n_67XxYxJH8WU7w=w300-h450-p-k-no, https://lh3.googleusercontent.com/grass-cs/ANxoTn2SoXJOmoilfoqFx6bl4okwRne6UACQv2bA_J5e8Kcyn_HhJdR4ofvLzNBJ-oskzeoA2-tH7KppU9d7UPeNt6bEAstVGpabc4Ha8luqkqO5h2ZLIQp1GfTV9_L8-R-n4yLxuLll=w300-h225-p-k-no, https://lh3.googleusercontent.com/grass-cs/ANxoTn0JKOMsuEAoqa7Vl5f9LmdQSDYtfej32qA5k1XDvZhUvqiV9ztnG7SUTOrdAm-hOAp7_5iCqXtBODefwOTNwk0IVvfTmYE__bb8e3EuZ4EnJFFog3yRLJLG8KPFeUECnZoRd4p8oA=w300-h225-p-k-no"
c,3,2025-05-19,1 年前,服務很親切，但冰淇淋真的驚人小，應該是人生吃過一球冰最小的一次吧，很喜歡發發跟蜷尾家的味道，但這次有失望,https://lh3.googleusercontent.com/grass-cs/ANxoTn0V3dSiKjCyP5CrMXSECgU8Ew9ZVCzdnrgIKuLSCCSEBnsoc7I9kekhB5VtaSIJGxf7R21CSUFKzYRlIa9YmMu9kbNKu4ckLHN4kOSySOCUpeOIq1Mti4Oh0QN34z9iK5TGZQqdNw=w600-h450-p-k-no
Jasmine,1,2025-08-19,9 個月前,"這間評分是洗出來的嗎？喝了店裡的招牌金萱茶，結果朋友說看到他們加水⋯⋯喝起來毫無茶味🙂‍↔️
我點的金萱凍鮮奶茶，喝了兩口才有少量茶凍⋯喝起來又沒什麼茶味，超後悔點了這家，喝過這麼多手搖飲，這間真的不行，直接被列為黑名單🙂‍↕️",
Anna Chien,5,2025-05-19,1 年前,藍莓優格：是冰沙，藍莓味道淡淡的，優格味道也是淡淡的奶香，不是酸的優格。口味比較清爽。,"https://lh3.googleusercontent.com/grass-cs/ANxoTn0xl4q7Fm9DRPWOLN0nTxJS_gh_HkxQYixJ4U6kJ4xw48ozNAu_HIB4ayXislD0xZMgrlMl18fHu0P7gqZaEmFqyduLa0dlJgAtndwCXaJqLmf0sj096yWdZzrF236rUyJV1oQ=w300-h450-p-k-no, https://lh3.googleusercontent.com/grass-cs/ANxoTn0rThs8i4meyobd7NeWCDIOhM4pVbR0wjuoH-2TS1Eg4uPQlOhCvQQm035PyBrQVpAgL9DZvcYnUlLfC22MFeJ915cO7rUR85WdQdLGVXq-yLw5RFV6s_KVAhKaaAi8kXBgK7DOpg=w300-h450-p-k-no"
吃貨喵HanHan,5,2024-05-19,2 年前,"服務親切
還有不定時試喝活動
推推！","https://lh3.googleusercontent.com/grass-cs/ANxoTn0WiexfFM-Ak_6yO9wIgap9sh3XN4YYIXgHoHfjIxT6UZyYjX9NYTPjUj4ky-Xiq21cl5_qrpAZ0iOD2f4xk79ycqq0O2T-sFSexIt6CMBDtmfLU6dcoI8igTNPVV7-UE61pLR-=w300-h225-p-k-no, https://lh3.googleusercontent.com/grass-cs/ANxoTn1M6fKnBYSpO8tZSSYM8L_oVqFf2KzKaN3ORSZ4pI6iviIrKlBtZwP70sRMJe31HSp-qEJC2ZZ5KLw0RdLPPuKi44u2vZYQY8nnXcaEziTg-q2xp2wQRfW2DXcQTonRo1SoyF22=w300-h225-p-k-no, https://lh3.googleusercontent.com/grass-cs/ANxoTn0VLZDk5ZAM_vVQ7aQmRro-TsSdgugeSFuJHWhZvEcZso7e5DfTc72ZexEk1JrWg81zMIFUhdgIf63yD0unnZfpRxC1LuX7hGq-jz32wBG_ok7jmdCq5ZiYO473d8dcuc8-NoZO=w300-h225-p-k-no, https://lh3.googleusercontent.com/grass-cs/ANxoTn0XDlUN5KqZYJgUaRuqqCtjOIPpOv1a6s7VcMATnolH4P2o-fFbOGg3k6UYHg47Rb7IX2xqgQSG8Qj6WggdyaxgwpOUDtLU5AVL-DsYv9HIyyCMknzIOa6CngBMID5DrTHaV0-Lfg=w300-h225-p-k-no"
linlin,1,2025-05-19,1 年前,衝著評價來，結果鮮奶茶有夠水，珍珠也普普，不懂為何評價這麼高分⋯,https://lh3.googleusercontent.com/grass-cs/ANxoTn2HrE7zV7_BpePHBjJRgPJwG8Ppl-9KsA33rgK-y6rNHqjK-2TXNe6UUn0AYb2THZZz-Bj2E-jyjsDBO3MhvUILFKuELqNyWnfVsCxVyIzKrRXIuPRO1S-25h_a0P3L4tjB37Aw=w600-h450-p-k-no
Rebecca Lin,5,2024-05-19,2 年前,"店面很可愛，有提供新品試喝
飲料非常濃郁，推推伯爵優格❤️","https://lh3.googleusercontent.com/grass-cs/ANxoTn0F7k8Q2yteTdSK_XVOS9HC-Xjo2ZBEHRnXo1Z9gaMU0C68yIsmPfDnCODKiqPMl2mNiRsgyyjqoIT7GR1YY9vIvOS0_kK8mPoxfPS67wmRLl6dJLaYgvLcJckJVhQh9UXxaTpVtg=w300-h225-p-k-no, https://lh3.googleusercontent.com/grass-cs/ANxoTn0CabYqaUp-R1vLpzVpdfO1uKevDnTEAgWPaS-p-JtCP1-hNuhLRm2_7di-M8ZczoOu5NoHAsPN7cbaLItl9jpDYTJ7wYMsRdh1MB_6OO0wvHoj35JphodbCKgwkPeetigmiWO2=w300-h225-p-k-no, https://lh3.googleusercontent.com/grass-cs/ANxoTn3a3kUGr2_pdLWEicTJiHUlhPt4I7x9Ns5YLKjce7bmK3HEOx22hNp_2vVWEAEAVymBR-2FIc8N1w7FCCCIhXY7rqgUBNq9aKvU-7n7ydU0IKp_3m1R0Z5ra33Rbi3Sg3T3uVFPxw=w300-h225-p-k-no, https://lh3.googleusercontent.com/grass-cs/ANxoTn3MDquoh22S25hjmmg-RW-p3RK5KspB9vddUQmas0tvSG8mKHv2Um45pPJ1v9P9ktoh6OQSWqLqDH-eL6VXi8-4D823V6pwSuiZn8bw8J2ldpUaxHDNpHnqHstsdiW_8mLlZTtp=w300-h225-p-k-no"
仰望者,1,2025-12-19,5 個月前,"糖漿全部沉杯底
完全沒搖過
超可怕 噁心到不行",
陳冠綸,4,2024-05-19,2 年前,"新開的飲料店
來喝喝看

喝之後更新：
珍奶有點普，附近能有更好的選擇。其他系列尚未嘗試
五星可以拿獎品噢",https://lh3.googleusercontent.com/grass-cs/ANxoTn1P3xEaYsIvcDfqNQSvP0ZXbkI_jKlNEW8SVBRLAEOlAHgzSSWA5MjN-axeMmRQtde-AG24UfQBzC75PtDPfPt72y40A3fFbPeZgBI0AOSryrcS3n7bUfb6zmDIyvLPz8eszOL7=w600-h450-p-k-no
張翔,4,2024-05-19,2 年前,由於公館附近手搖飲爆炸多所以只能給到四星，風味普通。除了飲料之外還有許多吉祥物的週邊，很可愛。,https://lh3.googleusercontent.com/grass-cs/ANxoTn0f5JmlbWzauepfVth2rSy-iunHUlKgbvY88Wojij3wVAgrjeVfL9Q3xKW2PnbKYxUitSvLJOgPcYC-lxHlX-4fPTmDwaCEXN90bv7886vibm7iC-3QdQRj2t5O5dpEcPTPXp0Wpg=w600-h450-p-k-no
墨冰,5,2025-05-19,1 年前,9/18 下午去買飲料，有一位戴白色口罩高高的女店員，待人親和友善、做事細心認真，長得超級好看,https://lh3.googleusercontent.com/grass-cs/ANxoTn0_nyzeGdBhk-bGKfi26MdOxbjuDDw77zK4K_43VQbJz9r2rhJ4wcRwRfQ-jMqNBfnDjx-60MvjVDBbpNqmjfqwru376lznr9OtcefxCJ2LCBDIscJ8RtR3NX8M27oG_RK1kx4dCg=w600-h450-p-k-no
鄭晨柔,5,2025-05-19,1 年前,奇異鳥太可愛了！😍而且公館店老闆人很好👍🏻 …,https://lh3.googleusercontent.com/grass-cs/ANxoTn3s6KqCnjxzRdmkaNTuDOkSel2EpAM0s8Uaa53h-4N5pabwtShvPRrhb15lCldYjrjct00cN9T_o7oUu28k807-uoHap0AojF8qrbAo7s9Vr0cAmKB_UdNOduDI5j45-T5b3rTN=w600-h450-p-k-no
Norah Chen,5,2024-05-19,2 年前,~~ 首訪“公館牧場”並享用抹茶優格第二杯五折“你訂優惠”店家環境優、靚麗店員接待有禮、製飲迅速。~~,"https://lh3.googleusercontent.com/grass-cs/ANxoTn3t8d3tgGSV0wIJWS2lgVrMI2HTLxMiR3UqwRY5S6mqCpPIsqDRrR-lIwIodBP0AQZQxv2Uc4ND3e4osuB2dxAlxh32ss2n-CvkzAtQjXVziOnro7W-PuPHgJCkzbmpZrkX2blN=w300-h450-p-k-no, https://lh3.googleusercontent.com/grass-cs/ANxoTn2gwhtpKF60JIOgw0UsGHCgGhsBDZlYQaYMWsYzpSp8OiBtxNh3nGksVq8EqvOFh8FM724Xiis9qgnkSjqDoZeJXpVf5tMEdgIlLof3h05Yvra-hSEbnxlx45q3Fyn0kaZZyghrAg=w300-h450-p-k-no"
raccoon,5,2024-05-19,2 年前,我點ㄉ是戀戀梅果紅茶，冰量是固定ㄉ，可以選擇無糖有糖，個人建議無糖，喝起來很協調，非常喜歡！,https://lh3.googleusercontent.com/grass-cs/ANxoTn1DAiW3ruVASAx8aA9haMUxapvND2afXZi1fmoAAkJ94lguY0yRtUr52-ApDVKEwAG3Ed1YPsX2WZvPD9nHD3YpqzT6EL30594y0w5pYAtr14lhtyImbeGfdx4HfUDpTxiz5CT83w=w600-h450-p-k-no
細胞,5,2024-05-19,2 年前,"這次來發發公館牧場踏踏～～
優格依舊好喝❤️
可惜忘記帶伊莉莎白
(用舊圖代替）","https://lh3.googleusercontent.com/grass-cs/ANxoTn23zDsTpSX4uwS2Gkemx6IKU1QuFTCX2ZCZYGK8bTejN85RVwk0SsyTzxWAT9pXkkM23cTRChrHFxj5kxqlbL8JrcQCIF6h8-S673BlDAE3n-V_yBIh4R8YhI0Gm2DTpEyGglcS=w300-h225-p-k-no, https://lh3.googleusercontent.com/grass-cs/ANxoTn3bi8QNCSKrpCP_y_9WrrYxPbxPSaouBX404NQOyP1XEyuNQV1_ki7QAYjzdkuY1EgsM0PpkdmZCWeep_MO3edaqIk3b5mrX0qm9ngpgBwpNEEZQRD1S7oUTaVKtcai6InPGQJ3xQ=w300-h225-p-k-no, https://lh3.googleusercontent.com/grass-cs/ANxoTn1TIRgEjiLCZTadcF4n9-SHErGyV3FF9XOrpPeC15fAjwm3lBar2HiKLybb7YU1dylzz3_4S5MXoohC-PchbnhW1Y44toxQZ_K81G2LP_40IP80qerk_znhSEjUXCdkMZY3ISUd=w300-h225-p-k-no, https://lh3.googleusercontent.com/grass-cs/ANxoTn3h84bOKsLKDJHKshP27ZwIqO9HOmDSnsnib4kGEjVM0tGhv8DyzKdBSqJoz8r9ixFY2QrUEglSSh8AQBrb00mjij0w_EOBFvzsghe36i3y5DY0pHO4bSjQfObv-Z58eZdclYcI=w300-h225-p-k-no"
木木忙,5,2024-05-19,2 年前,第二次來喝，真的很不錯！,"https://lh3.googleusercontent.com/grass-cs/ANxoTn2PC5nv71mLPsuvIC5m6wn7hg9XABCinddAQoAfko19oeU7mMR7ageSiXkr7DzTwTo8WR1X8kiNX4sXADV2EKBJYBXfiVplAm3ZUlPFLRNo3-X_5g-HglL4_sdBZg4UotnVzoGcQA=w300-h225-p-k-no, https://lh3.googleusercontent.com/grass-cs/ANxoTn1LR4wvPU2GJz3n2XUS1wW50QRpzELcub0W5tZI7V14C_FohUIfPlI73NIkKdUuREWLhCaKBDq1k3qT-m8hGqfvdezqZrKz5wxrEvzugP8xvQbC1W5dIWj7ITgNMBTbSgt28Zmd=w300-h225-p-k-no, https://lh3.googleusercontent.com/grass-cs/ANxoTn3ZynSYLHO2hS1lz6KjqbFgXvglXzntLPyZ-GQcOuBhYyd4ZLh16WUqMY5xCr4Yq9qFGzXei7GTe_fLZfgrHyqQ0TeiQ5hOXk2C0i9lp0DAlPaFei5zvT2PH-xj7RFqD6uY9Tk=w300-h225-p-k-no, https://lh3.googleusercontent.com/grass-cs/ANxoTn0vv_9EPSGQMpK1kaWNOyI-1KdzXHEk1kQi7T5uHTIh_Wdk0gVx06C7By4iCwDs8P2wM6BsLQR2BsN9qhcK4I9mZXDz4kVVf-f5llRPIPOACSogoegXjS8qm4PpeDSqOWeSIUIaBg=w300-h225-p-k-no"
比客海迪,4,2025-07-19,10 個月前,紅柚嚼嚼優優一分糖去冰像是加很多水稀釋的優酪乳（啊！可爾必思！）喝不太懂但料蠻好吃,
新心希,5,2024-05-19,2 年前,服務超好，照片上俊男美女兩位服務很親切很棒，耐心介紹，飲料調的也好喝，珍珠也好好吃,https://lh3.googleusercontent.com/grass-cs/ANxoTn192Ko5t3rpWkgu4cVdsPB8YSNS4eogwokkdmI9OXrpF9oDkgUhW1tvGI0W28Nww17Bew8sE4fiwiTQJqXgdLZVi1aUIiXMHPPt2ekotmPNxaFWwUB8DbgbXbXqALak-zYyCjvh=w600-h450-p-k-no
Sweii,1,2025-06-19,11 個月前,點了香檸百香啵啵（微糖去冰），我看整杯加了一半以上的水實際的果汁大概一成，然後再加一些料，味道喝起來超淡的，完全是在喝水，一杯60有點被坑，奉勸各位別來被坑。,
王羿樺,5,2024-05-19,2 年前,"絕對是最愛的飲料店
開在學校附近真的哭了🥹
推元氣燕麥優格，燕麥超Q 優格有點冰沙的質地，不管什麼季節喝都超幸福",https://lh3.googleusercontent.com/grass-cs/ANxoTn3JPlemOE6xBr1Xz2piECEci_h-bpw6AjqeljTxgvrq5DmWZP9xeOMejvCj9RcFAq-1am8gZ9o2knw6PjaHvAXLr40nFjeh1IyppEnPuxmsGR7qHYDvwXdLNrnnGjeEdCEjlgTNrA=w600-h450-p-k-no
Sylvia,5,2025-05-19,1 年前,"從全家聯名飲料認識發發，原本只是順手查詢店家，發現主打優格相關的飲品時起了興趣
第一次來嘗試的是元氣燕麥優格，因為本身就很喜歡燕麥穀物類，一喝就愛上了🥹
後來二訪點了網路推薦的伯爵茶優格，店員也很熱心的說明糖度建議，飲料好喝的驚人，沒有想到可以這樣搭配！
在那之後就常常特地繞來買，發發目前已經成功榮登我的愛店❤️‍🔥","https://lh3.googleusercontent.com/grass-cs/ANxoTn0uORZLJL6p-RXOdBL2aIxWTRfv4hpU0ed_3GZEJp7dhHfx5WDzCzMpmwq1qnB8ngX47fDEiBkfgZP_j_gaYkY9RUik368_ocwvUxOhHXZBF1PYzJdBC3yVXTJN_yLBtShRdEYuVw=w300-h450-p-k-no, https://lh3.googleusercontent.com/grass-cs/ANxoTn1cWyoe_Grzaw8BQOrWMcAnN374jtveGKAYjDCAxob1jHzDtR0uP9D4FyB1bdhZLVn4Kt0QpBWb-u0zPI0vcZLJooXyxuVpIkEI8gWlIOjNbDWksMv36uVKx5VwgG0bCQ7QC5xg=w300-h450-p-k-no"
Ching,5,2025-05-19,1 年前,雖然價格偏高，但很喜歡莓果派對優格,https://lh3.googleusercontent.com/grass-cs/ANxoTn0kSiwCaSi2POg0B7kFHrFJsPRo3FvV2922unZfDMPiUn_qZ0swaubyN3p2-0wD4FFxIkaAgIyYSdJaOFycp9wRGXVPTB5hK7fEWODA4FmFUKk5X6_LzQfyLGoSMcpSbDu1t0_g1g=w600-h450-p-k-no
黃毓庭,5,2024-05-19,2 年前,"飲料好喝🩷
店員服務態度優良🫶
一直都很喜歡發發牧場的奇異鳥
整體店面視覺效果也超讚
莓果優格很好喝
珍珠鮮奶茶也好喝
無糖就很剛好
茶味很香👍👍👍","https://lh3.googleusercontent.com/grass-cs/ANxoTn03T7JGWIAGI5D0ZEz_AqX91zh0X43cjhKSgP3Sg3_nfj6VtXSy4V0SABYlunOIJvsYPydAypFpD3ssRQ13ytDw99lhc5jcJtLo7A2U2GN-hFl0fPDngLe9Icn2TV87-c-5xdyFbg=w300-h225-p-k-no, https://lh3.googleusercontent.com/grass-cs/ANxoTn1gyGUJZFr7fWbYAefqTC7t5q0zZwnMmHwo-dpCO8ecqZQWhmoSoib9nUmpBVl7RIMmYGoAy5mABux9NHyUnx6nqAHCTGVB8nthNXKfYX3y_Oq7Htezj-7ICQwfgH0tMxDtWGGQ=w300-h225-p-k-no, https://lh3.googleusercontent.com/grass-cs/ANxoTn1vcgncE2JKI8VOTdpQYTcT1wgSqhoumluIRI5MZg3e2cyGtlVmveTS2KzQr5t1xx1suHqGR0xUsEzzh1SlYVlp1GrUjcQ4ALyIn0jH2GfYsi4nf6l1Cra5xCVS4S47u-viPFAb=w300-h225-p-k-no, https://lh3.googleusercontent.com/grass-cs/ANxoTn1mb7U3oaX4kLY7AIwFDZInvqdn4KEyT9OUovTRtvjQujwse5BX1ghy_7BzHnN4Mom2Wa6RWulUj0rvbmN21SqutVfv5eBwTJqMLEMuYR2_vq5MLAdidix7tKFybqqzbiOVctxh=w300-h225-p-k-no"
維,1,2025-05-19,1 年前,"品質很不穩定，不會回訪了
一訪買了莓果優格，覺得優格和莓果味濃厚好喝，但二訪買了藍莓優格，藍莓與優格的味道超級淡，根本喝不出優格和藍莓的味道，只覺得在喝一個優格套水的味道，另外店員裝杯的時候根本沒裝滿（杯子已經很小杯了），明明機器裡面還剩很多可以挖，杯子上面還空ㄧ大層的就趕快封膜了，讓人覺得做事草率",
Allen霖,5,2025-08-19,9 個月前,"優格系列已回購很多次，夏天喝真的很消暑！
推推藍莓🫐莓果🍓芒果🥭",
Ivy,3,2024-05-19,上次編輯：2 年前,"第一次喝發發
喝起來就是草莓優酪乳😓
太貴了～～ …","https://lh3.googleusercontent.com/grass-cs/ANxoTn3NoUIC2B6yEDQfSzNFZX_u9pQWB3yzhgHXqicy0JxTlumN3-8GaNcyh8LgJfA6y7F2QdXO2v6UKRXGgyGNndHOZjI8zD8xM6rt1oxieqDiOejl9h6QGk1LJ1YYzMxIBkW0u50=w300-h450-p-k-no, https://lh3.googleusercontent.com/grass-cs/ANxoTn329rAb3894JzHY4NgT6rxcdOrFWOY37peyEee89gwnD0GhiUNZd0QGhm6kc7YYH19qGtoC3TYnvFepaQdImyvKcFoS4_XL4SdFeIHiCpCLhBPw_d4aYjCVUaakSQA03ZI9pmF4=w300-h450-p-k-no"
Minnn Lee,5,2024-05-19,2 年前,"包裝好可愛
之前就聽過朋友介紹～
第一次喝覺得很好喝～
推推",https://lh3.googleusercontent.com/grass-cs/ANxoTn3CHDYF6y5Jnfql8ytw8rwO4jcrizmB7nvN-QPV47-95Bggm1rig7swL6xZynpyuYXLyCA8TdB63hvZ2QXv1zy68MV_9daJ9P-_NyRHVBPGh0gC5oqqKYygc7e0j8pyCWEhshc2eQ=w600-h450-p-k-no
Ya Li Huang,3,2024-05-19,2 年前,新的飲料店，所以來嚐鮮，點了紅茶，味道普通，感覺就是一般，店面很可愛，有些可愛的圖案。,"https://lh3.googleusercontent.com/grass-cs/ANxoTn1Ud-8UNZuM3xFEJr_PZ13UwG4O7VkNMm7a5AjmoDmnZvs1lFujDaB0PbgniFeRHp4xGUdSPmFkCsYjwiLqWG03wD5JPvhOqRPTdC67s8mMQPt7FtX70Z4KUL1D8FBV75S7oouj=w300-h450-p-k-no, https://lh3.googleusercontent.com/grass-cs/ANxoTn1Xk4bKhFtObxStntXnSA_zAsPOGqoLYGbGOxGMLPIv2VBs4jKVQWipkTZVdPBGTUX3Tv7Sxpbh1imbwXzCr01roYqf-hQk1e6c9CuIxM9PGGMv3F8AYWzItyv_UwofGkpa6Hc=w300-h450-p-k-no"
Cassie Wu,5,2024-05-19,2 年前,"店員都是精緻可愛人
生意很好但出餐速度快
裝潢可愛
但我覺得飲料（伯爵茶優酪）很普通
優酪飲很稀，只有微酸",https://lh3.googleusercontent.com/grass-cs/ANxoTn1Ju4Bqg42HrS_ull_J0IpOdhmFaTM3jXFyJHa61Eq4QZ1EAzv2nRZen_aJ8-nh_UtPK_ybOUxHG5YTbNu-FAOabZUajcP-3fKi16tQJOww1w6gnhx5DNlUT688YjSrdWlMNpSL=w600-h450-p-k-no
黃梓寧,5,2024-05-19,2 年前,"奇異鳥超可愛 每位店員的服務態度都超好
飲料也好好喝 好喜歡😻😻",https://lh3.googleusercontent.com/grass-cs/ANxoTn0IFjlepvdWJAUTsSUc0moUuZouQ0uJdOKnezl4_gqwe6txpCc9zqGQM9wSpe8oksMACwjwS_PRBkBE5mFfxtR9iM6ZjtePeGb0BJvBXOMyvR0iBM9vodd68yyX5x6hmgWyptoG=w600-h450-p-k-no
Yo廷,5,2025-05-19,1 年前,有點貴，不過飲料好喝。周邊商品很可愛～,https://lh3.googleusercontent.com/grass-cs/ANxoTn09m6ryqOf98MVS7aXmQ_jwV_kwDIc1Enn63tZLORvfbR8svGTKfLMIziVWioMhQ-qTdA2r8A9BBjFfy46UGpOeaywv2ddwcU7KtqUgm6BLxj2gzeXn1ODoPhj_4tGesVPPuSCB=w600-h450-p-k-no
Catherine Chen,2,2024-05-19,2 年前,新品芝麻湯圓鮮奶非常糟糕⋯鮮奶超級稀像是在喝水一樣，這樣的品質還要95而且只有中杯太誇張,https://lh3.googleusercontent.com/grass-cs/ANxoTn1tBSCmzSs1-6DUEzKmP8ef-ZQLB5hfv7ehgzdt7gyXMcCz_sS48eLzxDNoGB0dXF_NE8dQTJOZgO19A-x9hgvCVNPbXC6WMTXnmjkYmYRNZWyaUoD_y03a2NsM5ytqnpqhhZR3yA=w600-h450-p-k-no
LuLu,1,2025-05-19,1 年前,"不知道是不是店員顧著聊天導致比例放錯
優格越來越稀⋯中杯的杯子已經很小了還沒有裝滿 大約只有八分滿⋯
不會再回訪",
李達夫,5,2025-05-19,1 年前,今天讓鹽水雞老闆分享「公館發發」白玉珍珠紅茶，喝得出細緻的茶香味，白玉珍珠Q度甜度適中，推～下次一定會回購！,
Harper Luo,1,2025-05-19,1 年前,"之前喝過別間分店的仙女燕麥榖粒鮮奶茶覺得超級好喝
今天在公館買到的卻是沒煮熟的燕麥🥲
很像在咬沒煮透的米⋯
非常失望
希望店家能改進",
C.C. Lu,2,2025-05-19,1 年前,茶味略澀、奶味一般、珍珠偏軟沒啥彈性，價格中等。,"https://lh3.googleusercontent.com/grass-cs/ANxoTn3hLBNljVSVT10oQ_qTyW8eil52b9ZR-bcmuV9YNZkfwnmrDa8z5Ms325EBSh5vNIVRNfmc3zi_EaXcKftGdEWeTv0pxFIKjLpeFqtiiVnZpCVx5lI1m04dzWQdvjdYrGJIU_k=w300-h450-p-k-no, https://lh3.googleusercontent.com/grass-cs/ANxoTn1_cspXFjcGthb0y-HJukFPV9PM0GD8h7FSLrpEucEO-8LTwqlGGQtAErBtH7pVju5l93fhR6guGMoSQCSM4cr5-Ei2Fd82WA1R-3nAm8srMLrtApFEhuh1TKaRYZWNK9bgwoXF=w300-h450-p-k-no"
Bao Bao,5,2025-05-19,1 年前,"超級喝 很多人數都還很快
Ps:店員好正😂😂😂",https://lh3.googleusercontent.com/grass-cs/ANxoTn2XWET0nV22Kz6x-TmHeC6BvyKrHR0gwMCpkGrHrBjqG2gu1lWctPZiPPtlrgZdSoSItPoMv8Djy9xrehIsfhW-IINhLXu2puCLvKTQwhNcgfu-lKjljdRk1nQGARisraqqYiMw=w600-h450-p-k-no
黃惠珮,5,2024-05-19,2 年前,"優格飲料超讚😍
還有那個蚊子也很可愛",https://lh3.googleusercontent.com/grass-cs/ANxoTn1dn6ngfNfin_r_KuirT9zK7KULuJ5d9FEIvjPNsItJgyDWQdriO_W2UYf9G_uW1pCQagiTlwUqscks5Dw8nAtcE5gcEdY-SIQz69Ucdc5594kzsSH0kdIM8QEN99UCSRYjoTM2Eg=w600-h450-p-k-no
Alpaca,5,2024-05-19,2 年前,"品牌形象很可愛，優格小貴但是好喝，
值得嘗試，服務態度親切。",https://lh3.googleusercontent.com/grass-cs/ANxoTn28wltlv94fvFwjAtFZjJuBYS86TafkQAH8_nDfwB5HFMQvUwTTADy07KegBgo3y7mp-pLWg7Czg15fo3B101Y1Vxi85TXxIE_3aBJwMrqfZTIfhFqlY_sz0m6gzWFNLY7YnrRdsw=w600-h450-p-k-no
Jan Ng,5,2025-05-19,1 年前,很療癒的風格，茶凍也很好吃😋,"https://lh3.googleusercontent.com/grass-cs/ANxoTn0OUi_N9mNqad0wzHIqlh0mEhOU4qYjagF0cG-lEQgAUwLxQSC73ZPRqeKj3Kx0t_Ijy4l77gFeFBCJsSD33AkH3QxO5L9CmzyHxutR2eCLEsVrF-l3z3pCSr2lEI3drbUCwKL_xA=w300-h225-p-k-no, https://lh3.googleusercontent.com/grass-cs/ANxoTn3aXYvAo86o_RoW4U5y0t73khPiqi3bQlNoOq-TTLRAgxFfonHOwbKjMZupy0_NMnULPqYubTR_kNu04EyxvD6qm_b_NLMNTNfV8d0tt6f_zkxajGaEYuafjZDHvC8LIvmF1W0=w300-h225-p-k-no, https://lh3.googleusercontent.com/grass-cs/ANxoTn0rHI9WmBqOY1c7v17d6VZDOohc-wmJ3dQDLevOLzUPWEClG8Zl-lD1vmPYPDu9kINAkQeF1miWgdX_E53_0tw52su8oagdvBVmpqqfMDZHazMiW1yd1mMj7WYhfVplANWQvDA0=w300-h225-p-k-no, https://lh3.googleusercontent.com/grass-cs/ANxoTn0TDMwEYylLYS_FyDVIoC2phO3sN8MKaUps5iuWLr-JWTbGo6yyeR3Uf5mZxEWuOmXVRn6PuYe-o6mF46qF2ob_wzNbYXXcjtJzEOLZWp4ecwUT0eftMidFNY-godR8VfGeg7fW=w300-h225-p-k-no"
新鮮的EGG,5,2024-05-19,2 年前,"心目中最喜歡的手搖杯店！
優格濃又美味
大推抹茶跟伯爵！","https://lh3.googleusercontent.com/grass-cs/ANxoTn0ddDSpBw3svPibrYCn8x47PtE3fVy1Qsqn_QfNsA50DQBiL-0xiDghuWTXOMmZkNuIgSnJCJGZkm0Ui_3jICrNAixLwGy3r0BhwaKhPEK5sXk27G189rtnwVg3ywm4ml0oV1MS=w300-h450-p-k-no, https://lh3.googleusercontent.com/grass-cs/ANxoTn3ZbHWuufOOicozXvrx8LvUkqKX1OCayq73xqLh6bPBvOC2sFXbVfeF5T7KApHDAROAQqBQ_qToTVlPBqcmeS7g1dIEu-9CV5_A8YMnvfU_dfq4SqQaLcktGrt7Df9bzAmU88uF4w=w300-h450-p-k-no"
QQ,5,2025-05-19,1 年前,經過隨意買的，蠻清爽好喝,https://lh3.googleusercontent.com/grass-cs/ANxoTn1Q1GL1Y1cjaoMFnjmUIesd8EVgRxAcZNnc4TTqobZixJIm7JgjC4IdANMrasGOu7TxU31pqJny_sl10BWEUjKfhQH0E_ejUJuXRevUin1dRF6ojSlTJaVSEUs_ZYuLfSOLj3-9iQ=w600-h450-p-k-no
Vicky Li,2,2025-05-19,1 年前,穀麥鮮奶茶很淡，熱、無糖，沒有穀麥味道也沒有奶味，小芋圓也很普通；藍莓優格糖冰固定，屬於微冰沙，口味自然但偏淡。,
Chi,5,2024-05-19,2 年前,充滿奇異鳥的一家店，飲料好喝！,https://lh3.googleusercontent.com/grass-cs/ANxoTn1URjCvBdvenXK8cLg9rytmeJBGwH6CA2QAV0z8lBbnY0FPpmi_Mt6mz8qxP3VoJuKkX31596R-tyYpQ2WxeLfQNPBjzBYz5WtYUy6H46n4DjNrZMgAJM5twdBJJR2dfe8I3Ow=w600-h450-p-k-no
Queenie Wong,5,2025-12-19,5 個月前,無咖啡因的牧香穀物鮮奶茶好喝。,
Asvy Chiang,2,2024-05-19,2 年前,"鮮奶茶超淡…
既沒有茶味也沒有奶味，珍珠就中規中矩的白珍珠",https://lh3.googleusercontent.com/grass-cs/ANxoTn3Y_R6wR6PFHs_1B3rjCUy8eP2w_TDxmULT32goPp654IgSadrwKz33-rRiPbCv0my8NQWmmWGnqA_CLSknsdxlqY2R-9T24kNkNSVhqRHHqyJcPd2CXlhTsCBF4nLR0AgEk8I=w600-h450-p-k-no
張詠晴,5,2024-05-19,2 年前,"桑椹香檸優格很香很好喝
加上了檸檬更不甜～也解膩！",https://lh3.googleusercontent.com/grass-cs/ANxoTn0XOvbs5vYesdF0vkv_NLImxYKFCiORaLS7xN27amTpT242nY2cl83juA78PTGWO30FpTxJaEhl6J3a62SXUaNt1TyK98fAPzl5gYM99aL9T37NYlQURCC2fxEENicAt1wVzt8=w600-h450-p-k-no
LEMON LEMON,5,2024-05-19,2 年前,好喝！莓果我的愛！老闆人超好,https://lh3.googleusercontent.com/grass-cs/ANxoTn2fn-LsBYeDGIQyY5c_AM49yLx78x2J2ur2nHdh3WWWGLy4eMNC_d2R-DmBk_6K5Nqwxfn4etjLtxH-mh7oFyef0HlJK3re0j1Wu80qp6mXHWJ2cnoeA0Bt6yqnfKFpoD6MWPO2=w600-h450-p-k-no
Fei Liu,1,2025-05-19,1 年前,"老闆你好 我在2/11 21:32購買一杯珍奶
珍珠跟冰在冰箱的珍珠一樣硬
是不是作業程序上有什麼疏失呢….",
楊彩琳,4,2024-05-19,上次編輯：2 年前,"奇異鳥好可愛～～～
小芋圓鮮奶讚讚～","https://lh3.googleusercontent.com/grass-cs/ANxoTn3-8z8eKb96P_GosOHieApmaHbHfrrS5TgyYw-LCmak92_w8VQP-tg6fRspC_bqVi3KEn80AntntreB4EpODUH-coODoAqddl-GlwovVRH3W0HOByKz47_yjU9pUsAon4IpZ-3c=w300-h225-p-k-no, https://lh3.googleusercontent.com/grass-cs/ANxoTn2WcejpU0em_TzQEiBTR2lEam7kAXqGNFLWJAT5d0RRHrUIgQR1-qXxPbDOtVhU4-ygnCTXMFIKHeD_FVfV-9_-2WQLjugKKnLk8SoATRQ-h-MsxxS0pCuH7KDwSqQwfkblmP17fg=w300-h225-p-k-no, https://lh3.googleusercontent.com/grass-cs/ANxoTn18H4duySrlJ3BGoZyifjOC3GuNtwKoW_5ZWCPXgOia-Bzgr7pf3cnjX81LMHeavhs6QVWZxUGc-vq57gIlvCmFNGKgrBMKhChEOKBe033ftbsNmHMuXWC8VkYNB82Py4UXAGhG=w300-h225-p-k-no, https://lh3.googleusercontent.com/grass-cs/ANxoTn0gG_Gb7p5-HFLMnQTYqIWVSppo4UZBz5gZFyd13954wobnELt9p6qmAuQR_LC3uo3lklqZXMaPQxjWmmGJyEwCTn9-cAkpEEddUUlr9_dEYc1seOWVLvgrTT7DrUssl_rllmks=w300-h225-p-k-no"
Ian Lin,1,2025-12-19,5 個月前,柚子竟然是會苦的那種…,
企鵝,5,2025-05-19,1 年前,用「你訂」幫同事買飲料，同事們稱讚好喝，順道一提平常不太喝飲料的我都愛喝了，還順便加買奇異鳥手提袋超可愛的,
Verna Lin,5,2024-05-19,2 年前,"嫩仙草凍鮮奶超好喝👍
奇異鳥也好可愛 …",https://lh3.googleusercontent.com/grass-cs/ANxoTn2cBFYrPDg8tl85pHBILKipWAKn1_khXtlpgW0To8XmWzcLPHbc73GhPeeMmwpWF8yS30Q9pQgkjy5V6Mu-KgZ2NrCHIP6CKhlg2iKp3UZNIQSfXfN4Wwjxy5QlsxWw4l3cTeoPRg=w600-h450-p-k-no
Amelie,5,2024-05-19,2 年前,值得一試！奇異鳥好可愛❤️‍🔥 …,https://lh3.googleusercontent.com/grass-cs/ANxoTn2LH93sowxcIWpURnEqCjU2ldNZJERNx1bHeKNT1egBzYzhz_bj9p1YZeYbmtXwQzoL59nV4NJzAh2nS5AzjlycuPu2dEcv2BXH1HaZlLGPEsOp4o6ykHP8zr1b1a9KVrCrBsDdEw=w600-h450-p-k-no
JC,5,2024-05-19,2 年前,"紅茶微微是真的沒啥甜度
奇異鳥跟文件夾超可愛好評",https://lh3.googleusercontent.com/grass-cs/ANxoTn2MwAiu3qZTxFuTv4fxSGVQURuNdshDpCPvm1N58W4gHWN8WdUuIt0AkmDYg1inc2TTBm2w-0st7RZ-QeGP8fbx89nUjXjL_eJL0F4aBs0a8P-eh_w2Pu58H1CyjADJvv-XPB2b=w600-h450-p-k-no
Moon Moon,3,2025-05-19,1 年前,今天喝的粉紅柚檸烏龍和朋友的粉紅柚柚優格都會苦！！！麻煩注意一下水果品質或取果肉的方式（感覺是白色皮的苦味），謝謝,
chi chi,5,2025-07-19,10 個月前,已經到訪多次，很喜歡特色飲品，每次都想嘗試不一樣的。,
胡郡珊,5,2024-05-19,2 年前,"小芋圓鮮奶好喝！
濃郁口感～",https://lh3.googleusercontent.com/grass-cs/ANxoTn1_I-p4K9pnuwyvinogtObi3s8qC4qCdf6zfGBqKv8MhhhIM039U2gbO7aPzSUYCVsU4jdBo0C1G2df9GT7ocXbZJ0DdsokqxAUGRmY8iLh2Wb9HoNXTd7nHvuXTLl2JqUmVEE=w600-h450-p-k-no
李雅蘋,5,2024-05-19,2 年前,整間店的裝潢跟杯子設計真的超級可愛～～🥰🥰 …,https://lh3.googleusercontent.com/grass-cs/ANxoTn1ULIGaiILq5AZnIwNBC_7jLxfiF72DYVDzTfLw3oTno5yU29w-B8kCX9RF5CLvwYQgfSPuufNmBenysKX-27IspdIGRPFASCrDnexBK7Sy2nbxN7zAZLkns9h9-Ypah_4BDrQ=w600-h450-p-k-no
YX Z,2,2025-05-19,1 年前,"1/18下午經過想嚐鮮，點了一杯莓果優格$95
喝起來就像便利商店買的，覺得cp值有點低…
加上兩位女店員態度冷淡，更沒有再回顧的意願",
黃子茵,5,2024-05-19,2 年前,店面非常可愛，群組也回覆的很快，飲料好喝～,https://lh3.googleusercontent.com/grass-cs/ANxoTn0kxPIljqbbKqEZk7kjwRfvJ9SDmvHtk4y5iHoQiXXNv1fWW4k00qhaXJLOW45-4a3upvRwG3GpB9gcsRkkW9kpxGXBw8wQ_0K94P8hITDPkyQlmse5sYPBgQFy9Hoh0234R0fM=w600-h450-p-k-no
Li Chi,5,2025-05-19,1 年前,優格還不錯👍奶茶就普普,https://lh3.googleusercontent.com/grass-cs/ANxoTn15P60eXAqXxVGFB6eoqkUSGycWO4kY18Rk8U_hAjh6vaSO9vl3RZMI6fw_HM9IZaZcT1mP3fb3WxyM9IxVElBT0RwKlg2ZoaF7412v2xmMHUxqnWo0d5xLqeNFcXTJmrgyaPgV=w600-h450-p-k-no
Mao,5,2024-05-19,2 年前,店員很熱心，詳細解說，飲料好喝！,https://lh3.googleusercontent.com/grass-cs/ANxoTn2y6i209wf3xLPi2D9-A_koQBslLIcUYJv4OY0U20v2QQvWIR-FExlVYcKbU7Le2VuMkuUBnyc1u0FZcvhCkcd7uWm2pfs55p_xHqsW2KmArqz8n87wFfl4EYo8kkCkfMCGE6YF=w600-h450-p-k-no
妍露,5,2025-05-19,1 年前,伯爵茶優格就算無糖也是超好喝可以咬到茶葉的那種！雖然外送九杯要1000元左右價格高一些但很值得～下次知道要直接去現場買🤣,
TSUNG MING HSU,5,2025-05-19,1 年前,周邊可愛❤️飲料好喝👍,https://lh3.googleusercontent.com/grass-cs/ANxoTn3gXNI8zfZUtqOzeCYeN2a5OXkFC7OkxHx5CvFwu5Q8BbhFglLGsvDDSNKnh0vQMYCf3FclEUmakImOnKC335V1Ae-MSPiVy6MLlbHgfYR_x5l4ffsqOZkVXMDn97fB2cJWcy0S=w600-h450-p-k-no
Sunny Chen,5,2024-05-19,2 年前,飲料好喝，發發又可愛！,"https://lh3.googleusercontent.com/grass-cs/ANxoTn3-Mao-i1zTaMbpb3KEjqJmwhtMy1Fu_w0A6643Db35uBRHFEXEe95fHx2sxtVbd89KWfuuDm7npqkyzGlJ5Ih-46nG6Pj9XG4AqIiy-AcBt-_hB1WTBLNJDmbP1v_No0WKmjYz=w300-h450-p-k-no, https://lh3.googleusercontent.com/grass-cs/ANxoTn0eTAWxCE2CS_iU4LOsw6MFx0Q0RiZIpzkkOrixClyQacWj4s_EDCyuv_BWcPqEHbT8siCGIC2wGKirawbW02JjeEdsaOuZJItFhONo9pIaFGN94yx3mG2S6F2cQL3ETOSFCGmNRA=w300-h450-p-k-no"
小伃,5,2025-05-19,1 年前,"台北竟然可以吃到心心念念蜷尾家冰淇淋超興奮😆
買了一支冰淇淋&冰茶，山茶花口味真滴好好吃🤤
趁限量下架前還會再來多買幾次🥺
-
順帶一提上次買的奇異鳥杯套真的好Q朋友直接被說服團購🐦",
嘟寶,5,2025-05-19,1 年前,"今天去買了8月新品，山茶花系列的烏龍冰茶跟烏龍優格，裡面的烏龍茶凍好好吃🤤，加上烏龍茶融和在一起的山茶花冰淇淋超讚👍
現在天氣這麼熱超級適合喝～",https://lh3.googleusercontent.com/grass-cs/ANxoTn2oInwoQXGnW6eGRAawVNMHh9io1WXNWHwz_wk5wF_4drIxfWsnIV7wpm-61dNhVJchoKyS2NLNF2wgEW4bmWHlTUeSfBp-v-ca2JZbNHFpCAmVaVnMKhNKxzNl6hK7wtcBaZabSA=w600-h450-p-k-no
I W,1,2025-05-19,1 年前,生平喝過最淡的鮮奶茶-焙金萱鮮奶茶，沒有茶味沒有鮮奶味就像在喝水，而且還澀澀的。,
Lesley,1,2025-05-19,1 年前,買了一杯珍珠鮮奶茶，微糖微冰，喝第一口想說奇怪這是鮮奶茶嗎？完全沒奶味。再喝一口，真的是微糖嗎？喝起來像0.5分糖。再喝第三口，只喝到濃濃的澀味。無法再喝第四口了...,
吉姆車,5,2025-05-19,1 年前,有試喝的酷店 好喝 店內裝潢也漂亮,https://lh3.googleusercontent.com/grass-cs/ANxoTn0EaMgNJRgxCpTkpiTC5qoEdT8kT_V2QNBY6HRLgQmi7uAOsJqTMtcqJ1-Ol_PpRKHyaRUS8SC_ouagpIr-eCkrQYMtapp8CcBj2wnj935u8JdHAEFM7BUBs0lTrsVOnQzaFkOCZg=w600-h450-p-k-no
Yi Chen Lai,5,2024-05-19,2 年前,好喝好喝 超可愛ㄉ～～,"https://lh3.googleusercontent.com/grass-cs/ANxoTn1Grk0P1hpEOZi4Nlb5dUfrdU7NXxgDagzRyrOGCG-OWgJtQjijlrki16I6pUbORn7Lg4iWF-DPpWdYmulJjsH8kUJhEFwmNL77E8460cOJsY_jSjs7YGQsh7B0uplGLldtsZEZFg=w300-h450-p-k-no, https://lh3.googleusercontent.com/grass-cs/ANxoTn0K5_MylIkdu3f5zRP0bChrzqNxs2Ln-N8Bu44stieIi_l2pHCwg4sJ1vHBGvGAEj4AyJ0SpVru7je2nZn_AoDNFJla5BbfhHFiB8uJpd2-89AoCQpHwrrbQN-u3fd8wRt9Vf6X=w300-h450-p-k-no"
Susan Su,5,2024-05-19,2 年前,好喝又可愛的店😻 …,"https://lh3.googleusercontent.com/grass-cs/ANxoTn13CPKv8UHGypo5lT-kuqWxM2cv-sX1Id9MWZPEd1WYyQn9rjH0OxEzb0I7y1ViS0tvSmZ9r7VwOF3wJWka9Fxv6WnS2lwHHe3XqH4bFPBCZDBIkjFfYlc9ozuajpq39A1YL7W_=w300-h225-p-k-no, https://lh3.googleusercontent.com/grass-cs/ANxoTn2gJmIOZ54VAjYUzG-gH8Mh8zUorLaKSFZL1JuqIPQs04meKFKbpZF0d7DiHvCaowGGlgHZBy4tHUHzgJR_TK_DC-ScwwrjqSEDQoxyNC4qPVjsvLDblh7WuO8imEzvoxyjxETmSw=w300-h225-p-k-no, https://lh3.googleusercontent.com/grass-cs/ANxoTn0Qq0F8gb_3sKHiFfJgchZLB1xKS2C4QglOn_h5qrNtXSWHO9_lbUwE_ZeG9yPAvlBlUtYegTDNDSBQR_bulYBMqK36UOkDxiLF4LlYaGMYSDarRbLDmKHjkvtmR0zTR-OEgpc=w300-h225-p-k-no, https://lh3.googleusercontent.com/grass-cs/ANxoTn0lmVPHKA9p6kqDjzs1J5ecIdn9WBObDmWneiRpu5irH-hJKI7hJuxrdKz3j7kZQ_0hRpBLUFdgOyBsA_EyemiGzrlN2rwET_lUrjFNQuBlaaq3Tpv2OgAm52TflnXjcVhgjeNh2g=w300-h225-p-k-no"
Yonee,3,2024-05-19,2 年前,"沒喝過發發牧場但一直都知道這個牌子，路過公館店想說支持一下，買了一杯伯爵茶優格（據說也是很熱門的款式）結果跟男友都覺得味道好淡、幾乎喝不到伯爵味🥲（拿到大概五分鐘後喝）不知道是發發調味本來就這樣還是試營運狀況比較多or人員未訓練好…
另外結帳時才發現試營運只收現金！原本去之前還特地看官方IG確認有各種電子支付方式的說🥲其他限動或貼文好像都沒有提到只收限金（晚上在Line社群才說，但也不是每個客人都會加入就是了）
其他幾個值得稱讚的點：點餐收銀的男店員態度非常好、店裝潢明亮清新、周邊商品很可愛",https://lh3.googleusercontent.com/grass-cs/ANxoTn1zo3eIWOMa2PX_-QmKtXVcR-KEVKkE3XYrx4Ut8Xk-4Y-qxan4Rl7QZub1Nd6LOK6Ri9W_Fz4P5Tu0s-Rd0qeQnzAAkU5pqw4sPqvhNSsQGSxVP81-i-uMUv-8FOQ7ZKvK6I_h=w600-h450-p-k-no
Allen Lim,5,2024-05-19,2 年前,非常好喝的健康飲，一喝就愛上。,"https://lh3.googleusercontent.com/grass-cs/ANxoTn0REBCtvF4T5e3MJaNXbOp18RzaRow_xjg20KQh1i5_CwFLS_aLBGIubz1-KTsthQKs76J-OUNhcXw3FSdjj2rUgYA0w9sRfh8HnUTSNw7gXQx_oXZ7ACVFWf97XSAQl6-Vl24S=w300-h450-p-k-no, https://lh3.googleusercontent.com/grass-cs/ANxoTn330MWiCCOP9ponG8M4eDjtvIW-Rex66jP8L_FYjzS5Ubw3Hj9KddpXXQXoH7e8d3SxhA5YdNDpYTdzLp0VXrvGtC0ZREskPIqW63PFnyOeLlxbBnJF23zjhMrNOU7jNco3CxK1=w300-h450-p-k-no"
Morlawitis sakura (默拉),5,2024-05-19,2 年前,"耶一 希望喝了就煩惱消失～
喜歡😍😍 發發沒讓我失望過 …",https://lh3.googleusercontent.com/grass-cs/ANxoTn2QVFOeZ1gC3VWUC2uxnu6dAGx3e10eAL59erCuj9VsVqd2htM34O3KVtyeHkeuyCsKAKeH_QKcgBG_koRDpOiZnHS-3KBzBtrizo0ykFgeK8CAUH85Td6Pxl8z4Nk7ZOtjUAoU=w600-h450-p-k-no
Mandy Chen,5,2025-05-19,1 年前,"是被手搖飲耽誤的優格店，優格系列超棒！
伯爵茶優格是最愛，最近2個月每天都喝1-2杯無糖伯爵茶優格來解決我的重度珍奶癮XD
出乎意料的現在不會每天都想要吃到珍珠，而且因為飽足感很夠比較不會想吃零食，體重還下降。
芒果優格很讚，不會太甜剛剛好。
莓果和藍莓不錯，喝起來像是比較天然的超市優格。
比較不愛有加料的優格，太甜了還不能不要。",
劉淑君,5,2024-05-19,2 年前,很可愛的店～！飲料也很有特色♡♡♡,https://lh3.googleusercontent.com/grass-cs/ANxoTn0GOZUFi-a4gk7igOdcwXNpXe1Rv4arzJg-VHnAssBtq6MARRyTjpd-H06pTI-W9YiqKcozBCPHPDVMI6ZJfER5WIEXTIrVTV6dlXsIoTUTm_GcfIAS3vaNGLVnCgELG1-3echJ=w600-h450-p-k-no
段亞新,1,2024-05-19,2 年前,原本對這家印象還好，結果這次大失所望，這次花70元點藍莓香檸果茶，固定少冰，結果七成全都是冰塊，都是冰塊水的味道，沒有藍莓的味道，也沒有檸檬的味道，太誇張了！,
Eiffel,4,2024-05-19,2 年前,翡翠高山青茶我個人不愛，茶味有點太濃了😅,https://lh3.googleusercontent.com/grass-cs/ANxoTn0rk6WIiLvXYW9BbBOWNB2m3IGno1qscSABmOv7nZI5SDnTpVPxnoEx3F5JnH5RDV17kg7FthVzSB0H_23rMnfNOWN_MQcxw51G-siKxum0jOXnRG-MHqes5t-vBnRz7JzGag28=w600-h450-p-k-no
Kenya HSU,5,2026-02-19,3 個月前,鮮奶茶好喝～,
Boboji,5,2024-05-19,2 年前,"剛剛跟朋友去嚐鮮，點了百香烏龍還不錯喝！口味適中偏酸一點～下次再試試看優格飲(⁎⁍̴̛ᴗ⁍̴̛⁎)

店員人超級無敵親切，剛剛手滑不小心在別的地方把朋友的玫瑰鮮奶茶打翻，杯子有點破掉，本來想說回來跟店員要個杯子墊一下就好，沒想到他們直接幫我們做了一杯新的😭😭！真的很感謝嗚嗚🥹✨",
蹦嘎貓頭指向幸福生活,3,2024-05-19,2 年前,"娃娃好可愛！
朋友表示不知道自己在喝什麼（兇
他點的是皇家焦糖鮮奶茶
喝起來沒什麼特色
但杯子可愛可愛！
我點珍珠鮮奶茶
茶味奶味偏淡
珍珠嚼勁不夠Q

結語 不太推推😔",
Eric Kao,3,2024-05-19,2 年前,"👍👍👍
*服務小姑娘非常可愛，也非常害羞，講話頗小聲，但還是一直熱心地詢問是否需要試喝優格飲☺️
*店面裝潢很適合拍IG
*環境乾淨，讓人心情美麗🥰

👎👎👎
*優格飲 $80～$90 約300ml 單價高啊！
*點了一杯大甲濃芋頭優格試試，只有商業優格+奶粉的味道，完全吃不到芋頭一點味道，也沒有芋頭顆粒，實在非常不推薦點此項產品",
Chu Fu,1,2025-05-19,1 年前,"現在鮮奶茶都這麼可憐嗎？完全喝不到鮮奶的味道欸！只喝了一口,就想把整杯請水溝喝。",
Pp Chen,5,2024-05-19,2 年前,"上星期日發現可愛發發，馬上點了鳳梨百香優格+可愛發發提袋🥰

優格很濃加上酸甜酸甜的鳳梨百香，真是太好喝啦！👍讚

店裡的員工也非常親切又有禮貌，又很熱心的教導不太會使用Line的我，真的值得大推！

試營運也許有點忙亂，但是我相信發發一定會越來越好的，請大家多多包涵體諒，大力支持☺️",https://lh3.googleusercontent.com/grass-cs/ANxoTn0B60zCt5lPOSzVUI8BkbbLe4YHcRPvBtqKddaeJ3i-QdkurqQ0xHgs2maU1gDd38irxAsxoR9OEA5X9MGbEDQhoVIVK6FplUAVUgykFKvUcL1QcmDe6HWo10BseKKCaR6Om_CQ=w600-h450-p-k-no
涵娜,5,2024-05-19,2 年前,店面很可愛😍周邊看起來超級精緻的！,https://lh3.googleusercontent.com/grass-cs/ANxoTn0mY_JCYAvSj3AzakRWoor7TH-dhh-mAFBkAsVIlW27Gdb5ID5VCVCsWmr8tK3X3g6FCbOaeBwmH34ZVPjjW05lw56poeANILj4HdX1smPQbr-XvDKXndYw3PNjhoaM8ncMV29EEw=w600-h450-p-k-no
Jasmine,5,2025-05-19,1 年前,服務很好，飲料好喝！,https://lh3.googleusercontent.com/grass-cs/ANxoTn0NMiZhOinWdrF1ApYHPtMNBbq4sJM9GRHbS49BpMFqxmoF6cEcKYTF7Y6RziVHKO0smXUQnp5z3DvC72O6jt1qyqHtCWPSRSb2IUGtSRDTJm9ftqIV8Oo36-4eZJOq9Lc5aCxcog=w600-h450-p-k-no
以靈IRENE,2,2024-05-19,2 年前,因為優格系列一直都是發發的鐵粉，也很期待公館店的開幕，今天光顧買了一杯抹茶好芒優格，竟然完全跟水一樣沒有像其他店家有點優格冰沙的口感，微失望～ 希望能再加強員工訓練，維持發發的好品質🥹 …,
Chen-Hui Chu,5,2024-05-19,2 年前,店員親切，飲料好喝，奇異鳥可愛,"https://lh3.googleusercontent.com/grass-cs/ANxoTn2HtrLj7L103hN1WoXXQRE3c0JvGnB8Eq4RA_mGcmVtnHpVOGd7_goDioY4mzTx4F05DxpQcgQt3qEp-r_vEqZmQigCC2CuXPs0c84UCGHm0MRTkSEr4KxaZTO9uXUx3S1kIYFi=w300-h450-p-k-no, https://lh3.googleusercontent.com/grass-cs/ANxoTn2580yZVdKdc34gmMeh3i2rfaKic38rai1EQNktwofXNlKSNnTOc1XEZlgoXUtTB2raVr9a8n0dAyJddUbSAULS6OAgzDIeOiOiSDmOoSf0ctZaC_5Pm9SPTuWab8NTUMxX3r-T4w=w300-h450-p-k-no"
Lilian Chen,5,2024-05-19,2 年前,服務很好，飲料很好喝，讚,"https://lh3.googleusercontent.com/grass-cs/ANxoTn3Bmg5DE61BurSJ8u0fyKbeB2DLTKmEUgJk77o4j3tXlzUQLmDJtYcfuTrKWztnF3b-iPLhEpr83-lfX5mz4xe4pTAdLgC5nWyU1NEhvn7J4kDsWc1i1QXEO2S8E_k2l-M5r0lm=w300-h450-p-k-no, https://lh3.googleusercontent.com/grass-cs/ANxoTn0ukKtIq-O52mDc52HtKteKye7IERXZx4YMlP3hY-NFYRGyhy6L1C-snCZgSsl_ysJespVKrf9r4THe0RjwjwRzCq8XsZKitStziVSCnlLqrIcG1SwdLGjou32NaiFHPsRKhPu48g=w300-h450-p-k-no"
蔡程翔,5,2024-05-19,2 年前,奇異鳥好可愛，整個店內的氛圍也很不錯~,https://lh3.googleusercontent.com/grass-cs/ANxoTn2rps3eOF_92bkDewYWqzmd4X_qf3CxNYnwjIq0tzYycRZKl0SVfpVSeVDLRytxVbFHirtt3xgsu8ED21sCwrE1pqPYj7M4CDsFg1qhGcv1P_YK6pSbsPx7uNW8JAOXi-6krB4=w600-h450-p-k-no
許蕾昀Dora,5,2025-05-19,1 年前,"發發真的很好喝 優格喝了心情會很好！
店員也很可愛 推推",
Elaine Ding,5,2024-05-19,2 年前,"店員很親切❤️ 環境舒服乾淨
下次會再回訪",https://lh3.googleusercontent.com/grass-cs/ANxoTn1NsPJXTcfCzgH2gmKbR619to9m0ZkQsRw8KuuSbNavl9l9nzbQMXW22sGX02BeJmwEQyZ5cva-EdMbBgFUAYbedY4scfChG4BWQhKBR67DkTvrOf-GvcWM1HfW0CPYcAQVClN2=w600-h450-p-k-no
Vivianchang26,5,2025-05-19,1 年前,"超多超可愛的周邊
第一次喝發發，種類很多很特別的
還有優格
怕胖的可以點優格喝喝",
Ariel Chen,1,2025-05-19,1 年前,"唉⋯第一次對發發失望⋯
那個冰淇淋真的⋯⋯滿誇張的少
如果真的要比較就是北海道冰淇淋居然還多兩倍吧
（因為我真的很愛吃冰）
建議試試另外兩個品項⋯⋯",
好可愛草泥馬,5,2025-05-19,1 年前,喝了非常多次每次都很喜歡！飲料真材實料周邊商品可愛又實用！真心最愛的飲料店,
nicole Li,5,2024-05-19,2 年前,店面很可愛！飲料也好喝～,https://lh3.googleusercontent.com/grass-cs/ANxoTn3ybL9RdTCcrno75OV-DmsBbkofeUmtgYx5eeX3X5n7lXDBpMq7cWwkU-PXZ7MEWbkCwrO3Mw3BIAAZNq8oCxkFuG2C6TJzF28O_SjEaf2znx1I01L1ln7A0DwKCNBf-0Q9hDTLQQ=w600-h450-p-k-no
Y C,5,2024-05-19,2 年前,伯爵茶優格很特別 好喝！,https://lh3.googleusercontent.com/grass-cs/ANxoTn1rtnT4oVmbsphWb-cq70dKhzGNB9F3X4akvGAktZTKmPdGpuvVuorYzOdq8c_QmTgd-OsEC6Jr7ZQgrK3N4SPGV55jsJmWUbW-cZdh_LLwsMLmJAy1gvL4DF3-QlUFKmjZunY-=w600-h450-p-k-no
Jenny Tseng,5,2024-05-19,2 年前,店面都是kiwi🥰真的太可愛了,"https://lh3.googleusercontent.com/grass-cs/ANxoTn0EmzGxIHfxN3i296IdETKMoRxi-VzmqpVc4cPUjbwbPpn4peWtO_HMhk_i79LlvlfD_F3mLgWsuljQuKB-dJeRIGfVJdHarcEJa-2cdjbLezij6jI5PAJN4xjWZIC1STqsHbk=w300-h225-p-k-no, https://lh3.googleusercontent.com/grass-cs/ANxoTn2XfG66_8kWoL8LLIXoHtWk7iQyBdMwsESDfA7u_FMwquORECaVIwYxSe-xmp-5boIcwkJyggoWN30sofCBc-Wuzy0rLhIQiXoY3bcGzAs8LXbQBmUrBCTYr_FM34r0VaQiaFIMcA=w300-h225-p-k-no, https://lh3.googleusercontent.com/grass-cs/ANxoTn1BSBVKBG6-QxqBEQ5o8KgDJzm9V7dNpR_RtmBVAyFnkhHDSbI0eLF0H96jTM2aAaVAZd4o42QumHrNes85HO43OAEExYm-dTbuN_oUUy6Nmp97bvYsYBr48pV7qDrV0WRuLGji=w300-h225-p-k-no, https://lh3.googleusercontent.com/grass-cs/ANxoTn0qBQjqAwhOR7gFWTc0OKTPaeNzIKJFA0cs9NmCoZa3z9yvIYzrRfdoNbOdBM8HNGWfbeF-2WGAeCAxsXgSPuzHRmWpBR3FS9oSDIHmriuloRenG0pBdBfiKdRRFC_aYBFQokyu7Q=w300-h225-p-k-no"
yang,5,2024-05-19,2 年前,店面跟週邊小物都很可愛😍 …,"https://lh3.googleusercontent.com/grass-cs/ANxoTn1k9ZteiWAKCwQGT6EoNOk-Z7ylf434ZWQhkcd5cgBOb2tsm3iVwKsU1EijvtIJd75-NonhVbhbebsOv3YrR_M-TVk8WbuvFzAHm1H-WbakaElo3kIwgw0xZwoRQLyGxa26aeOw=w300-h450-p-k-no, https://lh3.googleusercontent.com/grass-cs/ANxoTn2YSBQCtRPrUZ26-4fQElksYK_jL1x_tr577U8Ov6t-7Lo6lWQMyzuIq6yF82_QJdZKye8V64alEO0ZuwgIq_zBM3O9edYeBT2VTVgRlWXTMHzRTgqzG-40j0iaJRY4Ui1AK4BvOg=w300-h450-p-k-no"
A OWEN,1,2025-07-19,10 個月前,"第一次碰到不能打統編的店面
問什麼都說不知道
很不好",
蘇雋元,5,2024-05-19,2 年前,飲料好喝，推薦大家來買發發！,https://lh3.googleusercontent.com/grass-cs/ANxoTn17TcA0q-1LASYa7Xus664lV01RW41QW3dA58_WiZQcfcl0u3-_eZjN9ZLUPl_o5qdx5kg3agdGOYpLib1WrxDLmaFNNTxpoAdHm-AxZY3u39hcv6ukLVIIoaSDoenaoCvqRf6vzw=w600-h450-p-k-no
YiChieh Wu,5,2024-05-19,2 年前,芝麻燕麥優格 冬天新品✨,"https://lh3.googleusercontent.com/grass-cs/ANxoTn0sCtxjFfclCIN6_0cg8Cqkv91iAuoDTvl-9GZqqrldoWRBAsXO6GOXOlxS9EvZuXlvJSKpzZYWevjdQum6alGzeZAbP_K2gmObKmpEN7sUEM0KpJB62DiDdf-25B0noqC_2BH4=w300-h225-p-k-no, https://lh3.googleusercontent.com/grass-cs/ANxoTn1D-XtXJX2oG78FYxMkvoORSzj8VqOahGPpIodFhcYNJKv3cy70AmII75bCAOa5Jh1qfpNMAAsAq1QOwgkyq-BRDtpSbGl9iKIXXcyeIEa0TJqwWCjrdL_8dc_Wtzp43udES7Q-=w300-h225-p-k-no, https://lh3.googleusercontent.com/grass-cs/ANxoTn24je261BMgGQOiuX66HRmD_Yy395aWSSWsTQFamz0khDv138Q8g96Gozf12a9nZzZkSY8KEa1USLITL33KKOccwzyMOhy8olGvazYW7PLBnHgB7bfk5q7w1megcWnNdSzo60s=w300-h225-p-k-no, https://lh3.googleusercontent.com/grass-cs/ANxoTn0r7Gy8O2adpOcrMkvK7ENuYdelXb64D71wqRNz8VNu7CIFXePLBAOSat1tIV2RTne_colZhRLRMAh1YvmR29qh0zbnX4-0clrtl1-fhrmujFu5o-rJQdpmdAtnshGNs0N8ly2jbQ=w300-h225-p-k-no"
馮芝毓,5,2024-05-19,2 年前,之前網路上被超可愛的奇異鳥燒到！整個風格超療癒可以，終於有機會來朝聖！飲料也很好喝，這次點的是發發私藏珍珠鮮奶茶，茶味比較濃一些，珍珠Q彈,
蔡淳安（Chun An）,3,2024-05-19,2 年前,"以這價位還有主打健康的店來說
穀物粒煮得很不ok⋯ 沒煮軟就算了，還有很多不能吃下去的殼。優秀的地方在於甜度和冰塊可以分很細，店內ip年輕可愛。下次要喝會去5*嵐🥲 …",
吳毓昀,5,2024-05-19,2 年前,"濃芋小芋圓很好喝！！！
奇異鳥很Q",https://lh3.googleusercontent.com/grass-cs/ANxoTn05G42ut10ulmy_LrOMaWusUZwl3i0_K1UVArGip0AWJA-6SWO2P89L2497IQdhOuZajvXuSGIl1pQjRlhmOqNy80ztKtCMEkVz6f7YH6sAozHd_wcainwsMjf_f-4VCiu7RSL34g=w600-h450-p-k-no
Hsing Yu Tsai,5,2024-05-19,2 年前,"發發牧場🔆
珍珠鮮奶茶很好喝！
白玉珍珠口感偏軟，我很喜歡！
（不是迷客夏那種很彈的，比較像麻古剛煮出來那個軟感，味道的話好像沒什麼蜂蜜味）

剛剛店員給我試喝莓果排隊優格，很好喝，優格系列好像也是他們家的主推特色～

店員很有禮貌又很親切！","https://lh3.googleusercontent.com/grass-cs/ANxoTn0hrDcPAVs1hkvgbQePCytWxpAYm8rr3CnFsm4ySj-pmYNsdYWFufcgB4MlsvYwsVkDgYU_pHTWYfetgLNtfiVE-6qQy6F-pQDgnjcSysOm_qqLBoIxLQw1BtpM8YlvTVYMMcQ=w300-h450-p-k-no, https://lh3.googleusercontent.com/grass-cs/ANxoTn15DZ7qIZ7LR8hfjS1VdF_SCr48dGOkYikFR9iatDRfhBkPTg_yKSSR2Z3s9PRhsOHwzfO6BGq0j_J5vqm8YkiaJ-xBFHDe0lZYcMmdbfJH53K7QXtdjC12_2gbKjrZxatqmpWj0w=w300-h450-p-k-no"
Andy m,5,2024-05-19,2 年前,優格系列好喝，奇異鳥可愛,https://lh3.googleusercontent.com/grass-cs/ANxoTn1GDcW6YPIL13YmaHsUXfCgYPOBKHPb2pxLf5x82GtJlLJMWTWwqJzdIUDQPOFGXfVIVk7AsNh8BTs1oIrhxfjVuZVaBjCP9ifkuz21dXMi5RAwKl6EdTUoBUIn59vSX15J6Kds=w600-h450-p-k-no
黃暐皓,5,2024-05-19,2 年前,飲料特別以優格為主打，周邊好可愛😂,https://lh3.googleusercontent.com/grass-cs/ANxoTn1e5jY1edb_3Es9gzECHnQbM-PpMPtY4Ja5FW3KHVvgNZtkiYEZRT49bYDOgD_zEI4DqqpmV7LS2ika9p45izyv3ZOq893kBFJDFi6tG0-6q19iu-rMm8xqDvIJjbFaduSlq_U=w600-h450-p-k-no
Tzu-Hsuan Huang,5,2025-05-19,1 年前,莓果派對優格真的是此生摯愛🥰,https://lh3.googleusercontent.com/grass-cs/ANxoTn1pKKFcuUeS3WfIWdJB5qp9bUX3jGP-G6rjm62nAHR4nTjd1myiCbFe6zT3OoeoEUlQwOX5sZ2OmkkKTzTB95E5saFlCH-UGowys-XlwdpDtA8UCM0lbFeaQFx8O21_SmryT3Y=w600-h450-p-k-no
Foxy Tsai,5,2024-05-19,2 年前,紅豆紫米口味的很好喝，口感很濃郁對得起價格，男店員對於試喝的要求都很大方，而且客戶拿完之後馬上放冰箱，衛生方面有讓人信任的感覺，很棒！會再來喝的！,
官鑫伯,5,2024-05-19,2 年前,"店員服務態度親切，飲料口味特殊
忘記品項名稱了，不過珍珠鮮奶茶那個好喝！喜歡它的茶香。
抹茶優格個人覺得還好，抹茶味足，只是單純跟優格不太搭",
政諺吳,5,2024-05-19,2 年前,好喝又可愛的店~不來嗎😁😁😁 …,https://lh3.googleusercontent.com/grass-cs/ANxoTn3qmgiFNomMFbOMioak1CU3-kEVKiDV3LHnBeU1RS9l9dCyp5SAz8wTZeWmxK9MrwWoPH_nvWaP4KONxJYsF3fp38SlwITVjY_lZp4nAfbupKLdxnkJR0UBgUDAfAF3PHmhufoQLQ=w600-h450-p-k-no
陳思樺,5,2025-05-19,1 年前,這樣要$128，我是盤子吧>\\\<,https://lh3.googleusercontent.com/grass-cs/ANxoTn3dqOCL5pY22vfc5m5Y3Va80oRXOhveoKM9vk1ylF2I0boN03fGMksfqRLk3a5O6pRPyCAU7Bd2fZpXyZJI5dOdr4U4Oo7JteP953U6BVmm0vxIL6jBR_bwMvDimA2_X_8BpT9XoQ=w600-h450-p-k-no
游郁揉,5,2025-07-19,10 個月前,"這麼好喝的飲料
不能只有我一個人喝到",
游鈞婷,5,2024-05-19,2 年前,為了幫朋友拿贈品資料夾走進來的，店很可愛！伯爵茶優格很濃郁，不會太酸好喝！,
Year,5,2025-05-19,1 年前,店員親切！奇異鳥很可愛😶‍🌫️,https://lh3.googleusercontent.com/grass-cs/ANxoTn2bSVmsBBx7GMeOhPGMLN1aLWQ1A3WHpcJ2wUJ3umUBni3sj8zTgYgBF4M9jd7sUQ8IrqNa-ULgrfBtpaf9Q9cFSlgl_DIzV3R40IRbo6b2mNiU_JRenaIhxV8qNRbSOh4ESHedSQ=w600-h450-p-k-no
La,1,2025-05-19,1 年前,"今天去光顧買了一杯芒芒高山青茶➕寒天波波
結果喝了卻沒加料，況且波波還要十五塊，當時店裡沒什麼客人不是特別忙，店員專心度有待加強，就這樣白多付十五塊⋯",
Johnny Chiang,2,2025-05-19,1 年前,"試喝的奇異果優格還不錯
但是買的珍奶味道超淡
茶味跟奶味都喝不太出來
跟喝水差不多",
Faye Hsu,5,2024-05-19,2 年前,玫瑰鮮奶茶，可以點無糖，玫瑰露本身有微甜味，喝了心情很好～ 中杯不小心一下就喝完…… 很順口；店內陳設和吉祥物都帶給人一種好心情的氛圍，可以來試試看喔～,
yeung tammy,5,2024-05-19,2 年前,裝修非常靚，打卡一流，飲品好好飲,https://lh3.googleusercontent.com/grass-cs/ANxoTn1s0jVSa8eQD-v8yKoOKTN1KIvtEX3tXIJ2uMEZpz3guUWwYL55JAw5J82i6HOsLUNhPvMoXzmTLzDedpeQWsz9kYLOGAlEJytpDcqWnB1DGOuPDzygxkWVBbakRagq1lznwuDLYA=w600-h450-p-k-no
sloth stoner,5,2024-05-19,2 年前,可愛又好喝極了 祝生意興隆,https://lh3.googleusercontent.com/grass-cs/ANxoTn3a41H_SalzgofFuHHLAzxUu2wTbegpPNM28G3F35Y9pUN1_7czxp2BcEfr4q0Jm0f8BvWCYPv18C4oEbMqNO8g1ERFagw47HQ7EMVI9pgYtMQqQAfGPYkUS6Y9mysf4NVAg5STuA=w600-h450-p-k-no
ling W,5,2024-05-19,2 年前,"藍莓優格好喝～～
買第三次🤍",https://lh3.googleusercontent.com/grass-cs/ANxoTn0Pv_6r0xf1XPQfSJYw0UL6r4YJP0CE4_uYdjQaKZ0ImiJY-6UMgP20ChUJgAlUTjjDMUuWP9y-LpAijgurAJluONYrmhZxErU4SQ9GedecUwPYoYHvZ0s8GRkxW9qS7c-W8rTiXw=w600-h450-p-k-no
平常心,1,2024-05-19,2 年前,"完全不敢光顧第二次 在飲料裡面喝到很多保鮮膜 想說一次兩次喝到就算了 我喝到不下五次 你們員工是直接把保鮮膜丟下去打是不是
如果有-5顆星 我絕對打-5顆星",
奈奈,5,2024-05-19,2 年前,優格很好喝，鮮奶茶很清爽！,https://lh3.googleusercontent.com/grass-cs/ANxoTn0Nu0WJl7t4GJ9CyXV_LEb1y1TvV6F7cdfO4drSwZI45n3NzI7cXjWkNtOOv8MIAYd0ZjyTeZFfrw2dAGFnkLbti1q9Rvl_zinVeoF4ekpyoj1PDsLAB3UZ5hvrHQY3O_oOZGw31A=w600-h450-p-k-no
Stephanie Lin,5,2024-05-19,2 年前,飲料很快就做好了！第一次點芝麻燕麥優格，有點喝不習慣，不過口感還蠻不錯的！下次還想試試其他口味😍,"https://lh3.googleusercontent.com/grass-cs/ANxoTn3TSBh1ORCrDfEzWKd2uWLuRIcRojYLgeupmLDYGN_oDJhNY7DeGfsiLOWCM27wCwTDbS5SeR7d_zE-CdVCnXuDc0HthIyZIDD3h53HXwr3bWDTcN15nObcdhz5eDtqONA9FNU=w300-h450-p-k-no, https://lh3.googleusercontent.com/grass-cs/ANxoTn0g0OceOl6uNGdB39px5qAqI67UlvDm-j7SiUB-emT7A0C20f5lKmtEX3SoUEsUc0rhy6D2ZJUyWoe13x03X29-hEHGjMt_rjWYvxL_4UyUcBxFG6Ta0si0SzTSY-jPMU0EEsXPjA=w300-h225-p-k-no, https://lh3.googleusercontent.com/grass-cs/ANxoTn12fwm-3WSuyh_x1ToZwXoB-KlPbAdrsT22Jb9Ax1tWq5SFaVyqQ19FJYwvQAMceeCVRWPgCeIZF7YX4NSAEDzvhIN8FSTusamUxGKTX_sJhSNPTH5uYpTgF1N7ZlFcF7cj8y4=w300-h225-p-k-no"
嵐琦,1,2024-05-19,2 年前,天氣熱，點了一杯冰鐵觀音鮮奶茶+珍珠，要價$80，當下2人一起喝，一人喝3口，沒了！😬？？打開杯蓋，8分滿的冰塊！反應店員，店員說，因為你們的點的是正常冰，蝦咪！我花了近一半的價格買冰塊！店員也只回，不好意思！人家都說不好意思了！我們也只能對自己的$80不好意思了！,
Kitsune,5,2025-08-19,9 個月前,飲料好喝，帥哥店員人超讚👍,
高薇婷,5,2024-05-19,2 年前,店員態度很好 還主動介紹店內新品,https://lh3.googleusercontent.com/grass-cs/ANxoTn3unFDyp4R67KxKFxMNYl0i0BtAkoN6wrDVz3xHPj-WQMovf3SdULEBFu7LFmIWhHbGlZY9kFHMr_m8BbUT-hHY45WzhIyyMqEGaEzvWX-cpua_ULofp9AIhQjrG5jBcMdr0Qo=w600-h450-p-k-no
張力蘋,5,2025-05-19,1 年前,周邊商品超可愛😍店員服務也很熱忱👍🏻下次有來公館還要再來喝一杯❤️,
安妍,5,2024-05-19,2 年前,"店員服務態度很好，我們去看一下商品，店員就請我們試喝優格。
一旁牆上的奇異鳥商品真的好可愛~讓人忍不住湊過去",
Aoi Elysium,5,2024-05-19,2 年前,"公館這邊店面佈置的超可愛，服務員也很好，優格不甜即使不喝甜的也可以試試，都很好喝！！
奇異鳥超可愛！！！",
羅逸軒 Shiloh,5,2024-05-19,2 年前,"莓果派對優格 💰95
發發粉絲公認永遠的第一名 喝起來酸酸甜甜 杯底吃得到新鮮草莓果粒有夠心動💖💖 優格類的價格偏高 但感受的出來用料實在 都是使用超天然的水果丁、自製果醬、整罐的鮮奶 挑剔的味蕾都能被滿足～

發發好芒優格 💰95
夏季限定的芒芒優格也是我的愛💛芒果和優格完美融合 好希望一年四季都能喝到🥹😭 身邊的人也都覺得芒果優格超讚 不論嚐鮮、送禮選這些飲料就對了🫶🏻

濃郁小芋圓鮮奶M 💰75
每次光顧必點🫶🏻喝了一次就成為我的最愛 給料超大方每一口都喝得到芋泥和芋圓 非常濃郁 發發飲料都是完全無添加奶精 使用小農牛奶 齒頰留香

女王玫瑰鮮奶茶L 💰80
也是我的私心必點😭經典的蜜香紅鮮奶茶中增添濃濃玫瑰味 玫瑰果露本身就有淡淡甜味 推薦甜度是無糖到一分糖 ～也可以再依據自己的喜好加入珍珠、小芋圓 喝起來更有層次🫶🏻

店員都長得很漂亮 服務態度超好 常常來都是大排長龍但出餐速度很快～奇異鳥真的有夠可愛的😭😭😭💖推推 每個人都應該要擁有鳥鳥杯套 喝了發發的飲料真的再也回不去一般的手搖 自然乾淨的原料🫶🏻🧡發發是我在公館最愛的飲料店 繼續加油💖

*優格系列甜度冰塊固定 不會再額外添加糖 喝起來就像優格奶昔口感 非常清爽✨💖
*香濃奶芋系列同樣不再額外加糖 只有料本身乾淨自然的味道！🧡",
童奕凱,1,2024-05-19,2 年前,"拜託不要點粉紅柚檸烏龍跟茶中香檳奶茶
奶茶點了半糖跟水一樣 茶味苦到不行
只是柚檸烏龍完全沒有水果甜味 整個跟茶味分離",
李沅錡,5,2024-05-19,2 年前,莓果優格很好喝不會太甜 收銀的女店員很漂亮人也很好哈哈幫我打九折還送我發發牧場的資料夾 店員做飲料很快速 服務態度一百啊 整間店面是乾淨明亮的而且有很多有趣的拍照角落 很不錯👍🏻 …,
Ariel Chang,5,2024-05-19,2 年前,周邊好可愛，奶茶色的奇異鳥,https://lh3.googleusercontent.com/grass-cs/ANxoTn39_98OX7okrCkSV0gi5r7E6-0-utALIoUFomx-Q1TbFi2fEHS_CJArnu9roi85kSfQQek-k646TLjM3owoe7QTomyEK7BY0lpDfnNMC_QBu1VHwpWk1QAwBtzSWekIcfOG-86D=w600-h450-p-k-no
謝岳儒,5,2024-05-19,2 年前,"身為是手搖奶茶控的我點了玫瑰鮮奶茶微糖微冰
淡淡的玫瑰香微糖剛剛好
順口負擔不會太重
裝潢很明亮顯眼
店員即使很忙還是很親切
下次會想嘗試他的優格系列再來分享",https://lh3.googleusercontent.com/grass-cs/ANxoTn3KD2zZdsqJiNE053j6jzGUH-bbYHcRQT9zFR7-nG3HfY-E9Hzp1pv17LFDghWhN1oMzoClk1Q5ouiSvABGLs5uT9UdVbKYQeDNIXuqniBElArXdloTBpNJhao8mUyB59pfZGLFqg=w600-h450-p-k-no
JJJ,1,2024-05-19,2 年前,"90$買一杯水，超級難喝
難喝飲料第一名",https://lh3.googleusercontent.com/grass-cs/ANxoTn1x1XeAgvx4wmSdNmlg3HfeXEbEW5tOP4KMtDon7Rd2vC7ZoDZ914FEIVQwP901cMeW1xrNTKryIbBsdEe675Ew91nq6xxh5HpUvN5eqUpQ5zWohRB9oSKTAY-LaI8tRtGlY4sp=w600-h450-p-k-no
Rita Hsieh,3,2024-05-19,2 年前,"五星好評送資料夾

但飲料喝起來大概只有兩顆星吧
店員服務態度很親切再加一顆
茶跟奶的味道都很淡感覺很水
甚至沒什麼奶的味道",
Li Hong-Jhe,2,2024-05-19,2 年前,UE 外送鮮奶茶買一送一 130，可能是喝溫的珍珠泡爛，也可能是點到微糖真的影響口感，總而言之，就這次了...,
然染,5,2024-05-19,2 年前,"超級讚的飲料店🥺可愛就先加一百分
趁萬聖節系列還沒結束趕快再來買一下","https://lh3.googleusercontent.com/grass-cs/ANxoTn08PwxTnmDxxuuhYJJYzhbz4O7gOm-2HdcbBK-236AUi0b0A55caJ-94MJkQBqXqRkZ8bZmQkjJ5jUfTrIITDnSuFAZHCX6qta4ukIZCAk0q7V2Fm6XSu4VJWy1AaM9WiymX6H_=w300-h450-p-k-no, https://lh3.googleusercontent.com/grass-cs/ANxoTn0zbBA0wvoXu-o6Y3rSuFrbuVvQtOZsG2jyfK_rCyFR2qsVw368JeZgCxGX01rQ06M4hGpizVA1FcOVLW4kTfVo6HZeK8rC4kP36JRQ3iETTtYZAV6FcE0NHkQ4Kig-p7OkxknH=w300-h225-p-k-no, https://lh3.googleusercontent.com/grass-cs/ANxoTn1IfS0zCU2eX23twriyKQt2m_brwD8_GQ2oOcV2tkipdc6Xuc7H6gAsPhygt0BtOi1Z5Pg_7H28RWshqDlveO5zgIAJukdCwPJn4o5IWVm8xFp_lVrS3OHiTeC2JhZ8C9L63LXv=w300-h225-p-k-no"
Dory Chang,5,2024-05-19,2 年前,之前在台中喝過，非常喜歡莓果派對優格，是我少數會喝的手搖杯( ´▽｀),"https://lh3.googleusercontent.com/grass-cs/ANxoTn1C1CD7rrcwl3ExpeG_dloH0njh1hhkkI1BwoX7ro81jQyhGoP19wNFX36LrhT8FxE4tJPTDZ6REbB6_do0XtUl9otSIvTYVl4Pgo9cCyEMPeaiCCza88gT5SEoqcu_WHASFNA=w300-h450-p-k-no, https://lh3.googleusercontent.com/grass-cs/ANxoTn1gMvHcj_i3ZjCRej0ZfRI-_fJWeH_C6kYywgDfGfzQ-DBFynax8NCX0itriIZbJar-9bBp--rm3SX18Dviu6X6BMy1jG7xD_yzsK1cpdGBtExmUvHD7lBXr1j3b62Y29StNFZqNA=w300-h225-p-k-no, https://lh3.googleusercontent.com/grass-cs/ANxoTn0k-t1eubhXc_3uYxNDXoMGU-PCBBdsgiFpy-hZ4ucCnhXf6KsWWS4Lm9qmo3oDh2TxsC8Sxoq-6gtuHGLidGASNLsbMtrgyQpRGuXHPfFhj7dm_fge_Y0I8_udCk8GD-jEMPfE=w300-h225-p-k-no"
Xiao Wei Chen,5,2024-05-19,2 年前,好可愛的店 飲料也很好喝,https://lh3.googleusercontent.com/grass-cs/ANxoTn3lh37_QJ5adCOeoHYAraxdeheQIAyu6bzb4XBeya-MFH57OUP4gKqYMjZEq4duFyWl7usjwquXQQatA5XoSBGzYdc2P0zFKSSJfAvPRvp1LszfetPD-0UlSX4nODt97NrIaPxECg=w600-h450-p-k-no
淺水傾幽蘭（紗紗兒）,5,2024-05-19,2 年前,買很多次了，非常喜歡他們的優格飲，甜度剛剛好，而且對腸胃不好的人很有效果🫶🏻,
蔡竹竹,3,2024-05-19,2 年前,珍奶好難喝，跟水一樣！珍珠的甜味蓋掉奶茶味，但是店員請試喝的藍莓優格好好喝！買錯了！下次買優格！,
吳岡旆,5,2024-05-19,2 年前,"最愛優格系列~~尤其是加了嚼勁十足的新鮮燕麥超級好喝🧡
店員都很親切，店面的吉祥物奇異鳥也超級可愛的! …",
Chuan Cheng,5,2024-05-19,2 年前,被萌到ㄌ！好可愛～～,"https://lh3.googleusercontent.com/grass-cs/ANxoTn0Tyw8XbBgBy5h0NN6iUSOsQOUJ5qL8RiPzJHwqLfO_0lqnMIvr6faQXju5g6F8n9_Ae5EIEdItDgzkICVN_ZQ7x8S2UMy7YkcNaIPvjCRMZ3oYfUouSbIbG9GXIY24GaAndRHeGQ=w300-h225-p-k-no, https://lh3.googleusercontent.com/grass-cs/ANxoTn3qYUOvVbLWllXu1FIceUg88ImV4EG57NzsX10ipf6Eff_PjuIdP9osBtHEzyT_I-RSEHa9NoSHs34LsB5AQWcF2_AgGiq-jhwH6PQGR7aDD2UdUQXgunJhEsdY83P06oHxZ-YS=w300-h225-p-k-no, https://lh3.googleusercontent.com/grass-cs/ANxoTn2yN6_R2jemhjzKkl04kxH467cbleTlam0w5OhKZGyXS6LBlSJzcu0570vACv-TVSKP7A2mHy-wAuLiopHSVYhGxpPkjK_oNLHt8zxgX2DtymI5ScRd0t2fc5kID9jr9HstQ2Tmhw=w300-h225-p-k-no, https://lh3.googleusercontent.com/grass-cs/ANxoTn3nW8sspne3KNZM7A26Zg_UmoNwHRs0bbGes7-kClSDkG9H7heN70axCrsDa9BlfYFBhTV5YHuJ8gfl6k7Di3qByRaBe_idz7zAGxd0pTN-jpaQJegHJy70C1KHgYxWswXbkw6M=w300-h225-p-k-no"
Lydia Chiu,5,2024-05-19,2 年前,飲品好喝，KIWI圖案好可愛,https://lh3.googleusercontent.com/grass-cs/ANxoTn0NwxO3lOKyIISlUMTchvLX8M5DKjeq7SDibSkQk0MhlkrMAJd5GRQQIbm-9gYOXgNhdsg59-ido_REKv1xgW_0pkVgaL-DV-SUf_KqXW6y9jKWGluL2rkizoh2B1jv4SFagWLT=w600-h450-p-k-no
徐姵庭,5,2025-05-19,1 年前,好喜歡這邊的一個妹妹頭女店員，為人親切，還有另一個女店員也很溫柔！,
wweinny wuang,5,2024-05-19,2 年前,飲料好喝，店員服務很好,https://lh3.googleusercontent.com/grass-cs/ANxoTn3wpZ7WjIq4_PICoEly9gFysW1MP1lMv_iot9m5sQoRVyNfL2hnUlnOaXEQSmCoVq1-cAqrPAjYGKqbapfGLLThydqRrqjCOd1xv0r4V_xQgleYccy_CDN1S7FyDWe0rLzreINg=w600-h450-p-k-no
Vicky Yeh,5,2025-05-19,1 年前,藍莓優格讚，不會太甜，加燕麥很配,
Betty Z.,5,2024-05-19,2 年前,好喝！優格系列都好喝！,https://lh3.googleusercontent.com/grass-cs/ANxoTn2M_foB5OKDOyCM3AzZfBXsvflXWxXT-oczqwEP2iZMJ0BN3dpjRIScx3kJh7YmvfURsLNZMjU2lBRPxVT7flm1AHS0sCEsDGEwLPuoznJyX4YlccCzLL7NaHJCIuKKED-FrGtU8Q=w600-h450-p-k-no
何承芳,5,2024-05-19,2 年前,飲料好喝！推推小芋圓,https://lh3.googleusercontent.com/grass-cs/ANxoTn2_gR98nGdL9PN0hURhmdRwXGxe5gfKm1kdUGShEMEsZAYrG7Gyp_ZpbzA-_yMxIfEin6_QLAih6mnqEm5W0DpgYuqAK29Yicl8qxpTEAzzTvl6GBZOw7wz37_-0GDPZCPGCThF=w600-h450-p-k-no
John Lin,5,2024-05-19,2 年前,好喝又可愛,"https://lh3.googleusercontent.com/grass-cs/ANxoTn2y98FU4HxRqR4EOagbCNe7ZVolONJ4WEoscBw-RlGqMaCRo1CliSV9qVKgwg6eivck5q2-ri5fILp-WAc3bsdHiv60tsey4UdnVghWdmJIpGWY3VoUjPKtcOrcaYhAzTwB6rI7=w300-h450-p-k-no, https://lh3.googleusercontent.com/grass-cs/ANxoTn3ictCFfVTT7-UBDKHDQ5X8NaK10x8D-tfPC667xpoQfKS0t00qyPSClx2gZLChxAV8xu4aDPRG43uOga-5UQhcfu4NGSPSwW8nt1WPIiF2a0N1Jb7D1iHd4xQnHlA9lWjSrP81aA=w300-h450-p-k-no"
TACOC,5,2024-05-19,2 年前,服務很好～每個月推一款別針也太可愛！希望之後會有想帶走的款式☆,
296B邱詠涵,5,2024-05-19,2 年前,"莓果紅茶好喝~
店內乾淨整潔～",https://lh3.googleusercontent.com/grass-cs/ANxoTn3K0zpLDl79TXRfJrmb2nBgkT_ADy2UbEg-EyeLFo4vYuM3-SDxTliGdLGUordMLQNDm5eY5RKMiOLrhBmH4zN5ZYvFOxz19_O6GtQY6I6KF220boQZzcKCAfkTFWw_sQ2LBMRX=w600-h450-p-k-no
Webber,5,2024-05-19,2 年前,"非常推薦濃芋小芋圓鮮奶，給予公館捷運商圈手搖第一名的評價。
小芋圓在Q彈與嚼感得到完美的平衡，
芋泥大方的給好給滿，搭配濃香鮮奶入口，一杯飲料得到兩種享受。
個人推薦最佳搭配的冰度五分到標準以上，喝起來更加均衡好入口。",
GalLon,5,2024-05-19,2 年前,"每一季都有新商品，都會想喝看看
但經典的莓果派對還是最喜歡的",
Donna Shaio,5,2025-05-19,1 年前,"飲料好喝
覺得燕麥穀粒很特別很好吃，但點了兩次都還是覺得好甜😂 …",
沚玹,5,2024-05-19,2 年前,態度親切，優格好喝,https://lh3.googleusercontent.com/grass-cs/ANxoTn3Pc-tJG2GyD9WFGgdHrt-ai_yInRlaRruCQrSuJveLdU97zroKz03wZHam0Jg-CddwghFdigHsgDEkbryKZ8DullOPQ_BNwiBrnV4WY9xg3M0LsD3P2boMt4qwWvqNUXOA8aGgsA=w600-h450-p-k-no
Ian,1,2025-05-19,上次編輯：1 年前,"紅茶超難喝ㄟ 怎麼會這樣🥲 可是大家的評價都很好

更：
2024/07/31第二次光顧 紅茶一樣非常澀 沒有改善",
Aaron Chen (阿倫),5,2024-05-19,2 年前,來買飲料都有試喝優格類的飲品，幫助客人了解品項。今天買純茶類(青茶)也滿好喝的～,
伊竹,5,2024-05-19,2 年前,"每次來台北必喝發發
發發優格系列超好喝！！
奇異鳥超可愛
收藏了好多周邊❤️",
poly,1,2024-05-19,2 年前,"自從看到店員抽完菸沒洗手直接上工
就不敢再買惹⋯⋯
一星給莓果派對 尊的很好喝!!!",
Shu Yu,5,2024-05-19,2 年前,店家超級可愛飲料也超好喝！優格咬得到果粒🍼店員態度也很好！非常喜歡 …,
Tiyu Chao,2,2024-05-19,2 年前,排隊買一送一，排了半小時點餐時詢問是否可以點另一款飲料，得到肯定答案，取餐的時候卻說要等不確定多久的時間，換飲料也只能換成買一送一的，雖然飲料是好喝但排隊很久得到這種感受很差，希望下次可以說明清楚，或是給予其他換飲料的方式,
ヨシュア.布萊特,5,2024-05-19,2 年前,很喜歡喝優格系列,https://lh3.googleusercontent.com/grass-cs/ANxoTn2UUkIwxXIpKtpLuo7UTmZ-xF_U27WP54Y0Y7REWqm5qjuwdYCePnM60Hyp-r5jO8vJMP1k0m3aDi2ilbBKZvBrzDQyMpXjnTUY8t-3OnbhsC5zPCNjd5ShHk1I3rkoAWKP_7i0=w600-h450-p-k-no
黃子恆,5,2024-05-19,2 年前,店員親切 飲料好喝！,https://lh3.googleusercontent.com/grass-cs/ANxoTn0KkDEwY96-nFfl98tPV5rgN662Rf4SjmEXk3WaVSJY_Ayll-mQxDdk-Jcx7eYH3LVseO7qPlLL5LmFvY2Dq9IwXCCGzSg68nZp_jNJoMuJtGrgXS_IvohzxZSl6pDmP3o4Oyg=w600-h450-p-k-no
小黎_Rei,5,2024-05-19,2 年前,好喝，周邊超級可愛,https://lh3.googleusercontent.com/grass-cs/ANxoTn0goGCbNGXYQ5n-AHUhldKnPyyh1SFFEC4BpsSBEMSrV4tfioyHeq4sFolcJOXHmq1FncVnwYQNANbRlZY5USUgda2oysty3BLJTjLJ6s0Ptf6WOmPL2vMRNEG5FqILe3Pi07o=w600-h450-p-k-no
梨梨安,5,2024-05-19,2 年前,"莓果優格
*優格系列口味要慎選 有些配料不太適合搭酸酸的優格，莓果就是很搭又非常好喝的品項 大推",
瘋祈,5,2025-05-19,1 年前,優格超好喝！,https://lh3.googleusercontent.com/grass-cs/ANxoTn06fGQ-v2xVzrvH7YV1f3udNT5cTEkRF_bsU01HsTYtnS2eB4lsjSUwM_JQuxqwEYBzmQoEEx-AhLirE-ktvrxTKEBLnWcCWez9xTr8CYouAGHd-c4FDOA9E_hUXMxkMomNYg8R=w600-h450-p-k-no
WY SETO,5,2025-05-19,1 年前,純茶加小芋圓好喝！女店員們都超漂亮！,
ariel lee,5,2025-05-19,1 年前,"店員觀察很細心，為孕婦建議適合飲品
超棒的服務。",
邱詠涵,5,2024-05-19,2 年前,飲料好喝，環境乾淨！,https://lh3.googleusercontent.com/grass-cs/ANxoTn2xCVPp8aGyTqgXq_BZRXFPXG4CRtuck0upTaGf2-EZGVXZa6Ej0p3BCm92Q9go2bFSQ8W63K7B76_uCPKgVAeP1YZbNqOjGswN1YzR9bFxuiBIrgrkyQji4rEagaKZxVFoNNkl=w600-h450-p-k-no
李烱發,5,2025-05-19,1 年前,"老客人了
因為店名很可愛就進來買
Cis都做得很好 很用心經營的店",
劉慧珍,5,2024-05-19,2 年前,飲料好喝又極富創意，服務人員態度也很好，很推薦大家來買,
丁Baby,5,2024-05-19,2 年前,發發的燕麥真的很棒😍 這次喝抹茶,https://lh3.googleusercontent.com/grass-cs/ANxoTn3wF3X4wqWIiBafDQFYRja0Ux3nYzl9qIDsbVDlL6UKpBrj6o3bSlxBILkyP9Er2KcsOf2t2q99RvmbbBY76Cfq9M_Ndc-_V-JIUP8gpLWHQHIJFUOELKu3h6BgpGgX1iui34Hu3w=w600-h450-p-k-no
Ursula Hsu,5,2024-05-19,2 年前,優格系列滿濃郁好喝，鮮奶茶也不錯，特色飲品路過都會光顧！,
哲哲,5,2025-05-19,1 年前,"喝了超多次
燕麥 紫米 都超好吃
尤其是阿華田優格 超好喝 超級驚艷",
c mais,5,2024-05-19,2 年前,昨天買伯爵茶優格無糖超滿意，今天換朋友推薦的紫米紅豆鮮奶,https://lh3.googleusercontent.com/grass-cs/ANxoTn18Q0zfjucHDm9Om7WxB9xV2SiyhjZ3kgdRrZ2FrXdWtPeB-ErkoSAIgGXsJTrbUOeSrZVpzdpzvHy_YXq-yXIN9tJHCIBN0Mn1KT_lefSarmDiZ6e-ahfaHiFNgLH1OifGiPBLEw=w600-h450-p-k-no
陳韋政,2,2024-05-19,2 年前,"可惡 沒看到有人已經評價了…踩到雷⬇️
鮮奶茶超淡…
既沒有茶味也沒有奶味，珍珠就中規中矩的白珍珠",
JIA HUA YU,5,2025-05-19,1 年前,"店員很親切回答問題
飲料相關問題也回答的很仔細
很推薦皇家焦糖鮮奶茶無糖～",
Kai Tai,5,2025-05-19,1 年前,店員服務一百分 茶飲不澀很順口又香 大推👍👍👍,
Wendy Chen,5,2024-05-19,2 年前,鮮奶茶不甜膩 茶也不會澀 奶味香濃 芋泥小芋圓鮮奶也超好喝料給好多好大方！🫶🏻店員態度親切 棒棒ㄉ …,
咻碰小達人,5,2024-05-19,2 年前,"｜裝潢可愛小店 近期喝到驚艷的鮮奶茶

🥤發發私藏紅茶鮮奶茶
喝起來的是清爽型的鮮奶茶
茶跟奶的味道融合得很好
價錢跟十杯的鮮奶茶差不多
如果有想嚐鮮的話可以來試試看","https://lh3.googleusercontent.com/grass-cs/ANxoTn1s7Th6g5MhYLXXWCMuCS4uDv_80no1XhzmA65fLPNGOMQoadDiQphny_95ToBD_unZk1WOrTIYUic03lMVCsFW_nmNTyn61qHlxWHPN-tFs52T4xAObRfxI0iLExVDmQLZrhuB=w300-h450-p-k-no, https://lh3.googleusercontent.com/grass-cs/ANxoTn2bKFGROXqA4cvdyVpAxNhG6OLovYnFiZorwvi6DbYsaicQPU8H7IczTaDGyzD_zuahgrlp-76Sbz43r95mynYWmhAxi6m7iLh53DObQd5JSVbBOo4ce8G8oRnX46E2Cb8pZjGt=w300-h450-p-k-no"
Tina Chang,5,2024-05-19,2 年前,每次都喝元氣燕麥優格，超級好吃又好喝！喝一次就會愛上！,
cpai 7755,5,2025-05-19,1 年前,周邊做的很可愛，飲料也不錯喝🥺💗,
La Koa,5,2024-05-19,2 年前,"偶然發現的寶藏飲料店
很喜歡這邊的莓果類優格飲，店員親切有禮貌
大推",
Ariel Huang,5,2024-05-19,2 年前,之前就喝過濃芋小芋圓鮮奶，飲料品質讚讚！奇異鳥也很可愛,
Charly,5,2024-05-19,2 年前,"奇異鳥真的太可愛了…衝著鳥跟芋泥來的😍
最近優格飲有在辦試喝真的很讚 …",
Yi Fen Hung,5,2024-05-19,2 年前,濃芋小芋圓鮮奶好好喝❤️❤️,https://lh3.googleusercontent.com/grass-cs/ANxoTn091QjFEPdXB7lN6Av50mWrzFkh0C74y_V0HY9MdNyZ8G3cgW1YcTud_cWhjmHoGHSDCh4-D6_45uWkojBR-DxCBFsFRKfzNpOhrMoKRgHCDcz_u6o0RbYAxsnJSzxkuAphq3c26w=w600-h450-p-k-no
Tzu En Kao,5,2024-05-19,2 年前,東西好喝老闆親切,https://lh3.googleusercontent.com/grass-cs/ANxoTn1Xrbvz_Q1LC9onIcLhGT3psf-FMCBHOZdLK5sE4Yl20w0A6PRZPt7XgQuRWPQp9wtKeFScx3mJUiT_efIapVDFMRH5TmtkmUmWBNavMFW3kvamk5UMB4AD4kne7y3RrN5JJrfg=w600-h450-p-k-no
林亭均,5,2025-05-19,1 年前,"好喝！愛店～
奇異鳥深得我心❤️",
鄭喵露,4,2024-05-19,2 年前,飲料莓果紅茶好喝，無糖就有甜了，一杯65元，以紅茶來說偏高，不過好喝比較重要啦😂😂 …,
Esper Tsao,1,2024-05-19,2 年前,"鮮奶茶+珍珠 非常普
珍珠類似那種夜市無名飲料店的口感 外面軟爛 裡面偏硬
鮮奶茶偏水
非常失望 原本看台中的評價蠻好的說",
LEO,5,2024-05-19,2 年前,鮮奶茶微糖，搭配珍珠甜味剛好，👍,https://lh3.googleusercontent.com/grass-cs/ANxoTn3-XHaDaCSdSWFPOpMFKuXdMlYOgy1n6_-Cl0rJ9E_e5gls3jw2dvnEd6m9wER5xqbqeRWbpZ7dKwT9-g4q6ly2HbVP3DSFYbW5leLoLgSip5vRVtf9hME8AxpTRACI-tFsMhE=w600-h450-p-k-no
Mou Chen,5,2024-05-19,2 年前,可愛好喝的店～,https://lh3.googleusercontent.com/grass-cs/ANxoTn2y5f4Ga-yXsItGi4T8SbQTTXcRZPgLfxhH96wVokxTlkibuppGFYJzWYkM_KEGP75S7IXlTUT5Mo4HvHH8ZH8wtMeHEnnRlhIAd1VjPn_O6KWnrpujdfOmCTo4GkdC1m-zCFdzEw=w600-h450-p-k-no
YT,5,2025-05-19,1 年前,每個月新款都要來喝ദ്ദി ˉ͈̀꒳ˉ͈́ )✧,
???,5,2025-09-19,上次編輯：8 個月前,瓶子可愛，飲料的話…就還好，一般手搖飲。,
shiuan Lee,5,2024-05-19,2 年前,每週必訪的飲料店✨🥰😍,https://lh3.googleusercontent.com/grass-cs/ANxoTn1IoEOTyX6UttFD6xvTJRqrxc3_KEvi9ijFSXSDy_7nCrfAWdec28kCearlLGJe77icNZ7Dcb7Bs8b9PZS5VkhWvr9c7zIp90s2NcEp2xWq3g1gLzHzjhmr1z8PWQNzqniAuB2O=w600-h450-p-k-no
Dorothy Wu,5,2024-05-19,2 年前,口味都很特別，店員人很好還會給新品試喝，環境可愛,
Kelly Huang,5,2024-05-19,2 年前,"建議第一次來的人可以點最基本的燕麥優格～真的很好喝
店員態度也都很好，也都不會等太久
來這邊消費很開心✨",
Elex,5,2025-05-19,1 年前,優格適合給盤子喝🥤,"https://lh3.googleusercontent.com/grass-cs/ANxoTn1yZ_Xb8n4E96MTx6YZFctppuewSl2Q7Zt-XqmRY8CrrmUwZ9ogLlB71kXFJxMfm3aPJejjcU4qO7-ASIUgRtGfxaItt-I-NKKWC3hrl4R7Bh4bg0nE_kJu3IGp6xmMVgO-1Jrh_g=w300-h450-p-k-no, https://lh3.googleusercontent.com/grass-cs/ANxoTn35xd_3Yx3poHYryhgYGkSTwA94V3vj-mrm5OdpgWpAbNaeLt0FP336jw9OX4GRCgQCMzNiKC34HlzLXXTJnWBo2xVmsXPeHPsY4En5kmokv8gwgiET1rk-pF5jDfWlHT-F-xjF=w300-h450-p-k-no"
趙.,5,2024-05-19,2 年前,超級好喝！ 店員也都超友善，會因為店員的友善想來喝的那種程度,
st50134,2,2024-05-19,2 年前,我點伯爵茶優格，但回到家才發現給的是紫米紅豆優格，感覺不太好。,
黃柏瑞,5,2025-05-19,1 年前,"優格好喝
鮮奶茶類也不錯
學生證有九折",
Stephanie Yu,5,2024-05-19,2 年前,覺得奇異鳥的各種周邊都很可愛！之前兩次來店員都很親切：）,
施亦靜,5,2024-05-19,2 年前,想喝很久了，今天第一次嘗試！飲料濃郁，服務員很親切🤩 …,
Chi,1,2024-05-19,2 年前,"雖然店員動作很快
但味道真的超級淡
比早餐店奶茶味道還淡
不會再去第二次
推隔壁家大茗👍🏻",
심정훤,5,2024-05-19,2 年前,可愛又好喝♡,"https://lh3.googleusercontent.com/grass-cs/ANxoTn0-lV7IrDZIylS2qCJVN-3YLMQphZ_EJfdJ5U0lJBO0MOTJEaXAr7VwC_G3J9SGeolD_uzZK3f2XpcbajEHXvRNR9OwzFHJhtLiumEJgPy_k8lirQsDHy4OYiFY12HshdeEOmG_=w300-h225-p-k-no, https://lh3.googleusercontent.com/grass-cs/ANxoTn3h6nCIcjTCBQqN0M9OpQmvtGhOXq1A9TxgDOY6KJyl5mZKUDjY2wJhA-TOP0Clljh70H6XY5SoDLGrKwHZOKFr8SNQUp0A1JrWwTgdmalVnuQ8N8RUmnV-COPn0bu3eyHrzbLd=w300-h225-p-k-no, https://lh3.googleusercontent.com/grass-cs/ANxoTn0jlBqH1Qv4X9YkkJtmvOPbEE-xCzyCSUoqoKJZNxrLqcRFQYLbl9d5Bfay9iygPK7jkrjIWM3C57FVohFBqsvAatMH6kguVhs9E6pJXWbR9flD4XhaPtThW13wQ2IcZIULe__b=w300-h225-p-k-no, https://lh3.googleusercontent.com/grass-cs/ANxoTn1qwdz_7iHPpVRBatAIDmW_cNF4gZpJ1xV1EqfG5AlbyyToiTW8Ao0PESp56jR7YV3or1nrwiK4wv45b7NlrUjQv3ixkGXl1LVlA6bpH4eBO0J9eXlyVlW7GoLNmeUeQnKou2q-Zw=w300-h225-p-k-no"
張意玟,5,2024-05-19,2 年前,優格系列推推！奇異鳥飲料袋超可愛！店內裝潢也很好拍～,"https://lh3.googleusercontent.com/grass-cs/ANxoTn3vAGn5NP-J135wFzm-0WB4zPAqNcZdMDcFVYVU5JrQIMEzQy0FIMepv5DYq9XlvetSs7DNQlFuDM8zuJ1kqs6cA7tp18TE4YsPF2LNiji-pvgyMQT6KoywIloYxgi9vXDqK8Jwew=w300-h225-p-k-no, https://lh3.googleusercontent.com/grass-cs/ANxoTn2S0-AHEUk6MemiL55SZnRRbW2IFkbX9LplK5qeZgrbtzQmqm4CL2vZyYqT3C-26ZyK09ZsexUeXRFunmFwUOrtH5z74IszrB4ShZU3K75kWQ4HtMj46j7qN33HQOy1FFfD75U=w300-h225-p-k-no, https://lh3.googleusercontent.com/grass-cs/ANxoTn15aejzmPBT-IGplY8evxB1qgNj_StKHpSLDZDpjc_AYuy22SkRAMcxGwVqqLcPxADZMTEn8m84SCJZXxFiX9unDt4fmYvEYJiJhtP4NnFer7WjERNQUUSHV_sdrrd1i3Zp8fdi7Q=w300-h225-p-k-no, https://lh3.googleusercontent.com/grass-cs/ANxoTn34GpKIbG6AsKE-AyVZzhS9vImHfRuYia04n_S1dVSZtEHdnpKqy8RW8JYPoQw77TG-JvMyRAsb9xIEZOEyuh1j1vHd-sGAL4F99zaiwqqdxmr76fEi6sEFQUj3X1fzn8SD192S=w300-h225-p-k-no"
Wei Li,1,2025-05-19,1 年前,踩雷，皇家焦糖鮮奶茶沒焦糖香，也不像鮮奶茶，像早餐店奶茶….. 很貴不推,
Stanley Lee,5,2024-05-19,2 年前,"很開心公館也開一家分店！
優格系列真的很好喝",
hughes lai,2,2024-05-19,2 年前,喝起來水水的，請加油～,https://lh3.googleusercontent.com/grass-cs/ANxoTn0OtDrK82RnSPds3O8hRVhuDGvuACd085ka6QhRvCJ0Lc_D2Jjz3BzFItLTOAxLJFkyoTWrLlG5pT1pKrLOAo2feUi-QKSGIhMv7afR5__lS6pvwJb6fk0VrpvT5D6vjpEvExOMKg=w600-h450-p-k-no
鴨鴨,3,2024-05-19,2 年前,"草莓優格很好喝
但阿華田優格太難喝了
味道真的很詭異...",
采儒,5,2025-05-19,1 年前,回購過超多次 優格飲真的超清爽超好喝❤️,
Corey Pai,5,2024-05-19,2 年前,"品質優良又好喝
服務也很讚
有經過都會帶一杯",
Wendy,5,2024-05-19,2 年前,喝得到莓果的優格飲 很好喝！,https://lh3.googleusercontent.com/grass-cs/ANxoTn3rDRXwqGpqr_W2VM4CwnqH-sBRNrECftSxEKkofu6Gd15_Jn_ebrbiUsQaMSWNtu7jPpzpOML6U0hjFmK946bCicjtquRwKn1JXq_rcEvJzvfyBVdH7XUbcrmljD4E_Wpj1hTR=w600-h450-p-k-no
派奇,5,2024-05-19,2 年前,試喝的優格很好喝！等下次來會想點！：D,
康敏萱,5,2025-05-19,1 年前,第一次買發發，外帶伯爵茶優格，非常好喝😋 …,https://lh3.googleusercontent.com/grass-cs/ANxoTn1r2a-wqb4T7Avpii4xkizQycgjy3uH_wEdfVUoc2cw_lbXlZ1njTgPbCJ5nClCUuzC8GPoA6lOk7X_un0sKdA9ti99pjjkCXBansGugGMlj5B9MnzdXIHScUjbgRgGhgo-DoGV=w600-h450-p-k-no
郭彤軒,5,2025-05-19,1 年前,很棒的是拿學生證有打折好開心,
AC,5,2025-05-19,1 年前,金萱好喝～～～發發吉祥物也好可愛！,
千涵,5,2025-05-19,1 年前,奇異鳥很可愛！店員小姐姐也很親切=v=,
林宜亭,5,2024-05-19,2 年前,"喝很多次 仙女燕麥穀粒鮮奶 了
每次都點去冰一分糖
很好喝！",
鴨尾（Yawei）,5,2024-05-19,2 年前,"可愛粉紅色奇異果鳥鳥
店員很可愛，服務也很好

喜歡的話，歡迎多多支持他們唷",https://lh3.googleusercontent.com/grass-cs/ANxoTn28B3CoqgFZvBpHLqVIszhvWcA3neSBaRei6c-I5bSDvYG0zo0Bv_EAPqP4YvAGXQSZhD-ALHlPXrTJIhsf8fmiiMrKQxFi43_vTpcMigSb_SAjSXMtAA5cw7h9-20SxRuwNdFWSw=w600-h450-p-k-no
嘉龍,1,2025-11-19,6 個月前,奶茶超級淡😅,
TinYo,5,2024-05-19,2 年前,"優格飲品很特別，喝起來很不錯！
周邊商品可愛～",
小郭,5,2024-05-19,2 年前,莓果派對好好喝！！,https://lh3.googleusercontent.com/grass-cs/ANxoTn13ZEZIs2PMfkHjkrhPnFQx18uvvRqOrsasHcoinU5AVFNH_Bac5552d9V1puDgU8JGY3ypKbxvhpooL-hB1j0Puu9o_yp-UJ1v0Ron5LdQ4fz07bw0mlE-xsu_pdC6pu1I5jD70g=w600-h450-p-k-no
荳荳,5,2024-05-19,2 年前,"嚐鮮莓果派對優格 雖然價格比較高
但是喝得出來真材實料 蠻好喝的！",
蔡維哲,5,2024-05-19,2 年前,"服務態度極佳，人多也沒有等太久！
莓果優格酸甜適中，家中兩個小小孩都喜歡！",
H Hsu,5,2024-05-19,2 年前,優格好喝 杯子很可愛,https://lh3.googleusercontent.com/grass-cs/ANxoTn2o8E8yM7Hf2It0h6Wt3iXSEtFJoyIl-232v5pMJqeKEODUM9YRoa1J4lxyfqBQ2lnlb0-XK9j6Dc2BGJ9FyW-a40EV53_ysrTY63gre-w_tpxS-3EpdyXoPQGldxh9QlUYGmFO=w600-h450-p-k-no
楓葉,1,2025-05-19,1 年前,焦糖海鹽優格 喝起來就跟喝一般優格一樣味道,
瑞秋,5,2024-05-19,2 年前,"一試喝完就愛上了～～
是說價錢有一點高就是了",
J L,5,2024-05-19,2 年前,"發發家的飲料都很好喝
奇異鳥真的超級可愛的😭😭😭😭😭",
Ashley,5,2024-05-19,2 年前,優格飲好喝不甜膩，店員親切，包裝也很可愛。,
瓜瓜,5,2024-05-19,2 年前,奇異鳥超可愛的！！！路過就停下來買飲料來喝喝看了,
夢,5,2025-05-19,1 年前,東西都超可愛，飲料也超好喝,
sunny chen,5,2024-05-19,2 年前,超級讚的飲料！錦上添花的是店員還態度超好，最喜歡的飲料店～,
TZ H,5,2024-05-19,2 年前,環境很好、店員人也很好,https://lh3.googleusercontent.com/grass-cs/ANxoTn0h-TlVz1eKKGCbVzxTnzKjJxbcZKt2qtTrkPjfk5lTtyOm0SsDIVoKEmttGmuQp-451TpoEvxBmTpGl5jCCSY1In8Slf0PuLCcBzbiEL_rHlh5GkrUNTJ5-_m78qXV9YcFXL80=w600-h450-p-k-no
朱可軒,5,2024-05-19,2 年前,"超可愛的奇異鳥鳥！周邊也超級可愛！
藍莓優格很好喝",https://lh3.googleusercontent.com/grass-cs/ANxoTn1X35svY8-fsR1aeDaz1WKl8Vth-D-a7m-5DTSn7i2uDsztWfnsmxvg-9Bf8A210nohlx8w3ZkZWxQMwyLXowH_sXGwGRl6XgnsgFze4QjALP6EdP8GK2bq3qx0EStSlqExMYo=w600-h450-p-k-no
林鎧言,5,2024-05-19,2 年前,好喝！尤其是桑椹口味，已經買好多次了～,
曾韻安,5,2024-05-19,2 年前,"店員都人很好，優格也很好喝！
推推伯爵茶優格跟抹茶優格❤️",
U C.,5,2024-05-19,2 年前,"特別喜歡他們家的燕麥！
店員親切可愛，連幸運物都可愛得不得了～推爆",
鄭亦甫,5,2025-05-19,1 年前,好喝優格飲，值得推薦！,
Chun-An Kuo,5,2024-05-19,2 年前,"好喝的藍莓優格
可愛的奇異鳥吉祥物
親切的服務❤️","https://lh3.googleusercontent.com/grass-cs/ANxoTn0OndjwJn5jqSVcJUGRzvQzyBwGG0NCA8bBwXMP04WZvP26Dbz2O5SmW4HUMSCnSPXPM3CPquOSIwfIBoDpk7PuAShnGbuQy6QaNL661U2DzdALIxPLgTf2wGcdShCBYEjvElgRkw=w300-h450-p-k-no, https://lh3.googleusercontent.com/grass-cs/ANxoTn3OWrSppP66w6MOc5GYw_Ruj7JkY02QtO2kpRHM-GdsN8-IytE17asU5lAmQDW8w1xfKDkUqX4kM1xUKOrF6bIi5jJp1zAc0BjVt3siwo6zBsnxwNMhx266g_PPWt0-HrFUBrrL=w300-h225-p-k-no, https://lh3.googleusercontent.com/grass-cs/ANxoTn1nep_A16VxviiJTGTBMbHaY0Df868CWMl7zg_1ZnJtviV3VhjND12nNWahk_nnWVAkyKZpNfVx5mueW78aof4IYmjJCIuc_5AxRPl_tpDWOp-yEzp4wALYudqEGhyPyCo99ILiQg=w300-h225-p-k-no"
Emerald Liou,5,2024-05-19,2 年前,"優格愛店終於不用跑很遠買發發了
公館店開幕後差點每天都買一杯",
YUAN Chung,5,2024-05-19,2 年前,路過看到超可愛店面，有優格飲料，很特別,"https://lh3.googleusercontent.com/grass-cs/ANxoTn0mLv9hGg0uKV4p2QFWwtzyamlbbsDR_oBsH_u48nwlALqZEhXR5LAziRPIAmq5PDwrVUvsLLvANM-VfkQn9XwHS8RFjypiftAhWAJljn053rjt77uCF8pBUlVjJGyIqqE5dWSf6g=w300-h225-p-k-no, https://lh3.googleusercontent.com/grass-cs/ANxoTn3WYvEOPOjrFD7xKO4Ee8cYkmHdaYmHLiXlwpSW1dwg6lLjFy07b5dhjXkvXX9nrWdJDAhYjVWA0K-0Pyzh6AfIaJi0Nd800cCqJl2dgXQoY2LBxzEv4y-a3u66nEtn7k00HQ=w300-h225-p-k-no, https://lh3.googleusercontent.com/grass-cs/ANxoTn1uZP8KH2r0G3YqVHDnXOq3T3wytrPScV7lyX9lqMkIKuhqxRjsKMnboRLqsscESA0bWsaQJgg58tLkFZXcu0r6rHScA8eh_Idx6jhuCdpLTXmvFZ-gDOGQQ25niul-KwJP0fi6sQ=w300-h225-p-k-no, https://lh3.googleusercontent.com/grass-cs/ANxoTn0fSQywUm5S3N6BYM-kIxhe9U478PwViwOAfrl5ra2Lgl-KEydltsWB1OAEUWiXi0LcdA-zSDXbbjYvVp0cpyoxdR8iDBYYLbuc2EO5RENwkBFi5yYfJteM7gXt_jWa9qWw4Bg=w300-h225-p-k-no"
林昀霆,5,2024-05-19,2 年前,點了梅果派對，超級好喝的優酪乳，心情不好的時候來一杯都好了,
林庭伃,5,2025-05-19,1 年前,伯爵茶優格好喝,https://lh3.googleusercontent.com/grass-cs/ANxoTn08dQJE7ZP5TicpOPA3zbceB8a-s1yN_Q-CRcSwFeJrnCAVwVyODi0hHTWArOMQQN3IOkhOaQPjthgBt61M-2GDH4vINvOFagE8JYqGZyHAM3_5coDks65hqQ234CN2LVh6056G2Q=w600-h450-p-k-no
Oma Huang (制服),5,2025-05-19,1 年前,發發鳥很可愛 飲料也好喝☺️,
Emerson Jan,5,2024-05-19,2 年前,"奇異鳥很可愛！
優格系列也都很好喝",https://lh3.googleusercontent.com/grass-cs/ANxoTn1AbGjPRqfz6fcC4c3uQ7ekoePCdfjgGrcOJ1ey1ObJGxMivmKzdvA0j8EooquxT7Yw5PLsyWD6IWBOAf1a6uBPF0vW0bgjNQg59ei0WJbQn3EUNJFxFdYGux734oP2Xu0pfWN3oQ=w600-h450-p-k-no
神秘人,5,2024-05-19,2 年前,今天結帳的店員很漂亮，妝容很精緻，讓我心情很好🥰,
S Chu,5,2024-05-19,2 年前,"玫瑰鮮奶茶不錯，水果優格好喝
奇異鳥資料夾好可愛ㄚ",
Nina Hung,5,2024-05-19,2 年前,回購第三次 每次來每次喝 很少有手搖飲做優格系列,
Albee Chan,5,2024-05-19,2 年前,濃芋小芋圓鮮奶超好喝，建議微冰或少冰～,
James Chang,5,2025-09-19,8 個月前,店員好帥態度超好,
林姿綺@go.thu,5,2024-05-19,2 年前,"超可愛的店！
剛好路過 直接被吸進來
店員也很可愛❤️❤️❤️",
li Li,5,2024-05-19,2 年前,飲料超好喝，就算排隊依然速度很快，沒有故意拖杯的情形，公館最好喝飲料店！,
Hu HsunMing,5,2024-05-19,2 年前,嚐鮮鐵觀音鮮奶茶！,https://lh3.googleusercontent.com/grass-cs/ANxoTn1cuu9hfPrQqfELdAJksXUR9vmqJdTtmC8kAtydtmdZDPYlRCSUFC5WHsVULat2ZGYDeDSEmYenJq13_4GXk6VQm9Wp0R1acBlXbUf2r27xeYEWUSLqt23CLStARJqQF6f7WwXNvw=w600-h450-p-k-no
葉佩雯,5,2024-05-19,2 年前,包裝設計很可愛，整體的店內環境也很簡約可愛，讓我覺得很舒適,
Carol Chung,2,2025-05-19,1 年前,茶香被奶味完全蓋住了@@ 熱的十分燙口,
Hilary H,5,2024-05-19,上次編輯：2 年前,"發發奇異鳥超可愛～～衝著資料夾來的😍
啊飲料 也好喝😙👍🏻 …",
劉語彤,5,2024-05-19,2 年前,店員服務態度良好 還有試喝的優格 五星好評！,
Aaaaii,5,2024-05-19,2 年前,雖然主打優格，但珍珠鮮奶茶也很好喝不馬虎！,
Yuan-Yu Huang,5,2025-05-19,1 年前,Kiwi bird太可愛✨🥝✨ …,https://lh3.googleusercontent.com/grass-cs/ANxoTn1Q8-ojY3xtgI68ntzXgD8aJuYRjBQav1DbC_zJGl22IzBfAW_NxnLqvHM1enWvu-J1QlSuUGbzpGEf1cBOSA0ymi2Q1Rc3bRmJBDbg7jlqMT3YXDyH909wEjw-3I6nZK1Iutk6=w600-h450-p-k-no
徐少筑,5,2024-05-19,2 年前,"服務超讚！！店員很親切
超推燕麥穀粒系列～超好喝💗💗 …",
藍柔安,5,2024-05-19,2 年前,"被可愛的奇異鳥吸引🥝
優格系列很好喝 大推推",https://lh3.googleusercontent.com/grass-cs/ANxoTn3abpOgyyDW2DsnmnfIiLrib1AcNjwHqsEgIbEVC7EGANx6ocPMjQTh6xM39jQRh-_mpL1FdqOFZRszOViU1Mkh7T8kuZAcvY2gHlEYyH0pUDjkRO6fuY56Fhchu7Y4K7FY4E0w6Q=w600-h450-p-k-no
Yun,3,2024-05-19,2 年前,"身為鮮奶茶派的可以路過！
如果喜歡喝優格的可以試試看！",https://lh3.googleusercontent.com/grass-cs/ANxoTn0HC2JM5NwNRxOrc5L-pCPDSV4pj9GYDlmSzYfAqVPByA7XMM9X0_JuuAcYgjfAuBhAy6RNrJBrQGEInCJa5eLeS6LFwDo2pgSnylsrqkjXUpPNc78zlEjKwDjjzNA53Gz7vWM9=w600-h450-p-k-no
Min Chen,5,2024-05-19,2 年前,優格類都好好喝……店員人也都很好！,
Chen宇,5,2024-05-19,2 年前,看到千千頻道來嚐鮮！女店員很親切～飲料也好喝☺️,
小矮人寶魚,5,2024-05-19,2 年前,超級可愛，飲料也好喝，下次還要來喝,
Kai-Ching Huang,5,2024-05-19,2 年前,裝潢超級可愛的，飲料品項有很多特別的優格~,"https://lh3.googleusercontent.com/grass-cs/ANxoTn0UusBBBfU9tbfEeTvF6SF7Kg8tYa5DqT-VvotkL27Z3cmg7Ly_jsayJH5D5NfY1nw-rPkWvG8FwupAtGKDhZ6XFV26Nizs3OlWE-5LKG6X7j4qOwBznLOB_EKq1ycRe_L8qfjX=w300-h450-p-k-no, https://lh3.googleusercontent.com/grass-cs/ANxoTn0wKw7Zq5hj83-wqYH0a-N84Sh31pF2PLDA8IGxSXTTvvCmVuu3GByUPLbFmM61YizWFey2Ev_XsCRWXiA1q70BUp_XAzbBpuXpHot4x7wXxjXmYfBazPgYoOJxbbCPQSgs5eEkyg=w300-h450-p-k-no"
李晶玉,5,2024-05-19,2 年前,很喜歡店內裝潢 優格系列很好喝❤️,
Yuchi,5,2024-05-19,2 年前,值得五星好評的一間店！店員親切，飲料好喝👍,
Jessica Lin,5,2024-05-19,2 年前,店員服務態度很好❤️❤️❤️,"https://lh3.googleusercontent.com/grass-cs/ANxoTn0mf3jJAshWztcX1I1tuOYD3x3bGGcN8HcxwADpAdAWqSi8EfvI1fO8BqPKEW1Hns87ND94filkcyiPwaBV-MoS3Qf7bZEzfnNH6wN2Bvi9EPWBN26VZoiRwJvfXmvEIM1N9YBF=w300-h450-p-k-no, https://lh3.googleusercontent.com/grass-cs/ANxoTn1YVK43o_dmH0WAy-fojJ5rfcpuMCYvPSyBlGE9GfpqAAhfFl30uN28ncA2TuemI-FV2fqBmOmkip3lKLCv1-AGIUlIwDCho-NvEkWLmxOfJHrx3360w7N80J0ny9qQNdae16f_=w300-h450-p-k-no"
李明晟,5,2024-05-19,2 年前,店員態度和善，服務優質，飲料好喝，很棒的購物體驗！,
薇,5,2024-05-19,2 年前,穀粒鮮奶茶超好喝😻每次都點 發發鳥超口愛,
Jimmy Yen,5,2024-05-19,2 年前,超可愛的飲料店終於來公館啦，女友超愛，大家快來！,https://lh3.googleusercontent.com/grass-cs/ANxoTn1UVVHO6JuPn90ozfXgpQQ3CNdpTxmvmwmOcCKqJ4yBtSmH9LqujxNmKhnbv1RpFdtBasYScNv6oERSwnfIO751NCKx6vnUhZdMWPU6PHCc_XhCum1TNA5AEjVhzsiB15umUrb1=w600-h450-p-k-no
Lisa Kao,5,2024-05-19,2 年前,"清新可愛的一間店
飲料也還不錯，推推",
emma,5,2024-05-19,2 年前,優格飲好喝～店員很親切讓我們試喝,
amy wei,5,2024-05-19,2 年前,優格好好喝～奇異鳥可愛(๑•̀ㅁ•́ฅ),https://lh3.googleusercontent.com/grass-cs/ANxoTn0roSvwrLiLItgHfCz-RswvygWGE32PzLv3GvwvUxNOYDXiOx3eOyrwuFOzJAAf-G5SxSfR0QBrfO_f1tkwaPZim9erdaveItlAYcCZeDbYgkkKpq2GxSoBs9bVXfzgeJhQ81ac=w600-h450-p-k-no
張育慈,5,2024-05-19,2 年前,優格好喝 店面很可愛(ฅ´ω`ฅ),
黃淑慎,5,2025-05-19,1 年前,"很好喝
服務小姐漂亮又親切",
消配零,5,2025-05-19,1 年前,優格好喝！,https://lh3.googleusercontent.com/grass-cs/ANxoTn2jjjHxJGg24_-db9bz_2EAf-4-pz6xiyNI8_enK3it_WWKTyic-_A4R7Yp0ugdbXhxfCRWPl_JvBdTdSLo_ICjvn6UAUXxvj88LrExGLPho4TWJ9DsssjTwDtrYBKiWuVAw0oLiQ=w600-h450-p-k-no
Elaine Kao,5,2024-05-19,2 年前,優格還蠻好喝的～～圖案很可愛😍,https://lh3.googleusercontent.com/grass-cs/ANxoTn1Z_ooLkePj7DVWUarqZe34qoS216wlPM8eVbgLDBZALs74UtrnjH6qsWcOWqxNnZBXdOrXIsuSLh7X7-L4p0B2FMON2cPjVdTUoW3QRUw5dpsy9sq6MZ5ywFcD9wrhL1jCc7sL=w600-h450-p-k-no
Kuo丞君,5,2024-05-19,2 年前,飲料好喝 店員很親切 會再次關顧 奇異鳥好可愛😍 …,
Ava Wu (우자선),5,2024-05-19,2 年前,"店員非常的親切
飲料也很好喝
裝潢超級可愛的❤️❤️","https://lh3.googleusercontent.com/grass-cs/ANxoTn2NwZd_ZwA4AhYVemJEazrYcIHan49Z2T7PgIggYt6w0l_xXKChxEvwVQcqXZYRpGr7CeJUhNXtvVxSUvTggk_RqkjGdRMP5Eu9NapEeJ9wa_rXcNAF4P-2VazpK3oJe10vovY6=w300-h225-p-k-no, https://lh3.googleusercontent.com/grass-cs/ANxoTn2j3ugTjqOVPHNJJ-kX6_XgyUizGrLZpmceUIiJG2mk4EPW0A2gwcWmO23K2Ip8gd0ivu3q_DYWI7nDVfgwg9B-Hzf05cTEVmcP9CpV0QOHVwWZDERnsvuqjCsRmxi_qmr84oq6bA=w300-h225-p-k-no, https://lh3.googleusercontent.com/grass-cs/ANxoTn2EAFOP15zfKGt_F7EWPdBc7EOHapyWy0PduWmEwG9GFUhUJBHUm1xxn_hyG8hUU-ltywyC9P8ElEXjIyTgfTZ7AKQyECoTd3NrkuK2Vi6w1IphVuBxnZq1q2gVQV0WkvTCUaHO=w300-h225-p-k-no, https://lh3.googleusercontent.com/grass-cs/ANxoTn2opqvixNox2lWcQUnMV9BA8Tl96-brExNh2e2K6XeNdbD-YofSZaY4PEupO0OnXQ8DyJ2zP7WZ1mTwCex6KdYuKebawaf0vm8fudDvAe1P3LfF3WNBZP_JGt7AH1GWN7PHDgaCNA=w300-h225-p-k-no"
Wu Portia,5,2024-05-19,2 年前,終於在公館看到發發啦，優格飲超好喝,
Louis Chen,5,2024-05-19,2 年前,店員很可愛，而且有試喝😍 店家充斥著各種可愛的元素😍😍 …,
mandy,5,2024-05-19,2 年前,"店員超級親切，態度良好
飲品品質優良
梅果派對好喝！😍 …",
TSAI HSIN,5,2024-05-19,2 年前,"喝過很多次發發！
珍珠很Q～鮮奶茶好喝",
劉家瑞,5,2024-05-19,2 年前,連兩個月抽到新品試喝，感覺很好,
lovejess520,5,2024-05-19,2 年前,芋頭很濃郁好喝！優格系列也很棒,
Yi Wan,5,2024-05-19,2 年前,特色是優格飲料，但茶也很好喝ㄛ！！！,
李欣潔,5,2025-05-19,1 年前,來試試新品❤️,https://lh3.googleusercontent.com/grass-cs/ANxoTn3BDYb2b4O9uPGRXX7YA6fZ1C2zPwOTJ6ckMpArtS8nNWKgUCBy9WAwLwINv2yOU-DeJ8E_5T14Xu0XjD2iotuEijPqvrIstszbsrXRMMJ7F5aA2wP_ctA5dTOhfhKTDcyQ_WXq=w600-h450-p-k-no
李姵萱,5,2024-05-19,2 年前,奇異鳥好可愛喔 地板上還有羽毛欸！,
Sharon RT Huang,5,2024-05-19,2 年前,飲料不錯喝～然後招牌吉祥物超級可愛,
朱尚澄,5,2024-05-19,2 年前,超好喝服務親切,https://lh3.googleusercontent.com/grass-cs/ANxoTn09BY24oQY-VbYZJ08v0kwhj-iilYK8_ODwsnYACkgxhwIACUOk8TmZRc3IH6n6OWsgLdeJddDXbpp9ovIJ08frX1fc0bNp3x1r_sSBTPFJ_cvArLC7wOT5i1c4Gm_FJerw0Lpnyw=w600-h450-p-k-no
高賀瑾,5,2024-05-19,2 年前,很可愛又很好喝⭐️⭐️⭐️⭐️⭐️,https://lh3.googleusercontent.com/grass-cs/ANxoTn0q4QE-lwuFHErRWsoWkeLrX-1EDH74hzdTUCTIgXOev5sJIDsNCVbwEk2APPBU7Zwy71nXULW49LE1xzQj7szRIfNaxPtddNHz2etKPUg_6nTQVSkL0okS3sEUy03cRRXe0tFM=w600-h450-p-k-no
葉昀錡,5,2024-05-19,2 年前,"店面周邊好可愛！
濃芋小芋圓鮮奶好喝！",
林芳伶,4,2024-05-19,2 年前,"發發太可愛了，旁邊的裝潢很好拍
但飲料普通，抱歉了","https://lh3.googleusercontent.com/grass-cs/ANxoTn0pGk-9sLP50opQyzzOmfCRcqMAbMHphlaJxiw8Mc7zQEB1iwM9Me-Owk8Kob39sOl65sTSGmpX8c6CQNyHSOAEdU0xYtEXTt8P7YPC2FMkDeF8AUwJ2Wkj4V9bkLmJ-ScBrh_I=w300-h450-p-k-no, https://lh3.googleusercontent.com/grass-cs/ANxoTn3nJhKSDZ0O1wAx5Fn2PWn7ul9DVggTef49p7KbuTh1djC6woluuMc1v8ccgKM1arsEGMfD3VtCM8TtHhIVHso2HwbzPnG5fRBTts8JLJu4IuMG8HVxQFuNPblJC5yC5yMb8U3SmA=w300-h450-p-k-no"
佳嬪,5,2024-05-19,2 年前,"很少喝手搖
發發是少見會想要一直喝的飲料☺️👍 …",
Ming chan Tsai,5,2024-05-19,2 年前,優格類的都非常好喝 ，非常推莓果派對優格！,
Léa Ho,5,2024-05-19,2 年前,優格都超好喝，店員也很nice,
李珮瑜,5,2024-05-19,2 年前,好可愛！ 試喝莓果派對優格很好喝！,
Ryley Ryan,5,2024-05-19,2 年前,女王玫瑰鮮奶茶不會太花香，奇異鳥超可愛😞💓,
謝硯宇,5,2024-05-19,2 年前,粉紅柚柚優格超好喝，店員態度也很友善👍 …,
莊凱卉,5,2024-05-19,2 年前,店員很親切，小店面很漂亮，而且奇異鳥超可愛啦😍 …,
胡胡胡,5,2025-05-19,1 年前,店員態度很好👍🏻飲料也好喝好喝！！,
葉信廷,5,2025-05-19,1 年前,"常常喝！
優格系列真的超讚",
shiuan,5,2025-05-19,1 年前,店員備餐速度快 學生證還有優惠 推推,
謝孟潔,5,2024-05-19,2 年前,店員親切 戀戀莓果紅茶甜冰固定 蠻好喝的✨,
冰寂,1,2024-05-19,2 年前,珍珠軟爛，奶茶無味,https://lh3.googleusercontent.com/grass-cs/ANxoTn3hbbyZMYe3u2mrdZsdMAHOjqu26oyESA-iEcJmSgrs_HEtdl457Z2gltxGHuDyH19OqWMj5SICHgHLalPg9UEHjIauVjRNmxnrjV0P8ULUnKxT7c5EUEGwn4fGzPoR5VZUZxX0bw=w600-h450-p-k-no
Chen K,5,2024-05-19,2 年前,最愛芝麻優格😊😊😊,"https://lh3.googleusercontent.com/grass-cs/ANxoTn3_dxt1s3rNEVxI8qZa-bpuhgzRGl6XQyxnk7-j_Mk8fGFhDCmyQZlX8GqX3MIeltlZW8QkJEUowYG0pGNS3m0VvydjG-1-hTiAZbOL72UkRtmgvFFpTF-kjtbdyu-vlbjg3Vs=w300-h450-p-k-no, https://lh3.googleusercontent.com/grass-cs/ANxoTn2YXGLqip4rgaGPkTnvsPA2vDahplFkRsmwuqZL0qLYWTANlUfJPRe-ljrvQyvVI8iCUw4Brou7_0NkJyA85FZkbYEafMRzSafWTiS6b3k8OHEjFAcaM-xdT5Nl8lAknqJIQBPV=w300-h225-p-k-no, https://lh3.googleusercontent.com/grass-cs/ANxoTn3SP52FwEk-L0Qa7enkke9aQJes4rF7FBDQ1ybKyBVcaPnHDnaFTA6uJlZ6EqnLC7d0IjN1Snxq6o35QnhCQioNCpgHbNaE1DjH5EuSVwoOAWc4sNO_t1n7017ocn-E8PKSIazC=w300-h225-p-k-no"
Pei-hsuan Hsu,5,2024-05-19,2 年前,"店內很多奇異鳥擺設 相當可愛
奶茶也很好喝",
陳靖,5,2024-05-19,2 年前,奇異鳥好可愛！飲料也很特別～～,
appple “小波”,5,2024-05-19,2 年前,"可愛奇異鳥
發發初體驗",https://lh3.googleusercontent.com/grass-cs/ANxoTn0KA-pEKi7Cgq50v25_TNaxnPl5QwLwBSNCZie55bGrCXlmAyKSqjtfrucOcOMfQjdAoPpzF62zysBEQZ3Or0ecJepLptmGZQkK9QCKPP0ltvAVXkyYIKlpEsHF4B6-kdDfjbWa=w600-h450-p-k-no
ka pou cheong,5,2024-05-19,2 年前,好喝又可愛的優格😍😍 …,
Lu King,5,2025-05-19,1 年前,有點甜但跟優格搭剛剛好,
葉九,1,2024-05-19,2 年前,點了最貴的品項，但醜女不配擁有試喝，差評,
林柏翰,5,2024-05-19,2 年前,"東西可愛 飲料好喝！
補班日非常適合喝！",
Sylvia Li,5,2024-05-19,2 年前,店員溫柔又友善，裝潢好可愛！！！想再來~,"https://lh3.googleusercontent.com/grass-cs/ANxoTn0xV_hFJldwMLWPxicwy_GPjGu4CMzxu2q4zCKp5ZVU5J_W3Va5tXpQUFhy2OfOqpsErhheaZuy7cinwlavDCFQsRNEZvGEXHbGoselomHN_BwXmK-FjR0otd4eVZ4QYBLYAxs=w300-h450-p-k-no, https://lh3.googleusercontent.com/grass-cs/ANxoTn1D4L4OO3T5yTGLVcQuEyy5d0dAjUP5LtSYjbStRJw8O63R2VZf8IJ68UVRuUiN8rLy7mUZgaNWc6kR4NVHOeIGc1kd9l17ZJMz3DiATSH6stjvWIekLhPC6kjGCwGy-6toiiC5=w300-h450-p-k-no"
陳鯊鯊游玩,5,2024-05-19,2 年前,吉祥物很可愛～,"https://lh3.googleusercontent.com/grass-cs/ANxoTn34mOX--UAdiPh3hhrq9gameAjd2UOLrB4UXEN18F0oElYYIwu_drplfEa3IW97TgCfhkYL8WLJSoHQqv7iHS6TvzlnM3KX17AjWh9ENS1Vd59PQIkh1gWrHv92TtL061JX5EXE=w300-h225-p-k-no, https://lh3.googleusercontent.com/grass-cs/ANxoTn0D4EnoKvA10s_-5eRwvdAJL82TjJH41aUgcvQ6R-p0mutHtEizr8mHaGm-EZmNrnohqEAti4ZgWBoUaSkLKkXa2JBcvjRrABKD078dQ8FqpHn574qzHSHNgHfOjM3MSgx9Yg8CVw=w300-h225-p-k-no, https://lh3.googleusercontent.com/grass-cs/ANxoTn1y-_P6Ox5n-7rZGFRWXtrGtw200bkfgJ0bmPtX8FJJNvZFpI1B9HpXiCgIDtCM9sH-vKoD_ce6CzdXYKmRGKA1Xh7ZfcRaMAMbBXjnlqAc89b2EWC7pV7bmWMg_5ifLsH7KVhS=w300-h225-p-k-no, https://lh3.googleusercontent.com/grass-cs/ANxoTn1WKUiEXh-VCbaFuS77a40E45kvQAACz6GbuYikFZjHP22wn9vMXGl2nuk80K8r4HX97NcVlLs9faWWNiRuw-VzECXJlhOUL-iDD8UWLwWw3iw7U1EWUa4Rb10Wu7aQTcZ_pSADmg=w300-h225-p-k-no"
鍾淯全,5,2024-05-19,上次編輯：2 年前,喝了煩惱都 far far,"https://lh3.googleusercontent.com/grass-cs/ANxoTn2jIN82CcXigp87g_MUts5NGqQZ89ZsX0R-2GcdXbXgq5eapQv5p-4_q18Zyt7IL1nyihgTgwFPokf1hzoHKQFJe2Ij1dVVnxyuEEG9NhlEaBqAbLu_HHF5YRnKhoekUw63xB1u=w300-h450-p-k-no, https://lh3.googleusercontent.com/grass-cs/ANxoTn36mTbS-eG0Z-eAdHG-0FP1qW9_CfifmGpmBLQobvRLydxRq30R9kMFgOBkuJy5R50ntQPALUJEMzoPxT1xXezxlXZYB3JRkXX_Zb1QmtcHVa9suvr6EuqePQUy3jNim99I_FRB=w300-h450-p-k-no"
洪詩瑜,5,2024-05-19,2 年前,優格系列好喝！奇異鳥可愛～,https://lh3.googleusercontent.com/grass-cs/ANxoTn35snPzv3eEaCsCiHGdKdy4fFYemoPSua45mcxRaaOmrqpqdOoqz-75F6Lapw1L2DVGJ6tuq8mETXd0LnWgbrkgGJ1FUgnLkNOtZvXXlRNpaBYYRE6agBVt5Uy6t2ZMBaUV0S3T7Q=w600-h450-p-k-no
Hachiware,5,2024-05-19,2 年前,店面很可愛，很期待喝到飲料~~,
吳念篤,5,2024-05-19,2 年前,優格飲料超推！！！莓果派對優格很讚～🤩 …,
yen聞冠,5,2024-05-19,2 年前,"發發 優格系列好喝
店面風格又可愛",https://lh3.googleusercontent.com/grass-cs/ANxoTn0lr4NsT0nb6L-joEVvzvSJtJlFkg_VXSbDb159khUaK9PhbvNcy10GNQ4fFSTWE42WY6fVjK59gGJebufAjjY8Tk-pL44Wgzxlb5l5BwdmqcKWbCClOOuh1sxNJZ-2IX2tM7Gqyw=w600-h450-p-k-no
陳詠萱,5,2024-05-19,2 年前,奇異鳥可愛 現在有萬聖節限定的桑椹香檸幽幽格🎃 …,https://lh3.googleusercontent.com/grass-cs/ANxoTn3Tu0EWkgNy7WXzHvdtuj5RqkKMzxIORop-nG5AOBdo_Q_foCOMNkSCts069r2ccFkjUuyWhyCpoI-BP7X0Ha7CmDh_4P8gIJDHIrkjwYMfhZCc0r82UKlwutSw05Hfk3Jujzg=w600-h450-p-k-no
LYNN HSIA,5,2025-05-19,1 年前,店面很可愛！好喝,
YunYen Li,5,2024-05-19,2 年前,我最喜歡奇異鳥了❤️太開心在公館有店～～,
Amanda Yeh,5,2024-05-19,2 年前,優格飲超好喝😋 清爽無負擔！,
張惠雯,5,2024-05-19,2 年前,老闆親切，優格很香甜，奇異鳥好可愛🥰,https://lh3.googleusercontent.com/grass-cs/ANxoTn3ui156Cp9RrVJq__DBpmfzX7ascE5VjGIRmhL9_cRe39kWXmt1wMshyUFsRDXaHsIAWIy3d1Nawe6HLPOOT8MfIeLn5LgHZ1IEzvuKRK4T40qOOVJ0TaJWue6vLOYwhxn4FO4=w600-h450-p-k-no
李泓甫,5,2024-05-19,2 年前,店員羅妹妹態度和善，黃姓男拖地工表現不俗，地板很乾淨,
dl,5,2024-05-19,2 年前,元氣燕麥優格好喝👍 kiwi鳥也很可愛,
Ying Chieh Cheng (C_yc),5,2024-05-19,2 年前,服務態度好,https://lh3.googleusercontent.com/grass-cs/ANxoTn358VFFQPskqsWj-6PH71KILpTZHv9hXrN4X-xCGpwqF5IvNPSBZ8v8CEEOyZEO0OJauEef1Aa-A7GQ4wkl8KVXS-ARlQL-3wAZweRsTU4kiyP0WqrCZxASezRXuA3HFHtVZCSewg=w600-h450-p-k-no
傅于庭,5,2025-05-19,1 年前,好喝～～而且周邊很可愛！,
Kathelyne Chang (Kathelyne),5,2024-05-19,2 年前,今天點莓果派對優格，莓果味濃讚讚好喝,
クロネ,5,2025-05-19,1 年前,優格飲超好喝，讚讚,
Reah Chang,5,2024-05-19,2 年前,店內奇異鳥很可愛！飲料也好喝😍 …,
李珊珊,1,2025-05-19,1 年前,伯爵茶優格難喝，千萬不要點……..,
邱妙楓 Maple,5,2024-05-19,2 年前,"優格很好喝 =)
鮮奶茶也很香",
張予寧,5,2024-05-19,2 年前,超可愛的店！飲料也很好喝😭 …,
Stella Tai,5,2024-05-19,2 年前,超喜歡這隻鳥！店員態度和服務都 100 分！,
Ducky,5,2024-05-19,2 年前,公館最有趣的飲料店 奇異鳥裝潢超好看 第一次看到 🤩 …,
Effie Chang,5,2024-05-19,2 年前,優格系列超好喝！伯爵優格一生推！,
諾爾蔓,4,2024-05-19,2 年前,今天的雲朵莓莓茶,"https://lh3.googleusercontent.com/grass-cs/ANxoTn0QdloqsNhLbuDoz3oTwkeL1BpgEPQWjeswiaKxIaDj_xGYwTD5lxF9-7Aznu02AWIGtLACSqZxikFRPwL0OEyKnmfbaZy-5idB5uEwrCL47eNfjJYtJRB683dik5ZVXtBO75K4iA=w300-h225-p-k-no, https://lh3.googleusercontent.com/grass-cs/ANxoTn1PX1Uyn1VHMpH_ZffwLVhFtXxZLVonDvlOXTj8rZW2sWQVbUq3LLB1_A74Hkm7Qq24fYGdJKU6MIK_XS0dDTVzfn2_3M9IoVkQaD4HeHgUfybLZQGhp6avuheVIMZfADmXzH0=w300-h225-p-k-no, https://lh3.googleusercontent.com/grass-cs/ANxoTn07uA6VAXeh-_BvjL-roiI0hYD_PCu667O7yfM5xCZ8Z4MlkZvU9ZRqNks3XsYGlWU-9M3qWzeRUKVoaiYbCxMBf6DP2ehQuoHi5b9n6faKYbuqmxNz9fzu8K9yavJZwIbf6PjGEw=w300-h225-p-k-no, https://lh3.googleusercontent.com/grass-cs/ANxoTn2hi4TlbcF5NAx9mfdlXPCVp0sqb6xNY0MMaDuTImoWbr2gnHgxngsQ_5alEc06aUcx7kFR9VRG--jYZhPRnxRAq1gngMiMykydBf4FxgP_aTDzJbyx7eUFAy5_knfoBhNzo2c_=w300-h225-p-k-no"
AS,5,2024-05-19,2 年前,燕麥優格還不錯喝起來口感很滿足,
顏妤樺,5,2025-05-19,1 年前,員工親切！飲料超好喝！🤩🤩🤩,
藍心珮,5,2024-05-19,上次編輯：2 年前,服務很好～紫米紅豆鮮奶好喝！料很足,
PEI YUN SUNG,5,2025-05-19,1 年前,療癒的鳥鳥<3,https://lh3.googleusercontent.com/grass-cs/ANxoTn1RKXZfGOA-ONxu4lhclHjTc8CARoYyfIrr5al7PFMIZdtjrOX-F-bQ6xBY9LRO6IIUXxRk6E6Ahw3_kHuDtowAF_Ydn3_7dlGNDwzh-MBhg1MQi2ASG_zNVgzPbJqTRVlItb7aRg=w600-h450-p-k-no
許語喬,5,2024-05-19,2 年前,發發很可愛！飲料也超好喝耶❤️❤️❤️,https://lh3.googleusercontent.com/grass-cs/ANxoTn1Z5xxIgCV-nqVRmzNh08sHXn5hdDGncu5PDDoj2lj88ZSU0TDgj8iiGmOLCFYyb-KlNv37JdQo0jB44E678SKggCbITtLAuuXn7RCIs0BXhQSq4kI4COJirpvzLt19D7qM5T_jKw=w600-h450-p-k-no
Novia lll,5,2024-05-19,2 年前,價格若親民一點，就可以常常來一杯！,
謝安安,5,2024-05-19,2 年前,可愛又好喝，服務很好 😍😍😍,
Micky,5,2025-06-19,上次編輯：11 個月前,最愛喝玫瑰鮮奶茶～,
ToolMan,5,2024-05-19,2 年前,服務態度好 店員動作快 重點是飲料好喝,
鄧采瑤,5,2024-05-19,2 年前,超級喜歡奇異鳥🥝燕麥飲很好喝！ …,
Jeremy Yang,5,2024-05-19,2 年前,可愛的奇異鳥 優格系列好喝～,
陳小娟,5,2024-05-19,2 年前,好喝的優格飲料🥤最喜歡芒果口味❤️ …,
許曦,5,2024-05-19,2 年前,"店員都很親切❣️環境乾淨整潔～
打卡送資料夾🫶🏻 …",https://lh3.googleusercontent.com/grass-cs/ANxoTn1mP85fElEERBE3x_V2O89NGGeF3TjC2comh8xk-yt0iW5fPTcpVt0V79mww3DZR5QXEMKouoXhOjqd--iUT1s9q3QhmX_WqVNgAJW6eY7SC-W70jYX7WDdm7gvxbtT_uVH-4-C4Q=w600-h450-p-k-no
張婷涵,5,2024-05-19,2 年前,飲料好喝 店員服務也很親切～,
ra Wu,5,2025-05-19,1 年前,芒果優格好喝,https://lh3.googleusercontent.com/grass-cs/ANxoTn3CVABnQs5pWG2Tjj3kE_lpgq5va3CGuxeTGqUVqzyCQa9XrpZaLXX68IgEqcucgoqtsDhkcNJgUYpLYcw79ky4tzy2ZieNnmhRAt4O9KHtAgotE0hE5cMJRHlQa0zkTL6Ef60hcw=w600-h450-p-k-no
許顥齡,5,2024-05-19,2 年前,優格系列超好喝(˶‾᷄ ⁻̫ ‾᷅˵),
Yri Ooh,5,2024-05-19,2 年前,優格飲很好喝 不會甜 很剛好,
陳緒恩,5,2024-05-19,2 年前,蜜香紅鮮奶茶還不錯喝 復刻紅鮮奶茶個人覺得普通,
Chike Chen,5,2024-05-19,2 年前,發發超好喝,"https://lh3.googleusercontent.com/grass-cs/ANxoTn3ZRfPTXeQ9cuIKxlmF48Fw9PYOi1qzWE-Aw8-75aRWC7qgxVrJJLRyGVl9Z19vXprs11peCZ8-mlw-AHjWuw53TsuAQZmjIbXeeI1m-gvBdI-l3sHNP-u4N0iaOKacVIgc2cmI=w300-h450-p-k-no, https://lh3.googleusercontent.com/grass-cs/ANxoTn16JCrO8cgrZ_BMpbIBvJNOrlecsLo4RYdaDg0hnMamRwkFPWgKFrbd73vTs-373MpOzGPZEra3YMyy5hrpUFqzVEPauTF9tOUdFifs3hj-hdOA7Z0X9iZ5IP2JRInV46nOFS3UuQ=w300-h225-p-k-no, https://lh3.googleusercontent.com/grass-cs/ANxoTn3OCpO__x1bFa9-Icry-1d2pAxZRit4JcFVjWb4O_Q9EuMQY9-7iDyuZ4so-VFD7bxUJmN-6GNYNh6Vs5BDAXsSIO9gWKFUYhUp_fNokc3y1_-B9Kx4fYOkE4B5pgkCV_7z1Y4m=w300-h225-p-k-no"
EJ Zhang,5,2024-05-19,2 年前,可可愛愛又好喝的飲料店❣️,
餅乾,5,2024-05-19,2 年前,奇異鳥太可愛了，每一種都想點看看,
Mo Mo,5,2025-05-19,1 年前,五星好評送奇異鳥寶寶文件夾,
廖維靖,5,2024-05-19,2 年前,伯爵茶優格 風味獨特 好喝大推薦,
Alice G,1,2024-05-19,2 年前,速度超慢，5杯飲料居然可以等超過1小時,
廖曉緣,5,2024-05-19,2 年前,飲料好喝裝潢很可愛 大拇指,
insonia Yang,5,2024-05-19,2 年前,奇異鳥很可愛！看了心情就很好～,
黃莉玲,5,2024-05-19,2 年前,"產品可愛
飲料好ㄏㄜㄚ",
Yuu Ting,5,2024-05-19,2 年前,裝潢可愛 店員態度佳 飲品好喝🌟🌟🌟,
黃馨慧,5,2024-05-19,2 年前,超級可愛的奇異鳥😍 …,"https://lh3.googleusercontent.com/grass-cs/ANxoTn3sfkfqI4RVOCl9SSkCP5lhrID5ypWSpJJYjolQ-wQX1EvULy-lUjb4Oo8hpukRxVIYPllp7hAnU3HxDp6rR4gc_kHyEXYXyshzKF9FvzWf4i6dEX3y3yw05tYHztZ_tKsrzSdS=w300-h450-p-k-no, https://lh3.googleusercontent.com/grass-cs/ANxoTn3CcoN9bfIkR4bOGi_rTMSF1zVjPAg7AlqWFLhlsf_-8t9IWiXE39ZzcxvFQRmSDAIy4q14B42ymTrMdxl7UZVe9iRWSOzinu4qjU9XLry_c248M0G0idTHGiXaRPV1DQQyDb5i=w300-h225-p-k-no, https://lh3.googleusercontent.com/grass-cs/ANxoTn1yCKqC1UzMhJOycYD6pdOBWhdFCvP_CDJyr2y9KdHVO7vDsu9cYGmXfQsYisoiYBYNwEgMY4xlvwxCw0lMnaJx8Wn-dpoN6z_oHmPzKjUoQsihfORissGCxlOJeWbkcw9nI1Ps=w300-h225-p-k-no"
林姸,5,2024-05-19,2 年前,超級可愛的店～價格也很ok!,
acclaim Liu,5,2025-05-19,1 年前,優格系列飲品很有特色,
汝汝,5,2024-05-19,2 年前,發發鳥超可愛超好喝一級棒 服務好,
陳怡潔,5,2024-05-19,2 年前,東西很好喝，還有試喝活動,
Lynne,5,2024-05-19,2 年前,"第一次進來買
店內很乾淨也很可愛😍 …",
林臨,5,2024-05-19,2 年前,店員超級親切，而且店內裝潢也很可愛🥰 …,
•_ゝ•,5,2024-05-19,2 年前,飲料好喝，奇異鳥和裝飾很可愛,
Rena Chien,5,2024-05-19,2 年前,公館也喝的到發發了！有發發就給五星好評🌟 …,
王莉涵,5,2024-05-19,2 年前,奇異鳥超可愛！,https://lh3.googleusercontent.com/grass-cs/ANxoTn2kl9r6yI7GnsMeX0Su_JN0hXtNKc-rP-tJz2bjBQs_U9lxot2JmJKnRvNHim-AjmHo-veRI3Byfj2o9U9OtC-poZXpn1h6PgYvxnp8GOxB6SAZFhzxcu1FYTlP9tGZ6XR26e2ehg=w600-h450-p-k-no
Xuan Zi,5,2024-05-19,2 年前,奇異果鳥超可愛 飲料也好喝～,
BS W,5,2024-05-19,2 年前,周邊超可愛！,https://lh3.googleusercontent.com/grass-cs/ANxoTn3yTjsV2XLmVJWgIEf5KlXzmBcO-9mwCXZOdBlD-BW2sxXEebMQQRYdX2GlwL8nsJO3Js9txxeQrL6W_II7VguE0n89KKs2GftGIxf26hOWNiZTwkuq9J0Jq_nqi4hmtToXuhA=w600-h450-p-k-no
Yumi Lu,5,2025-05-19,1 年前,超級可愛,https://lh3.googleusercontent.com/grass-cs/ANxoTn21ZY8D95viNCR161sGELh8WO6g0u0wNuTGffzsLC3MCdIqVmRZ7FExWd48Ks5xrGW5YFuRDFhdDuClElrlHmHw_EqiCNvO0C5cRRxMBzB2B6KTHyTMcvHTwIe6Mf9IDy58y_JCfw=w600-h450-p-k-no
Devnet Chen,5,2024-05-19,2 年前,特別的聖誕設計好可愛，飲料好喝！,
Chenghan,5,2024-05-19,2 年前,飲料好喝，便條紙很可愛謝謝🙏🏻 …,
謝佳蓁—Kitty,5,2024-05-19,2 年前,好喝 店員親切又細心 超讚,
Sophie,5,2024-05-19,2 年前,奇異鳥很可愛優格很好喝很喜歡,
鍾旻芳,5,2024-05-19,2 年前,每次來公館都會買😻店員都很親切,
蘇莧淳,5,2024-05-19,2 年前,燕麥穀粒鮮奶茶好喝、不會過甜！,
拉拉阿布,5,2024-05-19,2 年前,謝謝五星好評讓我拿到一個文件夾,
Li shin Lin,5,2024-05-19,2 年前,"很新穎的口味
都很喜歡 還沒有被雷過☺️",
Rebecca Lee,5,2024-05-19,2 年前,超可愛又好喝的店🥰,
黃郁庭,5,2024-05-19,2 年前,很可愛 飲品好喝💮💮💮,
Jeff Liao,5,2024-05-19,2 年前,健康又好喝 加燕麥穀粒可以當一餐,
Jamie Jiang,5,2024-05-19,2 年前,燕麥烏龍我的最愛，杯身可愛度爆表🥰🥰,
yun-zhen Peng,5,2024-05-19,2 年前,好喝，裝潢也很清爽～,
Jimmy Liu,5,2025-05-19,1 年前,第一次喝，希望不錯,
Shrape Hou,5,2024-05-19,2 年前,很好喝欸這個 優格,https://lh3.googleusercontent.com/grass-cs/ANxoTn1H5wkmQt4Owq8ubd43lmdf1tMBX7imxaxXkN3UGFovUALYJlpA7vf9qXTDEzX5r0jjZ_lAqkkwhXeDx03tz-rRQBHq8-bN1AOi6w5D7SKRhiI5qwxDZaC344nROETY7_jDp7QWgQ=w600-h450-p-k-no
- ling,5,2025-05-19,1 年前,第一次光顧～店面佈置很用心,https://lh3.googleusercontent.com/grass-cs/ANxoTn3eJCz4LAMsDYOZjDablsngZ-_sknX8J9FBg4EHiH4aNBZvfOwu6CrraPllYiKrSUZ6EK5Hki1zBYDBnyI4B-WbCz-bI2FuRlUf3tspd4WP-SUqbPsN88cbQ5L3c5rtXorIWxXMhg=w600-h450-p-k-no
呂怡靜,5,2024-05-19,2 年前,東西可愛又好喝,
Wendy Chen,5,2024-05-19,2 年前,奇異鳥真的超級可愛的！好喜歡！,https://lh3.googleusercontent.com/grass-cs/ANxoTn0wiHKZk1l7zaajI1BhKV8RJlVDWqf4KfhNwpnoaS8yLIV_jGJTgg4lM87QTkqVsgZMCXqKXhFb2zuFgLrE8X6C-DVrjL4VYDxWxbGe-n5O1x66pWCq9ltybB7jH379_Kmlp-tPJw=w600-h450-p-k-no
Alva Tsai,5,2024-05-19,2 年前,很清爽 好喝的飲料 ！不會膩,
우정이,5,2024-05-19,2 年前,很常喝發發，公館的口味好齊全❤️,
Yu-Kai Liao,5,2025-05-19,1 年前,飲料好喝、裝潢漂亮！,
羅冠宇,5,2024-05-19,2 年前,店員親切，環境舒適，飲料好喝,
