Username,Stars,Time,RawTime,Text,Images
Andy LIU,5,2026-03-19,2 個月前,"價格實惠，好吃，可以推薦
現在拉麵隨便都要兩三百元，這家真的算是價格很實惠，而且味道很不錯。
今天點了
雞白湯豚骨
雞白湯松露
札幌味曾
物超所值","https://lh3.googleusercontent.com/grass-cs/ANxoTn30OYGSDwGReNlE-iBYx9-CnnT0472nwAgoaLLiHq4OEqsc0PwW1I4eC0zBZLT9kdFpp5ER7vCX2xgOo08FbYhRZgIn5kVy_FCr5OYsL14shsa4yBjHMw3yx2PHaQ7-wTunxu6Wvon-us8=w300-h225-p-k-no, https://lh3.googleusercontent.com/grass-cs/ANxoTn11XQbxnuuTzseilAhtTczbmaHPYQ05iFYpp2cC68lryC4STSYHBbD_iAfjZ1A0Ec6wtBFd5UYiQKwc-AfcKe1rYdR-jhFQQwnLcQWwNqDXJcUvhHkh6dO4iDuSKJcF91hcFvZloY4OG3BP=w300-h225-p-k-no, https://lh3.googleusercontent.com/grass-cs/ANxoTn1NVcwIJporTLA3l36ghzZDPFG72GiwDk5ILkwQqk4XC78dgyZTXWpzXtLBen53WN6C-T_vifUWHsj0SX4bLG3haGseAZ4hi58lDcD6UjSlVVI50lxUPEhkvF08J31RzGl2uDSQqpgkpKM=w300-h225-p-k-no, https://lh3.googleusercontent.com/grass-cs/ANxoTn0ajc1N7jK_lfxVQ9-VQysR7fgxb4L0N4fyVrAFvhsM_mTSU02fojgeD0wZCNu0PYtQsFGHR-ZA_OZDAudyr1tFGNI3dFaoJCh-CzL__sUyvfzXmH-sptjA4NXzbecsxAnqV0VwPk4VODHn=w300-h225-p-k-no"
YuChen Chiang,4,2026-03-19,2 個月前,"位於師大夜市內，
在小巷子當中，
拉麵整體還不錯吃，
湯頭也很ok，
價格還算是不太貴就是了，

雖然店面主打甜品吃到飽，
是要付費才有的，
不是免費的，

用餐環境整體還算是乾淨，
環境還不錯的。","https://lh3.googleusercontent.com/grass-cs/ANxoTn1NuTGf4QMHLTeia2GUIwz4cBWYGVD8P3mLZfVjCfajns1GPnZG8dNJw4HaK2aX61dKtz9t7n4_BOupita6vuEJfcVAD7E9B4zsdXyD-62gDwRATvKHF2HgxIFeUIbw8G4YBOJv2AIh4-n0=w300-h450-p-k-no, https://lh3.googleusercontent.com/grass-cs/ANxoTn1EMLsNEEx14SprlxlXozEd6gprkWJADeJtzd8iDDDMQSwG6VSt-m255vTiTPjNOOwRShc3USuIl_1uQFowNfq-sL8JJ5-LZMer5V4PW3L7wRQPZ4LUr8FBuZjIyK5GRMeueVI_f74h5p_g=w300-h450-p-k-no"
Chih Shan Chang,5,2026-01-19,4 個月前,"🍜 拉麵本體｜誠意不只是「吃到飽」

先說重點：好呷不是靠「量」在撐場面。
湯頭走的是台式改良日系路線，鹹香夠味、不死鹹，對學生和上班族來說非常友善。麵條彈性適中，吸湯能力好，不會泡爛。叉燒給得不手軟，油脂與瘦肉比例抓得剛剛好，該有的滿足感一點都沒少。

⸻

🍰 甜品吃到飽｜這才是靈魂

真正讓好呷脫穎而出的，是甜品區。
不是隨便丟幾樣敷衍的那種，而是會讓人拉麵吃完還願意再撐一輪的誠意配置。冰品、布丁、果凍類輪替，甜度不膩口，完美收尾，對「第二個胃」極度友善。

⸻

💰 CP值｜師大商圈的良心

在這個動輒破三百的年代，好呷的價格放在師大真的很敢。
學生吃得開心、上班族吃得解壓，是那種「今天不想動腦吃什麼」時，腦中會自然浮現的選項。

⸻

🏠 氛圍與定位

環境走輕鬆路線，不裝文青、不搞浮誇，很清楚自己就是要讓人吃爽、吃飽、吃開心。翻桌率快，卻不會讓人有被趕的壓力。

⸻

⭐ 總評

好呷拉麵不是最正統的日式拉麵，但它非常清楚台灣人想要什麼。
拉麵夠水準、甜品有驚喜、價格夠誠實，難怪在師大這種競爭激烈的地方站得住腳。

👉 適合族群：學生、拉麵控、甜點控、想高CP值吃到飽的人
👉 回訪率：高
👉 推薦指數：★★★★★","https://lh3.googleusercontent.com/grass-cs/ANxoTn1PwBCM6yLoJsWXqf5PSDeUZkMHLEomO8vY8sGYw0nYZtw1wHe3XPSMB-l1TE77lIsSxwByG4OZT4_LTxzfyGQXfhrmxvJOqeDjYqy6ekAIkiC9zYu87Qrpiqh7Og10voqE7nU81IMLIeUz=w300-h450-p-k-no, https://lh3.googleusercontent.com/grass-cs/ANxoTn1MM-iSDSfSiSjOlxaPfwr4bc8PeyGIhAgtmUnLGHuvZRWmXoCYsWE8nXRAgbqtgPIsq62Z6FCSAHipctv9lySD_g_Or9K5bvv1SMygY7BfXfZNEoN9cNKqTHU4GXBfCuqGOFC4pL7L4iG6=w300-h450-p-k-no"
_ Ren,5,2025-12-19,5 個月前,"20251209初訪
醬油拉麵_165元，麵體軟硬適中有嚼勁，湯頭順口，溏心蛋、筍乾、叉燒都很好吃😋
而且還可以免費加麵，可以吃粗飽

豆花_30元，有綠豆跟薏仁做配料，豆花口感綿密是我喜歡的那種，可以吃到飽真的太棒了","https://lh3.googleusercontent.com/grass-cs/ANxoTn3VsoFKYtg6snsxAdd3jVkUJnLJanALud3hn8m7J3_V7iXLcDGkArF4uYolJb62BvNaxPtlZEZkIPCrkbRUnRmVmfsoNfiIeE4gXnwZFi2oy9ZdP4DlYDVQcCsBFUc0wailxmy2x9SC5nlc=w300-h450-p-k-no, https://lh3.googleusercontent.com/grass-cs/ANxoTn1jIAKP1LEY-rmM1dLhJh9vQvhCeAPq3RuCQ6ormeBf45NFa2fsIMW94-EXVS8kiWsCy4oHGLFR8qf3jdNkPG_eMbQNhW0uKg5x6AHlEQSD-E3IOznlx_vsEC7YaPQU_99IP4gpo5rHSWM=w300-h450-p-k-no"
林小美,4,2026-01-19,4 個月前,"位於師大商圈是新開的拉麵店，在門口用機器點餐，店內座位很多，加價可享甜品自助吧，蒜醬與辣椒在醬料區，建議可以加一些風味更佳（也可自行變成地獄拉麵，讚喔👍）。

我們的座位被安排在廚房出餐區旁第一桌，好處是廚房（備餐）清潔與流程一目了然，缺點是很像坐在廚房旁用餐。

拉麵的湯頭我給五分，但整碗麵我給四分，因為吃起來覺得麵體與湯頭無法融為一體（但這是純個人感受）。

店面明亮、座位擺設不擁擠、座位後方還有置物籃，很貼心！","https://lh3.googleusercontent.com/grass-cs/ANxoTn11AUsn2uC9B42D0psu9GDPjZOgkO_3_z2DvjHnjhmOEIB0GLvNDFjo-tMQadoPXelk2oDfpIAmsahAEc1iBhl-vU8MVjfuxtuAXcGjvOn9JUODFCumCXqCsJEKH2FBJyNnyamSPUBDg4s=w300-h450-p-k-no, https://lh3.googleusercontent.com/grass-cs/ANxoTn0YeX-nmCh-Cd7Mkp5DJ0eEPyap1CEvVCDmZ5L7sJVW4ASaPpxuHUvB9GCuh1AU6LnyDKc0YkIeE79ZYQpmbyYjKP3JECnV-9sH1Vx9ljR-rEpU25RnSogm25NeT44Jzq7aculSqqZJTJEx=w300-h225-p-k-no, https://lh3.googleusercontent.com/grass-cs/ANxoTn04sbpWNv8JMdV9SeAZMDJHSkLiYqkuFz-DkbmU5zrJ7w18Jv8CJGTOsQ8eJ-XCiME17NriKMn0yqnhJ9GbqTSo2VgLyxa12v2_QQJ83u0_P3sux0GPrIphPYUtl7sBXLMeoaISJspi7ajX=w300-h225-p-k-no"
LUKE LU,5,2025-12-19,5 個月前,"餐點湯頭都很不錯，就自助式可能還是需要有人幫忙解說對於第一次來的客人會比較方便，當然這是要在服務人員有空的情況下。
或許下次來我就比較駕輕就熟了！",https://lh3.googleusercontent.com/grass-cs/ANxoTn31Cf1xJDQQi8zFrTDxV7iPRL6-oQ2pe4Kf3LzB6781MzQwBINV8RSB_fOg_6R_KstUK0DCXP0D4KAlDnSb9EPtEt6YTGw8Wx6i4gV9m_dGCOLwDPuG-yZEWexCDfsRxiusqPi3Emjyo4w6=w600-h450-p-k-no
Cat Blood,5,2026-01-19,4 個月前,"好呷拉麵，好呷！
拉麵上太快，來不及吃爽甜品，
環境乾淨，
尤其是開放式廚房，一眼就能確認乾淨程度，
店員制服口罩確保衛生，很棒，
氣氛不太熱鬧，大概時間比較晚，
也可能是上餐太快，吃的也快，所以人不多。
Line pay方便，會員有些折扣，
手機點餐後機器掃碼結帳。
似乎缺加麵的選項……","https://lh3.googleusercontent.com/grass-cs/ANxoTn0-aTxx7w76YNQ7Om4zq1XH_zsywCuhaqaPobVqD1F7CYF99yCUxC4akJYvf3hu8Zq33rkONdlrNpNhYs33fwCApBh6P503dbeIiChi0BC8Hd9PUVyw3Gql4jZinriHkmYOiqmMPQbRa54v=w300-h450-p-k-no, https://lh3.googleusercontent.com/grass-cs/ANxoTn0GYQuKtxiq019iGotLM3w5MUJyfNHxpOEbXzSDk95ysQ8V7iDlHZt5qoG-RogukTi1_yBdXNbnj4d58prCoLVryG-VGNi_zLGKtm_L2t0AwZwXnjgPQBE3WocKuzA4vi8EgFD2febQZLbq=w300-h450-p-k-no"
家蓉,5,2025-11-19,6 個月前,"隱藏版-青柚胡椒豚骨拉麵

一開始沒看到青柚胡椒本人
（還以為真的隱藏了😶‍🌫️）
但原味湯頭就很好喝、麵跟肉也很好吃

後來鼓起勇氣詢問老闆
才知道原來青柚胡椒忘記出場🤣

整體一起吃起來更香！真的好好吃！
兩種風味一次都體驗到了！
也謝謝老闆讓我有機會體驗甜品
豆花跟仙草凍都不會太甜到膩！非常清爽好吃

且內用空間環境非常舒適！下次還會再來🍽️","https://lh3.googleusercontent.com/grass-cs/ANxoTn3Nxx46gy023LBdbL_SHcaZqyxv1dOS1uFUZohg2W1o_SQo_OYLtsGKFOLF0Ita6pRCoCR8vIZXtBV_CB8O-U9g-KV3B6LbPlksdw3lLGm_NnGXQYgqcmRr3GN-Xnm9O4ik9Y-0hjvDs8lM=w300-h450-p-k-no, https://lh3.googleusercontent.com/grass-cs/ANxoTn0vlCFen-PEG3T3mPxiGIAMXf-H0GfXEyJAc8Pe0J84pXDKn_Zm1cYFflYnADYDzWIjmgroIECLjTaF96E6FA5FVOHNlBHCRuc-qymJbRt0EHkTEUkYbFpXOgKHRuNKAzkXA-p1gnnBj9Cd=w300-h450-p-k-no"
J,5,2026-02-19,3 個月前,"不抱期待隨便走進來吃個晚餐
結果一吃嚇到 很好吃欸
本來剛看到肥肥的叉燒有點後悔點這個
通常這種親民價高的叉燒肉都會有很重的豬味 結果？！他們家的叉燒居然沒有怪味道
口感有點焦焦香香的味道 非常好吃 ！！嚇到
本來覺得看起來非常不怎麼樣
沒想到吃下去超級讚 溏心蛋非常好吃
筍絲也是 湯頭更是濃郁 沒有怪味 麵條硬度讚
只能說 主角和配角表現的都非常好 真心評論
（絕對不是什麼給五星換東西的評論 我吃飽就走了）
重點價格還很便宜 但卻完全不隨便的拉麵 🍜
店員也是很熱情的服務 下次還會去耶
（照片隨便亂拍的 拍得不好看請見諒 不過東西十分好吃不誇大）",https://lh3.googleusercontent.com/grass-cs/ANxoTn1_Dns1XiZTk6PgLT7zISq-MnZpBOyIETZHVtYhhmAk8Ayg5sDY7oxl_j3uM47JJqb-l39U4X8EuzSiZVphzTBRpcCPgLANhG0b3VJ4eiYq9ygWnY0wZf98wfkM7toItck_9YR5Dt7jgGQQ=w600-h450-p-k-no
Kohl Xi CHEN,4,2025-12-19,5 個月前,"CP值很高的平價涼麵，叉燒會現場炙燒非常好吃，豚骨湯頭普通，但搭上豆花能解膩。
想要過過吃拉麵的癮但不想大失血的來這邊會是好答案。","https://lh3.googleusercontent.com/grass-cs/ANxoTn3uUyxHDOqvkwXjJ5dQClcqgUPXWiGKn-aIBSC1RRLfaiThFF0qj5toYLD2hwUGS7j0J_hJiK6gondhZqNHZ4msINyG4NCCL7IY--SjB_24nJaIpgDEnLt-6yvVG7CSLyTaW4BbQilQ74k=w300-h450-p-k-no, https://lh3.googleusercontent.com/grass-cs/ANxoTn0rf6dEYB3vAqSrHQ2KHaVyjLotUdcBFrUsSLQ8cfg_9S081HUeryJYlZX159sPq--aokT8Hmbka_bGbIxyR8ow7CXc2YvTuLOqK9GLuBdSWFWaqB8K0WLDf96BxqJxvmwcfus5h8jBzeY=w300-h450-p-k-no"
李艾倫,5,2025-10-19,7 個月前,如果你想要品嚐一碗好吃的拉麵，那你一定要來「好呷拉麵-大安師大店」！🍜他們的湯頭濃郁，喝上一口就讓人心滿意足，麵條更是Q彈有勁，真的是咬下去超爽口！💪份量十足，吃完絕對不會餓！而且店內環境乾淨，服務人員也非常親切細心，讓人感到賓至如歸。✨我點了雞白豚骨拉麵和醬油豚骨拉麵，還享用了吃到飽的甜品，甜得剛剛好！真的太幸福了～😋,"https://lh3.googleusercontent.com/grass-cs/ANxoTn38FttMptvPUx1TtVqR0C3Sd9Q5zpg5VMTFoggWzSXzNDylDBo0wRJe3ObQZJG5r0h_cNkyr4ZRuPr_CIj9nsgFFeEzRVC9Z9E7N6--xZj0P_RS__d7rw0XAfYTkARzHYpNqp5YMmjK8YI=w300-h450-p-k-no, https://lh3.googleusercontent.com/grass-cs/ANxoTn1Dvw4_3MzqOd7YhV62hRwlvNhiWnPKss2QKtolkyckZPWGDqd1fgM2DwzooPSkfIFcLeYBHb0NXZ049EQ8X9msPxQ5QOio6XCghC3zgUejZv10fyfy4fWIXBHMMTLQEUZoCZL4D4O64Dbi=w300-h450-p-k-no"
Ducky Tu,4,2026-01-19,4 個月前,"在店門口
先使用自助點餐機點餐
再入座
點了基本的拉麵
蠻好吃的！！

今天沒有加購甜點
未來有機會再來嚐鮮！
還有各種口味拉麵。",https://lh3.googleusercontent.com/grass-cs/ANxoTn2VaRp0SD2GtnWYJTxgZUiEyNE1PJiPwfm4PDOD8NcB0rxEEGH0YI4ELMtDweCVSdS-Zf1g2ZbMGweZ4OEHGy7jU7WqAW1sY94awmZMB4i5yExZBph_llxoovKUL-idm5v0C2E6PgTxTF0=w600-h450-p-k-no
林超,5,2026-03-19,2 個月前,"裝潢、服務很好，但拉麵普通了一點
豆花還不錯，可以試試看","https://lh3.googleusercontent.com/grass-cs/ANxoTn3y_sPOts7KragMv74cup_a4-tfX-hKRFpwqxVShYDKDyCtYHM26HQMoMBVq1Q-BNsCRF02UEZtgbozi3huJ458JkqjidxEzXj3kk9J7o-PVD0mnyYfs-yyKl5P0Y8VhRV4q9J8VOQJ6ck=w300-h450-p-k-no, https://lh3.googleusercontent.com/grass-cs/ANxoTn2Aal0U-YrFU1wVVfK62QQk0VKfFppLQn-AmPHqzh6lIlpgEphZJ3vFjtK0Qwut-kfgIOi7YZV3iVODYv7SgiKBjecZQR8TVqaP7KUCMdj5-mMMdW5s-jWQc9ep2CObvio4ddjBLUo_K14K=w300-h225-p-k-no, https://lh3.googleusercontent.com/grass-cs/ANxoTn1-Kyid5lYifHhnTMEtgOpL8MJ4B4IZpdYKb8uTS2VOsa5JSmA84sn71N-pKtdttEMFeLDKr-xxcq4bYWAFKV80Dixpc3cxBA3G-V1tCT0t3Jg-BaRivd8noTFZcRgEY-0m7LvsMjFFTPAx=w300-h225-p-k-no"
微風 Way,3,2025-12-19,5 個月前,"點了雞白豚骨，結果吃到雞肉是冷的，只有碰到湯的部分有稍微溫溫的，冷天吃冷肉
進店帶位店員把單人客人都塞到擁擠的吧台，明明店內還有60%～70%空位，外面也沒有大排長龍",https://lh3.googleusercontent.com/grass-cs/ANxoTn08d4TRpGS9USda5RK9akrfTvpJvOJhhxqEugVA25F0MJP8iy7Bb9D7WD1XhyOzhRyk88kVCMgqwfzGXaOyE_frLb74qgP6ZdWwzqIECjQvzrqsQ-mKYYaycDCQEwXXfjwGIlcTwjsDuaKl=w600-h450-p-k-no
Yo Yo,5,2026-01-19,4 個月前,點了地獄豚骨拉麵，湯頭口感圓潤不死鹹，很好入口，冷冷的天適合吃拉麵，會再回訪,https://lh3.googleusercontent.com/grass-cs/ANxoTn3p-N-Ioqz-D1xTpNz-pgheHj4WDeYnSdHFMsPHFl3f0sqgWf47QYFdkarxDGmqwe8ik30U3nRG-ZHNhzcgcBpMwpeMfLFBB848CCIw7sShlhTsHF3A4pfRpoPA49Ol6tV8DZCodnR2BJe1=w600-h450-p-k-no
I-Tsung Shen,5,2025-12-19,5 個月前,拉麵好吃，環境乾淨又寬敞，太棒了以後可以常常來,"https://lh3.googleusercontent.com/grass-cs/ANxoTn1YhhsJXIUq4miSxGQjdWHQPlPPzzp2Z65DXnKiQFcMJq1zoh3zBDl39OZjTbAkQXjxshehkBBiKcr___icmm2qNFVHaZnPOIQ7kZFVY5fBUZ-VSJ-WJAsVbJ9hAFs6Rx34Sx03rFpJvJA9=w300-h225-p-k-no, https://lh3.googleusercontent.com/grass-cs/ANxoTn0HTUP0VxXlfON4TRyVZ3au6yWMsiseMu1kzKcpZP_AGPyeWJBaGgWkzcnOeJKJPXuFiwU8M46ospmTyTteiTsJlIzz5VmuV7nBZj7WNMZbVA9l_8HUAK8j5tlUhBdjrnR5LDCVib2x0w5O=w300-h225-p-k-no, https://lh3.googleusercontent.com/grass-cs/ANxoTn02gPXUORiYkjgbuRUFzd1qPV3nue5P2BzS0tVXbn50fIH02I3UI7NxVJ-MnBJHzRwthNdjrGZ6o5CiUdA2hwM3YubOBXxwGzFx7FfaRU2GFxPvBeleGjKQSlwGrSu4syJcFbUXYaeK664=w300-h225-p-k-no, https://lh3.googleusercontent.com/grass-cs/ANxoTn1giN0qfHCCYTYNBVRC195KUD6rbEVRVsNecACFgFE8YrR2yvivdN1WJ_6swp8SfqYrXeGSBEOLG8dg4S0Xc8Bm8wdBmh-xOLdof2TwO9lswo2U7cxsUq9ih-LKwdxRTVLLio_R5FdqKmg4=w300-h225-p-k-no"
吳淑芬,5,2025-11-19,6 個月前,拉麵湯頭很好，有+30元任意取用豆花、仙草紫米及意仁甜湯環境舒服,"https://lh3.googleusercontent.com/grass-cs/ANxoTn30GRAoHxncuT_DKSVlSA0ai1D0QffuCwDm0SevgJqbq6gHr7tJ7udhSNYj4OuFAfdpq3qIGFNUOK3R_4-c4p9mwn1ecL3Gb3pIE-qRJmgFNZ4bEcLk70fcnSaz7w2ebcGxDrfgG_qjaMA=w300-h225-p-k-no, https://lh3.googleusercontent.com/grass-cs/ANxoTn11qNxorZO1tuSuMAvw27Fc14NWeouUiU4F-MgGjSRV4-di0fkhe6-Kp8AWWwBQeJMhRlvshB4WFTWVSkbpU3HSRtB0ZDbst7-e0QtgbX49UDHZzYOqfB0QEbM5wrl47mlmnkIlvIgKTj5n=w300-h225-p-k-no, https://lh3.googleusercontent.com/grass-cs/ANxoTn0eqcEgBuCNxMWEHdFy1Eevfs03o4GFj92QNnZLebNJXbiYbxNx_6Lu6tUSPpripdyVJJ8SUSo5pDVsOp5aalgCdm8DQybW0ZSlyzhQCLj60VwrS9PyrJo29Umn_N2t2bFaLjcRTVof9Y_s=w300-h225-p-k-no, https://lh3.googleusercontent.com/grass-cs/ANxoTn23UvRBEi_knha1VTWyMl4THAfvIxqz5cAFk25YguXxoYhyUcy3IqgAUHRS6_ceQlaX4VRsdJd3IGhegD9N_AVg3aJmw6E-U1N9ROMi8tu9FqzhJe3GqstLB-DLPdhO0trLzO6SzcaAWyk=w300-h225-p-k-no"
Tina,5,2025-09-19,8 個月前,"這款舒肥雞地獄拉麵好吃，
有椒麻辣味，雖然是小辣，但是敢吃辣的我覺得有中辣的口感了，下次要來吃胡椒柚子的拉麵，辣油調味區也好特別，我喜歡，不過太晚去吃甜點都賣完了都沒有了，這家料很敢給舒肥雞好多塊。謝謝好吃。","https://lh3.googleusercontent.com/grass-cs/ANxoTn29n1BS3BdC_gLXrEsp4VkS3uycBwW_JZTnNuUKCO3Ao3F_fI-dY1XuL381HSJIVVLhyw8d-C0SKZy5XDlubmOA2JAIrevTplRN-WygmLu0mhorDJC2DBj3wn9lMU37QhOw_aZhywV8nr8k=w300-h450-p-k-no, https://lh3.googleusercontent.com/grass-cs/ANxoTn2yMQFukCToKjcfQdpr7XBCn-JDBVC7ameoR2jWwrqkTQMIf9eL9KNgi04dGIaSEGElyV17WZP2vC77bJI67bAHHdMfGgtAobzbbe7XWzEDCudCD8WPTOZMPaneBzMUSVeerEXlrqJC2Ew=w300-h450-p-k-no"
青,1,2026-02-19,3 個月前,"很久沒吃到這麼臭的豬肉了，還越咬越酸
湯頭普通，像調理包味
唐心蛋好吃
甜點吧的豆花比拉麵好吃",https://lh3.googleusercontent.com/grass-cs/ANxoTn18FRjZw4DRHI-tgkBJNoU15vVpfIG2DNIYvd2QG_RInaHBl43Vub7kUSjK5k7AxCFOVQPkdSMuW1ILW8VfD3pqheA4nQlNVqA5N3RIKBvXATGdq0ByIwME2vYLteK_HNTJ4DHf-95tJO8=w600-h450-p-k-no
Wen溫,5,2026-03-19,2 個月前,這在我讀的大學附近有家拉麵，湯頭濃厚而不膩，甜點的話可以加點，甜點可以吃到飽，好評,"https://lh3.googleusercontent.com/grass-cs/ANxoTn2rJRwbMGuifffWmRizyvAjfwhRY2BOyVb83Q7uqwv7seBcxRqvEOMLgefAfZLXeyf3bT2EJPe5FsVFfnkE5uEd6NAvp-Nsp14dbG17TsZIp_vqCRUxZ5wD_0n2U1JYR6HFgu0Krxo_ffc2=w300-h450-p-k-no, https://lh3.googleusercontent.com/grass-cs/ANxoTn0aLihfxXdq5mqFb2ohQwVYgS7_SrnEzsajS6UoBE27l7Ozf5hIhs2rFnhP5CLrMGNIss5Vd7wLYoETKCoWEBKnXzvsiWllknTWuiTw_ubxACmDaikkHVsufIEF7NmIkbkAEZHkE53wFskV=w300-h450-p-k-no"
魏志軒,5,2026-03-19,2 個月前,"想在家就吃到好吃的拉麵看過來～～～
點了青柚胡椒豚骨+雞白腿骨口味
先說來說說湯底
那個”鹹甜又不膩口”的感覺真的是讓人一口接一口
加上了柚子胡椒讓湯底在口腔中又多了一層香味
對於喜歡喝拉麵湯又擔心膩口的人完完全全可以點這家來嘗試看看
另外不得不說
他們家的辣油也是極品中的極品
麻而不辣搭配不管是那順口的湯或是麵體
都是讓這碗拉麵增添了濃濃的風味
好吃到會想去現場吃看看

最後最後!!!
以外送+拉麵的組合=爆炸貴的

但這家絕對不會讓你有這種感覺

好吃 好喝 好讚",
Will Hu,4,2026-02-19,3 個月前,"以這個價位的拉麵來說
算不錯了
內用+30還可以甜品吃到飽","https://lh3.googleusercontent.com/grass-cs/ANxoTn1z-WX0rddJZlDHdJE_97EIX8kNXG0uzCex2oILiYShq2AfXHT-Z9uLdcKACGfQF9SyOIc88Axl9_2uZAJSZymGHahfnWeuLts8Is01lotrzmEf-zkz6WksSXT4l7HcNuj03SaDaAqW0oNW=w300-h450-p-k-no, https://lh3.googleusercontent.com/grass-cs/ANxoTn0IBO_yko_XmhieT2O3spcGy0pEHxXwT9rh9eWU1fmLmlKpk_ooQaPZ6g5bJE8YS-ssHK-EZvSdGs7H8ZhBnBE9-jYWKKIeLkzCQC3Ami33PYqLyYQ390nlhdNVp71T6QBWG41q_kLqa29H=w300-h225-p-k-no, https://lh3.googleusercontent.com/grass-cs/ANxoTn011VcTwfPyOqQIA7tU-f1Wxo_hzfAy3TNWEaBST_BloIkhUtXHTR8sW_-MUa79OO1wf3f1nn3u5mlkf5ouyX2cTXFrl4U4dgX7lSrwvb13ZpUDk-8dSkrWjdQIAI5N0SjRGi65F6Pb7BE=w300-h225-p-k-no"
Carol Chung,5,2025-07-19,10 個月前,川香椒麻杏鮑菇好吃，椒香濃，黃金泡菜也夠味，地獄拉麵小辣，能接受，醬油湯頭好喝，唯一美中不足是肉片有些微肉腥味。價格便宜，環境乾淨整潔，可免費續麵,"https://lh3.googleusercontent.com/grass-cs/ANxoTn0j9VmbIjnecHpZUUaoKX_zaxsCz8Be2hrlo0TCWuFLPYaHF_h68p_hf2f0pWJcXVt459AOzHg4Aj8_gYIRjX4pmp4q0s_2zC1mXGtwGwmIZj0dV8BxxmwCeFK0AOVGRWALSCKZPSS6Dpg=w300-h225-p-k-no, https://lh3.googleusercontent.com/grass-cs/ANxoTn0LQGtYlEiYVhbLOvUPW1t121opDbI5d6czbKGXh9mU_thD3TFurL69CxhatMS2gQugrBVIzcIsR3KVP7NwqFkFqkL22fbfWh7hI57I82JueqB6ZadLw3Lbm6ssLMfCAq1wTkOAWAl-uGA=w300-h225-p-k-no, https://lh3.googleusercontent.com/grass-cs/ANxoTn2gp9RWh0yJZvkMoGhAVz3K8LcuFsMDAQjK8juiCfcpkroGFGJ1ZI5eHlGbsUUkAm1qa6B72JK9mPcOZVrUKU8wyusRcgB_CGhwnX96dw6jIsCZXBDKq7YXBIg95dQWzL5cEC1vpKbEr_bn=w300-h225-p-k-no, https://lh3.googleusercontent.com/grass-cs/ANxoTn1TJ5y5w1iOWUHRABTg6Lp84xLsSiweCrEuD9ernp6Go7i3q8e3hTCkz44zVhOdSYTa8y0p0q_8PTW1B4qiE98bb0I_ODMoqsL5QCSmcUMuBCi0WYVa7AQ0NgidKe2hkKkXlM0mmnvjbC-l=w300-h225-p-k-no"
evelyn li,5,2025-09-19,8 個月前,"點餐是用機器點餐，可以line pay和現金付款。

進去餐廳之後，先去裝甜品，回來時，拉麵已上桌，超級快速！

溏心蛋是一整顆，我點的是地獄拉麵（叉燒），是麻辣口味（小辣到中辣等級），叉燒本身有炙燒過，很像很好吃，份量也多！

男友點的是松露拉麵（舒肥雞），松露味也蠻濃的，雞肉超嫩！

甜品吃到飽真的很誇張，有豆花、仙草凍、還有薏仁可以加，薏仁絕對是畫龍點睛，很甜很綿密！

真的是好呷😋","https://lh3.googleusercontent.com/grass-cs/ANxoTn1ATYUEJXh98PBYpi81CKqi1w5F51gMPP-c4PB-6x_djnFkXYjmXQ4vU1qEHQMtoAE9SNcLMD5oa3I9XjLG1gplbrP9qgbOfFyjB8EeER4L_dW1uJLCdoum3Iz5h8kYKzsNMRA5XU5OTsJm=w300-h450-p-k-no, https://lh3.googleusercontent.com/grass-cs/ANxoTn20I5lj8FhCcFTv0veVHG46LaS3XZBEo-C-WMeD5VzB5SxQj_9kXAqYmbysYsKSZUrtu4mo7R7H0CjcyDLB2O74IT5V8lrXWrgqOVCpiCrgP-0yWYyQf3dBQ5Y-19m2O6Q0-Z0fUGYwoFFG=w300-h450-p-k-no"
Camille,5,2025-07-19,10 個月前,"口味很好～湯頭調味好喝（松露.青柚.地獄都很讚）
叉燒肥瘦適中，有+50元多4片叉燒
可以免費加麵，甜點內用也可以無限享用，吃得很飽很滿足！
服務也很好～（沒有收服務費）","https://lh3.googleusercontent.com/grass-cs/ANxoTn2CErf7643SFO3zkR65HLNLytn4DQRt1wTTSI7q3Q6-8Cpohwkkt98f6ZkkeXhRAs0wJ3eKwVPzMCGj930_s1ojJctGWGsZjUFU2luWA4nRR8rV5Ayh9vuuVB1cIxIFwUvM-ztGY3fF_3o6=w300-h225-p-k-no, https://lh3.googleusercontent.com/grass-cs/ANxoTn1SexTzrxvwf33YPRHmLLDuiYkbFL5PmZ_5BI6wHtQPDXh3nIz2P7PFtWH78E7VlClLkff1wwLr8hCt29eJR2bfL3QOGx9RvGnv5S4ez6JvPoAjZaeDv7KlGXBVIOFT4BFSvd_ObTumweQ=w300-h225-p-k-no, https://lh3.googleusercontent.com/grass-cs/ANxoTn267neNABjpWIOr4-qC4shj-i3WlqKpK7CSRdcpzcyVRjvGyEexGRt8NYvvAxgal3L9lOEqg-YJbq6ocnK04MPjAetJiKUAr2rNRScSchTD7RhpLbv5v4Ej8DxTf4JLbOs9ghaT6gNHFUs=w300-h225-p-k-no, https://lh3.googleusercontent.com/grass-cs/ANxoTn1SP2eI6Fzta7GxHCipOdeC6cWb7_7fu-1wci2vyczuEbLXWvOTBVFklvRjl5Rw__6BYhhlnNc95eRaUwNEjUL9l7APgFTxDB_njRmDmoQdRG4zcpKsoPonBRf02xFmufKRssKN1rmrp4c=w300-h225-p-k-no"
何彥儒,5,2025-12-19,5 個月前,"好吃 價格可以接受
最重要的是環境很好

但甜點吃到飽（要先購買）",https://lh3.googleusercontent.com/grass-cs/ANxoTn2VwWKaiXZxTsugJvlhTlO-I7tKs5i-MZdbbacSKK7fnyuxM3yw-NeyG7GnQuAMJ-BrBh7Wp9a2Dlzpz-KHehUbIW7pY3LrUNZpgX1GjtX2Q7tSMTtmCM4iIQK909MNkjKlVlhnaznr096B=w600-h450-p-k-no
Rita,5,2025-10-19,7 個月前,續麵給的超大方 糖心蛋是整顆的 湯頭很到位 是機器叫餐 都可以客製化 會再回訪的,"https://lh3.googleusercontent.com/grass-cs/ANxoTn2J37AbP-JG0nPt4DbNLTz1wS35lSoLjqOpS4_0Rv5RT3luOO6Z2WzlZ1ydniavpWRllNTj9XROeeasf-3Hu-5XdTNDAdW1ymneR53G1Tg4C8lOHteSzc_Hp-iA5uGw6GZpKB4GTQi935rt=w300-h450-p-k-no, https://lh3.googleusercontent.com/grass-cs/ANxoTn2zhfj1Nrez3dQ8GWCSaeWWIcSeMatVoXYtgaTFf-a5xIsl2vBKa_7kNXDHLDbHbfuklHhC18MFo-Q5T6VbA49cTXdBnVkwgW52kGlyW9q4Xx_40WJdMOtT6Zf9fiyRPHGdYvdPTW5jsHo5=w300-h225-p-k-no, https://lh3.googleusercontent.com/grass-cs/ANxoTn2dxdK9entGl01qeIJ170ZmxQNwqJUhLUuM4szd_hQoBHwFYYmmC9qycPS95fWk2tVpQOT7-FHR4hFQ_95wiBEKLQyO0mgPAlsvsw2EgWpAqSR0HoeBpxNdg1ThjTuz9SZpvJpqVkJ26Y4=w300-h225-p-k-no"
Neil Y,5,2026-01-19,4 個月前,很意外在這種學區附近便宜大碗的店家，店員會主動來關心需不需要續麵，第一球免費哦（眼鏡橫條紋店員）給了我一個小小的好心情，感恩感恩🙏,https://lh3.googleusercontent.com/grass-cs/ANxoTn2TnDUJ3AMFU5iG-DKv4APwWENLA7P6uhAOy_KyXBJTtrUQS4GH9kPnQYBjmcLG2NCkFrz6ucPJ-HZTl28eTa26oejIxwgwTC2rpKOJY7aVtTE9HXjpBTs8BnxIu_B4n6Di8kNhnZpYCYJE=w600-h450-p-k-no
Lin弘騰,5,2025-12-19,5 個月前,"依舊好吃、服務態度也很好，CP值很高！
（吧台座位比較擠，剛好左右為男…😅）",https://lh3.googleusercontent.com/grass-cs/ANxoTn3-YZuo9ASLbFrIO89M-OvKHkGi1LqydOVJaFSmPJcSOjCWgx8ZHg5gDMi__mEui_O8FBlyvImmAHS1eu7tRZersQM6KacDHNebL2G_H_z4fYgjpWDVeBjKp4hQ5qQzykhbDJ-JbLU2Ta9e=w600-h450-p-k-no
野瓶靜,2,2025-12-19,5 個月前,"21:50來到店門口, 店員特別開門告知只營業到22:30, 我說OK知道了, 吃到現在22:03已經開始旁邊在翻椅子, 哈囉! 我們還在吃呢! 趕客人這樣趕的??
叉燒超肥難以下嚥, 跟上次差超多....

Bye bye~ 不會再來了","https://lh3.googleusercontent.com/grass-cs/ANxoTn1CP2uAlrvfF9NgFM1ncktfFPuPJow-qbylkZuXVAM2NtLxNQRbDXM9jZCahxbhPVHxaozvr727ZtVfSo8SqahSEZSXW6Or8D-aeSIQ1PLXbk2joD3BS4k0f9YC0HGFneCnE-B2kcnQH8k=w300-h450-p-k-no, https://lh3.googleusercontent.com/grass-cs/ANxoTn0KvJIuq8vP0guFMZUISJ5QlmznxNF723dBVkzXmsZaxhoJax6S1K175thDSgPYbQqa8h6Pu5k3siNDnDkHJr34g28FL8JccwLfQITvp2gab0zTlNM-NUK7oZN8sl-ERfqaowOX-8qyAtzh=w300-h450-p-k-no"
小煩,5,2025-09-19,8 個月前,"真的很方便，很適合I人去吃～～因為門口有機器自動點餐！
進去位子坐～～
服務人員端來直接吃，不用對話！
份量夠價格合理","https://lh3.googleusercontent.com/grass-cs/ANxoTn1IF7Tzhh5UHgCjoSX1y76fpU3fuIMAiMBUT7bAFMzuCp2wvv8WDoQHMCfQzZc_ayxv0wCFjMq0r84I_V2tFTY5OGuOnAJ80qlSw9rVuNxr-DdOujvZJPB_Xf7O9l9pb08i_U-c6U8UN0VJ=w300-h225-p-k-no, https://lh3.googleusercontent.com/grass-cs/ANxoTn3DkWduyvLLm9JCVWXwQY3AiaKmpVKAykweNaLcPZfjLdboVBvXty1bxrlGazzFXbF2Asr8hbrSjOhe351CvxyyH6YVxCpx7TfD0YyQJmxsGJtD0vyc2O68mMpgHRgzenbtSYWEZysBP1o=w300-h225-p-k-no, https://lh3.googleusercontent.com/grass-cs/ANxoTn0h47dunlQE0aiJNxKj6ooSf5oK61tmF7_TB6GMLfpi0spi3yAwTLZq9WhnKdy3jO3tnDP8DoMbLd2kTC4gi3LFr31sHNxZMw096YAWybWVyOdMB4bGV8FtWOf6QGhR7JDNbva9lvVfy0Yf=w300-h225-p-k-no, https://lh3.googleusercontent.com/grass-cs/ANxoTn1JcFBOOSFHveVA8rBTh0nWCZvfKtgFSFapThM6V8g3c7dyBkplQzjCzvvqZXtlQ6OsFbJYGrwbfBtG3_0Cgj3D7j6KLwNAGsTaRkwyg5B7nEsj1AWG8wNTNQGDJEW3HSrOe_1nafjP9wt6=w300-h225-p-k-no"
戴睿廷,5,2025-10-19,7 個月前,湯頭濃郁不膩，麵條Q彈有勁，叉燒超級軟嫩！每一口都很滿足，下次一定還會再來！,https://lh3.googleusercontent.com/grass-cs/ANxoTn2_DTIwB7zvp9MNsNKPCWMLjdHRuHsmIbUmERYZCksVr7FqfPczPwQfbQJxu8GqhuRaTeWKneTSgh__ZJMubu4wzN2KE1sGYXQty0BFdCSKZs9wnMnuh4AviFUL1F1fvuELIn1d9W_1w7fq=w600-h450-p-k-no
黃微淨,5,2025-10-19,7 個月前,"今天點的是松露拉麵😋
松露的味道非常濃郁
湯頭也很乾淨不會死鹹
叉燒更是入口即化
份量女生吃應該會飽但不會撐

個人覺得空間偏擠
但環境很明亮乾淨~
而且出餐速度蠻快的
整體的用餐體驗💯分",https://lh3.googleusercontent.com/grass-cs/ANxoTn2mASLDaaZ3M21kFP_dtBjx47r2Kr2l-7mEj4Doe-i0NTMElnMDIUPQ98ceuSlkveXPXlUJRr6HcRoxzPxNRCWfiPfCoC0B_mp6Itsz4d-clgVdaB21U8CZTJSJiALI3WsEnbYPcsf55rDI=w600-h450-p-k-no
宥程,4,2025-12-19,5 個月前,還不錯吃！165的雞白拉麵味道濃厚氛圍明亮上餐速度蠻快的！以後有機會會再回購,https://lh3.googleusercontent.com/grass-cs/ANxoTn3UMzcwlgHdeQShs2AZ76-gVC8-5BLNoJNWdErz2kFBPHP-Q4H66WWUYN3oG6lTLuGAtaL31i17JMZqRE1bwcfjFc5HOk5vRRpDDnJlQysAxAKCkSDiikxvjUkKv1zQoSFJSU3BJCihLrxe=w600-h450-p-k-no
JI SH,5,2026-02-19,3 個月前,很喜歡在這裡用餐的感覺，用料實在，味道也不會有那種套水的感覺，甜點更是優秀！,https://lh3.googleusercontent.com/grass-cs/ANxoTn3PrRqt37LNU9EjL-vomwjiyL0py-lSoi_FrGY9T0zQPn6NMghOgessxA_laKoda5-uz0PeTeQQYU56NDyWcs1Zzm7X3AP-ZDsfbRgCvcULGgEIlRHmyP7OL9hS2WRElNvin1pc_UuGk72X=w600-h450-p-k-no
kj xiao,5,2026-03-19,2 個月前,"初訪
環境乾淨
假日晚餐沒怎麼等候就入座用餐
甜品、飲水、調料皆自助很方便",https://lh3.googleusercontent.com/grass-cs/ANxoTn35utASvTLCPG5_5rudk0K56mXaTQOjrzu6iAVFFNAHqYL7lbN4AJtQUCJ3H5Eq22BWLf-RJI4mA5oQ5kvkjzh05PrQDwZ9TQJPDrBIDx069jsLFLSBtmhxeRTDykJSuDhL2LxgSP1Hv2Qk=w600-h450-p-k-no
楊一心,5,2025-10-19,7 個月前,麵和豆花仙草都吃到飽，價格不高味道不馬虎，高CP值優店！,https://lh3.googleusercontent.com/grass-cs/ANxoTn29zOwt7Ls9FmXDRqL3KQch-et9wJ_FpkhbL0YYqS53u7NTre54MJsXSRRzvAwZAjPL2ANWVOnRCRQR7gZVd-DI100kRNjbkMqtnZXTcjYbR_1pQgfnFEF9cWIdwbwVQecfs_3UI6-yixWl=w600-h450-p-k-no
蕭逸滕,5,2026-02-19,3 個月前,價錢很符合餐點，我點雞白湯拉麵，正常鹹，湯頭相當濃郁，湯頭很順口好喝，麵的部分相當特別，很像泡麵拉麵的感覺！,https://lh3.googleusercontent.com/grass-cs/ANxoTn06cAhAJk4qQaO2O-7V4FuGXGpPjW9f8k9SXBYqEUbnmDz9nGUYrTGXmjmZFvZa3ZDe84nZOogEkB-A_w9XuB-Y6O0At0v-XrUaqch6GTz1Jl_t3vaa4QYvPiJUNalEPLa4KCW1gTf73zDL=w600-h450-p-k-no
吳秉軒,5,2026-03-19,2 個月前,"很好吃 日本鹹很剛好
好吃便宜划算
甜品還30元吃到飽",https://lh3.googleusercontent.com/grass-cs/ANxoTn2k6oOBoXnZsJb8exjZeVWHtNU8HKhL8EH6jS-rPESSCGeZU2IvBpuhIiQ2v2AT4NAHf8vkdHBPhBhP40db3_oeZC7YyZ5iteiNM7e2ByeOTNy27_ABdDFp-mIql_Hci46pu7th0BZJcjZr=w600-h450-p-k-no
侯欣妤,5,2026-03-19,2 個月前,"好吃的平價拉麵！
昨天到店用餐，外面排隊點餐人有點多，一名男性店員出來主動問我要不要先進去坐，然而我卻忘記自己是個懷孕33週的孕婦，心想我還沒付錢啊？！連忙拒絕他的好意😂
回家回想起來心裡暖暖的🥰",
P Liu,5,2026-01-19,上次編輯：4 個月前,"口味很好～湯頭調味好喝
叉燒肥瘦適中
可以免費加麵！CP值滿分",https://lh3.googleusercontent.com/grass-cs/ANxoTn0zCpLCjuXKNoDNLvgcGNAHPzdjpNfEwoU-Ly7pkqsRVeXD8bG_FrbeBXO3xDgGRMUPTbsmgOo4d76UxnfhA2IUHDlxGh4r3jXP5l0we4TmKhv1qWtM_YNP_9e6Q6B5PT71kEWs8uLI4bbO=w600-h450-p-k-no
Rosalind Lee,4,2025-08-19,9 個月前,基本上沒有什麼雷的品項，湯頭中規中矩但感覺出經營的用心，沒有什麼好挑剔的，以這個價位來說很划算了。,"https://lh3.googleusercontent.com/grass-cs/ANxoTn1CHV2AbGNzqjn9lrpj_XHOw8tV4NB-y4P4k0q32_KwoliKwCvbvskxjIAtfbB5YgPc9LP2J9M-Kx6PZbgUvHqLczmoVvywvBBrYAY65cS7dOrYo13cz8tfF98hOUTziSuUx5PXgC1DMYo=w300-h225-p-k-no, https://lh3.googleusercontent.com/grass-cs/ANxoTn19YCOtT2kHE3HtkfMWsPawIC4k3ma3QgOCdbAp0nkCjhXctOj--292seioYADQ9VXUgcTsr-DsF-dql3Rohok2NFi8t0rucgGiIuBf94QVYxmvv41GKA3aB8B1FdEqcWBFTixGiYSLoWq2=w300-h225-p-k-no, https://lh3.googleusercontent.com/grass-cs/ANxoTn0AzSffYAV0DW-eHtZcdPOeQDafrs5Uc-U_g8ZECnfZ9qu-9OtPLDkpyMRGtVbcKj_l__xk2hWAdMw1_m_0nKE3_UkHXHEa82ZcpMYWll9KobX7dLTVOI7220gvnnRIvQMqKSffvApZLuZ3=w300-h225-p-k-no, https://lh3.googleusercontent.com/grass-cs/ANxoTn0zt1KJXsPmg0ol-tRY27sMSCBZAeWgOE-IFsHExFiBxkr4SqkJn7P1ZxQuxPZOwN7BTbJ1mBG6osfngXgcwd4gLssppDZ1UrQ34imibPOheDbGRtpofEIgHxMlZm1cYxi2QhQ7ywMcNUFP=w300-h225-p-k-no"
小魔女 Do Re Mi,5,2026-02-19,3 個月前,"師大商圈CP值高拉麵店
店面乾淨明亮，還有醬料區可以自助加辣加蒜超讚（蒜女超愛）",https://lh3.googleusercontent.com/grass-cs/ANxoTn2IIh3JIHKiIi3kP0TJ8nAdTJUAsma_tuPL1Zp43YvkJvHmELe2BvKOQvt5mzx_9pOE11TU1UMqCy4KWmRQKrB_BJ-qfbVhcxF-XaEBJ5re6uloDBXx7cYkn7_I5e0PmiRaiCmSOVNGrRPu=w600-h450-p-k-no
Anna Liang,4,2025-08-19,9 個月前,"出餐很快
甜品+30吃到飽
豚骨胡椒有點辣，但還不錯
內用辣椒是辣油
還可以免費加一球麵
基本上可以吃很飽~","https://lh3.googleusercontent.com/grass-cs/ANxoTn3CAZqlBcqVngWiCiM8iF55N561LV3_y9wh4oEXxKh2s-Q8SBXA5i1Mg8y658KZ6tqdkSyTMGiyvQQ3d4iZVPmIoJAjdAdcErA3kZVKrwSPgb1tbXwKLELkOAWUkoiq0hsu2vDGj3YGkGBN=w300-h450-p-k-no, https://lh3.googleusercontent.com/grass-cs/ANxoTn2Fbxuzr2kVm9VKY4RNoQM8B8wEUAhHsfpzML0oEmBBtyoZ416SyDEMqY8N88WukV5bNOk5oIU4unx1fLtWXXB_8Bn-tWRIW82KKnBo_86Ejcn0ecfdhAFjYQaVLZv2MSyBbrU_IUTgZ7sk=w300-h225-p-k-no, https://lh3.googleusercontent.com/grass-cs/ANxoTn2Z5sxQwm6HmeHNhgbd3-ivFnp3bQkDdZcvqsm9H5PpE5colqTyOGROKPeek1zP2o5FHOINjydN6nxMmvHyKJXqOKy20Sh69c6ZawqJV2yLv5AfuGkE_j7_gKv6G8vGbmvX-J_DPrDHYAkp=w300-h225-p-k-no"
QQ饅頭,5,2026-03-19,2 個月前,"因為太餓了 已經開吃
湯頭美味 麵條好好吃🤤",https://lh3.googleusercontent.com/grass-cs/ANxoTn0461utc8o_OuJqs1ioK7W3UZ1itn0n1wzldfOvxa_HQGrJwG9R3-0MGijWdTPBzh-TvKo6Yued6p-PjNLcbG_aKe0pb3FOmmOatzamItjoPX4Ibz6NQtvolT7csVB73EkvX813Y_P0smQ=w600-h450-p-k-no
Wendy C,5,2025-07-19,10 個月前,"拉麵很不錯吃！
豆花吃到飽也是很划算
新開的店環境很舒適
服務也很好
下次還會想回訪","https://lh3.googleusercontent.com/grass-cs/ANxoTn2PnIgq0es7TzmRWX7Pi6Nf_X4GHHsNyIpbPe-kLCqBftS4y87R5phmkRjyEW226ywpichEjnwHvoh6GF8_wy6l94thWwFH-klAp_8vtqZ0ra02DtZsgKii8MPIpVXOnPIP58DPsMzlT7tJ=w300-h225-p-k-no, https://lh3.googleusercontent.com/grass-cs/ANxoTn3bznByb6dAJ8Nm-bzInko2YpYSSryrJoPLDGaHUFxQM7CzNIjReLL6JqAVEx6IY0xWLrAhYjKE2BxpWkf8__julxaOf4UNgD_jvI0Ab6yd3rE25r1PAwL72rBO_sjCmHDSSUVmTFav2MVy=w300-h225-p-k-no, https://lh3.googleusercontent.com/grass-cs/ANxoTn0Esvbl_YShJh4JJNMWJY-QrKKF9oHGcCijxhnesk8jUIKvmedFJLexvWKh2n8Kf_MbgmzQPbYbwtvFuTn2Mcvb7qQ8OmRYH5ky9_tDsKcDI_N_U5woLVvIXufvDizc-evx7W43n9IRDPM=w300-h225-p-k-no, https://lh3.googleusercontent.com/grass-cs/ANxoTn2kvbhxObh_dHpqF41D0bvWfCEkffp3JvuOhwRh9TUXlO42EBNCD9ReZieXTSJ9moKxhOH99fNrZ6kqX6P2l35OLfUQuDEiK5yFJaQ3LRdcTPq63-wr95fYsdHrJQ6if7AtqnO4ndGsOv1_=w300-h225-p-k-no"
瑜,5,2026-03-19,2 個月前,"湯頭很濃郁 用餐環境佳
小菜的調味也很棒",https://lh3.googleusercontent.com/grass-cs/ANxoTn27-4peR04v53XQxzS5vrYrDhwE1FDMZLHUfi4i2oE8gvbT0ci49pPH4B1w49ne8ptGYOGoQMRP2YYVdGCidfPtQsKuu6RuAI035eqltwAFMmwkg5eRemUoLMtughGoMk4A1U_GyLK91rE=w600-h450-p-k-no
凜奈夜,5,2025-12-19,5 個月前,很喜歡來吃，分享消費心得可以加麵，甜品有仙草和豆花，都不錯吃,https://lh3.googleusercontent.com/grass-cs/ANxoTn3XYMgAS279IbDE0ANy67YQf2gR5Qe3Zl2x2p_hZ9ZstMpwxUILz8BBVcYTelKNnPTeqsCJsMovODlkVIvS74eOEsNIGMP1ZvnZF5bBHATcsR0Oie9R04OeCUMpUij5O37xYic56Pryx94=w600-h450-p-k-no
jerrylin2002,5,2026-02-19,3 個月前,拉麵CP值很高，小菜也很豐富，推！,https://lh3.googleusercontent.com/grass-cs/ANxoTn29Le7_nMpnT_tQNkhy7dCjTrmadL1V1I4IWhQTenu_ZlzVTacyo8VGbcJm6zmc3IkFyFp8ZtGmGbxlt_U_XhZ3JEjn4S6zSas1kd3dweLVme4TuZIjcnO8vq39EnTOXALAcIBuY9x-Bqs=w600-h450-p-k-no
Hen C,5,2025-11-19,6 個月前,店員服務態度好，還有加麵服務店員會親自幫你加麵，而且醬油口味的湯不會膩,https://lh3.googleusercontent.com/grass-cs/ANxoTn1HPRobDrBiD_jagizYeyyGXVcjB3JBiWz3_PRwSmJ-2NXZgmc20our_pkj1829py6gYQYhPK5yCPiRO_-Oghb_6oCha18P_sIX1jOFDyTrOfSKfKsLjc9WLlVR-V1O1Fin0-SHR9IuE7hO=w600-h450-p-k-no
monica Revelation,5,2025-12-19,5 個月前,小孩覺得很好吃他說湯頭又濃又清爽 叉燒入口即化 雞白豚拉麵 甜點也不錯,https://lh3.googleusercontent.com/grass-cs/ANxoTn01bdVDVM4Sft31Npb8Vd5IPteu3GRfgRB0ouiPS7WaKlxZH-pnJu70APaEE7HJ-eWoiQn_8ChanFNwVkTGkxWSR4o44q5h7IoQ9Ubm614hcJYLjulrpNhnkMud2ye5fG3cjzzX95x47iyD=w600-h450-p-k-no
古宇鎕,5,2026-02-19,3 個月前,麵條口感細緻滑順濃郁香醇，好吃到沒話說，會一直想來享用好吃的拉麵,https://lh3.googleusercontent.com/grass-cs/ANxoTn2PN1KvvoxAvC_G2r1AXp0rBmOAAoGF0-Q_Y3zpPMn2yO4XDQiQgEa6fD6OT1AT6ttYMGLzDt0xwrlSxOS0mRyQ1ympYTuxceiRWDZOx7SzV0XtakAPUzDYi4ioyqy7CLpnOZ50P9qRTjcl=w600-h450-p-k-no
貴貴,5,2025-08-19,9 個月前,"麵好好吃，松露湯頭甜美
重點是甜點吃到飽😍😳
豆花綿密可口，又不會太甜","https://lh3.googleusercontent.com/grass-cs/ANxoTn1BUV7vbE3IkWK2BdF9bHCunoeqyDshwHzxGTcA3kW-Ai0sulXVQl4FE_mfXTgoY92TYnqrnc27QH8iFGr7zAuQQ3TmQ1n9JGwJBU9lhFgr38SkVZlu-WQ7_MBzHdW5CfAgvF-DxE27v2pS=w300-h225-p-k-no, https://lh3.googleusercontent.com/grass-cs/ANxoTn1yJE9tc9vQ8UmdDe9wkRRyXbRIgwnI4X7Z9a7DI-PYdRo79ShfCT0q4xw7EqTUfzjqAPfOmXtEm8JI0jcNtSxivhGlJTPW7YI8e7d23sIgWD4TIOnAYI2tW-utEjsy6G734cJhKJiJ0LLp=w300-h225-p-k-no, https://lh3.googleusercontent.com/grass-cs/ANxoTn2gPi4ow9f65Y7BDtoH2ESnB4ivKXc4PVLVwzA1TU7ImShHfupjw33N4Ls5DBto7vZMtzGvqJiuDTknAMNqAnbOe04Wjy6nxowtoFEr95j_LmzFJWkYHUSwcbvccCnq_OVv_IupA286t28q=w300-h225-p-k-no, https://lh3.googleusercontent.com/grass-cs/ANxoTn1QqrdRQnzOAjIhwWPyZNg6MgrvCxEVX3-oCPeI_MJAG2q5Whwe-kZTpD4BYwZipK7Rso5AwZxshwX_yC0l2VH7C5m-3QPuSBoOzRp_2yArgF9zSjiUZu6iKyDTXnYPOAgqSCLHuTHsjNl2=w300-h225-p-k-no"
趙振安,5,2026-01-19,4 個月前,這個價位我給滿分 真的不需要太厲害的裝潢 這樣就足夠了,https://lh3.googleusercontent.com/grass-cs/ANxoTn35vEb0UV4uGKBascaELGt8dHpfPTBYZJ62BrDQlhwR1yCGMN74W0aOUYo9bwo5gnYfQ6d6wNU_Gq1ISOcT-L7LQqHPyFVW5jkGVEoyR7izjTvAfV1lX7heDSy56eKVSkmtzIXPg5cC8To=w600-h450-p-k-no
許淳翔,3,2025-07-19,10 個月前,甜點品質穩定，但麵條有股乾麵粉的怪味…剛好經過若拉麵品質還穩定可以考慮再訪,"https://lh3.googleusercontent.com/grass-cs/ANxoTn0Vp_44tbjZEkc7O6-uQsytMeJPVoQicVX-1XCTg8uuN1lQGDuffYTOF7KctsHHtVnrLoqoWUHqK7s8IaDqxcSIaPd1T7k5NmQGeaqQwcToF97UxBQLqJ73m3Xl-VhJE3LM-4GtLtr8xnrF=w300-h225-p-k-no, https://lh3.googleusercontent.com/grass-cs/ANxoTn1jEvFBp4GS5APVbl042ypVwidAubfI3asBLINNJXWktUTHjkWCNPa7aC69Lx0I8M4UK7beyPQ8mFbJ_OFNs-zkXkQlfQPi4oYn-6CWiZV5EjXE2-gF4GruC4BfLl-I4Q7auGfJPmIlPDz0=w300-h225-p-k-no, https://lh3.googleusercontent.com/grass-cs/ANxoTn0pnMulzLEsUh36j0VuRdush6eMLby8dprkRXLvb2fWGmvSSzKO6wiFLM0koVeQHAQS3f7FL6Ooor0NxzOUAmIyM2_xAUYOUc3bImxLGDzBmx9iqxh41BKWsXYVoK9rgY-pbMKS1crrzq0r=w300-h225-p-k-no, https://lh3.googleusercontent.com/grass-cs/ANxoTn3z7tvBFx58cmuprDDWdLDGjI7OAWsY5T8E0OqSjQO2uWRjCgzzqZ23nlHabsmlyTomfzeVZR9h5d2zAmV3jcPhmy9m2A_mPc2Tmi1uuCaPC6TzyYGopMF-OiGK0dCLke5Y9pOwo4qY4IKK=w300-h225-p-k-no"
小蘋果,5,2025-07-19,10 個月前,"✨ 好呷拉麵（師大） ✨
🍜 拉麵加甜點吃到飽，竟然不到 200 元！雙北拉麵控快收藏！這間主打現場炙燒叉燒、天然系甜點吃到飽，C/P值超級高。😍

📍 全台北新北共 6 間分店，這次造訪的是師大店，藏身巷弄轉角處，餐點實在、甜品有誠意，簡單卻不馬虎！👍🏻

✨ 餐點亮點 ✨
🔥地獄豚骨拉麵
湯頭麻香濃郁，辣而不嗆，嘴裡麻麻辣辣的很過癮！麵條為細麵，一開始偏硬有嚼勁，吸飽湯汁後口感剛剛好。😋
叉燒🐷是現場炙燒，雖然稍微有點乾柴，但帶有豐富香氣！🥰

🍋 隱藏版－青柚胡椒豚骨拉麵
加了胡椒與柚子，大口喝下是酸香微辛的濃厚系湯頭。柚子不是清爽系，反而讓湯頭更有層次，越喝越香、越喝越上癮。😆
加上半熟熟度的溏心蛋🥚，搭配拉麵剛剛好。

🍮 豆花與仙草甜點吃到飽
完全不加糖的豆花與仙草，是最天然的古早味。
可以搭配旁邊香香甜甜的薏仁與紫米一起吃，甜度剛好、層次豐富，解膩又滿足！

❗️內用還可以免費加一次麵，吃得更飽足！

📍 店鋪資訊 📍
🏠 好呷拉麵（師大店）
📍 地址：106 台北市大安區師大路 49 巷 12-1 號
🚇 捷運台電大樓站，步行約 5 分鐘
🕐 營業時間：依各分店公告（建議查看官方 IG）

💡 雙北地區共有 6 間分店可選，這次探訪的是「師大店」

————————————
🍏 喜歡這篇分享，歡迎按讚、收藏與分享，追蹤 @pingo_enjoy_life 探索更多平價高品質美食！
🍎 小蘋果推推CP值（服務態度／餐點表現／甜點誠意）：4.3/5
————————————

#好呷拉麵 #雙北拉麵 #豆花吃到飽 #一碗好麵 #家的滋味","https://lh3.googleusercontent.com/grass-cs/ANxoTn2L4cQ6wrQBn0wJTmuclcVK9jDp6D6uvKoO2Gx7VitoykPulafzjrFGWk6UBPkSaJW8Hu-uevNCvEYbBvMgxZW-rfeUBFySyEDp-HF8KA7whLC2jQJlv99tZRONP390-Aek8D_REw7v0-q9=w300-h450-p-k-no, https://lh3.googleusercontent.com/grass-cs/ANxoTn1ZYwKpXfjCAge8VZDb4hJ7VH4Du6pElAy3BjbP-ZJnu_iSZUmP9PNCU3T7tiddyruv9bDgF2vQgPtsko4mKkCInRMCMesUmPoKcAgXLr1saSKO2z0pihJwXLgMYPOBDVwfGY65jvfoZx85=w300-h450-p-k-no"
CHEN LEO,5,2026-02-19,3 個月前,雞白湯拉麵不錯，豆花和仙草好吃,"https://lh3.googleusercontent.com/grass-cs/ANxoTn15Lt76lrwPoRcHwDyhyxWxQCoj7_hTJVWYxQ4I3L9N24nm_tXAwOgiEuFLqJV5HPs3H37zLYT6VDTmRDCbFaFX8kV0GnZudPHcMRDQ6QrPY43Oy3GXhkpvmEDBrbhY-t1QltLqJi2AxR0=w300-h450-p-k-no, https://lh3.googleusercontent.com/grass-cs/ANxoTn2MtJGr8IBzoGpNc31fgoRm5SCRIkR35mlwCNNxyQTFhX-bqxhWhgoykyLiL8_hF-XnM6h6SHA1GLyageN4tgPea56tk1kygRQe-RtAoj39DIACMQWDelgFNnzDZ9WcpxY0h68S8VfZ1rk=w300-h450-p-k-no"
W Ethan,5,2026-03-19,2 個月前,頭湯香醇濃厚，而且店內氣氛令人舒心~以後會常常來😳,https://lh3.googleusercontent.com/grass-cs/ANxoTn3zr1wVZaYB4m1jAnhJ-8ZrpeQImalTPjBSxBFTVnGtRZ30e9vyG-soynCmP1e1EknXcf8uq5rXP_PF3LSTe9hHjlmZCWLrpVusZNq9uysAPCwzbLRv2Ul_f5QM79L5Wu6DnHfvI90rR7s=w600-h450-p-k-no
Ms. Matata,5,2025-09-19,8 個月前,辣味的拉麵超級好吃！不會辣喉嚨，重點是竟然有甜品吃到飽的部分，食在讓人驚艷,https://lh3.googleusercontent.com/grass-cs/ANxoTn2Zlm4RHGmwI5GwyHkVfpESIvAsqb2ENVEvd-OpmCbLulnoGvfGtwMvjdf-NjOQK0QrGrPueBOLt0fxKk2OL_PUJgAuTraet9MzPcvCUBQ7qTK4ueTOwvN-2Z-MSBq3ZFhSEo2ndKmf7-qA=w600-h450-p-k-no
HHL,5,2026-01-19,4 個月前,九歲的孩子吃到整碗醬油拉麵都吃完了，還想續麵🥳,https://lh3.googleusercontent.com/grass-cs/ANxoTn0cMJKUXOFWnNLg-EQIt4sC5nvMLTB3qc_PvK2tDm_4GtZzl31ryWLwiIthmOhMETQVjdCfN4h7iRh8kPp2j_JQYdQkmiwabXWml9iccdOA3m1xOV9J5IULFrugQo_LuHmu7uBizZWGk60c=w600-h450-p-k-no
翠竹,5,2025-06-19,11 個月前,"沒蹭到五星活動 可惡啊
拉麵155 甜品吃到飽資格30
假設外面賣一碗20
吃三碗就相當於拉麵只要120 賺翻
(喔叉燒跟蛋好吃)",https://lh3.googleusercontent.com/grass-cs/ANxoTn3bXdC5QMkR_bnBXS-Zjy1ldYqJ2RActzhs7jZ3x85VSdhC1tMvEPO9luGX8w12hlVP-YaVlBo4BuzAbLtmAKnfGoRGpwD_bw1-7f5dsv0NHm7mjTfenDBTXnI4eBjcXwSusJSy=w600-h450-p-k-no
Esther,1,2025-06-19,11 個月前,"6/1 19:05
到師大店用餐
點了隱藏版青柚胡椒
但吃起來很普通
看到其他評論才發現
給我的是一般的
這樣多收我$30
目前已經跟官網反應 = =","https://lh3.googleusercontent.com/grass-cs/ANxoTn16f4HvyabAib3XcNetL9oydViUtXCcz06wFe7AjWk0kGdzbPgzx8o-6hfNP5tum4UIG0GRWEwRY_nAMM1VHOU5Zt_LEF0WYTTRDHNwUHuxcMUBKRly6t7gVRPnDLGLG6JLY4WD=w300-h450-p-k-no, https://lh3.googleusercontent.com/grass-cs/ANxoTn3LVLSbYSCZKQZjFkdLKGWd-Tr_gg4-ukwiguXXVGDPaws46oYufYeY2WmqsVK5ZTHHxABQ1f6vL6rM5QoEfi8g8HheMwhfGYjQdFWv9GxGaw04CQZL3PikWJ_1V1CWAu7sqKKU6g=w300-h450-p-k-no"
柯科柯,4,2025-06-19,11 個月前,"師大夜市新開的拉麵店。
醬油拉麵和雞白拉麵，湯底喝起來順口，麵條好吃！只是朋友說乾拌麵太鹹了，加多半球味道就好一點了。

價購30元甜點吃到飽。
甜點有豆花、仙草凍、綠豆。仙草凍和綠豆普通。豆花的口感很粗糙，吃起來粉粉的，不好吃，希望可以改良。","https://lh3.googleusercontent.com/grass-cs/ANxoTn0h6pqlJKYvbkpZ8GmPFpEKK-ny0_53j3fSMHD-5jPeAG5Hn_iC5Pw9dUOlqvynH3gV7nG7s7BZ_6tTvZInzVd63AE-xoH-VyagZjLwsiuJw_waFDcOOoj5jATlOWLbd7ZePbbRwg=w300-h225-p-k-no, https://lh3.googleusercontent.com/grass-cs/ANxoTn1JSDEEsoWnUj7IICiVc--URIZQWtW3t1H2UsKjmZodvDHUVKlxd1hE61PXk95SeeAPEo0ib2dKulGKFDQd0R400IIHhpuheJmVtAxk8HZjE7ROjSm7lDLivPdRqaNrvdS8AcqjEA=w300-h225-p-k-no, https://lh3.googleusercontent.com/grass-cs/ANxoTn3VEFhJBRnbYLUADKkWUyqQR4bJRr__ziozJqDgWU5em-n4aEBkNzRbFHcV3xuWv9vWV1dzSY1R_JZrwLtCehm5xqY4-yax28VyeDtn3F_Uzl6G_HCA4YRzbRHNUlarlGbzmEu5=w300-h225-p-k-no, https://lh3.googleusercontent.com/grass-cs/ANxoTn2tgapisuvQVWhUXc77RVbIm7WLOxmOWK0zENjhcH0RllpI1xPgsceh0O0oZJ83k-_XZobU4YcNKkBtxHYZrdFaqQx4HHAiphdb22Mpo73AFnomq7_r9EMij4ov5PrdIPGa=w300-h225-p-k-no"
Ameily,5,2026-03-19,2 個月前,好吃性價比高，上菜速度超快，已經回訪多次！,https://lh3.googleusercontent.com/grass-cs/ANxoTn2TJ2Zjop4LzkaK39pm8AWaeg0gu-SKVYMAgR2zEAwzE5c5npV6IclAuHWhhjYPyctPa35eZ72h1OMm0oW9J3rvaz15Xufm10xrYnbG1YA7uvaTod6ANobOoo28eroaa-r_QIOLYMxHDYc=w600-h450-p-k-no
少少,5,2025-12-19,5 個月前,"東西不錯吃 環境乾淨 還有$30 豆花吃到飽
免費續麵 CP值超高  會2訪",https://lh3.googleusercontent.com/grass-cs/ANxoTn1WrR47PRCGXNF43F4P-oANZyHWYs6KVap1wSb8w75FcZjbACw5gyEWQAwE_KS2oOO1GQM5Fjn2fRDR30CCS4vVfDMSSJDMLtJdGrPCi5c5ksCX3cghBDtVXF6s5LbqvwFIMNJgNOAZHy8=w600-h450-p-k-no
John Yang,5,2025-07-19,10 個月前,"柚子胡椒拉麵🍜湯頭濃郁，柚香清爽
有點小辣但很過癮，配上豆花吃到飽
DIY甜度可以自己調整，舒服","https://lh3.googleusercontent.com/grass-cs/ANxoTn0wfKZ0Cvf7KJ9XfmeKp0RyTVKDCsjJKMiqdeSuCoWqHghinWke72ra4zJ2zzTwrZzChg3g-JZsjJ9Rs4bSkciEi2kDKWzl7A5LsAsE7loGnZnvhw1svb6UlqHtvlJiO3BTDCD5BrBLJEez=w300-h450-p-k-no, https://lh3.googleusercontent.com/grass-cs/ANxoTn046jS2PoRBzTXkhOgh_HG0xctu0gYRmeho1LcwWD4futTH_32qw_Ji9s6bUNswU6s-4ECtuvnJmz35FWX4wvqxieKSr1E55PM0j5EttFT12dTlML4MrkQnLcd9S3EUYUVIZqLxzwqYjcc=w300-h450-p-k-no"
Vettel Tsai,1,2025-09-19,8 個月前,"叉燒垃麵 普通
附近有更好的選擇
店內給google map評論送一球麵",https://lh3.googleusercontent.com/grass-cs/ANxoTn2sZySJ3zYlDtK62LzKp74BFLlEmT87ewucTHKX4igjCkRDa3iNs804b-DPEh2QYspalsWALbks3beQWxWFsyYzjP_5Vd_u1gH80LJTYbu5KbOMrr7j_MGsu2tqU2D7muBmjU0ZzD61Zwts=w600-h450-p-k-no
c c,5,2025-09-19,8 個月前,"來不及拍 喝到一口湯直接好吃到光盤
雞白湯真的很濃郁很好喝
第一次來但以後也會一直再回訪
店內寬敞明亮乾淨整潔
可惜只能打5顆星 評論加5顆🌟🌟🌟🌟🌟哈哈哈",https://lh3.googleusercontent.com/grass-cs/ANxoTn3IuogwFKLcqN9kVtfVcbN21QGucL5lJXyLjOxHj6rh54e2_CiW_dy5HJq62ZmRoRFGOMSb9rb0dc_7kxdo4gABmT5xpDc26HeMcuFtQVxh-6dm7edzC0dmRo1JZ9tmF6NIyEx0hdEik2Ux=w600-h450-p-k-no
Hank Liao,5,2025-12-19,5 個月前,湯頭很不錯，但豬肉的豬味有點重，但其餘好吃,https://lh3.googleusercontent.com/grass-cs/ANxoTn0k-7HDqMvR1ESIDNsZu2HYjc406A5e-XSn9oHP-dr-CgNcaszW9kmNrcfcdqlszWHzkAyXkZDQoFHqqaomH6VehSDy3rMyCG435jEYN18a0URmphL52vzBuSPmgOvHDYChE0Kaapy-WB39=w600-h450-p-k-no
魏子洋,5,2025-12-19,5 個月前,還不錯喔說真的 30塊還有免費續的甜品 不錯,https://lh3.googleusercontent.com/grass-cs/ANxoTn3qfMcJuduSbhe5RVF7TPECFvu5yWlsmTVsvFkZoe6A6wPAeFn9w3mKsIu70Vhxy7uEZu5EtmrYOj9HQ1rL2jPW7eKf6NOy_OqGok4wNFAXpbEGfY7O1BCmHzXj1otakxYxJOP_yXjK32M9=w600-h450-p-k-no
Wendy Tsai,5,2026-02-19,3 個月前,拉麵很好吃 湯頭鮮美 小朋友也很愛,https://lh3.googleusercontent.com/grass-cs/ANxoTn2qw32ES1ECRv2NTGd4mqVzXCyQtDVJQ8iqwVuWf-YPFqS7YdYCbnNPFb1d8Q1H-CyLaTovVk-LWC90DqGOthkimfdQHhivGmd5BEV9rphgxlTmPhQvgoPtDLbs10aYyEbO23m6biS_UhC4=w600-h450-p-k-no
Jean Kuo,4,2025-10-19,7 個月前,"麵份量偏少，但還不錯吃
吃甜點要+30，不是免費，但還不錯吃
甜點區後面員工區有人在抽煙",https://lh3.googleusercontent.com/grass-cs/ANxoTn1mUg-Td5NLVqpGXdf1HwHbDQPL9xkLjkjG4pl4wfdqXk95E6EDqWTVnslruCS4FwU3Eb1pE7xagr5VxqvFEy_j3MbhmPc-TLyqttAa1tvV3hceRnSGtYJlYICRvxUhhImPQKyPHmH7Dak=w600-h450-p-k-no
正翰,5,2026-02-19,3 個月前,"環境乾淨
拉麵頭湯濃郁，好吃",https://lh3.googleusercontent.com/grass-cs/ANxoTn0OQdpcbN8H_rHc6AzqnO0j1yIhpPfp3NrZlYAFjwtxO7w4jVLKkTA8_Vnz6kUtH-VGRumEEZHzJ_S7QLwsiaukLX8Mmz8yycWIhe_aA9MnQviusZwOuKAfXbsCVttlHLrr4glPjwygH5AI=w600-h450-p-k-no
Janet Chang,5,2025-12-19,5 個月前,"雞白豚骨拉麵真是好吃  湯頭濃郁  麵體Q軟  叉燒經過炙燒的口感和香氣令人回味無窮  溏心蛋也很到位  湯不會太鹹  是可以喝完的

豆花和配料都很好吃  紅豆和薏米煮得很讚  不但粒粒分明 口感絕佳  加上了秘製糖水 帶出了豆花的清爽  一吃就停不下來

工作人員很細心也很貼心  看我們是第一次來 特別照顧  令我們感到很窩心

環境很乾淨明亮  有置物籃放背包  也另外備有蒜泥和辣椒  是值得一再造訪的店

謝謝所有工作人員的用心   我們吃得很開心",
Neoo,5,2025-11-19,6 個月前,"松露拉麵很有味，但豆花真的神
被拉麵耽誤的豆花店無誤",https://lh3.googleusercontent.com/grass-cs/ANxoTn1kspvCky7GjVSdWQ0yQk6qGE6JJOSrmQVCOJdWBW3uqWZRG2mKJzdSF3cn0TjxItFNFgCTQxSmBS6VV0mPhiA8qJ6z2A2QGvbbP_fn7_1KOmHXFfvRc592HfQQ-D6X8sH4rthMTFlfEWuj=w600-h450-p-k-no
李昇霖,5,2026-01-19,4 個月前,"天氣冷來碗熱乎乎拉麵
還有好吃的豆花",https://lh3.googleusercontent.com/grass-cs/ANxoTn0G70U6mwqSOoa_Xgo5jQ2IEnn82TWOAvUcEVQYoTVbcNgdfVCFMWY1XHtzMHXcKt4vU3wXzQKdrWhGWW0U-Pl3NA697Jq2O3MmPXjYHhY1SPXfJYF7yXkUdyKK_R6vR4fK1q8_ZlrFI_86=w600-h450-p-k-no
高銘華,5,2025-12-19,5 個月前,好吃，但是麵不太夠，對一個男生來說,https://lh3.googleusercontent.com/grass-cs/ANxoTn2yh_oZfE_XnVcq3ruBXcLm0axIEQ35vVjybmTR4Eo7f4zgxJ5Sh6XlOLbJH10GOVdqeJ28DdRjGS5vIAWBsX1nZ3yWQQ2Try7d7IYPrlrtBVqo_rwpTBq9fJ7mmm-TCCjYxbUICF3ftymz=w600-h450-p-k-no
弘兒,5,2026-01-19,4 個月前,拉麵湯頭很好，有+30元  甜品無限，環境舒服,https://lh3.googleusercontent.com/grass-cs/ANxoTn0RkzBfVIwRe2K9ZWmr3xB5yh072uC33S6qbryN2aOtvbpaY8JCWKXzvaR4l20qH3-_HoBazwwlA9NBKDo0EuvrpAUp1cf_yZggn3BhZF5lgBb90kqV5aPJU6v_UhSpEu6o9CSqonKWs0hf=w600-h450-p-k-no
魚,4,2025-07-19,10 個月前,"點了松露拉麵，吃了一口發現沒有松露味，馬上跟店家反映，店家馬上加進去。（照片是還沒加之前拍的）
拉麵味道很好，鹹度跟麵條軟硬都很剛好。
有機會會再回訪。",https://lh3.googleusercontent.com/grass-cs/ANxoTn0AiNKE5wnUxCoBU6CXKZEx8QN02UO5yIiLcHXOq1qhielgtVhykyIcZo1GjwjztQrutiTfdh-0QbRHShI217e5wsPt5nqCUfvSrAA5j5kwzh-NFFPg1oIgNnkDe3UjUO3vqdMrMZwVAhw=w600-h450-p-k-no
Home (阿宏),5,2025-11-19,6 個月前,便宜 小菜也好吃 店員上錯小菜 直接送給我再補給我原本的小菜 這服務值了😍,https://lh3.googleusercontent.com/grass-cs/ANxoTn23IYiF2Y_1CHVYwXRj7OwqQLu-e7lpbU5tuk0HgI57hoaQB0CkmtAm7FLR15rcBmdgr6z_oXhIQy7yUC8YPESgUYuDRJGfPDm_sdvLc18jXSHR4Id2f2K_4uIg4Mr1OVFntbsyx4H5Sss=w600-h450-p-k-no
Meredith Lin,5,2026-02-19,3 個月前,很好吃！點了松露拉麵，味道很棒,https://lh3.googleusercontent.com/grass-cs/ANxoTn1RwsL8RtO9SP6B5VRuqdM4xFvabDwzchXxO_nDOgu_CMbsvKKnyJHV5OEdyVowVe7Oq2dVYFtpWmaErPnyTYSHFf5gP10vtDJ8HP78-kDMa3XLjvlPlDKXs_ZnnecKOnYELBBxtH58i0OZ=w600-h450-p-k-no
Dio Lee,5,2026-01-19,4 個月前,餐點好吃，還有甜品吃到飽，是逛師大夜市用餐的好去處,https://lh3.googleusercontent.com/grass-cs/ANxoTn20auolCyKvRMzWZonNNPuykFI4WxyMgY2kMkovSmEzoy1CxE0x-HWJN6Wk3Ee01MKarWnF-oCEA5mUuIVvl1HTQGaQR-F6E2L8AVzc_Af7rGoKI7-SiVENPbmIF1uyArdkyfQSKwOFMZ7T=w600-h450-p-k-no
張瑋Chang Wei,5,2026-01-19,4 個月前,湯頭口感都蠻不錯的，整體的速度也很快～,https://lh3.googleusercontent.com/grass-cs/ANxoTn05w01_eNrAntDbjvvwQoLMN8cBv2KxoLLCobzFc_-JEkjcA4EaqCFZRls4lZ9RocqXxGHvjTWLb8mwcVIvYhKn9J5YZBN0TCua3BrYE1ITZmlKLew7iq3nxHe5B5RgZyCeEe1czF8bMm9x=w600-h450-p-k-no
夏空之翼SYW龍K,5,2026-01-19,4 個月前,價格實惠，也有免費加麵服務，湯頭不會太鹹，麵條好吃可口，炙燒的肉片鮮美，整體環境舒適，誠摯推薦給所有想吃一碗價格實惠拉麵的人！,
陳亨亨,5,2025-12-19,5 個月前,幾次來吃，覺得價格不貴又好吃～,https://lh3.googleusercontent.com/grass-cs/ANxoTn0d9U15RaBv7Fu59q1sjGCl3dsVNkt3dDw3gKxzNVbz5rAfrLhIbB-L0MG8FJrGRjnqWTyIIWuTe1VYaJrTexCBc9_i9VU1L_X2numI-2uBN7LAy3c8LEks37y3k2bfL8GUfsWawj4bNog=w600-h450-p-k-no
洛神花茶,5,2026-01-19,上次編輯：4 個月前,"各方面都很高cp值
拉麵平價好吃
甜品又無限續
以這個品類來說很實惠的
已多訪",
阿晏,5,2026-01-19,4 個月前,麵很好吃也不貴讚讚！,https://lh3.googleusercontent.com/grass-cs/ANxoTn3RkxjcaIsIFFU_InaJDjBVDWZuRp3r254h42mX8uRU4xw2BjMznSLIUtDGYUTAvoNqrxN_knhqDnPWNacKnTbK3hf8Igdjih-edmTNWw4-qHmu-BOizEGjShpyS_ZUCuu8Bh1Cc0RHW5c=w600-h450-p-k-no
Tess Wang,4,2025-06-19,11 個月前,舒肥雞蠻好吃的不會太乾，但是肉的中間沒有完全加熱，偏冰涼。溏心蛋好吃😋，麵可以免費續一次，加$30可以豆花仙草（甜品）吃到飽！,https://lh3.googleusercontent.com/grass-cs/ANxoTn3TIVv_ouTjoVExhmfTtRXn9_hikCk6y-_BcQ-mMlFqCC9h7s6fNN92EMQvHetlKjArkDSvKun-4bVk0BaxgTcHFNiOIciPtchTT8peTpXhCq9SjqRqgppgEfHTXL6HucWWv8Pp=w600-h450-p-k-no
YU CHUN LO,5,2025-12-19,5 個月前,味道還不錯，價格很便宜,https://lh3.googleusercontent.com/grass-cs/ANxoTn0sGcUPZEslUaHfo_0HahpvjRsifr8h-kb110Gvumefd1MZVY5cVvKbl1tPqz6LEdcJFkfadoh0CacDXRvzFgjLNAdEhQ2TVtJl8rwmWIBxJNdmqlViYGVquVucz-4mzAK0Mz5jMdSXbvuf=w600-h450-p-k-no
蔡翔宇,5,2025-06-19,11 個月前,"自己沒有到很喜歡吃拉麵，但這家還算不錯
另外，39元甜品吃到飽真的很棒，那個豆花雖然有點碎 但是很好吃",https://lh3.googleusercontent.com/grass-cs/ANxoTn0YkZXhxgQbujyAbtuYM4qh8ceoseZdIwGchcCpdZtd8Q6Ys97C9PGouC3Tx47c6BCYMU1V8gNO75XkWOfq1VB6UFXAWVtDARgTHoQih9FkjXZ_AqVHcT6WKhevl75gxcnTbLBG=w600-h450-p-k-no
Chou Jasmine,5,2026-02-19,3 個月前,拉麵有附整個蛋很讚😋,https://lh3.googleusercontent.com/grass-cs/ANxoTn0u7YRRyZKEbYpDI5ypcO8GkAs9WIVLew9i5PFz19Y7-fTekYUq_zqVuOY5zdeMSojh3OmqV7jHr_NnzqGwbJvMXLG1Jt-x17OmTBMf4VeSMlWLSLcIsNEqnEDoLR4PfbBXKjxNr-NCJmA=w600-h450-p-k-no
Angela把必,5,2026-01-19,上次編輯：4 個月前,好吃 湯頭很棒 免費續麵,https://lh3.googleusercontent.com/grass-cs/ANxoTn0zwtMJYvfZmpcFbRd5f1pfCP_0Pw_BK_WeFT6wJ1PAZWA74Ocw1YXdugUXPXUTibzqhmaCBa4esVIAs94wbab4tko99TM5UBKTk_Aw3ExE0rjepzTWio3ZNvsAGHij2u_dJTSdHqJyuxIb=w600-h450-p-k-no
DCMA Tsai,5,2025-06-19,11 個月前,"不是打卡五星評論，是本人真心認為五星
五星原因是以這價位跟用餐環境，CP值很高
拉麵就是台式拉麵，但是味道份量還有溏心蛋都不錯
加30的甜點吃到飽，也很不錯
這間不是有特色的拉麵店，但是以兩百以下的價位，這間非常可以",https://lh3.googleusercontent.com/grass-cs/ANxoTn2nbSqV1uI0NiJDt8dHdxUiKPIJSZ4acXuDL5QfLgopunrNPH281Ca2cWVCgYip9NOG98cQsbhabhIi_O-uV7SHR-bH8z3jHF06ADl3_bkVB3wtenUWzIkZzGCy3taJR0lGLHVL=w600-h450-p-k-no
迷丸子,5,2026-01-19,4 個月前,送餐速度非常快，拉麵非常好吃！,https://lh3.googleusercontent.com/grass-cs/ANxoTn24Biufh8QRKtfdWGL8_o6j5TB-mdHD_6L4e8KG8e_Oeq_ipQe7BOYC3uBDTc_ZuIs7HRyLLrxNB1YAfX9U_IjYKAJrKPqLT7JlDCsGUrE25zVdEKirq9mICPr_t4votoV7-n8haHRpLas=w600-h450-p-k-no
名字,5,2025-12-19,5 個月前,環境舒適，拉麵很好吃,https://lh3.googleusercontent.com/grass-cs/ANxoTn1TbU02L_6FlF0v0vfLHjbpq8v3IiOwZ7NZ_0JDCNOVVnaLQr8rviF03T46UWn3mmcX95NCsYgwYvRM4zDgrYyisKcRtb3iUlrHYRImDfyQk-9sGMnDsyj24nZ6hsul34u7Jl0Iq-gi19N5=w600-h450-p-k-no
黃聖諺,5,2025-12-19,5 個月前,"豚骨拉麵很好吃～～😋😋😋
服務很好～",https://lh3.googleusercontent.com/grass-cs/ANxoTn2e38ydAQi7Nnn1iG-dEHbt4bg06delhW4xMu3vfGtbcVXktHg1_4G4JrDsRSzsXZNeXmtNh3NOC2eatXo-rVJ9qZh7Vf1sLXNvjJtxUo8IK74B0LlmN24WssbHq6JgADYWN8mNwKCl-2bL=w600-h450-p-k-no
YC L,5,2025-08-19,9 個月前,環境很乾淨，地獄豚骨拉麵湯頭味道我很喜歡，甜品豆花也蠻好吃的～,https://lh3.googleusercontent.com/grass-cs/ANxoTn1t2la80nflmIB6Kta91drVU4ouUCVAh4Fei_ypCHmvMxGFrUXjuV0tJGm64mCGpUbDjTKW7ZsXQgMal5sCCxw0I3NlHIM4syyxGAv9p5y5RfcnZs49iSWbz8w21haSVS7BG0PV766b3Fc=w600-h450-p-k-no
芮,5,2025-12-19,5 個月前,超級好吃😋下次還會再來喔喔喔喔,https://lh3.googleusercontent.com/grass-cs/ANxoTn3-9H3H71iTT8OBbO0Yx-fGdCIRsGa80ZEAdUGyHDvkuudrZs_lt68WMe60n9C8ajAK-2EkrnsUxuHZFqbbvrLaeGb_llsxlSwRkhYPRodrNZd7UUbt6mqjY1ZSnD9-h63UdVUHht11VBsP=w600-h450-p-k-no
Kiki Chen,5,2025-12-19,5 個月前,上菜速度很快，麵條軟硬度掌控的很好,https://lh3.googleusercontent.com/grass-cs/ANxoTn3ppXhjefn6lNWXdBMFifinBysqat1OOrZH8ziwy7U-EDpNFpMUZe_bv3mY3u5zLz0w_sHDUDeky6Djy3S5TbNq49Xf49yUbS_1e3vFy25iibBb0Q3Dolgo7V9msk5JKmT-l6bLcT2_zpX6=w600-h450-p-k-no
煙花,1,2025-07-19,10 個月前,"評論洗的
湯是溫的 舒肥雞是冰的
湯溫成這樣沒吃過那麼難吃的拉麵
反應過後還不給加熱湯☺️",https://lh3.googleusercontent.com/grass-cs/ANxoTn23nMMAXPaUcF8Ad7QE8Z6VIdnKw-KSy3W7WCLGkkiSGtbtUhDYE6W5oD19zb42Rqkxg8VLKOrngHAbDc9pY_liHM7XxMlS8evBgvv6MNmvstvn-giB07uz8h2U84ns_KfmZ-ifZVcsVPpS=w600-h450-p-k-no
莊秉程,5,2026-02-19,3 個月前,湯頭濃郁，服務態度佳，環境整潔,https://lh3.googleusercontent.com/grass-cs/ANxoTn0mS5xGPUC36NEVvLzJ9hV5tqQ0HI2X2HghQGQbKhbfYWjLINgtkWCL1FaDLj3kp45bbe0KSyN-Zlzv9fgVuYUtmOSfcFgzZs-RDeaQ3iUebjXk6BxIavJeFhaQFctvP5KzjhpC_QswLCtp=w600-h450-p-k-no
蔡宇姮,5,2026-03-19,上次編輯：2 個月前,回訪非常多次餐點好吃～,https://lh3.googleusercontent.com/grass-cs/ANxoTn0Ysy3wetRDfwhgUQA4ta6hULwhq9wklWCwFNSHnd5Io7ETDkJkqrUXT4cgt6XR8DG7Q3uD5uTkSrwCAZrnLh8_8ajOLCHLMENF64z_V2O1mDYTVqmKCDty7IPrH8eFu-bIleYvFbVFRs-i=w600-h450-p-k-no
楊大,5,2025-09-19,8 個月前,"這家店不用留評論就能免費加麵，所以我只講真話。
雞白湯豚骨以155這個價位來說好吃到沒話說，還有蒜泥跟辣椒自取又是一個大加分，而且他的蒜泥是真的泥，吃起來超帶勁，只能說150～250價位的拉麵他絕對是頂尖，加上開頭說的加麵，每次都是在超滿足的情況下離開這家店😻
㊗️生意興隆，這麼佛心的店希望能永遠開在這裡🫶🫶",
WEILUN CHANG,5,2025-11-19,6 個月前,"感謝老闆暖暖的一碗麵
10/26
謝謝老闆願意在22:10分收留最後一位
下次再補集1點啦～",
Hikari Kirisaki,5,2025-06-19,11 個月前,價格親民，用料實在，湯頭濃醇，除了沒有七味粉外，無可挑剔。,https://lh3.googleusercontent.com/grass-cs/ANxoTn3pmnj7-yEofgL-LRSaayV4rbySjJfy1rgQiUQ5xp_J-DQQFxhxMAPfvCuCiHsdhsUeDVH5WS--ZaM6Lo7MTi_w9WTEOcbMUxPuSU_Vg-_5g1SLQi0dSIHKNEE_bPp_jIFcB5Vg=w600-h450-p-k-no
佳文,5,2025-07-19,10 個月前,麵不錯，甜品30元無限續，當天有仙草、茶凍、豆花、薏仁,https://lh3.googleusercontent.com/grass-cs/ANxoTn3hzBIgby-hhAdygBJWQ_Qt96lzpQ4Zoz8kawBDyp4R2Ynxu96oupEqlc-9u7oiybojXQ8VBj52usT8cV7KCFgOH5gPEo6tXUG0biiugzqAVHngjd7ehWq5VG2mL1aUJPmm-d2AwZ-GXm1L=w600-h450-p-k-no
Ti Zhong,5,2025-12-19,5 個月前,味道剛剛好 會再帶朋友來吃！,https://lh3.googleusercontent.com/grass-cs/ANxoTn0ob1aV7c_q4-CGyI5OTNId7ICKW8CIIppDV6hhSS8hqZy1-g-GbRv4gAAKucznXzwz2uzr3wXorCmvWvdCCOzxwXsmiKrSba9p_QnoN6mY-1ExkyYPnbVBFAqCHwULmBCkgP_c6xctfCGl=w600-h450-p-k-no
Nico,5,2026-01-19,4 個月前,跟店員說就可以加一球，餐點沒有到美味，但價格平價🤷‍♀️可以過關🤣,
吳震皓,5,2025-09-19,8 個月前,店家很清切 而且東西便宜好吃 建議大家不要來吃 因為我要吃,https://lh3.googleusercontent.com/grass-cs/ANxoTn0Cncg2GQljcC3xuw_huI24UJlRzU1gHzrVWEOg6M9w_JOzNulnk_cxBiDxuMdKrB6yD3t2xcKup7yWgtu8GeXO950TN5uAtNoRQ95x8gDjz3bOswc7nE399SGUfrx_nOJGFk47ILfxslm7=w600-h450-p-k-no
黃銘睿,5,2025-09-19,8 個月前,最近去了「好呷拉麵-大安師大店」，真是一次愉快的吃麵體驗！🍜我點的松露豚骨拉麵，麵條軟硬剛剛好，嚼起來特別過癮！湯頭鮮香，散發著松露的獨特香氣，真的讓我每一口都好滿足！😋 店內氛圍輕鬆，服務也很親切，讓我感受到賣家的用心。下次還會再來，強烈推薦給愛吃拉麵的朋友們！✨ …,
王美婷,5,2025-12-19,5 個月前,可以選擇喜歡的模式超棒，加價甜點可以吃👍,https://lh3.googleusercontent.com/grass-cs/ANxoTn3h_F5cc4wNmhfSVO2EAKv-Ht-Nwki_vMlEKQAmSOr4zMBhI6PveR_bO3RSkzT6BSjgOwWdHkEtZVlPKikeqrjZQK-qjiKfRPaxzQZ-uakE-1-b_Mpu0H0Puff3DI5ZCuTv2aLKbx0ZUo0=w600-h450-p-k-no
Arita's Day,4,2026-01-19,上次編輯：4 個月前,可續麵很不錯,"https://lh3.googleusercontent.com/grass-cs/ANxoTn0i7r8wkb5Qg_O3PflEWTVkXmwrRsmFaOgbMiza5ALKICGMQVeHpoO-vRtyHjU3XZHABXvPf4Ky9Qru_m0pZMQksFvnhBcccK7xPEB_EdQZuq8NS_M-qQPpXguDf6e1720mzlCwnVjiEwY=w300-h450-p-k-no, https://lh3.googleusercontent.com/grass-cs/ANxoTn1MhHTDn9br251iaoiQDDHfisu-GgN5zXUQOt-XMbfHkFHYGAgcugnq1lyamvd60usq95KtWHrYDHu2vZFo7IqT2A8Qb851vdf8diao6JKmGjMp3fA-XZROr_8gVLf3eGcGOXeIMQ1yNOE=w300-h450-p-k-no"
郭彥誼,5,2026-02-19,3 個月前,"好吃又平價
甜點也超讚",https://lh3.googleusercontent.com/grass-cs/ANxoTn3rEdGZTp_vZFQwcrtosjqHo8UHtGuhHUuw0-pn3enm22MUqZb8gbskepnps_eQ3WcYmNUgLFRFoJ4T367hcYZAwczrL7o-MQWTiQ1a2XYJIFcn9mMfICeDfa8hARAqz9YA56SF_aMrP-66=w600-h450-p-k-no
傅嘉昱,5,2026-01-19,4 個月前,拉麵好吃，cp值很高,https://lh3.googleusercontent.com/grass-cs/ANxoTn0sV6P0379G6rp2_u7CSbBbMPOtXF-8AF6I2djfalGXFYbqk61_iZTAKxO8AqcQkaajCRfojtaXfPaYIBy0k0CvPxKRJ75rBy2ZHD-4uA5f9m-3LWynND1LZI-TRXGAqOiTPsQTKEFRkcfI=w600-h450-p-k-no
楊坤鎮,5,2026-02-19,3 個月前,拉麵好吃，店員親切，還有甜點吃到飽,https://lh3.googleusercontent.com/grass-cs/ANxoTn0FUbRScSEpwyZyt6_fe3e5YcAE8ygGzIQH3M5OD-1rD5WMvxelSVeoJSyus6rEPNCAIVMRYex28pYbKPMpeSycBDxdlWqvEdkkns_Sa72ILcw2ZopyK-KFsfNoUe18nW1_rBhHPvIrtJ_a=w600-h450-p-k-no
楊喻鈞,5,2026-01-19,4 個月前,餐點好吃、積極服務！,https://lh3.googleusercontent.com/grass-cs/ANxoTn1X3xR5kWpRy7wcaYIME3wdyR8ds--wkec1nHuRr2B3PtjWRcHsdBJ9PIc0pAhO0I87W15-0SIQNKNdmLaN4t60Ss9YlGsc93EAumhOVnc_Gd-iYLd3wQDkdX_pkxdXPj6zpJj7FK9Yz1lW=w600-h450-p-k-no
bill chien,5,2026-01-19,4 個月前,湯頭正，值得推薦,https://lh3.googleusercontent.com/grass-cs/ANxoTn0FseHbFrGx5P-dm6asVG_IYdtOJkcvLWnatJK0X8t2XOnmbCQCDDr6J2fPkjmRk7OYfNuusLDA72iO8F1ClfOFFS93yuYwhlfiOOflBS7w03H7RdDftv9hbWMQRe6IA7BglQWEc55IMMwl=w600-h450-p-k-no
吳孟加,1,2026-01-19,4 個月前,蠻難吃的 麵和肉和甜點都是難吃的 湯還行 打卡送一球肉 只有便宜這麼優點 但也吃不飽,
王翔,5,2026-01-19,4 個月前,很棒，乾淨好吃又大碗,https://lh3.googleusercontent.com/grass-cs/ANxoTn1jiAuVGF0KqlBeq97YzjpRktID8OJiJR2GuSumtoL5hfC9HyBs7Pf6lLx70cWalGtLaPIXYhiSLkk2DPimLlUsKC_UVR4m9nE_KWdzNS9DR85uMxWZuJwNLEz406kkloB56H4YvO4swLs=w600-h450-p-k-no
re yen yu,5,2025-10-19,7 個月前,CP值很高～湯頭濃郁、麵條Q彈，服務人員很細心講解餐點，平價拉麵好吃😋大推～～,
Liz Chou,5,2026-01-19,4 個月前,提供不加蔥選項非常貼心！,https://lh3.googleusercontent.com/grass-cs/ANxoTn05yqFKZtsy9CSROW4_kz0VOqvhFxPImJQ5Nh-Zgwxtx0PdVFFMww-r-RBRLz_qHekQU7CG-jQr28Pq8czvNtNLKpb1eosSsgI0FWmIV2rmBlVHhsXqVI5vda9A6_zM1Xr6Map3uq06kKKL=w600-h450-p-k-no
鄭以諾,5,2025-08-19,9 個月前,"豆花很棒
湯好喝麵q彈帶勁
舒肥雞嫩到不行",https://lh3.googleusercontent.com/grass-cs/ANxoTn1H9WGtw_Gez-9LAW7-sCDelKD6fu2cbyYjMa3ETV2bCKH_H9aoBm0oAETKqN-einiJSM-iN47HvHEULUny0F1pJWxp1cSdwiyxRWkevZXg1lNFODwhuK6bEFbjmLFX9kbkUbhCR60_dvc=w600-h450-p-k-no
蔣鈺均,5,2025-06-19,11 個月前,"這個價位好划算！！！台中這個價位只有兩片叉燒！！！而且還在鬧區這個CP職太高了吧😍推推
對了！店員服務超好🫶",https://lh3.googleusercontent.com/grass-cs/ANxoTn2HF-ZmB0jXhG6DjC3VhC3aG4QerMH1OiB5Qghf8V2FWgBxacQyDHmW1yxzba6hqZ1CEzrheY0-DRBaLf6QYlgfXVc8Ji9Kde7KijpMn-woPTJdQntKlshtm1Y6GyoGOWHzpfmy=w600-h450-p-k-no
盧俞心,5,2026-01-19,4 個月前,最喜歡麻辣口味～,https://lh3.googleusercontent.com/grass-cs/ANxoTn3PFjdVn5NIDplhxA_rHJ9Q89DYYY3KgyC_fw_Ef_a36TCtNexVSIrXYemPHcS_6OZ5fBSIqHx195ZD_XxjeMQJXwoGXWUt-O_FwDNawoktksb_ycAaJbnyPm5XYIAfULhJM-XSZbJXbbT_=w600-h450-p-k-no
May Chen,5,2025-12-19,上次編輯：5 個月前,如果你正在找一碗讓人回味無窮的拉麵，那就別錯過好呷拉麵-大安師大店！😋他們的獨門辣醬簡直絕了，吃下去讓人熱血沸騰！服務也超親切，感覺像回到了家一樣💖。而且CP值真的是破表，讓人心甘情願再來一碗！我點的地獄豚骨拉麵，裡面的炙燒叉燒真是香到讓人想尖叫！下次還會再回來吃的！🍜🔥,
AMOS CHENG,5,2025-11-19,6 個月前,"價錢公道
店員出餐及整理速度都很快
值得再來訪的店家
推薦地獄辣拉麵🍜",
吳忠其,5,2025-12-19,5 個月前,非常好吃，還有甜點加購好吃！,https://lh3.googleusercontent.com/grass-cs/ANxoTn0_NiQsFF1JWLBbpEVPKrPySZj78lwKwwc_nNFLJcVOzKTIvNcDr3X5yn6mw6H_LBN3l3g3FRMEolpCYGvZ0qSoQ8mK9ZHbe15ksuYGI8NSNt8G11Uj_frrBVfDLYzGLisS-sX7ut9R_qyJ=w600-h450-p-k-no
Kee Chuang,5,2026-01-19,4 個月前,期待冷冷的天來吃拉麵！下次加豆花,https://lh3.googleusercontent.com/grass-cs/ANxoTn0dnXEFDFGZZO-M6TPpEmP2cA38Cb6n20woUeL9SQE_XGt11C4FC40wY5SXZbfuQBffqLTP63JaZ96S6e_HnWbfgEt_51OGwqNEV11_iKCoS3c_j5Czyv-6PSrZ5WxQ3jz826KgrxNaaO51=w600-h450-p-k-no
庫卡特斯,5,2025-12-19,5 個月前,"雞白豚骨拉麵
湯頭我選日本鹹
對於愛吃重鹹的我剛好適合
而且餐點出的很快",https://lh3.googleusercontent.com/grass-cs/ANxoTn3jlkyvdqRI2Pkm4ydvt876On3ePKmLKyMA96LJZsfkfFgLdxJbEqFw26_louqtVVBAcYHZiqsZxGACeYSRjSaDYfUQ1jnMXhVFqROVvUqX-AIHud3ra09RtTvjcgIZOGCC6RTOzhh6XK2-=w600-h450-p-k-no
ʕ·草莓黑熊·ʔ,1,2025-09-19,8 個月前,今天到店裡用餐，點了甜點吃到飽，結果吃甜點的碗遲遲沒給我，直到我主動去問才給我。後來用餐完畢要去拿豆花，離開座位不到3分鐘的時間桌子被清空，連個人物品放在桌上被收走，自己帶來的飲料也被倒掉，店員只說「你的飲料剛剛被我倒掉了，我剛倒，不好意思」，明明後面置物籃就放著我的東西，再不濟看一眼自助區都能看到吧？看都不看就收掉，一開始的豆花碗怎麼沒有這種效率,
依綺,5,2026-03-19,2 個月前,平價以外味道還很好，還可以加蒜 狂喜！,
郭小恩,3,2025-06-19,11 個月前,"刷評價真的是先謝嘍

台式拉麵已經沒什麼期待

麵是麵 湯不是湯 舒肥雞大概是最好吃的部分",https://lh3.googleusercontent.com/grass-cs/ANxoTn3CFymShkDvrX33yEzHht3d_1nDWeJe-dOQIfaLWTXYY60vck6NZy-CAzGlZJ7LFsnFLxqPtEZomxIRtkdajtGp186jsBiEhvlJMP_C2OYGlTAtE7ycnr2kOuwIsrET1Hgb40wL0g=w600-h450-p-k-no
Zac Su,5,2026-01-19,4 個月前,服務親切，說明詳細，餐點好吃,https://lh3.googleusercontent.com/grass-cs/ANxoTn1suEe0LMRt0GMA7uqA204dRFwCEaIuavt7h6ZhaLkrVM14Q3_m6vPcK1AReOoReRvHiLtsSC6yzTKOe7wLiEeKUzZkubSux4ruePFUc26DtvuNkFAYF8H9Ep3AxJLreMivejVH-t249cuu=w600-h450-p-k-no
黎光欣,5,2025-12-19,5 個月前,"好吃
難得來師大
看到就來吃了",https://lh3.googleusercontent.com/grass-cs/ANxoTn09dC7TPVKLY4GCPhktVX-z89BKzTej2jZ1bqbAuFvIpVYusjWQGDKgZqOdVJHnXqnXUtOcYLssk4AO-iAt2mY-RAc4O009NuMti5oeLFsrwASXwfBUrE4p-71RemMlDWaBNlo0wGxRDsMP=w600-h450-p-k-no
何金翰,5,2026-01-19,4 個月前,好吃！可續麵,"https://lh3.googleusercontent.com/grass-cs/ANxoTn2Q6x3ZDrVfwx381JD6C8v2x-F4RhxRpLacpOmKlQozAMWgbDwL0aDW78VyaQLdh5AKNsdZJcj7Jp_Y2IbWa2YXL92AwmIbV-avxn9-x6l7PynCOOAXOqUB3xpeYWBbaq2T0U77vBjdgQtX=w300-h450-p-k-no, https://lh3.googleusercontent.com/grass-cs/ANxoTn3tc7WGR6Ox0AdtiPklryIPjx44mwqakxYCsdbWcj8Uf1370flQyHwTJWTwM-P4r4j_q-b0fjFYw2XnYYO5v552q8Js5ILEtfGt-h4FssFRmaqAkNtXkWJt1m0mZbiGF2o6iJNwtH6Tu54=w300-h450-p-k-no"
Kevin Ho,3,2025-11-19,6 個月前,"一般台式拉麵
價格算中等
難過的是叉燒蠻冷的
而且明顯是冷凍叉燒
其他表現一般",
Chiachen Wu,5,2026-01-19,4 個月前,湯頭好喝好吃 價格實惠,https://lh3.googleusercontent.com/grass-cs/ANxoTn3YdGR7ZTYCy1xXFNRl88qGdxvB9D9kkLF7DrufV3JNcBXbDmq7c_mf22r4Z0lsBdTiuIOTYRue7nrQo2ZPvmY9-5WSpLnvIuKtFU_o1wKm3fMUAdq_NIzg466BVFFcyD1Dh2Fle0-UcZw1=w600-h450-p-k-no
黃紫薇,5,2026-01-19,4 個月前,很好吃很划算的拉麵店！,https://lh3.googleusercontent.com/grass-cs/ANxoTn1YNL2xDqCIZ0K3XlBCrnHeY1QplHcJHR_Sy9pyiAi1-nfInIDpyyoT_SXTq0HbhkpYjD2MPoLjgARrML8MjKzp1c7zxuy_zEzlyajQvfLIJa1n5hjrM3Y2N15sklpXGFp8Bm3uIq0GOPIB=w600-h450-p-k-no
陳柏宏,5,2025-12-19,5 個月前,價格ok店內環境寬敞，也很乾淨,https://lh3.googleusercontent.com/grass-cs/ANxoTn0UAmJxC-pz9XThFTBM5mh1hdygtiAsUBk9BAMBnkhLQKesA0E1VWNZ1I-Y3-HPXLZUTTjwKnd963zypbFkBOs42mPkox5lJRUzt91QSMPoTLMWnmJ6lkVyXZOPpkoszR8yKiHHkcgts0Uv=w600-h450-p-k-no
YuMing Chen,5,2026-01-19,4 個月前,"札幌味噌拉麵好吃
麵條選硬有嚼勁
還可以免費加一球麵",
La Nok,4,2025-08-19,上次編輯：9 個月前,服務人員很熱情也很貼心 這邊主打是平價好吃 分量很夠 也可以加麵 不能以高標準來衡量 以1-200的價錢來講 5顆星 ～,https://lh3.googleusercontent.com/grass-cs/ANxoTn3HZXnPFTWFGKyfpvJ60nD2jcuo0GKmupw9wRsU1NvWSv6S0UVK83njvSb6ZMxdgHzrH_r7Sf92fxS-y4SfOJ3tFAJZlWDDmNWD1-n8bO5-5qCOlMqRdKE2M1UkmIgaZqdXsdIKm01BlgYJ=w600-h450-p-k-no
林亭妤,5,2025-06-19,11 個月前,"夏天冷氣涼 還有好吃的甜品吃到飽（才30元）CP值超高的點
拉麵口味是比較台式的，溏心蛋超好吃，舒肥雞兩塊才加25塊，也很好吃！
服務很好環境也很乾淨
許願甜品區可以再多個小碎冰⋯會從完美變成超完美",
dora,4,2025-08-19,9 個月前,"醬油豚骨湯頭有點過鹹
筍乾不太好吃 其他可以接受
有五星續麵的活動所以分數可能高了一點",
00 0,5,2025-06-19,11 個月前,一周前品嚐了，拉麵勁道，而且拉麵不是大路貨，豚骨湯頭濃郁，甜點我還沒品嚐，但是可以預期是不錯的。因為味道好，也因此生意很好，繼而導致排隊點餐時間過長。前一個人在點餐機前猶豫的過程，很容易導致後面拖延繼而放棄選購（尤其是夏天日益炎熱），所以建議在門口放很多的有餐點圖片說明的菜單，供客人進行預選，也可以讓後面排隊的人打發時間，減少等待時間過長的感覺。除非各類坐席已確定只剩一桌，否則不用預先説座號，進門再領位即可。這樣叔叔也可以不用忙到一邊協助點餐，一邊叫號，一邊分位置，還得協助拿貨，當單人過於忙碌的時候，其實服務水平並不會因此上昇哦~,
張屁倫,5,2025-06-19,11 個月前,"這價位！！！
麵體
舒肥機
甜品
絕品！！
太完美了！",https://lh3.googleusercontent.com/grass-cs/ANxoTn1rv9uzE1UMgpO_elAOsmvkJRo9e4n46xQG1TQFuI4d6KmmMWcJiG2YJYz6RbAX2cXAWKJme9sLlb5Zb7ZCe2CBGcG9-WlvVesH1xy7n_ReIkp-AtuOyMtOtfQObwPl41x0XcToyA=w600-h450-p-k-no
夏夏,4,2025-06-19,11 個月前,用自助點餐機，可以linepay，上菜速度非常快，店員態度親切熱情，都可以免費續一次麵，分享和加入社群可以無限續麵，加麵的份量超級多！！！口味上就是偏台式的拉麵，辣味比醬油好吃滿多，然後價格滿親民的👍,
曾威勝,5,2025-12-19,5 個月前,牛蒡絲很牛逼 豆花很牛逼,https://lh3.googleusercontent.com/grass-cs/ANxoTn3Buv7a9NuzetoxQX7Yn0xuVz2Ak1CCY8AgWo9ucNHJ3O9tU4qp5Rmp-D0VZr4ff8I5F4AlsNQliBGZIwsADY5xD5m4658qDYNCRSuLfgrtKIWjQCkxMxIm4gSv4mADyYlTLBzPQN1lkRTk=w600-h450-p-k-no
陳楷荃,5,2026-03-19,2 個月前,甜點好吃 麵也好吃讚讚讚,https://lh3.googleusercontent.com/grass-cs/ANxoTn3R-KlKj5of-xhGF81F-4uIwJT1jMNCmvugoR_GZMBReXvLFUvp3Mx6H4u_ifJLt8ZD9OBIpVuFALAuGJjx2J2S06CaPV3OSn8gd8SPw40djivF2mfMm8_Cxbopz8X6FCe14p2agukjNli7=w600-h450-p-k-no
Kuan Cheng Tsai,5,2026-03-19,2 個月前,松露豚骨拉麵湯頭濃郁,https://lh3.googleusercontent.com/grass-cs/ANxoTn2iti6ZRCqfKtHJrUpYRfgaLWeIfjnkVDevyLQxXpl6cdhFmGVuaRPW_kDdhMr9afkndy-lUiMqBXrcOXhrngDaAwsxB3yNx7qsC_JAevrRxMM3PUrWx9oVxw3uog-hPEjRsWLJNxuKHX0o=w600-h450-p-k-no
Captain,5,2026-02-19,3 個月前,"覺得很可以
食物有誠意 環境
連洗手間都很乾淨",
ivanx Chen,3,2025-06-19,11 個月前,"環境乾淨舒適，糖心蛋跟小菜都好吃，可惜湯頭味道偏台式（尤其是豚骨湯頭），然後麵條選「硬」但吃起來還是粉粉的很快就有種軟爛感，很沒法滿足想吃拉麵時的心情跟口感需求XD

另外評論區裡好多非常類似的留言，讓人有種用AI洗評論的感覺，感受上不太好⋯",
"第10級在地嚮導,業配全部下地獄",1,2025-11-19,6 個月前,"改名字沒用
每天花錢請別人介紹，好好笑，只吃小高",
ELK麋鹿,5,2025-12-19,5 個月前,拉麵好吃 甜點還可以吃到飽,https://lh3.googleusercontent.com/grass-cs/ANxoTn0fnlXvfRWepVDykdBIotV1paWiXRyyQEAmvMQ47qo_L0GFs0LEsnIPo-VHdppX86shM7BIeyDsndZsz2qYX3avvbEOxoMcR9Tua4qE5xgEsewKGRS4LHAitDWEGczXdV_hQ9OJPClaLJ9k=w600-h450-p-k-no
林宛榆,5,2026-03-19,2 個月前,第一次來吃 拉麵,https://lh3.googleusercontent.com/grass-cs/ANxoTn0Qnglmcnu9un435uZEUCPwkdWzz7CaBixt-Dc5500YR-B9oII-EZAcZCTiNbuIvOo5P_rVDvPqluRaa6benDPYijB2kkjAk4d0MtDyqnhAM3LCLCnr4DXYbxsUA8H1MF2KWRU16RSuAso=w600-h450-p-k-no
鄭楹學（York Cheng）,5,2026-01-19,4 個月前,醬油拉麵好好吃😋,https://lh3.googleusercontent.com/grass-cs/ANxoTn08gEDHVuREWXOkadnXuV5DLfhwDAL5DvOebgtB5S1LKxeUUTh3e69mIV6017MswGBUP91xI13euHvkBBEJwhuID5tpTSqYra47zqyes-2g9OFNtKtDqJnEcPEg8ogfXoy_Uo8fBI_fw2_T=w600-h450-p-k-no
鄭嘉儀,5,2025-06-19,11 個月前,好呷拉麵-大安師大店真的是我心中的寶藏！🌟 每次來這裡都能感受到濃濃的人情味，服務人員親切又熱情！🍜 他的拉麵湯頭鮮美無比，特別是豚骨拉麵，湯汁醇厚，讓人一口接一口根本停不下來！😋 而且店內環境也很舒適，適合跟朋友聚會聊天。下次想帶家人來，絕對不能錯過！❤️ 如果你也是拉麵粉絲，這裡一定要來試試喔！ …,
김배,5,2025-12-19,5 個月前,湯頭好吃！料也豐富,https://lh3.googleusercontent.com/grass-cs/ANxoTn34yUs4syJ8RfkfeQyfQZRfa9rJXfmqz836_zFwfhlqEzr5QYZnDGojNCszuIEDuwGs-IovGfKtmTboYiuWnxnvefBHFIotSmFJwNiiJUmhblqL2qqBcaMj1qVrNcqJ_f7aJVJ5dArUOTTY=w600-h450-p-k-no
Linus CH,4,2025-07-19,10 個月前,好吃，但甜品雖然吃到飽但選項少,"https://lh3.googleusercontent.com/grass-cs/ANxoTn3TWAvVCRFz7n23RWIC0DT1GpBbedu5zmNFTI4oRjdjHXgvWm3UvkRjxn4f79uIqn8qkJVgoawApINn4CygOtc5ojg4S6uGtT-blGb1h6tHKnwFTGXAKyv7Yqts57qYSgjPsJuyC-yI7VEQ=w300-h450-p-k-no, https://lh3.googleusercontent.com/grass-cs/ANxoTn124P3SX0fbHYbg3QezWjrBbb2XfqZkuFdpX3fiVoDCsfySGAzyns9OJHHUYa1qvvkdBkskHafpcpiXbbAK82zXfCkRAuq6rRc5BuFW7F7fcSQjWQA3qN5pBZ_nLCo_zql9zlnr=w300-h225-p-k-no, https://lh3.googleusercontent.com/grass-cs/ANxoTn2G6top-YKF-Jq3iU-gcvYf1ZgnglJ211ubK13VcctZn2GeluUSu8v5laoViTviUk-6-ktffAR_l0cYvlBDXGBR7xBrMRr-ThH4S9SPWM4CLKNIoZIRDhCaLM6lNa3YZNgckoIMdrmBQ5dI=w300-h225-p-k-no"
sou kaori,5,2025-12-19,5 個月前,出餐很快，餐點好吃！,https://lh3.googleusercontent.com/grass-cs/ANxoTn2TeUT8W1gvlE5EPGHFMJJVy_EPvkyVIFYl4CkD8oo4OWVeELPi50q_-T_q541ao0cBVDlsofIWcFwmRx4kW3_u8WUlkFFsWS9FvIasdV28SPHyjpXY954ZmzKdHiD-FV6RwuVyha0_h6c=w600-h450-p-k-no
淋漓,5,2026-03-19,上次編輯：2 個月前,這次點了醬油豚骨拉麵165$，可以免費續麵一次，配菜有兩片叉燒、三片筍乾、一顆蛋，如果覺得不夠，也有小菜可以加點。最棒的是有30$豆花吃到飽。,
楊傑麟,4,2025-05-19,1 年前,剛開幕有五星評論送豆花，屬於台式拉麵，醬油拉麵和隱藏款不錯吃，肉偏瘦有炙燒香，湯不夠熱有點可惜，麵可以免費續一次，糖心蛋是整顆的，甜點有豆花仙草紅豆料和糖水。,"https://lh3.googleusercontent.com/grass-cs/ANxoTn2BpJ5_V6Cppn3nKOoUc1xNx7gqCQa9OEfKqt9WXJH7007Xa2jucS4K-1HkpulGNAUiv0Q7ypojswvz8__0gnnXGc3KOCeVR1xXuoZzr6u8miyZLO2Wj-nQBA8e9Kk90g8nfXs=w300-h450-p-k-no, https://lh3.googleusercontent.com/grass-cs/ANxoTn25q0JszVRPBgdMIa3c3NGtNgkJgcktADOCFIoVLEszGOXVmwg_BEW75zEpMpmwv-QyHReKJcpTYA3-ShHt_fiy2yVwfulOmr7PDlkbP7F_MaMWEYBSI22PBTcFkMeGkkeapwST=w300-h225-p-k-no, https://lh3.googleusercontent.com/grass-cs/ANxoTn03tTNvDA5Z75mmOJx2DzswND28YapjtjtnM04iSibi3sN7q_833JixilL0T55NXhEMXov2OPUgWfHIVYt22ikEQh7bg7_FfWWzY7A0zJwveQIvZqfFtEtFwllpkkfXH1wNlqeV=w300-h225-p-k-no"
Rock Huang,5,2026-03-19,2 個月前,不貴而且好吃,https://lh3.googleusercontent.com/grass-cs/ANxoTn3IyXnW7-rVtxlDEkU35XLhrIcJiwWdwDUvSFzH_7oVLQcASyuxQV8RVdsTncAivjsp8SG0y1ACpyRFj3kJkEnmrOs6l6V9OMZfYsfKhB6ZmOCNvL-3IxQizhz1JgSGSMPoQq3ECAe3KnKC=w600-h450-p-k-no
owen Liu,5,2025-08-19,9 個月前,拉麵不錯吃，豆花食材茶凍，仙草.仙草都好吃，加上密調糖水絕配，服務很周到，給推的店家,
流焰使者,5,2025-09-19,8 個月前,加了兩球麵 非常棒,"https://lh3.googleusercontent.com/grass-cs/ANxoTn2z8P1hpPFln55nMTe0QzqZhYJBFpNlv2IpBTZaOEdr5C2_7Y8usWmRQvkd_DlQvBeoLPtLgvXZcwdkVVWokrMyhbWXXewKAiNFu1TaWWUsIoB2QoumfkmadR2Bu01vvu5viJ_h1TuhQ7w=w300-h450-p-k-no, https://lh3.googleusercontent.com/grass-cs/ANxoTn0dWKipc5mZQ2cey0KzQJQJipOhAYS3Hm3tzrgGNV9JIftyDUc70o4TZRrN6otEeMh7zV_ckvSwz0eDAMF2H4dBh9wk66Nmc8TmZX63kpaBaCVCW2poA2AUjfu3SrBJZF3blSrdt5xu5dY=w300-h450-p-k-no"
柯景文,5,2026-02-19,上次編輯：3 個月前,叉燒進化 更好吃了,"https://lh3.googleusercontent.com/grass-cs/ANxoTn0rzTC8NoAI4TgPL0RoGgL0b044GJoXjht9MBVUf9j8AF0XKcGVODqfeRGuYHijQilVmrX-yp8Ddxn9m5DWe2h623zL-ysU5nzTkmXUK2UPhR516enpcH-SKr4HQ1kmyo9Xvwigkr6frXYu=w300-h450-p-k-no, https://lh3.googleusercontent.com/grass-cs/ANxoTn3E3sOXfkubPdc-pkKbI8VLBnjryFZ2pNsrOVMu_ZgMLtZkOh5jhZXmt7FmX701h03eWcUkrzMCALBcCSrjXt2P3J3g4T4UnXxK6v5m_NdcCQQCjDLxy7UeCA9m0kunArMyn09tNz9rCF4T=w300-h450-p-k-no"
崔筆凌,5,2025-12-19,5 個月前,湯頭濃郁 氛圍不錯,https://lh3.googleusercontent.com/grass-cs/ANxoTn3gzRfOsUmeXqzV-Kcx3f-UE5lM84SM710SjoyokfuejhFBBC2OdBV3A2j_Z5ccOQmL6MG2nlZR4MFxUQeO8R5Bpk1aNTyvbnIRx_KLahDMTGADMCV6NeGzNMQUCUzijCnw9XN9iINp4UEr=w600-h450-p-k-no
lin sicksick,5,2025-12-19,5 個月前,老歌精選句句到你心,https://lh3.googleusercontent.com/grass-cs/ANxoTn3nudNwGvuHNMxM23xwHDM6I1mJmIvRoYjg3QpkTCPWXWTKXi_Au-mEaw7W2p4FP-B5Sxlmv9i5wAhsBJjdDAhOJ-ME4jdPNrc3X9-9K2NKH7hpFGHA9sLfUpFgVhtMb0Or2plgkSAtmRw=w600-h450-p-k-no
高子橋,5,2026-01-19,4 個月前,店內環境很乾淨 好吃,https://lh3.googleusercontent.com/grass-cs/ANxoTn07ByXJpKtVcVmY_jBiP2qcEzLsLLmaV72zbuXUKSbj2QS5sa2C_NrvaU4Q9nHpYEfPn2h4Od01JrGknxnhiSI07pwLJj4BZJ6vsodDioLs65_cM9zU5XfNUUQKnDaujMY1_y9Gj_gFGZhi=w600-h450-p-k-no
副k,1,2025-06-19,11 個月前,其中一個看起來負責外場的男店員一直做肢體接觸，雖然我是男的但被陌生人沒事一直揉肩膀揉手臂還是很不舒服，而且又不是什麼跟他聊天聊得很開心拍對方背表達情緒的那種，我只是說杯子沒了、還有問會員怎麼加，問一句就要摸一下是怎樣，請改掉這個壞習慣,
歐溫,5,2026-03-19,2 個月前,很讚,https://lh3.googleusercontent.com/grass-cs/ANxoTn23svI-EVhDtCHWPC3J91AyGsCuyXXKlfN0XQ_jkZCWntgkRFgkZVWzslg5hgLRrcRu7upow0njld0sfrQSEop7Sb-T_uCpQA_04i6A-I8KfIyzTTOHs9sfB91wt3N4qJXxKrLWRuZslxPW=w600-h450-p-k-no
lumi,5,2026-02-19,3 個月前,cp值很高的拉麵,https://lh3.googleusercontent.com/grass-cs/ANxoTn2EkL0Hf9Z-8UPZeX0psWjy-LkBDOsML5Ko8bTFZWir-ci9vp8Akv2SHqiZwX--PeyKII2hwqMhzWbv7rUm8UctonNDNXM7uz7cN_x_wjxx1V-XyGdpovof7fPCxWDGpwj0kLIlUd4Vfe_x=w600-h450-p-k-no
您真棒,5,2025-12-19,5 個月前,超級好吃 辣度也很舒服 麵硬超好吃,
Wilson Huang,5,2026-01-19,4 個月前,好吃 很乾淨,https://lh3.googleusercontent.com/grass-cs/ANxoTn0a5WtQ6X_JNdECJRz7dwIiXrkihF5ooRxSBMvTKEhH9naT4w5bF4zs3XzwZME0s4fv1syQwSGEKBfFtaaNZfHH-MLxgVLGMOF0WgyY1RiLDYDWo9mJsBTQThFawUD0V8T21_SGDi6uzNwv=w600-h450-p-k-no
Chin Hsuan Shih,5,2026-03-19,2 個月前,拉麵好吃、甜點好吃。快速方便！,
不達阿理,5,2025-12-19,5 個月前,"味道很好
服務品質優良",https://lh3.googleusercontent.com/grass-cs/ANxoTn3lvxu3L4ojgvVMtDdZAZoEI8dIXrZ5-x3hbyBbktYdTTMH34ZYPf1MqcuSrkmQzJLlaVcBcehvTdkbj5O-53JXz-3IzbY1-ufnxD38Jxl1F9MxC_kDxzDBtlXe7wiPx2StIxM3Mu0OzKZ3=w600-h450-p-k-no
李思婕,5,2026-03-19,2 個月前,麵好吃 甜點吃到飽很划算！,
何孟書,5,2026-01-19,4 個月前,平價好吃的拉麵店 還有甜點吃到飽👍,
陳琮傑,1,2025-11-19,上次編輯：6 個月前,漲價了，肉量很少、湯不錯、還有播一些和本間風格很違和的音樂，感覺吃飯被打擾了，不如不要播音樂，蠻吵的,
林志瀚,5,2026-01-19,4 個月前,用餐環境舒適,https://lh3.googleusercontent.com/grass-cs/ANxoTn08Pg73fGOY4iL6SuLVqWCTEmChjkXW9MWKJZpPmS6M_7sxJwP9mBIzlDJAM0W8sjOuA0r_paa0rQpQytGka_SBTqU_H2gjvMtL9msuvlmhxjKnPNGu8YEN4OV8tSUasGbsl99-NX5OkaZC=w600-h450-p-k-no
王昱凱,5,2025-12-19,上次編輯：5 個月前,"拉麵很好吃，推推

1214再訪 推","https://lh3.googleusercontent.com/grass-cs/ANxoTn0IzzTozEkkDEniM0ltUVI1jP4He0rI3frYweHohAgJUTq-wdSZLrfxwSN6H7a_ltdhoWy_MGxM5dRBWsX55JVl63Z9OmnJexkzAYfOQw5nSvQ4CDjtUJnQjL_cDzUEIaC0OW4DQ_qM8lU=w300-h450-p-k-no, https://lh3.googleusercontent.com/grass-cs/ANxoTn2CxdL4BDHTIVa9-MwLOS2J_xBfvPm-oeX8W2FA0_DnUexxI45luF-SV0eDNEn1zoDWnGCd_1ZWRDxgPMoUU5qFCVYBUZncEh1ygaPw2ek0upsmSLUZfM7WqrkVx05xGzu_0Q2KmgCQs_TK=w300-h450-p-k-no"
Pizza Pomegranate,5,2026-01-19,4 個月前,拉麵好吃，豆花好吃！！,https://lh3.googleusercontent.com/grass-cs/ANxoTn23k5TqrJFa4U_i5g3M9kJU5AiErp4aWBLWlrdqf7p6iC3GgXRaU_0tQPm1BX9dT3kUETHZ2veJJFAjcH1krrHVh66h_76PQd2RtC1fmvYeSF1KzTwq_T-thnYR1vgNAJ2fBNmtIy0OI5aK=w600-h450-p-k-no
as755145,5,2025-12-19,5 個月前,加麵好好粗,https://lh3.googleusercontent.com/grass-cs/ANxoTn0h1OT1VhCGEP_t4DQSLp7a8htsb35K_8E1FbKxg07YV9gE1KYFBMXkFpYMh03DRwhqX2L6lRWOY0NBLbmel3StM5qk5-M3IBnzs_5FLs5xATikA1JzHQBLNy2m3beJXe3jIL_5LToS-Q8=w600-h450-p-k-no
Bing Hoh,5,2026-01-19,4 個月前,好吃到來不及拍照,https://lh3.googleusercontent.com/grass-cs/ANxoTn3km1NXNry9tBQ9HdWXGcgQb7TGsLF0MSHaJrR_YVt8JcNNGjOLjAFdvle5hH9y6aaZNeFNW-ew9rV8BISys-LtP073J4ZRQohrP59YCykADTgjrv8sTUznvgRo5tVv2dt21t6yjGYa-UY=w600-h450-p-k-no
carol,5,2026-02-19,3 個月前,好吃😋麻辣豚骨拉麵香味十足！,
夏若蘭,5,2026-01-19,4 個月前,松露拉麵好吃，還有加購甜點吃到飽！,https://lh3.googleusercontent.com/grass-cs/ANxoTn25qN8MkPLyd4A3-ydP1YLZPea8aZWeES5o9BO0PBdrkQIpCYY0XYuoj_Kd5fwO-G4wOeViw1mbr6K35yza3YOAf-pakNHiA8Z9wFKsCd_ervmf4oDqijx6eOU4DRQIs0RImb7WwzOsljMI=w600-h450-p-k-no
CH,4,2025-07-19,10 個月前,平價好吃的拉麵，本身喜歡日式偏鹹的味道，不想太鹹也可以調整,
劉瀞雅,5,2026-03-19,2 個月前,實惠好吃！已再回訪,
林暐勳,5,2025-12-19,5 個月前,免費加麵好耶,https://lh3.googleusercontent.com/grass-cs/ANxoTn3_FPOCKTHr4TLyO0aMD0vSS3IzqiLPBU8b8dWdXCdvE2qfZ6bxM043BHC6_1POzS5LEzTv7ryivOyZm2anbJRcLcoBmmO3f9KbvzZUuR5YD_-sZWX9ACmMcgnhdOZ_YfN4L2Xj5lBl0h0=w600-h450-p-k-no
HOAOAH,5,2025-12-19,5 個月前,麵還不錯吃,https://lh3.googleusercontent.com/grass-cs/ANxoTn2rZbz3TbmD_kWnJAiqX2waH_vF6n6oX3PdCF0KfzFbBCsbo7ACdogTFK2KaB3doeqyyPqtcceG5i5ULO9b2jSByf-1DFeDZeUgyw4Gn7X4do1wUe-Yu70f3P-LDdlMXPXcWdHRQwY_nkrr=w600-h450-p-k-no
欣,5,2025-09-19,8 個月前,好呷 推柚子胡椒拉麵,"https://lh3.googleusercontent.com/grass-cs/ANxoTn0LlfZgf5N1ZR5hgSzLqf-gJuoZF7zMmf0x556gekj0EXDS77LEqBSfNZaywizQXW5F9sWWgKDHnS00gsdQrrFS4wyOryBopmAw6-gcZoRiFumc-1ZmL7I7pXhSy4TxnhsHTuWJKtK-UYbG=w300-h450-p-k-no, https://lh3.googleusercontent.com/grass-cs/ANxoTn1riyLCa9M-5ZiIZmO_bV8KWDjPTH5ueNstxSoZh_yY6ri7QVvE2CGe1ATl4cBytGVh4aaoXA1xqrl70ggx1kibVIrTpv6T8nT2SBn5HPTzEUWl3KAEa97I8ufHb_cmpUNaosUdtWl6s08=w300-h450-p-k-no"
鍾宜蓉,5,2025-10-19,7 個月前,新店來體驗看看！湯頭不錯,
Xiner Tan,5,2025-12-19,5 個月前,除了好吃之外，環境也很不錯！,
Laurence Su (Larry223),5,2025-12-19,5 個月前,麵很好吃，還有豆花,
Mark Chiang,4,2025-11-19,6 個月前,"要在戶外排隊點餐
甜品吃到飽要加價",
electrospecter crypto,5,2026-01-19,4 個月前,拉麵很好吃,https://lh3.googleusercontent.com/grass-cs/ANxoTn27eWFKmj2COtIUJme8-lNfTOz5WcN-prluBvrxxmYIHO81ilFw8E2Yo63LBnIV1M6yyMjQfajXvVxuYfmOrq_mrUBffHeexb56NqOAs7PNOsvxYLf1KjR5DDhCiXy-54MTStZBzf_wnR0=w600-h450-p-k-no
Nyahallo Peko,5,2025-08-19,9 個月前,女友吵著要吃的店 🐮🍺,https://lh3.googleusercontent.com/grass-cs/ANxoTn228IYMs3bRY8aWl9NwZ4CsXfer2vjuaqNYqU6MLZGOzzgjH3rhSwolJJ4Li48zXawjdLFOQvNzEKckEdzfX02iSlljbukXodo5cQ5DoYzg68LS8kQbA5HbzReW8lEnm3aclB1loh_p_a0=w600-h450-p-k-no
Nu,3,2025-06-19,11 個月前,普普 雞白口味有點過鹹 然後外面的點餐機也太慢 等超久...,
shawn kui,4,2026-01-19,4 個月前,拉麵好吃 cp值高！,
yeh lion,5,2026-02-19,上次編輯：3 個月前,二訪,"https://lh3.googleusercontent.com/grass-cs/ANxoTn2iqxetzaPRHpafEbYkfaw_hYXcIn698I4Vkue2xrGCZUnFSehJgqjKSSNORQdr8jkC5x-MgezfB5kYry8Noy2An6-tQ1VwQ8fNJxRJAT5o6dDFmzgeuORpry-K3KNd2hjfYUCgoSStd5w=w300-h450-p-k-no, https://lh3.googleusercontent.com/grass-cs/ANxoTn1vQaCXjFZUVhsVJC1S_ZP6gZ0Ajmb4WW3UZl1Hcby4mB8T84pI1P-Ns94rS2VXTl25BtnJGsTgXe2M2WEOWFsdjKPkPBSlqfhD0qt9M_XcbqGQaaKrZXzO-AfiwHz6r6wZ3kzpfxUnekQ=w300-h450-p-k-no"
Joyce Liao,3,2025-06-19,11 個月前,"環境很舒服但餐點還好
第一口是好吃的但到後來偏膩",
林一四,5,2025-09-19,8 個月前,麵好吃 還有甜點 cp值高高,
邱鈺婷,5,2025-12-19,5 個月前,湯頭好喝，叉燒也好吃,
Silaus Tseng,3,2025-08-19,9 個月前,"拉麵還可以
加點豆花不補料根本吃不了多少",
shao roy,5,2026-03-19,2 個月前,好吃實惠,https://lh3.googleusercontent.com/grass-cs/ANxoTn0d9MXExMpY82V5EOeBF5WUfbZ76E_11wqt9qF3ueb93t0UZ1rs_P5IDS348mXgSKSTD1VT9XEb_LNpmDbJMsQ6xLCsJL01wICT_C5J4HuvSsUVw09Rk-Qjj5upjUS4HIl0H08zk3rtx2-K=w600-h450-p-k-no
林伊,2,2025-05-19,1 年前,"東西是好吃的
但外帶等25分鐘有點久欸😂",
Gh Fat,5,2026-02-19,3 個月前,好吃推薦,https://lh3.googleusercontent.com/grass-cs/ANxoTn1QrQzYrrcaifvu8etaZcZJqiq-WJRWcrVX7pBb6IYNqAippZKZGxRJ6gwimbgPC6bYgiH2YTQ0L4SyuGLeQDbIPdO-0R1nxAejNEhRldppGCDqQuoDMsmx9v9-Yz1R4zlryXu2Mcbpg-g=w600-h450-p-k-no
廖小茶,5,2026-02-19,3 個月前,松露拉麵超好吃特別,
Sabrina Shih,4,2025-07-19,10 個月前,餐點好吃只是吃不飽（我是小鳥胃 😂）,
Jack wang,5,2025-07-19,10 個月前,麵好吃 價格不貴 甜點也很好吃 老闆很親切,
Chunru Yang,5,2026-03-19,2 個月前,有料有甜點的拉麵店,
賴峻毅,5,2025-12-19,5 個月前,中規中矩的拉麵，乾淨明亮,https://lh3.googleusercontent.com/grass-cs/ANxoTn1qxJic8lk9eIH5B9VdwbBOCpKbUEaTXYomCOobd9-zsxK728fI-lqGhfQBjkJLZSEnC8WrhuFHRQAuWAnU7o9wAdN_0VwaZhP2nVteYUYMNYIjb80oDAFZtNg1UQ7ZoXIF88rkZ_u27rWS=w600-h450-p-k-no
Wei Lee,5,2026-03-19,2 個月前,好吃，風味很好,
李培源,5,2025-12-19,5 個月前,水餃大推！！,https://lh3.googleusercontent.com/grass-cs/ANxoTn08l8fm7gKj4mCVhJgtuRBQDLUpMzv51G-tdEplqXm8Ct-XChojtfk5HxBvjR6WquPJvMpFHxiCzUbZZy7SabGyrND6QEcYMngN-RnudclBQyAYfaql_NN-HRlfTVtc1fXsv66FeAB-3aG5=w600-h450-p-k-no
邱正文,5,2026-01-19,4 個月前,好吃服務太度很好👌,
璦唯&彥廷,5,2026-03-19,2 個月前,環境很乾淨！,
林宏一,5,2025-12-19,5 個月前,價格實惠,"https://lh3.googleusercontent.com/grass-cs/ANxoTn1Al8pm429xu-5t8ObxuBGCQKzxyeUJ9OIuJIMi6sq-nnptumPXT7Cq3ELg-7EZH10gPxhbskRzkDl0uZbEgSrAvECc5tVgKg1EWp_chsmWmbx4IdRVF6uUiAaOtKKSeDfQkCpXnhiOHZ6v=w300-h450-p-k-no, https://lh3.googleusercontent.com/grass-cs/ANxoTn2TfBh--QFL2C1MiI8X7XPgLf8sd3nKOpdWK_NjJRbnGLwEBWnpTqBMbIIgVcRE-EEY_iCYOrwfGMPu2ZYgQiL7g83j67_X1RbWhikZmQWvBYWosafLxj5M53cA0hPLLu2d2SIRyLJqVZ4=w300-h450-p-k-no"
羊天彼,5,2026-03-19,2 個月前,好吃😋 吃到飽,
柯泓任,5,2025-12-19,5 個月前,"醬油拉麵好吃
大推",
鄭迦勒,5,2025-08-19,9 個月前,蠻好吃的啊,https://lh3.googleusercontent.com/grass-cs/ANxoTn1RX6Gtba1qu_I4FumSma79fyKlhZqJDspPg_nKhBhGg6OoGRG1fLdr6nvi-OYLntyAsIrVl-kM6mbUE2ISWczK71Pei4SsQ8xbq_d6R1zqQHtr8mU8rB4SxvE-uBmwwu6hd5hxqerURGln=w600-h450-p-k-no
Rick 69,5,2026-03-19,2 個月前,湯頭很讚,
6811曾泓銘,5,2025-12-19,5 個月前,超好吃 服務太度好,
黃宇培,5,2025-07-19,10 個月前,真的好吃，然後又便宜～～～,
Wong,4,2025-05-19,1 年前,店內環境良好，店員服務態度很好,
fgfsdgdf fg,5,2025-08-19,9 個月前,超級好吃，湯頭濃郁,
Ivy,5,2026-02-19,3 個月前,麵很好吃,
拎阿公,5,2025-12-19,5 個月前,內用環境良好,
謙,5,2025-12-19,5 個月前,湯頭濃郁不錯,
Rich Chen,5,2025-08-19,9 個月前,價格實惠，會推薦,
張睿仁,5,2025-12-19,5 個月前,好吃很燙,
Tank Tan,5,2025-12-19,上次編輯：5 個月前,服務佳，用餐空間舒適,
Fang-Wei Kao,5,2025-06-19,11 個月前,"服務人員親切
食物美味",
zhi-peng liu (27zp),5,2026-01-19,4 個月前,讚,https://lh3.googleusercontent.com/grass-cs/ANxoTn1E5TAa_OpFV9aA7IHQlXQgimdywWmdca6cIEkpSXApKIuMjDG0C8n0kJkZ73VheUMlg7pRDuXLFx8NrzJyRm4TTJdCu1rp1tJOHifT0xKz57kw1UucIJBJ2qbruGz-7BhBcdb79aqzKcfa=w600-h450-p-k-no
張安泰,5,2025-12-19,5 個月前,不錯吃,
ku Yo (沃),5,2025-06-19,11 個月前,我給六星,
五十嵐淳子,1,2025-07-19,10 個月前,失望，吃不飽,
Werewolf,5,2025-08-19,9 個月前,加麵加麵,https://lh3.googleusercontent.com/grass-cs/ANxoTn0w6Z0z_rPE4VmUlPDXU1n677Qw6oTJHEzkK3Ns52s-GutZt8W-Rz-RakCBhqRV_mK63DM8tN4IIghZgvbrCo84C7RpYPAOMQwWWiTD6bWm05tgXoL7LwEURqe3QhEIs-Ikt9p8mVhkM7Fv=w600-h450-p-k-no
o tang,5,2025-08-19,9 個月前,拉麵很好吃,
4U.,5,2025-08-19,9 個月前,超讚👍,
Rolling,5,2026-05-18,15 小時前,環境舒適 乾淨 衛生,https://lh3.googleusercontent.com/grass-cs/ANxoTn21l3FlzHN5IQEXh4bknhx9Ka6gp6wDLvSszNcWWuXIt_plkWtTC8VdkfgwgKmrjJgL0ssvlvP4seS59Zt1bGnVliA3uvNaOHdY_7O7TyVXusm5I3h-NPDRncO7BhX4BXOTq-chxiL6kX8N=w600-h450-p-k-no
Franky Lin,5,2026-05-18,15 小時前,服務親切，環境乾淨，冷氣很強。,
張珮琦,5,2026-05-18,16 小時前,拉麵很好吃 加購的豆花可以續,https://lh3.googleusercontent.com/grass-cs/ANxoTn0B-zUObl4fZExPXpgnfW-8ZxuPn-2-fPlhasj_qpavQCgGzbPNqByhNKpUW5AArFTHbC7_G_Mx3mbsRuvn1avdJvlW9Frh-1lhvq-w7E5aV-dBLlHhZf-XMG_drtQsL580x7aWJo-BENI=w600-h450-p-k-no
簡小魚,4,2026-05-18,17 小時前,雞白豚骨拉麵，細麵條但有勁道，叉燒有炙燒過，格外好吃，加上一整顆溏心蛋，免費加麵，CP值高,"https://lh3.googleusercontent.com/grass-cs/ANxoTn1KQvenBKaEPEVwz6lZsfJd_S1255KZmWZGvMf3Mlxqwse5Oi6s7Y7hExQh7ZfIwaLQu6qF13ACW1mb0GO1Yqmp2OZpNqB1Rc48kxDQ5V75rKlbfilywqFm2wH6mK446aTAKrMFhxUADCu-=w300-h450-p-k-no, https://lh3.googleusercontent.com/grass-cs/ANxoTn1oNZPTPCdQP8plbkSRtW0MbpCw8O_w2VEtz-RCetIK62lH2W7SBXyyMTSKR_VaUB4VKzEcNlJjiPFQklwBraAGrLm-QZ9pIuSYexFTHkYCxyG3TI1M6lKwvjIQde03cKj0MRuPTlbA1Sw=w300-h450-p-k-no"
lin,5,2026-05-18,上次編輯：17 小時前,加價30，可以豆花吃到飽！,
Amanda Wu,5,2026-05-18,23 小時前,用餐環境乾淨,
AnKo Wu,5,2026-05-17,2 天前,可以免費續麵 環境很乾淨,
Eric Chen,5,2026-05-17,2 天前,免費加麵分量足夠，麵條味道令人滿意，願意當回頭客。,
May,5,2026-05-15,4 天前,雞白豚骨拉麵👍鮮美有嚼勁 …,
Leslie,5,2026-05-14,5 天前,麵食口味多，還能免費續麵，好吃推薦,
Eva Chang,5,2026-05-14,5 天前,台灣人會喜歡的口味，推推,https://lh3.googleusercontent.com/grass-cs/ANxoTn1CKY_glqTc50q3wmp0NSGyzUz2JBHokgTX67iDxluUL91vjtppv-aaOTWxaSoWffCIZQ1MwRt61r4GDNTjcYCoxXgRGZVk1DH0A-aoBUE_zc5xgKptT_-JK0Y3ZCRUvI4-u9cNdeBUB68t=w600-h450-p-k-no
YI-HSUAN CHEN,5,2026-05-14,5 天前,好呷拉麵好呷！,https://lh3.googleusercontent.com/grass-cs/ANxoTn0hfvbdpNZwmSlH5FKRjEbjLXXcZ5TaS6GV5xENC9m9R0Hc9G06tRdiG7wFyX3WrHZNCyJmiekBIqBWQcEFSfghQ0vDO49jeh_BXQpznJmaH0_ttRRQYJbAQ91xGALgOWE0wfaHw6jG2E4=w600-h450-p-k-no
游佳瑩,5,2026-05-14,5 天前,上餐速度快，餐點好吃,https://lh3.googleusercontent.com/grass-cs/ANxoTn3zk-R8Ame2tufAE7naF2IL0BhfcTxO4r76jWONDM6CiIZrDrd7QKn7IkFSu61PtJSPGrRkNED7i-jj5dQn77GjZGFzyyfw5xuUfrHumAFluGLE714vlB6VOJOTct7QsUZFpGEgG2n1fZz-=w600-h450-p-k-no
台師大蔡承哲,5,2026-05-12,1 週前,拉麵很好吃又可以加麵大學生福音,
Steven LU,5,2026-05-12,1 週前,"吃了三次了，好吃😋
入味
最愛松露口味",https://lh3.googleusercontent.com/grass-cs/ANxoTn3-wAq4ZGoEoiQjb_wlcvhdECBJXgYy3Pvw9kqEJNPS9gTvtC1IWJ71Xt5jzVtBFzMQdrlH1D8DdNCtiinaBLs0Fa0VB3m2BfO4J5Ls_CoIULggAWVyWQMF_YGeV5bHm9oQdht11jA9uG-M=w600-h450-p-k-no
黃柏凱,5,2026-05-12,1 週前,"交通便利
平價又美味",
憑欄,5,2026-05-12,1 週前,拉麵好吃,
Phil Hu,1,2026-05-12,1 週前,純純依託答辯 給到ㄦ級分,
褌水兵,5,2026-05-12,1 週前,麵細湯濃不貴，還有豆花可吃到飽，店員有耐心，很不錯，乾淨,"https://lh3.googleusercontent.com/grass-cs/ANxoTn0sQN7oAdEV0ODqbn4-5XaTSj8dEiJn00vQOJu_DVp0sPVfQE5Sk9KliLAbxrXHIDzvwyA2CY-GuCdvlOgggj-mUBOiL4O_xOkzPrD5AgfeEogL9rQ8Pnndpov7lAl63N-rgYOPCfVvMZY=w300-h225-p-k-no, https://lh3.googleusercontent.com/grass-cs/ANxoTn20J3Ars5S7U7NCSYJ7QoWVtRzSEQr_5DieA7ym5DL520WPc5s_Wi0S2ssu_mqCGC0snb0Y6IWHI8tcNYonx8Vt8-aIaE9RXyP5aGFpSe613vP3Ct2IE8u13qK0WndTf9Jhr_YkqT58Lot3=w300-h225-p-k-no, https://lh3.googleusercontent.com/grass-cs/ANxoTn3cXrF2YwkSOdeggVWm2Zhmci8Af5pKm-7GrP7StBYELOD3gKDzc6t93dps7wDvFCMPvZG70Ow-0022nCvkvXafSmDs3Tx0W40S8I2Q-7tIdXqcCoRsHy5PZFJGSiDO0XawtRzuBLYtNGuQ=w300-h225-p-k-no, https://lh3.googleusercontent.com/grass-cs/ANxoTn0rTkrN04dNY7Ik6HSzkAbI-iGqf5cgEu8tJbv_4N8bHRzRK8WlmiFKBDb35_5EQvQmS2GK9lqSd6ZtjqN3bpWrd3D7aQHB6OwYLBE2LsIAuL-iuGdgrMp2sRH4sWaoDsD_oX_cstT-BHwa=w300-h225-p-k-no"
now you see me,5,2026-05-12,1 週前,"內外場人員都很友善
孩子很喜歡這家店
東西好吃不貴
無負擔的快樂晚餐時光
謝謝老闆跟工作人員

剛發現
居然有四個工作人員
人力配置充足
不凹員工
很好",
Littlebert Chen,5,2026-05-12,1 週前,好吃價格合理,
黃譯芊,5,2026-05-12,1 週前,五星好評送小菜！,
珮魚,5,2026-05-12,1 週前,環境很好 豆花好吃,
劉家杰,5,2026-05-12,1 週前,好吃，上麵速度很快,"https://lh3.googleusercontent.com/grass-cs/ANxoTn0R7mGsYCqpzGR8yXX6tvvF2wi1TOvYTIs-p0rdh_wG1z1ocGoEqZdrsIGO4Vpz1xFzHXl3UAoVxoL_9WCmqL3rKEg41NPYNzIRUvnzfP-7B9ewMrUwR5bBt7SMJOhVzMuAijC69BdT1kv6=w300-h450-p-k-no, https://lh3.googleusercontent.com/grass-cs/ANxoTn2EKLkT4F36xp5TFktc2fnf6eWJetfkCA-89smPGDRN-q1AkK-Vrc7RRWX87KCb2TTcx84suoFQmQDDQFI2zzmqQHum_nPDTWtLtF8qclUNnx8ya5HMlcPExivq1E36pnvJ1NufgG2qUdEv=w300-h450-p-k-no"
林昀靚,5,2026-05-12,1 週前,"價格合理、拉麵好吃👍
加購$30有甜點吧可以吃豆花☺️",https://lh3.googleusercontent.com/grass-cs/ANxoTn0BmeaHAnqZWLWr_W5K34fu0tto0GXK3sVgiB_hCMVFId-G2GDFu1xnjQAxNX5LEPpLTvkl7cjCgCuKZGK_eGSLhi8jW8WHyzeFODTFh_PvIuuUItIcukDTuAxcokgMARU5-VxMsfSQRbw_=w600-h450-p-k-no
歐泰佑,5,2026-05-05,2 週前,拉麵湯頭醇香，甜點豆花有紅豆跟薏仁配料都很不錯！,
吳宗樺,5,2026-05-05,上次編輯：2 週前,超讚,
Jhen May,5,2026-05-05,2 週前,很喜歡,
許博堯,5,2026-05-05,2 週前,"服務態度超好且超友善
遇到問題也會很認真的幫客戶想解決辦法",
allen kung,5,2026-05-05,2 週前,東西好吃,https://lh3.googleusercontent.com/grass-cs/ANxoTn12iF-1kcefFW8tD_Dfleb89hUtgVfDjlmkesPib8pQcl-x9UCjliCG4pG5Ka0s10dWqKRcdVbd7TG5iVLQMeBxOSLa6w8ob62aq_ch_xsPFSGC0kkyiMgOXW9wokP3VHhMTlxDTM2FjYXp=w600-h450-p-k-no
ichieh huang,5,2026-05-05,2 週前,湯頭好喝，麵條硬度適口,https://lh3.googleusercontent.com/grass-cs/ANxoTn0LQJJfZpZytZGSfuqTMMWL1G1wpog6nE04btHdY-_Bb9X9NwceQuEtL6RMNgYyjec2vpIv9W_x99w-8iAdYhEYyJNwmOZrLKI7-86oYWob6aDFo1lnaxfSt-Q7I3pY-niRVkqr8zoA67f5=w600-h450-p-k-no
Kevin Sun,5,2026-05-05,2 週前,經過看起來不錯 加購30元甜點吃到飽  有豆花 仙草 紅豆 薏仁 四樣料,"https://lh3.googleusercontent.com/grass-cs/ANxoTn1xv0b_3COg_btWr0rCYp0oXVD7_Y3EeqIw4etaZyolZILL5mTaEm_woHISnmnCmI6K0WwniB6lrLpCUe1hik_fY0c8Xkbkw4BPUABI9XdX_h-DblXz0xi_n2YIhxIeOhRAwL652fbixxBN=w300-h450-p-k-no, https://lh3.googleusercontent.com/grass-cs/ANxoTn0u0BJT8RFaQM2fT2MCqtNbLmn7K6wB-N2UZGvJye0to54XAmtCSLjRPxjqvnsS__mURbc3rgbgdZPKclfFYUkLYbJKgK9NS4klEKn_V17G16L2wV1YU3BdyrGBdnFTGkWmYyHgo7377qNi=w300-h450-p-k-no"
劉晏佳,5,2026-05-05,2 週前,可加30塊甜品吃到飽，還有免費續麵～,
鄭秉漢,5,2026-05-05,上次編輯：2 週前,真的好吃～地獄拉麵讚👍 …,
サイショウン,5,2026-05-05,2 週前,拉麵好吃，還有甜點吃到飽加購，非常實惠有創意,https://lh3.googleusercontent.com/grass-cs/ANxoTn2Bt06Ptu6n_L6RHEsMGNWxEM3pvkI5Ak126RqzYm3fZz8VS0sCwxXurDrSkGfKslR7zmdxBwRmoUm7HE04TBXpUV6SwYDeH-62WB7oHtQEhyIB44hok7p0X0lbl9j3NMTCaD7PIhsX7z8v=w600-h450-p-k-no
Fang Kenny,5,2026-05-05,上次編輯：2 週前,好好好好吃的拉麵和豆花,
容,5,2026-05-05,2 週前,好吃！溏心蛋給整顆，豆花可以無限續！,
Zheng Xi Mao,5,2026-05-05,上次編輯：2 週前,讚讚的～,
葛,5,2026-04-28,3 週前,免費加麵猛的,
戴昱樺,5,2026-04-28,3 週前,實惠好吃！會再回購,
鄭佳玲（Vv）,5,2026-04-28,3 週前,服務人員態度超好,
熏,5,2026-04-28,上次編輯：3 週前,"常常來吃 醬油&雞白的湯都很喜歡！

小菜目前喜歡干貝唇&黃金泡菜！",
Cindy Ding,5,2026-04-28,3 週前,拉麵很好吃，麵體q彈,
林宥呈,5,2026-04-28,3 週前,松露拉麵很好吃,
趙慧雯,5,2026-04-28,3 週前,味道好吃，吃好飽,
林偉弘,5,2026-04-28,3 週前,讚,
林龍,5,2026-04-28,3 週前,免費續麵及免費續甜品 CP值很高,https://lh3.googleusercontent.com/grass-cs/ANxoTn0z9-luOvnNAxPKwl9uem9YnHO1bmXbVFLVWPchEzJa9PlE0EfMJjoqH_K-7wMQVioL9q6eCJxKFAvpHHapOeUy-_QdfITNsvqsB0u2eZrs9zegtCr_vSqlLySoph_nyfrRxYP_orzLMShH=w600-h450-p-k-no
楊警鈴,5,2026-04-28,3 週前,舒適好吃,https://lh3.googleusercontent.com/grass-cs/ANxoTn0gHlGso6s0HxfH8XSZTGxVcxDGq3l4zDat9fhzDwvdtzyKKnQecKaQLfip8eViSXgZLWn5GUMT45K5Idhj1c_YFZXzseohjFDCDIp9dY6CyChZSz-3RcC9t9MYsp0WSmfWmyizZiLLoHM=w600-h450-p-k-no
廖柏睿,5,2026-04-28,3 週前,東西份量很夠，豆花跟麵都好吃,
蔡孟儒,5,2026-04-28,3 週前,實惠好吃👍 …,
wun Yn,5,2026-04-28,3 週前,環境舒適整潔～,
蔡玉英,5,2026-04-28,3 週前,服務滿分東西好吃,
Eliana Grun,5,2026-04-21,4 週前,"有「86－不存在的戰區－」的OP必須要按讚  👍🏻
好吃 ❤️","https://lh3.googleusercontent.com/grass-cs/ANxoTn1XALAybEWiubaVDgxxb7FVoSMUvMqURz9C8r64KXHRkxe0IxXCGA7L6323in_EShBOLep1fiPrq2-s690uXC5CFUHrUQgIU1YoFTjFd2thoCLB3uveXo8SdhuoZf6tAUEjFGb9Za5yzffh=w300-h225-p-k-no, https://lh3.googleusercontent.com/grass-cs/ANxoTn2IbSxPb3Fad-YH0sTPyigrkiMzO7uBUrZJ0rnSQO0H6EOQr3z6BRWiQ9HOPcTTBtPAPZuB1pYHYkMtkXe8XAojgldSbWQCe_rzxV7qkNVNLMiCT_B2Tss2dLbiKCdblIZvzzxl9Lr39fo=w300-h225-p-k-no, https://lh3.googleusercontent.com/grass-cs/ANxoTn3jfj91EK_V375SVBqsPNvgU7lAqhvhN6Ax-47VfAzDuIUUKNFZI3bon1NYjC8cLPswFa484MZ_-9tLkgaIKWx-NI_9pkfVJ8B68uIwIca3n3-ic47AQq3ZXU0tlv4mhcUNsR9hwhFo0w0e=w300-h225-p-k-no, https://lh3.googleusercontent.com/grass-cs/ANxoTn39No2QmsvU4lbbhV1-wohVPUzmUnjNZXLNPTYePoJONchn7992feAKaAEeq37uaA1o_olLIn5rnWfzv4Xocs-9wZaMhVlU2hJmvpm5ok5ZRLu9c8FhA1pYw8UeAg2IMG9koGO0765Rew8=w300-h225-p-k-no"
蘇聖凱,5,2026-04-21,4 週前,好吃拉麵,
徐敏傑,5,2026-04-21,4 週前,味道不錯,
Joey Wong,5,2026-04-19,1 個月前,食物好吃，服務到位,
Celine Wu,5,2026-04-19,1 個月前,拉麵本身很好吃 湯頭濃郁 麵條Q彈 而且拉麵還可以免費加麵！光這點就很讚了！點豆花$30可甜點吃到飽，配料自己加，也很讚，整體很滿意👍好吃吃的開心又飽足，還有甜點心情好😍高cp值，推薦👍,"https://lh3.googleusercontent.com/grass-cs/ANxoTn0jvUmKEcWvabdLL7W1k_gC4YuIFtw1uqEhJx5G8w0pdSqpjS0jC6a8I7mrb0peomn3-rZxvV6mvl6_ShJ5ew4FPvBIMkq5LZhznFxDwW7mIVQyf4yYFHHVykfIcMIWoX48TJmL3TFtoioh=w300-h450-p-k-no, https://lh3.googleusercontent.com/grass-cs/ANxoTn296LW3kjx6JWVWhfJbYWXHXR6RnSAqaDf1Mej39_81izowabOUNspNxEub1qvCWBYEjm5RKnGV6AgkH3D6zBERqAZ38JHeyieuE9ldDN5JyF1G4jS1Hy7z8lCRra7W9abvurGjWENul5I=w300-h450-p-k-no"
Danny Yang,5,2026-04-19,1 個月前,好吃不錯,
Susane Chiu,5,2026-04-19,1 個月前,湯頭清爽，甜品吃到飽很棒,
Wuwuwu Andywu,5,2026-04-19,1 個月前,乾淨好吃位置舒服,
林俐彤,5,2026-04-19,1 個月前,超級好吃！！而且店員態度很好～,https://lh3.googleusercontent.com/grass-cs/ANxoTn05zMnC5OQUL5fcwlXUbH9zNQ76a988-3GUg-YT00WnjM44hQec0KJT3LHrBJ9R1Pkg5RXdZehWE6RZzuKWLY3CPD8skuJ8DnKE-1ZlgE2tvVOnsU95YfhNCpIZtnqpPCVZD7z1SyBTIZkE=w600-h450-p-k-no
石瑞鴻,5,2026-04-19,1 個月前,"環境超優質
乾淨衛生
好吃
大推",https://lh3.googleusercontent.com/grass-cs/ANxoTn0GiZSEjmctPls9EQgpUjUiV_Uf1ma873fC4XCY0ZvcZ8GzfsSRAIU-w5RPt7AsN3hqYnPvgWTwDur-oH0tXXjaDY3Sh18fw08x0tE6ht7nsMP6gO-AbiD16Fp4VH_Jqpp1xFo1mebuLVB8=w600-h450-p-k-no
余昭青,5,2026-04-19,1 個月前,來同事聚餐的好選擇,
YI KIU Suen,5,2026-04-19,1 個月前,隨機去了一間好好吃的拉麵店🍜🥰,"https://lh3.googleusercontent.com/grass-cs/ANxoTn2XhDdcPKlxYHgahhvQBVJax79LPxEP2eL3327Kbzsyb7CuGcpNxcXSRPWkBciQQXZ4QGJRKgGXW3xoX-eFzjg_IicvrSuZjH-MNLP8EzaEh8oFBJjcmpK7Jbm3SinNH8AQ741yCVh1VbNf=w300-h450-p-k-no, https://lh3.googleusercontent.com/grass-cs/ANxoTn0cdS3uHWK5ZN00Roj2RSZmjgn_5SsmFtC4BOSR4-MQ56U0dDP3m1j_2Xy8R3Z2gofODYOME6h4C1bnB0ezoh-1emXy6rTZ5RhPJaQV5Ki4q6XPadKT2YjgBaKo-QLRlRhUdiVQsD7MeMxv=w300-h450-p-k-no"
池靜,5,2026-04-19,1 個月前,服務好，東西好吃的,
Athena 777,5,2026-04-19,1 個月前,可以免費加麵，湯頭很讚👍好道地的日式拉麵,https://lh3.googleusercontent.com/grass-cs/ANxoTn2qyKbipvfHA2UC4BZzmvgJhUsvdqN_JAZVo3ks4QPNKfELwu4HwbJZ2jns_MjWareCOSGMmMss6W4Z7MvXHIVX5zOvq6m7y3JVvQXr82_XAH9BPwZltQ6ojCgZ94vIBvQI9kpb9_z8YQ_P=w600-h450-p-k-no
james yang,5,2026-04-19,1 個月前,湯頭不錯，麵硬好吃，溏心蛋一整顆，這價格很可以！,
juichen Yin,5,2026-04-19,1 個月前,"拉麵一百多cp值很高，位置也舒服
地獄拉麵和雞白拉麵湯頭都濃郁好喝，溏心蛋是給整顆很佛心。",https://lh3.googleusercontent.com/grass-cs/ANxoTn13J3g1SFWNijQfqX8Ql2pvnnzv3bVzxspNz06MtACjM2v1yQQgVJPwxfaF_laeAHa18lcl-N0ytqh5KjTVHe_TwA_3rlntvk1xG3sfAZ5MF4QIDHJNuh6TFT_dE2hI6HtU9btiPzbBd00=w600-h450-p-k-no
Irene Pan,5,2026-04-19,1 個月前,湯頭跟麵都好吃,
Joyce Kao,5,2026-04-19,1 個月前,"很舒適的一家拉麵店，門口自助點餐後，進來位子很多！
拉麵口味適中，好吃😋","https://lh3.googleusercontent.com/grass-cs/ANxoTn1O-ISMkako9YnQ2fdOEDIB--cJUA6qeayP4ZQ7Iqn4327a_Ip0Zv2S7eSDmT3ligpEGvdwCXnErUwk2G4pAM7fkpZJwLjoeE4fNs47lVJxXCUjdntIzK01mAX7GUGG3M_EoUtS97-ZJ4-1=w300-h225-p-k-no, https://lh3.googleusercontent.com/grass-cs/ANxoTn0IphH5f_o0UDpQS6i2GEgQF2L7n5tF_27As06Ya14_1Qj2paVt9BgxyH1riHWY02fAdVEPbstj5OhhNvLalTgJNuns4a9hXxbgbFB51SNGpexJTeHar7QOLQS_mltqjmADaW50mtUWKDkg=w300-h225-p-k-no, https://lh3.googleusercontent.com/grass-cs/ANxoTn1QGCbrH__CNY0RDG9CNtWTJ_xV3svH6YMVAGSB1FflEIzuqjDAa8bxiEHBqMhLoeEj4Qb7TegABFItPckZjl8W1DH0wpTe0utIuuSI3jjl9RJLD3-YuG69hY8SgJJMJrWK9GE-jolREaWs=w300-h225-p-k-no, https://lh3.googleusercontent.com/grass-cs/ANxoTn10n56wSmQOAYgQK0f0BCeVnjaEaAl0PpxSZKpYzzxkUQeZWz8SPUYI1PBQv6S1ZMZYaV8_s3S5M0dEd5S1EahzEyoQvbttnWSmfwulTqo7Psy_FdRGWlmu6EeDRrPsvsDj7SK90P-DiUgW=w300-h225-p-k-no"
Ansel Lin,5,2026-04-19,1 個月前,好吃好吃呀 地獄辣很不錯，喜歡吃川辣的推一下,
Yi Xuan Ng,5,2026-04-19,1 個月前,平價又好吃 30元豆花免費無限量續 學生黨福音 大推,
祐祐,5,2026-04-19,1 個月前,我想吃小菜 讚,
楊Yang,5,2026-04-19,1 個月前,"第一次嘗試師大分店
環境感覺比其他分店漂亮（？）",https://lh3.googleusercontent.com/grass-cs/ANxoTn0u2Rz2JeE8Nl8EEdB8hO66ymENvjzs4o9LW2zKu-b9cA1hQDW4iUbSygmyR_NiC0oDpYXzZbinHIOPIv0gmH4SsABBF-LbXdCIZ62Kf0feNbLwAH5VN-UL1vJlJeHHRWao8Evq23Y2DIlQ=w600-h450-p-k-no
汪凱爾,5,2026-04-19,1 個月前,"打卡送小菜
Cp值感覺很高耶",https://lh3.googleusercontent.com/grass-cs/ANxoTn0qSSpPVQVgYENsdt9iNW6gRjLWHbV-ytA1VuN5KK1LWBkEjFARVnnENT3PdeB4nP2N_rH0JSWudB-GVOl2fJ0g8aEKNL0DngchMAF5f3ncrx3lOvDbYpdA22hJiZh9PyKfWt5JEA1U_5L_=w600-h450-p-k-no
徐,5,2026-04-19,1 個月前,環境很安靜.松露舒肥雞胸拉麵很香很濃郁,
NEPTUNE Chan,5,2026-04-19,1 個月前,這家店的拉麵真的太美味了！湯頭濃郁，麵條Q彈，讓人一口接一口停不下來。而且店裡的環境非常舒適，讓人感到放鬆。服務也很周到，讓人有賓至如歸的感覺。下次一定還要再來品嚐！,
サイ,4,2026-04-19,1 個月前,"叉燒軟爛好吃
糖心蛋糖心很大顆
五星好評送小菜
加價30沒給碗，還要去問
要碗說要加價才有，扣一星。",
林怡貞,5,2026-04-19,1 個月前,味道不錯 還可以續豆花！,https://lh3.googleusercontent.com/grass-cs/ANxoTn3Aus5N9CneGREJ2_tjyCjrfdtSpUP3M5Of7cl28yIGeyZjB7c2szvHHEPsJ3uZMATB1WgUxJG0-cvTPZ2sAOTR2OJNwUZtfCpnsnOCcZuMYEY_EMMkzh9TBshBa8aw7hyIDHbUSPrmNGQ=w600-h450-p-k-no
Emily Wu,5,2026-04-19,1 個月前,類似 CP 值的拉麵店裡 是環境相對舒適、乾淨、明亮的 口味也很好,https://lh3.googleusercontent.com/grass-cs/ANxoTn2J4rQ0ZBI7cr_FWLWA8oLDZoecKbzFlTD_ro9RSCHNjaVWkixZ8-SUYQvXnS0sp_rB1s-xOw3t-cA_5ab9DniCp0aFyDS-EURbutmEm-Z2rloc9nZdGG4vjGc-kkMIlII6-Vnxc0UN76M=w600-h450-p-k-no
Ryan Li,5,2026-04-19,1 個月前,燈光氣氛好 環境乾淨衛生 服務人員好帥 無限續麵！,"https://lh3.googleusercontent.com/grass-cs/ANxoTn3ncZATjmlcGhhbyF8o9xctri_L4az9EoZoIXSWt7dr_fNGGt1eCD6tHWZhldKoyWgrxRlRpRp4g-Oxm5laBpFByMMTGUZghBzSbTLYMW6X9jmMAyTYenfzrb441jOjPbchoxQv85NxHZar=w300-h225-p-k-no, https://lh3.googleusercontent.com/grass-cs/ANxoTn17PCf9j04lZtRu7ahAnb0nlJP2ZfmjMIFEGOemD3G2bsiol7GBdAi0YW4CDn4hERJeBWC6lduVycKs76yU1YFQUt5JujBAQ6VceDkTiwcYuPLdJtA-Br6m7ol9YtNCvRlp0vyeC9qKgDqj=w300-h225-p-k-no, https://lh3.googleusercontent.com/grass-cs/ANxoTn0NI3lZNprr3i0tVBC8nqhs1rdaG7AM0yDOjjZr_qCdGwp6t3Ex3vKoLmFHXkxNjkt4rzAGGIf08Q1jAuXFmgkSSwcYbf6N0DLj-Zwwv9MT8VXLT_ejM9rUE7tX3UBnuxy97t1JaO9NPzpP=w300-h225-p-k-no, https://lh3.googleusercontent.com/grass-cs/ANxoTn1MhO85KhJZB8irJunsVmUbZRcCXQx1GZZKombP9KcTfGfNsia3CuYzJv10uIcT2WWLjSJSqMMeeFSEPYNhiaQ7lCBZpFhDei6tUjxfoCxyGmhZ-rf1RQdbV5eBKvNnWtxsgtxug1OgSjg=w300-h225-p-k-no"
yi yi,5,2026-04-19,1 個月前,自助點餐機結帳很順暢，內用如有加點可以吃好吃的豆花，雞白湯拉麵好吃！,https://lh3.googleusercontent.com/grass-cs/ANxoTn0eEuIwveo2KOkdOwn2CDryJuwl6_z8YWZeT5jl_ovw7bYRxGTBqzlYhi4IyAXGyx0TPDcUfT_6D1nJwQAAL9RfzChtDxA85_yjKr7zjk_3Mhrpsw9Xg7of3NPL8Z2FAwblGzuli2v1C0g=w600-h450-p-k-no
楊芯慈,5,2026-04-19,1 個月前,很好吃～～超級無敵好吃cp值很高,
Mimi,5,2026-04-19,1 個月前,拉麵跟豆花都很好吃！,
ReviewRevolution,5,2026-04-19,1 個月前,拉麵跟甜點都好吃,"https://lh3.googleusercontent.com/grass-cs/ANxoTn2JrR7BUwNhdAqS0e3ptCZxoYpvPKtApCo7C9q9JrMpbpVGz9SNQISMINd9gs-EkFBSZgp6dqlKZcqs3Qw4Gp44gKTuH3BMpI4PA_CXUeL8T2fVCDa3GPnuRCP_I0T3-LH01VNTRSKQRRHd=w300-h450-p-k-no, https://lh3.googleusercontent.com/grass-cs/ANxoTn3pdEztUeqnUsE134XxlDhatlosGN_PKCfxUsofxMBXtg5JCGK2ywVFyOdpGgDqh-CRJSWyoA0PF_YUyYWN2Zopu5m50i5HIsM6yi2z2Ogllf2TyFNWnz0OyJCqaf8nKI3jHlwuNjBGQCGn=w300-h450-p-k-no"
薛宇靜,5,2026-04-19,1 個月前,"自助點餐機很方便
店內空間明亮 也不會過於擁擠
餐點份量足夠
以這個價位來說CP值高
有一整顆溏心蛋👍
自助佐料區有蒜泥跟辣醬
加進去湯裡面 層次更升級！",https://lh3.googleusercontent.com/grass-cs/ANxoTn150CXulxTuy9PMUktgaXMBullx0P-CmmmGFFvqgBVwVw_VRP2DgkwkgVUwi4XTb348acs_qOIbrh0zpWAoBu_Y5kClWly_rp2zMaAmMOUStQswF6HvmRr7qyzjEsDpHoZikI3AEFY_sLE=w600-h450-p-k-no
陳靜汶,5,2026-04-19,1 個月前,"店裡明亮乾淨
線上點餐快速",
邱于真,5,2026-04-19,1 個月前,好吃，服務親切,
Red Bean,5,2026-04-19,1 個月前,麵好吃,
林柏諺,5,2026-04-19,1 個月前,乾淨好吃 讚,
李冠賢（Sian）,5,2026-04-19,1 個月前,讚,
吳宜芳,5,2026-04-19,1 個月前,平價拉麵，偶爾想吃很方便～打卡送小菜！,
洪清堯,5,2026-04-19,1 個月前,好吃的拉麵,
Chung Shih Shih,3,2026-04-19,1 個月前,"空間大不會像一般拉麵店很擠
拉麵普通 免費加麵
自助加辣加蒜
30元加購甜品有豆花跟仙草凍無限續 但普通
甜品湯匙每一支都沒洗乾淨扣分",https://lh3.googleusercontent.com/grass-cs/ANxoTn0cQe8O2bzfecNH3kzzZfIZ0nThIyebgR9CocCPpa7Cis-3hy5ZgDLvtLW-CxkwF-ybeANLomvjzk4TR3bmxYsZnLb1-qtFQzPMFpv3sJ042rDVuwkaDzPoBk3xD2AIjnw6xaLNvameJwjT=w600-h450-p-k-no
Sean Wang,5,2026-04-19,1 個月前,讚,https://lh3.googleusercontent.com/grass-cs/ANxoTn2W2cCmRt7pbXyb6jt5RM0-ugjYD5W3IEarloG1megNtb2AHRYt2tZMzMt6iEt8EUwSBrECav_G8qo5x5kfZuAwouYTnLUsHVlFKcFTRt4pEZaA8qZsQUQ_VZg2Rmaw4gA9roI8w8kBiXOf=w600-h450-p-k-no
姚思辰,5,2026-04-19,上次編輯：1 個月前,雞白豚骨拉麵真心好喝，麵條的軟硬度剛剛好，讓我每一口都想再來！而且用餐環境也很乾淨，讓人感到舒服。更驚喜的是，免費續的甜點讓我心情瞬間UP！這裡的CP值真的是爆表，炙燒叉燒又香又好吃，這錢花得值得！總之，強烈推薦給喜歡拉麵的人！,
LCY,5,2026-04-19,上次編輯：1 個月前,如果你在找好吃的拉麵，「好呷拉麵-大安師大店」絕對不能錯過！✨我點了雞白豚骨拉麵，麵條的口感剛剛好，彈牙得讓人忘記去減肥🤣！湯頭超濃郁，喝起來讓人瞬間幸福滿滿。店裡環境也很乾淨舒服，加上親切的服務，讓人感覺賓至如歸。還有自助豆花，甜而不膩，真的是超棒的享受！💖價格也很親民，CP值真的是破表，值得你來一試！👍,
Pova Huang,5,2026-04-19,1 個月前,麵裡有整顆蛋，肉有炙燒過，湯頭可以自行加辣加蒜調整口味，大小適中女生可以吃飽，小菜椒麻杏鮑菇很美味,https://lh3.googleusercontent.com/grass-cs/ANxoTn1A_CN1jeGFa1SsE9uKptEzajvRt6YaZegWNiezZmRdsYiaJrRV_CYjoSrGmQhWMylkIj8hJvMjKrcX8VvB0-8Y3wLtKSoPY_dSc7ERQ5722_cjFoyhkNXzJQ29mzvJ0_YTwoiB2Dx3Ewog=w600-h450-p-k-no
豬鼻大龜頭,5,2026-04-19,1 個月前,有甜品吃到飽 舒肥雞也給很多,https://lh3.googleusercontent.com/grass-cs/ANxoTn0WIqmEmGpVrBdVTGSwtNvoOGSWz8GJvy25rGKyEWvTVts77xjLxooJxOKOJP6au0G4-exGBDj6ITzC5cv5z8M0XGmBSIPkV0aDBZoX0Ogufvj2K7yE3qP-XHRfpJ63v0fA46Y9UhC4o_OM=w600-h450-p-k-no
Blue True,5,2026-04-19,1 個月前,好吃 可加麵,"https://lh3.googleusercontent.com/grass-cs/ANxoTn1Rl3fGzdRt_BqCCorNvObvDAW9eXVb9Vdf-ET0NvtbAJ7PsQggo6lrOtBruTjwR8fqiCYGr5Soa7lvxYEwq6grnorvLb5Y3snh7Hy5YTiYulrZhPMyHBeeEiee5M1OC-uhIJIfzARJV5rG=w300-h450-p-k-no, https://lh3.googleusercontent.com/grass-cs/ANxoTn2lMBgsB5yYwbD5t93xoiRnv60ct5nQOZVT3ztmCdZWSVMPx3b4zUWremJFGukkXh5x3pk50VqKJn4-Hu2RJPztAYDniSvpmpSbidcT_Ced9girfMbtMCvOLT_FeTACaBod3Pf9Md1OGANX=w300-h450-p-k-no"
楊碩（DEVIL）,5,2026-04-19,1 個月前,,
林冠辰,5,2026-04-19,1 個月前,麵真的很好吃😋 …,
Jui jui,5,2026-04-19,1 個月前,好吃😋價格實惠,https://lh3.googleusercontent.com/grass-cs/ANxoTn3FXN9zIam2oZrn68slJAKvUAVTDP2KKz7ptnKtnGEcOScButrYT4HKjKaBInymwApucUc1Eldl7tnXt0sYnc7qcXALxkWis2x606mQ77DjZLJAZzeuOiQg-j31Rs31wh8X0kU0DDVArLv7=w600-h450-p-k-no
小金,5,2026-04-19,1 個月前,好吃好吃讚讚讚,
O. S.Y.,5,2026-04-19,1 個月前,不錯吃！,
Kathy Kao,5,2026-03-19,2 個月前,"環境舒適、明亮
東西好吃",
林欣宜,5,2026-03-19,2 個月前,湯頭很好喝～ 服務超讚👍,
Ting shu,5,2026-03-19,2 個月前,環境乾淨 很適合跟同事下班來吃👍,https://lh3.googleusercontent.com/grass-cs/ANxoTn0O3ylcpotv-BmB1TbClRg7tw9M4MpTu8AqMrhfSi-jRzOkbxgV3sb2uH7vEAfGWpMiq0asLT_6hJ8P_nVCf5xDkT8f8ufQ4iOB2muIF6K_Mj1nYfKF4DeKMLEMIMOQqkEVBj8evXKj9aU2=w600-h450-p-k-no
好想吃宵夜,5,2026-03-19,2 個月前,"用餐的時候後面遇到一個很固執的奧客（一直說麵是上一個人不要的🙄🙄
很感謝店家在到我離店前都很冷靜且理性的溝通，辛苦你們了，也給你們一個👍",
YaoChen Ho,5,2026-03-19,2 個月前,服務好 餐點美味😋,
小君,5,2026-03-19,2 個月前,服務很好👌兒童友善 拉麵好吃,
Julia,5,2026-03-19,2 個月前,好吃環境好,
Mowen,5,2026-03-19,2 個月前,拉麵好吃 豆花好吃,
Tree N,5,2026-03-19,2 個月前,拉麵好吃，出餐速度很快,
Olivia Wang,5,2026-03-19,上次編輯：2 個月前,環境舒適，價位合理.加入會員還有優惠,"https://lh3.googleusercontent.com/grass-cs/ANxoTn39j2WzZIj6m15yWFtAiXyXYCue26mDuwI_dgHE2sJAiZCxIiOTYbl_LRyM1w_WlcMA9KT768jG2o-nO6GkhClViNAOc26IFmp8HM6tVeKOhsG7pTWDfA-FktvznPRs7eLNtDIpn9LOf1cl=w300-h450-p-k-no, https://lh3.googleusercontent.com/grass-cs/ANxoTn1NBa2D2vtcsF-Z3bFJ_bDHHizC-YZG5r7Fa18Ni-YCxfadPKgfUGXsUJQ7Kknob-IruiEacitjxOUjcH2LJxSd51qCFycWB86HBUqOAd-_uNC9j4YqgDqF4vSYcpXYqFKH6q3AQAfMQIvw=w300-h225-p-k-no, https://lh3.googleusercontent.com/grass-cs/ANxoTn0R4aF18yb_NjVYZ7qg7COCFG3gCqVLLUY5r3S5AVb27NutwbPF5V7VhYHR1TF6vVbl8XM9Yr8bhL0I1HrxJquJ3Ramhfpn-Gr9vSHf5MpGMimSWvBpZF5ub2zQb3hBYjk36EH_xzdAU-V7=w300-h225-p-k-no"
주선택主選擇,5,2026-03-19,2 個月前,加三十有甜品吃到飽！,https://lh3.googleusercontent.com/grass-cs/ANxoTn3ilZJM6LsuWv5KEx5KyZ7rLrhDbdd5qrhrjjOr7Oos859hmkoG2d7Hoyj4CQZq1yibX2wkRuacp4jmUqRmOWRebTvREq_kfi3q7dqbMcidt6jiyHR4kC0F_jCimTBBo_2qcjWDQsHPQX5M=w600-h450-p-k-no
Hung Claire,5,2026-03-19,2 個月前,拉麵好吃,https://lh3.googleusercontent.com/grass-cs/ANxoTn08RDc9pX2j_40ODXjvikdb0ARXVN-xcNM9r0wqRazpz2VBVr5c7ffIAq7AfM9r2FeSGft0cE8sqoLduT_AWwBYnvLz7C6wiA16yz93_m_HRSB49dYBuxU8RgCIC60MHhCTwpXj6q3bN4Ni=w600-h450-p-k-no
Hao,5,2026-03-19,2 個月前,拉麵湯頭好、又有舒肥雞超健康，服務客氣超級頂👍還可以加麵吃到飽！,
王芊茹,5,2026-03-19,2 個月前,拉麵讚讚！！,
彥如林,5,2026-03-19,2 個月前,不來試試嗎？師大許多師生都來此光顧成主顧。,
韓仲麟,5,2026-03-19,2 個月前,實現豆花吃到飽,
蔡蕙詠,5,2026-03-19,2 個月前,這次沒有加購甜點，但拉麵非常好吃，環境也很舒適～,https://lh3.googleusercontent.com/grass-cs/ANxoTn3PfwhnubUmVih3qSS-FZ_78xrqd4nOIRN2bUcgZ0R_Rt9s_idmCwKTQM5XfGgM-VQpxB8M3uoZpWzJMMydMrzPcrO4qEcjsOh0wuDHILrhOxzFYQLIEx0UGNbOJgVW5MmpjEjba4GObFC0=w600-h450-p-k-no
XieSi Gan,5,2026-03-19,2 個月前,好吃，環境也很好,https://lh3.googleusercontent.com/grass-cs/ANxoTn2FsHmnovEwFa2TpTQsVj4eRPITrnsneFJOpCevdDqdHhZTouxNUnx3bvMkupVHlusxGiWykTEDO2GWdhl2WfT4vOXayqZB9YYI6bexzIj0CFSsoUuZioKNp82zKzOPjeEJkOuJMLuqIBff=w600-h450-p-k-no
予昕,5,2026-03-19,2 個月前,價格實惠 口味好吃 CP值高,"https://lh3.googleusercontent.com/grass-cs/ANxoTn3-Y5SGjtWRnN5vFIct0YGhIVeHOseGGCywWpsuLRSgW2RjfPwLfE8zrwTmwmvN8c2uW1QMkuSQsxxNpWpzd_pe3J0ER9CioXWqi29oDhQxdTWEhgPksIeceo4hksHI6F1GDf8oeQkOi4as=w300-h450-p-k-no, https://lh3.googleusercontent.com/grass-cs/ANxoTn0PWA31MQw9iKZkRKKpBWzPt6TPA7FBIfvOZWPteTcBpHGb4_kNYMpDn0SMxZ78uAjXI0mqpAL3AFJu37J8-SoTo-Ee_v_RfHabDNIYYJT_Mgoisd5EdzpWugFzknoxlvW3SDklB8lOG3SA=w300-h450-p-k-no"
Chun Chen,5,2026-03-19,2 個月前,超好吃的麵,
Yu-Ju Chang,5,2026-03-19,2 個月前,很棒的體驗,
蔡丞書,5,2026-03-19,2 個月前,好吃，味道濃郁,https://lh3.googleusercontent.com/grass-cs/ANxoTn3YULYzUjN6rwzO0G9pWlRKKXqTvK73etGUcdGaO7l7AA88CeS6Was6hzVPiC9MQFxX7EBd1UO7l1BDi6scLH_i6NuPEFdnLLWGfZUhxm1XriVbnn2S_AyePece9d9V0fjumy9WKaLW4qt-=w600-h450-p-k-no
Paul Yang,5,2025-10-19,7 個月前,"5/5 炸豬排面

甜點自助餐 30 新台幣","https://lh3.googleusercontent.com/grass-cs/ANxoTn2ZQiWiS0WmEE9JIK9O-UxUhR4iQSoWbyrz69Zi3oWnimWiWiubTwJNLIpvLHO2VzD6cO3ntlGTaYKOs7_S47DBgt-_puRCAp9MkDpZhPot-p_7ZJrxYWAE-UVeC78791HtUsxEMBEopyG8=w300-h225-p-k-no, https://lh3.googleusercontent.com/grass-cs/ANxoTn3IIU_Hd7EzUrgWsA6PfCna4gOpM3Jk2HYlqOYtQk4Zg3GxMhd3js2DlwdHxHSJnAnS4kmvZW3BU4P-_1XF8iJzCcWJWRYPgE5aC5eVyARifWcWIjD-MC7jkIUUZSIyLiRyg6IunEsTNoBt=w300-h225-p-k-no, https://lh3.googleusercontent.com/grass-cs/ANxoTn0o6dQrIjzaaKjfSvQZyHeXMS_-9a-O5AF1o9XiZ4R8werkI4biG5nS9LyJfIdCnL0n1P5gnNJQSHohDZEhZnut3mm7FcVu8szNZZZM3jrxd3OK2DZ3yEK2KhvtUOQanbtI9UhCY2t9b64=w300-h225-p-k-no, https://lh3.googleusercontent.com/grass-cs/ANxoTn33oyyMYGsFughU3d9TWHVo8fZapesq5Dp8l3Q7PkhdhowGJf5g2B3kN8xaKlgmgChT-kODZWGtmyoFtSRNJOEkzw8JplU-NktVTDxludjW6tYXadC2LDHrHdw2oH1G3A3vZMFsNRa73q4O=w300-h225-p-k-no"
謝甜甜,5,2026-01-19,4 個月前,便宜好吃😋cp值破表～❤️,https://lh3.googleusercontent.com/grass-cs/ANxoTn29hLm-Ax8CYiF46X7Tn63zoOqsoth-cgBGds_Z7tnb5E7VkCeN-3Ij435b8w_xOuFbs2ecGSwpV1GK1Bn-0VN8pBCf3-eSw_t1VUlqtlxo4rWBD2BlVv3KEVfXgWVA3Szd62Hg-UPPeoJn=w600-h450-p-k-no
猥瑣墨魚,5,2025-12-19,5 個月前,好吃 一百分,https://lh3.googleusercontent.com/grass-cs/ANxoTn1idb4JZG_y0n4Kn0ZedrvFRZugaNAKeVnZ0EHIqxZx8_FhKH3lEUehf6jnFwSPf6RCBWa8ALd477S3nt6ZafsgKaMe4ZgA6L1tTJ4X2lspT8D19DLg34_JOL0FXRudHHj6shM-lGqUjMg=w600-h450-p-k-no
傅47,5,2026-02-19,3 個月前,好吃,https://lh3.googleusercontent.com/grass-cs/ANxoTn1b1zRiRVXhcz0nTHpyBwggeISVBhbANaegWdHWiWLpyUyHqZHD1WHnIXxb9H40eEtRYu_ZeQWp3EmSdSfa1HdGzNwgnRsN_H_EqxzitH8CSy9Q5knjmVpNkpzZv0WLAH5J4mwcYfjtvGNO=w600-h450-p-k-no
MrN 17,4,2025-12-19,5 個月前,味道不錯，但沒什麼特別之處。,https://lh3.googleusercontent.com/grass-cs/ANxoTn0nx_WLTC6dnfdWm9oowUu-sqzG7r7P2JRZ_Sr2HnRg92Iu10VMP3lf12dvQRqMGbpvRQG_NYTgT4kWfgC-xznNCItlxKMha0TBNJEAjp3ynq1eFiqEVYyHsa23xdQ22KtFGyyPTxv65-xk=w600-h450-p-k-no
侯博淳,5,2026-03-19,2 個月前,好吃,https://lh3.googleusercontent.com/grass-cs/ANxoTn1XZTH0zVKcrXeGmdBANqDea7pJk0TPdILvGmbEatNmwKd-594wfvIsJSVNTUuEFNObsfQ_ufCS0oD2K0pHALU4Y3aybCrehnzbD9ITxfrK35dzoW7aRi0oXAXCWphmfUmtTTdSYwVxVKEu=w600-h450-p-k-no
陳揚道,5,2026-01-19,4 個月前,好吃,https://lh3.googleusercontent.com/grass-cs/ANxoTn1A0SjqUhxb4eCzT1lYfUbbYQEjipwlF0X_qTogQXwP_mK59yQw_uv_rSZF1yRsY5VaR0zAefq54OjZSS6sWA2wDnGS8Ga00LKnU8EHxSisGtXEElrwFFkDgj7o8b0i8_BQTCvsW-R2gEqF=w600-h450-p-k-no
BOión Gip,5,2025-12-19,5 個月前,超香,https://lh3.googleusercontent.com/grass-cs/ANxoTn3WvOppT9UUw11seOj4c7s2HPhgA5z1HOc2nOr16j4eABCdLSuqJQEtiiV6sF3uArc8sxQVFcQL4fJqXxxzxfBy8b5CPOtDsuaelTm6VpVjAUNrKIQj3hK5f1g0tt4kz_dQXA6gz2gjMqjZ=w600-h450-p-k-no
錩,5,2025-12-19,5 個月前,美食,https://lh3.googleusercontent.com/grass-cs/ANxoTn19EgVYgTN_12ifYVVBAJqig6ftCKSTb2NvYAccUIv_lzGFnAu1iMF48gVTA4TMlpb5rD5SpzMJtBgVQn1tBZZObIDjFy-BM0n9yRvndNr8Y4LM89UWehw7JrYSQMjelZxNl_BbSch9gG4Q=w600-h450-p-k-no
Jerry Yang,5,2026-01-19,4 個月前,真香 真好吃,https://lh3.googleusercontent.com/grass-cs/ANxoTn2QPK8WK3URG4O4fyiYomThM6sLEVt2_o_kpRA8AtW66S_BK7RyCVWo25diLdyrzjaXqtXsqmdEs5oOHdNR7m2sZ4BZF2Lqhvg3PYBdgH2ZSbmiEjJZjqCWrhcF31thggR-iaveG82iiaBi=w600-h450-p-k-no
Shengjhe Chen,5,2025-12-19,5 個月前,好吃,https://lh3.googleusercontent.com/grass-cs/ANxoTn1wfwzAmc25ZrRpfGfcW_96D24Dh5W38u27wTSbQawHgoN8O8E-KXk2GoU1O4ZdD4sNQN3JAdCalqi2gDhxtQ7Z3xTw4LpmQoc4iv9vhuYQBRFCnrG9p1_XUPlC6XSbBj7kMxf5kpPUHQHU=w600-h450-p-k-no
葉承衍,5,2026-01-19,4 個月前,好吃,"https://lh3.googleusercontent.com/grass-cs/ANxoTn2m-stDRt4s-Oqm2ek4vgD7geb5ZdPMJyUBGcM2pGFX7pYP7hTHtI3dl-A4MtKMxlxOWVyD12vFLo-OkT5T2iFUAJQKZQfkZAU3Lq59XqBn8C6MmPtnaUwclvmnFsBwewggBHYkNVUzwZ01=w300-h450-p-k-no, https://lh3.googleusercontent.com/grass-cs/ANxoTn3Lld4angld2lm8yf-InCUVRT0MYHZF_vaJBW_H81ELuxQiFsmxyYuCMpWiv5KFk_iqBHGwxt-wlSYqJjdJ4kybvZsjzaBdqjeCMcuJX2ftvRqIF72RsVoYbEwon-F0XTlM-vHkqhed54WQ=w300-h225-p-k-no, https://lh3.googleusercontent.com/grass-cs/ANxoTn18EGoTV7k14dkMyKYRFH8UgHVd-tH05L3qDHjBcLYR005BX3Zll30ARqJlSyAC_foqzDXQJ_iblO_tbKgkRX5cu9dyJu3_YOv6TvJS3mK-HACjts0TR8V_FplLO12yryY0f3VYjbUODmk=w300-h225-p-k-no"
Qin,5,2025-12-19,5 個月前,好吃,"https://lh3.googleusercontent.com/grass-cs/ANxoTn0UsFEXUl3J7BViVTjMg7gFsZQLHeAs98hieGX0rk8EjNH0pO2PBIhlzq_CgRkX6k3O4ZlPxdVhnC6IXKJGfqvzpMMacY7mscvnWi8SKFZzJ2kSZKXBwEyNIwomYy253noWBN4hhawGPK_4=w300-h450-p-k-no, https://lh3.googleusercontent.com/grass-cs/ANxoTn1aKkxAG4GYwBtTMZ2qxbHmmlnlJblluVcZ52B5R_2wY6YST9lK-JVoeLCQoUlQT7uStptCBtXfHQy0ebf5PopnVgfMMlCT1m8aqSXY974HmVt7ZY2VhkD1vEpfbQhACttgw98MTL_L74A=w300-h450-p-k-no"
林冠弘,5,2026-03-19,2 個月前,好吃,https://lh3.googleusercontent.com/grass-cs/ANxoTn1iZbPt2ll_VyLC-3F1AGW23u2A4yKYgFknCG1_2o2cnpsnvtdej1tySgfZQyaSQKTx_LYYwa3jB_5LvEIRUzpiQ5XvY5o_mqTJuhsaZcggvSNy1Wt2tsuovc33KSPNSfWoQlOCjMPgShV9=w600-h450-p-k-no
聽雨停,5,2025-12-19,5 個月前,豆花很好吃,https://lh3.googleusercontent.com/grass-cs/ANxoTn0FctH-E0uSrg18frMBZa_M691Dk9xkRYJTx_rXOKzE9htbGMCdG8pezwWhaGfIlOTE9AwSVwkUw_xT1Y5iNzWSZQ4EU3FZytzG4Mjucl0ECSpm7bz7msE4WQ5zdyePfrgMV4BPksDbNF8=w600-h450-p-k-no
Kelvin KC,5,2026-02-19,3 個月前,非常美味，強烈推薦！,https://lh3.googleusercontent.com/grass-cs/ANxoTn19rdoacdIOSwgwnQ1hoYA3Atg3-NjfIoxv6YDomcxvChUASyYiE7TmrlJwBkKzhaLdZSFpftTS3FXGT0cntgjiMrEy3n4BbvQ3Cm1NSzYlaxj6D47h9OpxqFTc1rTpBGc-XzrkCNvROzs=w600-h450-p-k-no
王菱,5,2025-12-19,5 個月前,好吃一直吃😋 …,https://lh3.googleusercontent.com/grass-cs/ANxoTn1lrtkdCm5vsuIjYL2RU7yI1gmnL2t4MwqFZT80YGgv26qnbv9SRjA86E3UbYRkac9jjolmLp_iBsT1wZ-FNaVFHMc15zhbhi95bQ-bfk65jbrPAro7pfScEg_CknoV7fDe--8uYO_vZqo8=w600-h450-p-k-no
黃宇彤,5,2025-12-19,5 個月前,好吃,https://lh3.googleusercontent.com/grass-cs/ANxoTn3v9eNOnsuVuIoXQtx_PeqLWum_en-Nf9YclzPqW9vjA8jgKlBVnwt7h94w7nWL-_YkbzLCR99o4d6u46SLYYyYBnYatcNHvSyf1gvg-8e1Tdm1rw6PkCZe9-m3dRktL2NbI9jSqOHiwaQ=w600-h450-p-k-no
顝,5,2026-01-19,4 個月前,善終,https://lh3.googleusercontent.com/grass-cs/ANxoTn3gP66JOYFOsC9qN_37iBYxx852Olsg2u2u5moSaYdfbc2AZbDLoc7UdsRPWQhX41c2ncaF6Q714oFyTfU4RtlGlMZC0yO77thkhKXDUOI9MNd-H521HGkq9sGPADAkMsK_uDoU-y23Fwgz=w600-h450-p-k-no
Qu Uso,5,2026-01-19,4 個月前,好吃,https://lh3.googleusercontent.com/grass-cs/ANxoTn0jCPBcm9IJJXYB1wLloxHM0RYAJga29j5vFjbr7CPPgYWPVut3SYaYq1K_SDrrtuuBGd3ja8kUje_BrtY2keCRGBiOmOXmenNIQcWBycONjJmex_YyzmQUHHJQHXxF1GR4ZNpZhpQNqcl4=w600-h450-p-k-no
笨笨,5,2025-12-19,5 個月前,好吃,https://lh3.googleusercontent.com/grass-cs/ANxoTn1CFx4I4oa9hkgBHDYrlQbg0h9tffx7IzTn3aXMN01Bd7PyhwU45RkSHU5xUPu8ajPnkecpf26yXEU5-xI_mTQfWTW37aT8QIrEJIPC-zgb9omJ-N7tDq_58cTEnkLJfKoWLdSxuifFttI=w600-h450-p-k-no
北曹,5,2025-12-19,5 個月前,好吃,https://lh3.googleusercontent.com/grass-cs/ANxoTn0VbZdApbzNpL5RLbQ71jL5NwtnI3QjN7Osmb0nv4Zy669CAUZeAFtheLpcAZkm5uFTDtvlmhq7ccg4jCrfA-Y_yaj_rBBKHi79BjCM_HqsGcmtz9MJIP9RJLklRjsUkV1PQQggMxpVHtw=w600-h450-p-k-no
smith smith,5,2026-01-19,4 個月前,好吃,https://lh3.googleusercontent.com/grass-cs/ANxoTn3L3mtCogSTM9C_dXLJnv_oN0RUFVXgE04OL0VOY2W-G9JpFMqj261-1DCZG7XrnH9STOEL7-R54zSWFfsSoPz45nbUqiHEmy2znymsSJV2OZcsFmhfPE_SMgOGIZxhX4IBK1un5UV7EYw=w600-h450-p-k-no
立倫梁,5,2026-01-19,4 個月前,好吃，cp值高,https://lh3.googleusercontent.com/grass-cs/ANxoTn0qMv_bGPIkbEoH7J3ihJK1BHQROmdUyKxeqeT1rH7k7SHHnV_0rYO6lCvSw8MkBmfx0khPN8_YIEcv62X1pWnCLajz8xSV4tkV8FVjXPorNJOSXF7suam0x1lcSATFFAnebzLpMV95hb8=w600-h450-p-k-no
林奕宸,5,2025-12-19,5 個月前,好吃,https://lh3.googleusercontent.com/grass-cs/ANxoTn2WkfvZAV1Y2Qlh1CZAcmKTC6oh8JyyoSGgwBNWhgkvZyD4m6Knd07tIZaFct4VndWnl3QWKo1urertBE78wbizr3-gp_2HfXZ9CP9orUBDtXEoqqoziHEhy_j2QQBylDlV6Q7LfrxFl93s=w600-h450-p-k-no
Thanon Kunakornthitikul,5,2025-12-19,5 個月前,5/5 拉麵,https://lh3.googleusercontent.com/grass-cs/ANxoTn3mu1e2V3KE2DBrLSsCLfhsN0MseOgYcYedUR1avea0NDPFZXBJ2biZdtn_RvOR8E6BlhN4s-nHAn-FZzMCA5wWFUGidozNgh7RSJSfni6M0dYIR6Qh9Fw2sO2ommyuJ6M9eVjtuUMcWavI=w600-h450-p-k-no
蔡承佐,5,2025-12-19,5 個月前,超好吃,https://lh3.googleusercontent.com/grass-cs/ANxoTn33rZsaj5YEhBIBgmdcN6WIPJBCvtXEovoESLr8BQD67fndaKoTE_P0ywJgDP_8Gh_usOQ-NGHrSckOQZeyvg88KYaDfq0VoYGswS1NdKkQiGatz5FIsDHOpME1QXJkc3atILtBl1kWebw=w600-h450-p-k-no
歐韋筑,5,2025-11-19,6 個月前,好吃,https://lh3.googleusercontent.com/grass-cs/ANxoTn3yWwiFxq92miH9NFQg7C262vJ7EIhm7NEcsQCASDYmiOo_Bog2VRy5cZflcREKveEDWsiM7ouDtYpRaxfB3jP4dU3Fp0sTktTzgmxwKJVFrtl-5rVu6_fpTq6Cg52ea-K9EWHO9aWLZc4=w600-h450-p-k-no
蕭于鋒,5,2025-12-19,5 個月前,很好吃,https://lh3.googleusercontent.com/grass-cs/ANxoTn02oQtLgmeRaBrkm-_lj-ViXmnAWbrdS8SSxGeZRZcWidhvTyQeeqzy9PXNE_lFSl5ZaUfHV09Q7z91NBK95LIoI2nVwvf6zDf97wMixYJbjz2x-Bbl5i3NCRpWLkEoIdI_aQRqGnpS6qHW=w600-h450-p-k-no
小wu,5,2026-01-19,4 個月前,非常好吃,https://lh3.googleusercontent.com/grass-cs/ANxoTn30iTXiT7ev-bvkuCHo-zkcNvGFuDeS1iiW_mchLJzXho2NV_ufXTsuGYYqb80zNyBOMa5sKgkZSBKn_28xnt3rtcDDzJq2Zgp3ga8TNuWkQX_OLzu_eUm0n4GQR4M6IEMy7XvOijVoe9M=w600-h450-p-k-no
徐劭安,5,2026-01-19,4 個月前,非常好吃,https://lh3.googleusercontent.com/grass-cs/ANxoTn0lRtq09Xh2S_iB5UZGK5HUfTnhdzf_TD0Pzu6VKPQMcc7cYX0RMSwGt-JQpub2n1TktXGn4ki1mibIAgGFmMjduqSLGcESoT6mp7uulirkqEG_tI64L0HfnNyyCZU8J9jT3yHZYTcROqQH=w600-h450-p-k-no
林六六,5,2026-03-19,2 個月前,豆花好吃～,
Rachel Chen,5,2025-09-19,8 個月前,好吃👍😍,"https://lh3.googleusercontent.com/grass-cs/ANxoTn0DKy_NT0vt3BSdNwbidsnlCxpfdczqDxWVogd_KYLzOaDb0i3-1S0cQSCgjNuqT9oznojIpWKl6OnfSDZUBjXvlaogGvKeBcQAbgybgg1Sv8QXCHgNw4cgRBcSo547MtiWiDT5vFG6067i=w300-h450-p-k-no, https://lh3.googleusercontent.com/grass-cs/ANxoTn2JBvc5pjEbm4nNfL8Mf68Gp0uHLznion6-AMFyPtoLqCX5qtp1b-eK7Xk9Z8MBJmdiDLrysqynbURvvON5qWwGbJPBsb6vMqqLSSnZoK0ZS0Vti4hTx56_K5rIQHCc5PPmtGgeWj4uY5mI=w300-h225-p-k-no, https://lh3.googleusercontent.com/grass-cs/ANxoTn1NR5ndTMshSRtgGBxkXwjgu4yy6Y_ywBPY6luS35pdUxKxpufoNw_0VjvISJ1pcX14kn47sCFBYLobL6auMCY9PvE_ogonWbgx0SZlWijKscVXRPMl9IFa2poYUYPlCQdDU75Na_Yr_2cP=w300-h225-p-k-no"
杜睿馭,5,2026-01-19,4 個月前,好吃,https://lh3.googleusercontent.com/grass-cs/ANxoTn155aRsrTWZZXk85qgIAMC4zosx14pFoCCtGdTB2Ze92gZDtJ89pXvpEJsh7HWHXa_cz8KjZg9YfQhkjh-AlnPrGmsJKCGy83280rBGl5uOFg4FAiZuvfSZaY2S0OMXm-uU1b8j_Ghtmn0Y=w600-h450-p-k-no
劉丞剛（Tommy Liu）,5,2025-12-19,5 個月前,好吃😋,https://lh3.googleusercontent.com/grass-cs/ANxoTn2Hb-1XD6xitTt10etnP4TWLQkd8dtVAkihm9j404jz9a01X4Hkyxur6g2L7q__nIU4bhMRTpwaNPUpTmqjmg7bDW63FEwaIBfuItkADUq6hLIQ3Q0NIn-RzMwJ3Rd82srvseZNw5f8UaHo=w600-h450-p-k-no
許慶和,5,2026-03-19,2 個月前,非常好吃！,
龔建成,4,2025-11-19,6 個月前,,"https://lh3.googleusercontent.com/grass-cs/ANxoTn3SERs38wikHDNZhf66DpDuoBGWA6TgmFtWIfORlnJko2fs3teeAwnVWZw4XLQLLA08YFn0kTKHrRKOQ02hNUZt4W0C7CcpGT7AbyptQAXjwZLi6VlXnnOibZULZhn3CwXo7xMj6HzJXyQ=w300-h225-p-k-no, https://lh3.googleusercontent.com/grass-cs/ANxoTn1yWoh2t0_-EmdhpGyOSWTfbm5ewSsJJ94ud1MPfQEHLBnCiYTfafm-H4s998rYx21JckcK3d5m9MP2WK7hGNjcEZtHuyhWb6uiMLC_bARccoUUhOXSUa6p-tWepKIlaQWb6bz9muCiHsuT=w300-h225-p-k-no, https://lh3.googleusercontent.com/grass-cs/ANxoTn04cC84nAlUsKE8y2GEnCJinGxD6lRxJc8g3HXUlhsPrx2h_WJvKxcelsJ3XZKQtAUJBQGB0nNy87OONnIew6s2rq9s98yGCXqbRaMqXe6dBBYyFX_MmRKN0wz9etcGu0PGIZHX1aC4mLV_=w300-h225-p-k-no, https://lh3.googleusercontent.com/grass-cs/ANxoTn0sbNqxXPbgwOoo-6_YbU4be0eDRjf7c3-F-8dLqFzuQyea9_Go7SDHSXsVR8MEak7xTdE9KFPpaBStxFhG6yODviTNUW3s5Bq97gUAPQDBQ4Iydf6gLxSE5zzEn_dh9-iK2fK7jft3CYhJ=w300-h225-p-k-no"
Chung,5,2026-02-19,3 個月前,好吃,
顏小花,5,2026-03-19,2 個月前,可口的,
楊瀚陞,5,2026-02-19,3 個月前,超好吃,
耍幼稚.,5,2026-01-19,4 個月前,,https://lh3.googleusercontent.com/grass-cs/ANxoTn3MK78sRD9ZbIHA_rDbPbbMJINgZbXoUtmJWGNSuchgggUbyT9SCB3MgC5seZZYieVU7r8dXPmQUnYklVZAF-BnZHMIfaXzaizKF2lOXkbdL06Lk0U5p9j4XWQyxS2pbNsQsbhc6vTU2zR6=w600-h450-p-k-no
Wilson Fan,5,2026-02-19,3 個月前,,"https://lh3.googleusercontent.com/grass-cs/ANxoTn1O9zW-svYxMMZFCTQ_FQ_leR4r_AqUNzlDB-bcgAr9qYtgyQcRPGa3w1W-B1qtrIZXMdGlD1h2y9ffU8HGjoirBioc44RnoBSaK-Cgp7HKv9HCUxFkVHLXXjRn4jr9nxL364s5KvWOwYqG=w300-h450-p-k-no, https://lh3.googleusercontent.com/grass-cs/ANxoTn08OiMYd86rpSiJR1OC-Z0MXaQD6t_h1nF1XhHIgFn9kNIjXTWra8Wtjs-_z--q6F36OG4cP2cz6iDhnuw8gkv1pa--iNhwPTDPYkypgLx638cEqMI0Dfkm1SErHER3ffmscVQxkpNLSPsr=w300-h450-p-k-no"
萱,5,2026-01-19,4 個月前,很好吃,
Chang Abner,4,2025-06-19,11 個月前,,"https://lh3.googleusercontent.com/grass-cs/ANxoTn1p3z6D_seEuUo8mV3VGlM67ScM7rBv_p-IYg4lmHbXL1hkdFvySJO0r_8c--YKiT0MaMwH7LBOnL77RP3d4zFMetusImpIT-e2FWh1dd3jUE9siH9kulkjYy1efgvbPJVs9wqh=w300-h450-p-k-no, https://lh3.googleusercontent.com/grass-cs/ANxoTn35CpqPMS_qO3bdhfvKNv1cakWaHkcBgAg0koLTs7CJw_aDk8HdTNMm5g2kpbdYKeEHYkfLAYZvmOQlxOUI98pirU-jTMS2NOch_fD-7fD9_o0ZzbxinYW7_GZVeWn5vVvOlnTCLA=w300-h450-p-k-no"
李佳容,5,2025-12-19,5 個月前,,https://lh3.googleusercontent.com/grass-cs/ANxoTn2T5kdsCbuts4hbCtBlBAF_8xunDjTvXuxTShIzIVN6_9VRsSLN1TXalFFOedcAVXE3BCZJjzYf_LEu4akQfj-Zjxv7uNuX6GCQQhhehLgZPR3S4_WLFzlorWP9JWD5BpUujMmYHnRILBg=w600-h450-p-k-no
施權祐,5,2025-09-19,8 個月前,好吃,
TP TRAN,5,2025-11-19,6 個月前,超好吃！,
蘇嘎嘎,5,2026-03-19,2 個月前,,https://lh3.googleusercontent.com/grass-cs/ANxoTn3BW1bY9cLgGctUVLo2rrObEzc4B4hseafJ319pzsXa31WINOhGcjob97yeOrxvwgTVw0Fk1gsl3__NDyD8ETx7vKYGT2Tjq-xmnaIMjHu1-2_feo87McU_yC7Bdo40FoYUNbtr9Vcu9oI=w600-h450-p-k-no
Scarlett Hsieh,4,2025-09-19,8 個月前,,https://lh3.googleusercontent.com/grass-cs/ANxoTn0Ilh2fbK8xhzBRNVRkytTHtQe53IDCGV5k3XxK_uhirGG6bbBQJK10YxM7kkLeL1qPVG9sPMCa95973fcRXueKXfyhnv4WRprvDDyk57ZuCVEmnawWM8XuFMTRBzpSduGdW9KLXK-ksFQ=w600-h450-p-k-no
章熒蘭,5,2026-01-19,4 個月前,,https://lh3.googleusercontent.com/grass-cs/ANxoTn23qWaxieMQkgInfBolCQqBgdp9VQn4aybZyw6tQOsk-4xF1w0Eaf_pm9RRiIn1mVoXm4l1MFsNz3hmfcZoZ1ETAkFMxaLfhRWO4kx_VnOIr29pW3KJfMd12uSYBKL9Rm8Ep3Db0ThGrwOp=w600-h450-p-k-no
Steven Liu,5,2026-01-19,4 個月前,,https://lh3.googleusercontent.com/grass-cs/ANxoTn2ZngA_zupmFKOTycO4LdVgkVCu0AJfyOr4QR-0qHNPZYbO8NcBBvgHBTe4LKHttY7pOlnx32kp-mZbOKl_WRxHO6w4jxhYpJNNsXF68Xc8h04tKA78DZxvpJIKtEULV6I-3uWQSYZtEPlL=w600-h450-p-k-no
youxiang wang,5,2025-11-19,6 個月前,很好吃,
David Wang,5,2025-06-19,11 個月前,好吃喔,
黄賢哥,5,2025-09-19,8 個月前,,https://lh3.googleusercontent.com/grass-cs/ANxoTn0U5ZCI9sqNBqKMYTTfud2TGGiFVSuZ2oXQVvhdLjZgzRDDPIovHyEr6AkvNL22DMD96v84TOdfqVCKXy4LBpPeMqMgRqVd0H34AbaB5Tgu2lQx90zg5nJuM0RiUoOnVVBEUP4COX6iTEE=w600-h450-p-k-no
金裕幃,5,2026-01-19,4 個月前,好吃,
四輪傳動的貓,5,2025-08-19,9 個月前,好呀,
陳廷昊,5,2025-08-19,9 個月前,便宜好吃,
Clara,5,2026-03-19,2 個月前,,
鍾執吾,5,2025-12-19,5 個月前,好呷！,
劉芳如,5,2026-03-19,2 個月前,,
葡萄王子,5,2026-03-19,2 個月前,,
lan liu,5,2026-03-19,2 個月前,,
陳陳妤蓁,5,2026-02-19,3 個月前,,
龍龍,5,2025-12-19,5 個月前,,https://lh3.googleusercontent.com/grass-cs/ANxoTn3HP8zAiMFd1Xhf0-TKynI-9m2omGV_Rl6ij5DepUX9StIcTRzC_ZjKigmw63qa-9iidgfL_M70jB8o1iEe1tkNbDqnEm4kgahw20Py8FyStyTHGZPij0pv8aCtgyI_b0M9B7BRLA_Cn4Fr=w600-h450-p-k-no
張毅廷,4,2025-12-19,5 個月前,,
William Shanley,5,2025-12-19,5 個月前,,
羅威,5,2025-11-19,6 個月前,,
Atsukimi,5,2025-10-19,7 個月前,,
Sin Rong Chen,5,2025-10-19,7 個月前,,
Shiam,5,2025-10-19,7 個月前,,
Chen Hsiangi,2,2025-09-19,8 個月前,,
JAMIE YANG,5,2025-09-19,8 個月前,,
Tu Chen,4,2025-09-19,8 個月前,,
連焌揚,4,2025-08-19,9 個月前,,
William Huang,5,2025-07-19,10 個月前,,
c r,5,2025-07-19,10 個月前,,
簡彧川,5,2025-07-19,10 個月前,,
王彤庠,4,2025-07-19,10 個月前,,
Kathy Hsu (K PLUS),1,2025-07-19,10 個月前,,
許小嚕,1,2025-07-19,10 個月前,,
CCH H,1,2025-07-19,10 個月前,,
王雲峰,5,2025-06-19,11 個月前,,
姚景平,5,2026-05-18,16 小時前,,https://lh3.googleusercontent.com/grass-cs/ANxoTn038LmJwUihFaOSF37tLYgKWslxEMHRBGLOmB7litTo21HjEDOFe9t_k32rf0GE6GJJdUrhZ13e5gRWOmIdWkUIZsWEf_FXssJR59iNNcxepQnieJcjQrcKIxrpiHVO0AovOtjM5bD2iwE=w600-h450-p-k-no
賴奕任,5,2026-05-18,23 小時前,,
陳彥宏,5,2026-05-18,上次編輯：23 小時前,好吃喔,https://lh3.googleusercontent.com/grass-cs/ANxoTn1zr1fIVqzMb8CmXOtQB9KpMGIfBqcrmlncj9KfMjz0-V2IYt0cTrcEJAwuqFItiFl5l5Kl100RfIjMYIQCXLMEMx7-RROHnQgebPeSCgaShdWR82zGATPRdiQ52ELDVvm5OwQgAzbop19o=w600-h450-p-k-no
N i,5,2026-05-18,1 天前,,
黃小慶,5,2026-05-18,1 天前,好吃,
蘇彼得,5,2026-05-18,1 天前,,
侯留肯,5,2026-05-18,上次編輯：1 天前,好吃,
陳秀惠,5,2026-05-17,2 天前,,
Eikun,5,2026-05-16,3 天前,,
律陵少染,5,2026-05-16,3 天前,好吃！,https://lh3.googleusercontent.com/grass-cs/ANxoTn3Jpj1OCMsQxtcccgB7QkJE1QSQDxlKb9KE_NprJ_gnnKjgljCN53l5VvW3rVy9K8BY3Bl1ARQRQEcjhfc3Y6kQen6hdRL4UlOmsgj_K4l7ryJRbwoLFKinzLzGBmbCDFwsxeEaJBsrM7g=w600-h450-p-k-no
Do you find my pig,5,2026-05-16,3 天前,,https://lh3.googleusercontent.com/grass-cs/ANxoTn31CSV1wp5C6RmtGxtrd_AMeqsaeXm1EGShgbhNKKHQnG40D3pyT--NS87HKjAqvJbxMnwr6BeUpM1KD3OXF4hiNFci9FAdKvD0NnGoWbRe1_oTFAvijz6g9m98-VF1XhWERXctXc0ZPjmW=w600-h450-p-k-no
孫鎮佑,5,2026-05-16,3 天前,,
宇瑄,5,2026-05-16,3 天前,,
梁紘睿,5,2026-05-15,4 天前,,
林稚家,5,2026-05-15,4 天前,,
Chiachih Chen,5,2026-05-13,6 天前,,
Yulung Tang,5,2026-05-13,6 天前,,
冠嘉陳,5,2026-05-12,1 週前,,
台師大王亭崴,5,2026-05-12,1 週前,,
yeexuan Hong,5,2026-05-12,1 週前,好,
羅于涵,5,2026-05-12,1 週前,,
蔡潁論,5,2026-05-12,1 週前,,https://lh3.googleusercontent.com/grass-cs/ANxoTn01cqHdokjc9JC3zeQrryRsOQScWB3HpNiVKHCuzmpmEhWepGIhusQsaqYVVB1V4SMNu3LrS6pgH2m7_Jh4C-nFK7rQAUe8DQiTmMmDke_zRyHzbXEQ_XDT5TGLe2GAfVbcZS9YJRXnctSN=w600-h450-p-k-no
楊先生,5,2026-05-12,1 週前,,
楊小姐,5,2026-05-12,1 週前,好吃。,
Christ Yang,5,2026-05-12,1 週前,好吃😋👍,
江禹彤（Queena）,5,2026-05-12,1 週前,,
Joy Liu,5,2026-05-12,1 週前,,
Element Sodium,5,2026-05-12,1 週前,,
陳忠寅,5,2026-05-12,1 週前,,
Rachel Tseng,5,2026-05-12,1 週前,,
ChenYang Lee,5,2026-05-12,1 週前,,
Mars,5,2026-05-12,1 週前,好呷！,
28郭子寧,5,2026-05-12,1 週前,,
Emma Kuo,4,2026-05-12,1 週前,很好吃！,
張鴻文,5,2026-05-12,1 週前,,
DORINA CHANG,5,2026-05-12,1 週前,,
葉蕎予,5,2026-05-12,1 週前,,
Yin Chao (Selina),5,2026-05-05,2 週前,,
王同學,5,2026-05-05,2 週前,,https://lh3.googleusercontent.com/grass-cs/ANxoTn3eBx_DRgArsjmNAN7wcCI-GQgPjJp_cfDPrRY1G619eJg84twTUUakholD2vkULUTG_8_Z-Fwh_m44H455NhvAe8WQU5m9OCzS1X0CRztOUOzZW6fsjlGjEck2w4uskoIgytTF09h9o80=w600-h450-p-k-no
大柏Dabo,5,2026-05-05,2 週前,,
林昱達,5,2026-05-05,2 週前,,
黃子芊,5,2026-05-05,2 週前,,
賴昀婕,5,2026-05-05,2 週前,,
何佳祐,5,2026-05-05,上次編輯：2 週前,非常好吃！,
