Username,Stars,Time,Text,Images
Annie Chu,5,2 個月前,"濃郁系拉麵愛好者應該會喜歡 🍜

這次點了黑蒜豚骨、一般豚骨，還有一碗叉燒飯。 …","https://lh3.googleusercontent.com/grass-cs/ANxoTn2wMQ9hx0sQUA_3WkHGTxXCWgdcmNXit-1yVmOayI8gyL-DidgF1jFgvzy5VzpdhxY6eMnpxNF94FMHfniq1CcJVO3WitngJHOKYDrw6tcPoJCGdzvhxtzypCcabqJiRsn5q-j0LQS0Ts-W=w300-h450-p-k-no, https://lh3.googleusercontent.com/grass-cs/ANxoTn0Dz7kC6zMM70ci9HjphuiJlnjsBhjaiWPfKWJ1FPqDrKoynZngThUPPOfXXZDtCuWCCHUPXidnpRvsUpo87j2ePWdA6tJsJI_4zbs3qyNDR_46-LTV1laHSGiOhyuhHRtltlf9h0JlveuO=w300-h225-p-k-no, https://lh3.googleusercontent.com/grass-cs/ANxoTn08OduY3gUucU2NXi0knP_Ky2XPGrBOUq8TZF7vegLrX61ghHlQ-mYzONBTqAhEID31KOmdhKDdRujPhdRKpEoTKjur5H-oQ1DohaLoxo0gzqXgNoVWxGqEd8TaQE2bt9iFdPpC7aFMcaXR=w300-h225-p-k-no"
愛貓人士,5,2 個月前,"先去買卷後再排隊，拉麵可以選配料跟特製紅醬是否要加，麵條是稍微偏硬是我喜歡的硬度，湯頭也不錯，肉也是處理的很好，叉燒飯就感覺還好
店裡環境維持的很好，也很舒服，椅子下面有置物籃可以放東西，倒水部分要自己去飲水機倒旁邊是沒有水壺的
如果有經過剛好要吃飯會再回訪的","https://lh3.googleusercontent.com/grass-cs/ANxoTn3IxOSXAocUEW5--4TKSOd2fWJDpTWM-Ja02HbYKPzwDAG1Sm9KFQWDh_a-TpnhL_vLLd9yk__3ROBZEFXZr70vmicHCOQsVjVYu2y3KllClBVlDGVoayBj4G6nkiBUTfM-o2Q7ImV_Vv6J=w300-h450-p-k-no, https://lh3.googleusercontent.com/grass-cs/ANxoTn3S1X1vmoU9q1162hPqg5piCjIMv0nmuoGIz0rNg6kLfKjHQID46NsYQfz89B_wt45OI4kPszbgWcK8UVX-l-luxRTljAoHMj2O1qNGW7u4PrCRMlOrIhf89vnmH5m9PDu14ErVPqpGIs4b=w300-h450-p-k-no"
jojo web,3,1 個月前,"其實我想給3.5顆星但是沒有。如果沒有今天這些問題我想給4.5顆
態度我覺得很好，麵條也很好吃，只是吃到後面開始出現一根頭髮（不是我的，我頭髮很長）、然後咬東西咬到硬硬的很怕是什麼奇怪的東西結果是蛋殼，所以可能這兩點要再多注意一下。","https://lh3.googleusercontent.com/grass-cs/ANxoTn0Z0ayWmzm4_m6dKNiGQCU56dHSg9IIwzhDymIZsnljzK261RxXXbvSdPp3aJ1yobpCzuT4zONJRoypC171f5bDzWSVIeCfoQCo9b8elnAjaBDyWYEPUer8DD0H54aoyRy7b9EiQrKoQ0J-=w300-h450-p-k-no, https://lh3.googleusercontent.com/grass-cs/ANxoTn3RqlO1W7wILXu8WaTJsv2Q9uMQ0sj6pu7DOJtGzUuRMlVE6yoLIhM7D6xxOz_LlgbRKfU2pVbCKrzUfgvrSPpN1NcPvBMMtT9t6yl0a015wh6T88WQtr74KzND3NaBsBtiNmExyp22SOk=w300-h225-p-k-no, https://lh3.googleusercontent.com/grass-cs/ANxoTn1TPSXlVc4PsAZXVjEV4ISOqzTri5AZl6SmWyoI7dqQhUrEZTmugcLZ4p9I_dM0nWbcIlaFhsg9wy2f-rJ1PQMCv_YQ74yXYUBoadVCuFgq0pR-IyDagVrk28SOfgJ2F8oPqj1EOLHtRcFr=w300-h225-p-k-no"
New Chen,4,3 個月前,"不大需要排隊的拉麵
裝潢漂亮 空間乾淨
水自取 …","https://lh3.googleusercontent.com/grass-cs/ANxoTn0hjlDwYGdhA-GR9xRuTDPAT4g0fcE_NP_uduMMF68FSHlHUjp1HBbcIqh1mAaw1ZbOXQm9KBGxvp8t9Pg9OycFrykZ0TsEa3telDkPyFDma5nNw8bF_leXA1qFLneXyfh5c0AQSK-2xCA=w300-h225-p-k-no, https://lh3.googleusercontent.com/grass-cs/ANxoTn0VrZCeI5PJ_Bga5490rD2H9-CslVEKlXZneJf3EdCj5rm3zu9Pf2N9bGV2jKMtxD1W5C94bVml0lndv9QKzwPzw08fw0oDexqnHk3tWFYOR3dNld6e-ekpK-LOJsVfHk8-J8orsr3MX_9w=w300-h225-p-k-no, https://lh3.googleusercontent.com/grass-cs/ANxoTn3Os-2mk9PJsmnxtSbYM7-yC-annfHIq2kPEhN0GI1oAj57OsCyAMMAe7QaBsVK-wyYpqbSX1_fjt0R3mExdvlRksfFETuuoE4dXLm0o94bwZcXiAFpJ4VK8272YN3S2fBiB5Cp8TBArxwg=w300-h225-p-k-no, https://lh3.googleusercontent.com/grass-cs/ANxoTn3inV6H2ooo0p5A_JuWUCucrHmlDB8viWwi2NbGEVeJA5M3lVIsO2z7eOFU0l6AWA4AGM3_8x9853Q3aPSryWUmyt1L8SHdEaQdpH-OdBNv6UX69MCRkMbrCSUeFZi5dYj52O27BUZ-fCZo=w300-h225-p-k-no"
Ian H,2,3 個月前,麵條完全沒Q彈感，鹽味雞湯拉麵的湯頭偏死鹹，喝起來完全不像是天然食物熬煮出來的味道，同行友人點豚骨拉麵但也喝不出來豬背脂味，總之完全不會想回訪，不懂為何評分這麼高。,https://lh3.googleusercontent.com/grass-cs/ANxoTn2Mdf5pcExIqBhBiaMEcbDWpqMn84Yn91nlJ35pOwJ0yjP2B8iPtYdEyrVFJP9WpAprxsSn5kZihqig6fMPBT1IW2FYw4U5ibS33S8efpnZbAgtTd8txvZj53xDoOTPgDlqfXKUzNfuvmg=w600-h450-p-k-no
葉蕙茹,4,7 個月前,是家裝潢很嶄新的拉麵店，環境來說感覺有點台式（看看那個春聯）跟日式（有玄關區跟玻璃門元素）混合，整體店面很乾淨。點餐是使用點餐機操作。座位不算多，有吧檯桌，單人友善，感覺大家吃完就走不會多逗留，因此不太適合多人聚餐。這次兩人初造訪點了鹽味雞湯拉麵跟豚骨拉麵，湯頭上來說雞湯是清澈的那種，口味上偏台式雞湯，就是家裏媽媽會燉出來的那種。豚骨湯頭表現中規中矩，是可預期的味道。麵的話軟硬適中。溏心蛋給一整顆很大氣，吃起來很過癮；蔥花也給很多（現在蔥很貴）很棒。點了碗叉燒飯覺得味道很不錯，但是叉燒肉偏肥，若介意的人可能得避開。內用可免費加麵一次，直接跟店員說稍後就會另外用盤子裝，所以預期要加麵的人要先預留一點湯。整體來說湯頭/麵體/味道/環境都有中上水準，ＣＰ值高。,"https://lh3.googleusercontent.com/grass-cs/ANxoTn1RKM8ZqlkkY4PTdqKlZkNew1m9W4-JtiXCuEEfgigO52THK7WMkrr1hfSqiblnbyuQ5WCZ5RI6D2_frSgRV3id5TMzpfyctTwTVIXSwN1tP9IVqiMmOCN5mwt3KOR-_3FBuTm1mV-AovPE=w300-h225-p-k-no, https://lh3.googleusercontent.com/grass-cs/ANxoTn0rhOLPgJjllV83mAcuVtGNfmuKjwo2Ry40NqZ5zGeX7tARcUH63oBDq48Z0EWPPcXJGYSTVFKtVpG_-5Jt3NKV3GvgZQtLFd5BIIpgFen5-nqTWiHc2fS6JrWmCl7QyeWtIfICLtRIrGU=w300-h225-p-k-no, https://lh3.googleusercontent.com/grass-cs/ANxoTn1hAUY9pVwFz6MXP8897Kntx4e3IIdj1yCCd9736bgUBPF9g7tpvUlQkW3fz4aQvYXOVVELsvtIDUmAvQac4kOwnZ7UZrj8jsrlAIXmIKyyqaWX0a1bMzpbUmfEi5nmxABB-enZqZl-0oxf=w300-h225-p-k-no, https://lh3.googleusercontent.com/grass-cs/ANxoTn0B9Ir39rCuAC3qdSLHpx4Tk1poCCPDpdaerolVMavV8gyZmtLjVdH2qgwb89Bi0FlpiHOcdlKFLYU2xd23e4jPkockSGxi9KjAYXaUu61584ayQQJ61lzL_EYUwnHxg81x-wjyKKjcI__P=w300-h225-p-k-no"
郭宇曈,4,3 個月前,"拉麵旁那一圈的肉片有些膩口
挑簡單的品項可能更好吃
湯頭和麵體都很棒","https://lh3.googleusercontent.com/grass-cs/ANxoTn0gBgUqB76WTKwxF0ljF7sgvM24t78XF-eliPxdegRjllRcBDtS9_ZBhg06moj1lCRr_mjvNPzQ57XmZgnoO0xSvtyg4QvinekkeJZTDgTdvcD9qQTGp9DW9u1KVgauML6_SYA4-6wbVuIE=w300-h450-p-k-no, https://lh3.googleusercontent.com/grass-cs/ANxoTn2Sad0khzASmjOJIZjNU32C8ecfySMivpF4Ev1hq_IwF-jDFxRMGFeHFEIowTixRGQ7zwuUcmJ0YPy2fENFYitwyogv6XJUtLbFxfv3D-AKDmuiWGQhcNRgminiOdggyCx4PVWo37WOFxCm=w300-h450-p-k-no"
Nicole Chen,5,7 個月前,"週五晚間前往用餐，自助點餐機只有一台，要略等待。建議在機台旁放個小桌方便客人暫放隨身包（看到好多組掏錢包掏得手忙腳亂）。只收現金，可刷載具。
本次吃鹽味拉麵、柚子鹽拉麵，清爽夠味！付溏心蛋。可免費加麵。
店家熱情親切，會留意客人用餐情況並給予關心。
整體消費經驗佳，推！","https://lh3.googleusercontent.com/grass-cs/ANxoTn1Fbn2PPJHqMntCYfdaSU9t9ncVSEy_c0Rf7xN7PzmtS9QdvbaXA7a09rAnciIHex3d_cpJKVSyS3GzT9O_6o85P8tM0wBIz0417EgbvAscSdg9VMJxWbHBzvrbXIxMyGwy0s312Aqp5wlV=w300-h450-p-k-no, https://lh3.googleusercontent.com/grass-cs/ANxoTn2OJ56K3xnSDW5NiwYzOGqPqJAQy-6VQyZ90LMbtkc8vdFlJ9xoJGQjkTcHP6QFwFeCvU3-u_lmg9Q6suhK1Tkjrm0yOKZl4ERFxoFZJjYy044YFqmUK6Emm2CVpyPNqmBtNNo0XG0lZzv0=w300-h225-p-k-no, https://lh3.googleusercontent.com/grass-cs/ANxoTn2GXOduGmngvVLxQMNs2ycTLn73rdqKArKYIvbbAzv-cwBUCn5Vt27pJEQyLNHlGNRwszi299d9irOVcnKAndLQXwvcC1n7Lz4r-7TMUH5nUfyJC3TTxVgfPJFBfDeHWVCqjqbTNnnmcZM1=w300-h225-p-k-no"
GoddardLiu,5,7 個月前,下午四點多來吃拉麵，完全避開人潮，豚骨拉麵好吃，叉燒一流。氛圍不錯，音樂聲明顯，但不妨礙聊天。五點之後，用餐人群開始出現。使用日式點餐機，只收現金，還算簡單明瞭。,"https://lh3.googleusercontent.com/grass-cs/ANxoTn1kK61rZJxVrbdmyXZL2n8WTjPBV9TdAzqbQqChODxe6Zdb4SiKWhyudblUWEhWueq5_R3N1FhOAjv3_gmglbukwdlaQkaBOMUMt-QGZsOwRASovldJB1tvwRlhpDn2reH2JgKAE82GuGeb=w300-h225-p-k-no, https://lh3.googleusercontent.com/grass-cs/ANxoTn1E9jLclRXInR5vvufM7pPMCQ0uLUeCrdMhXRAbYxjSgNAz_rwL65ezxeZh6QqWunbz-9D9wtZv8Nh71hE9_gVlUZnd8Wu39dclZyMB5c9K78sRnXTYIDd1bLGsriRVOGlboPEu5lYO8UyP=w300-h225-p-k-no, https://lh3.googleusercontent.com/grass-cs/ANxoTn0cnI7LmyVwOzHswjWEues44taXCCLNafLJl1iSo3LmlyHY-vGk47fqHsaaMJIg3E8ydi26ccBo9ctgWi2p3d-6qZ7NbAa1jbRa0Se9YlPGVxHDzoF2eoEdI0thDSVmQ5gXmucI5iJ8dPYD=w300-h225-p-k-no, https://lh3.googleusercontent.com/grass-cs/ANxoTn0hJr8F4xu3y3fU-bj-_IFgf442-vSeJsVLzZFrXrbeltg7LG2-xP4YgLPQupngco88zsWsn0CZG_sBiPfma-yKfkZ1wq79UWerTDTVZcRZjTjOVWWU7oQx_wdkVfaZS7oIapEae_Ernp-G=w300-h225-p-k-no"
Hsin T,3,7 個月前,柚子拉麵普通好吃，湯頭順口但沒有特別的記憶點，麵條我有要求硬一點、大概是5分（喜歡有口感的會覺得不夠），舒肥雞肉三片、蠻嫩，總體來說表現普通，環境寬敞舒適。,https://lh3.googleusercontent.com/grass-cs/ANxoTn3O95L7uNOpub5L3P7wpSF1GPmoo7B9WjhoZSCbYwSSDYtsFwIdtDwhEuBGEUorEzLNNnvif2RUMlm8T1FY9j1qoRlLvaWD55VxioqUDCbheVQc9TKZvNaG7cWLc_jEPTAxAmQd7izochjo=w600-h450-p-k-no
張裴書,3,5 個月前,比想像中好吃，但這次沒辦法給太多的客觀評價（那時候太餓然後剛好有拉麵craving）不過整體來說環境乾淨整潔名亮、一碗吃得飽、還有小學生謝謝的小卡就覺得這間店至少不會是什麼很不好的店～ …,"https://lh3.googleusercontent.com/grass-cs/ANxoTn0uXYHgP22BEmqoMlhZvzFvNEZa7GfNDLFcQdyxICBBVUDfn7WHhNWhzLol8sL-kfXTZJurlQdouSAQda9JBiE2s6hIQy4AWHkMLId1nKTWK5PpHJxAk2E2V1C5dO8AXBrUeRtDC6VXrxIZ=w300-h450-p-k-no, https://lh3.googleusercontent.com/grass-cs/ANxoTn0YM0iXwA-WKeehE37AcULSgyn-neWrfUlrClA_CC8n8iCJPaitm5SWxf9X_rI8CSeYYEfBDGt-IuyyreQX-YI4q1ypKtPYKhAv1kNNgsNBGh3h3COj4onLgzQQZe3YpAfqC9vif5fWwZog=w300-h450-p-k-no"
Shawn,5,3 個月前,出餐速度快，機器點餐，麵好吃，叉燒飯就 叉燒飯🤣 …,"https://lh3.googleusercontent.com/grass-cs/ANxoTn3kRLDStQS5P153xxilt9tw3KAfcBWLqcbHDE3JHPapUGh7bgd8jLJvLUhLDIshfhyXm7udYzRmDvV_OX_q5Sjwip2ADG5M7PkEe6uH-Hp4cI41551LnDrPuOhbhcUGbO5DZW684tXSV_iD=w300-h450-p-k-no, https://lh3.googleusercontent.com/grass-cs/ANxoTn2E2STaP7_i8NJNvTGXPiTSF2oAMgCiUfP-fbhfrFEq-sSs2yUi0cnxw56AEa2Ku8SYiRCmcDtP3vNzKBVjdkwc_4lTnHw2Mki8sOAokc1DtahJvKe9yR9Klr-P5CirG-3YMk8wk3FRXNjk=w300-h225-p-k-no, https://lh3.googleusercontent.com/grass-cs/ANxoTn3EK1orFtgOz5w33nKVs5NUx5UFaBv3Ssq-N62M3kNthGrF0sE2AfUQx82YPj4UdyKonKc_QKeC6hSQUfUt2DXxSTaShPrCFYjzq0vgc2EkrqNr2qiv0gJIPGgYWJYZFdk6wfDdbwLXXZ5F=w300-h225-p-k-no"
Min-Kuan Wang,4,7 個月前,鹽味拉麵：湯頭本身不夠深厚，尾韻略微死鹹。不過叉燒等配料都處理得不錯。,"https://lh3.googleusercontent.com/grass-cs/ANxoTn0FHpRrajz89fxE6-Qj6lbVbTRImh0B_VGdyiZVfgPhggjJJJo5URmlLj8bvbMw9b0JS2CZa6wVzzooHeiDWjrLuX4tvT-Uq8SrWmRkwb9qRBeP94kV2zn8p44xjz2aO0oKLhFdq5d66g5Z=w300-h225-p-k-no, https://lh3.googleusercontent.com/grass-cs/ANxoTn1ayIhMIDMseFfFeWLLyRatGb5suJlrtSsvAWzR8jD5JACbaYjqR4EWPjaxIxGOKNY9s1ftg7Egx_dnMFqY0iS4mOt_S69dTKkdNpBFetx0Xt6R9fvI-vXF3Yx1EybF9U7fu1zUEWWjQTgc=w300-h225-p-k-no, https://lh3.googleusercontent.com/grass-cs/ANxoTn37faIC3D3qlbQRJkVJwkPxJsaC8d44y55OcCiJewKDYJU3myLCnravYRiJ2HjfT_tXkulxs1p_jPHdZUWEQ6tgIIdTJxUgEH7FhloMEcOOYnh5t7xGg1LVllh4tbTieDfyGEjb5Znwt5GP=w300-h225-p-k-no, https://lh3.googleusercontent.com/grass-cs/ANxoTn32koxo-U8k2K6gyRkfvKr0sUgFBkAi70XSLxmEYfgQj_tHl1wBBG9BlJUdazxcKEwhvVA3FeO7VcseDKoE1EOdphJztWD5mo6jlo4hQizd_3SoCcle16fyEDsfNCDxNkttYtdO2K9hXTc=w300-h225-p-k-no"
Psychopathic Crush,5,9 個月前,"2025.07.09

平日下午兩點半來的，所以客人非常少。 …","https://lh3.googleusercontent.com/grass-cs/ANxoTn23qMhx5xJtgv_faIJkHzugdMJa-ujvoKefTt8YhIKrJ4L3g3qOco_PyARdZeTjJwp7Zwe8rVMV_JaifTFKMDSff63DRKZKnylRB5TLmh4R467_AlcBvDYQEMOuV3biwx7PdbW5IPwsKkn3=w300-h225-p-k-no, https://lh3.googleusercontent.com/grass-cs/ANxoTn1ef5Kp1xNBMsxX7mtHpxy37eN1JPG3aVFbax0Z_R0UN_LYuTuf7nXUdHmMfN_MeA0tMbMQ8RIBuJFapFPbQadQicGQDqPDinCaC7kJfYii4vnzLgdqyP0TkhLV81j0icolxh9f9bTanzg=w300-h225-p-k-no, https://lh3.googleusercontent.com/grass-cs/ANxoTn2x5xq_Q3R4Z2Wg2pynabze-7igdCmOp1WnxPGLlC0VaVTBTwkSV3-MTt3Sfh7qCqyESiLFrwNtotOBDUS59eRUYqDlAKVlv_kPcejM1JBYefMq11JO4pVQ64-Nj7h8Eq4ya8mDWoxAKlc=w300-h225-p-k-no, https://lh3.googleusercontent.com/grass-cs/ANxoTn3IXXPF2fcL5OdOMWjkXgVk8zWvozjEfps0pB7KoJCO2F_atFSbNCaxe5ok71bv5vvdkRYVVKu7y6wztS1NbJdJ2UQ_e6Ra3SCkxYTWl9OyBacnQP7NLn8JEZ0hhmk8D0edJ4voS-Qp_6eL=w300-h225-p-k-no"
Sean Sung,5,6 個月前,"可能是因為連假的關係，中午來用餐人不多，還可以在點餐機前慢慢選。店面很乾淨，玻璃透明到像是未裝上。
點餐是使用點餐機操作。有吧檯桌，也有兩人、四人桌。單人友善。
這次初造訪點了鹽味雞湯拉麵、醬油拉麵跟豚骨拉麵，我覺得豚骨拉麵最好吃！糖心蛋也很夠味。","https://lh3.googleusercontent.com/grass-cs/ANxoTn3k4kr7kXKktfjNs4TWy-ykd3J6PcbfTNHaGLd2RC0FJ86Kx7ulx8RytyYk95-B8ZrWSOq1Imv16cIIxTgXP44X4pjSPl1WUBgpmZgFgfvXQfz7oB0juWZ_mUePRj4a5U6O9_rTJZ0zsxi6=w300-h450-p-k-no, https://lh3.googleusercontent.com/grass-cs/ANxoTn2T0KzN6T9GSjP5IR-Cl7PitbBxNdjNMBqJnDTnKDJXNTMGXSFeVHMc9gj1V3QxhRazgtGM6ke97KtL3-IzFcBP5Ss4Nt2PRJN3ibgc3f3UAidxTDPmbflelxkbIJzAM-Ii7YZbgmx7DNw=w300-h225-p-k-no, https://lh3.googleusercontent.com/grass-cs/ANxoTn0rvtSze_70pFvZjMPc2LuO6vED16MlEcW-HlVccIWHedJmN1cJMnltqzEjahvjRuzyK8Ps39uAYHPzwpsyNUlkC5KwsNL1UY5EQqKYGOw25QJFdzW-d2lZnI70sYqAyR8qVSzeR7gtMV4=w300-h225-p-k-no"
李璟如,4,6 個月前,好吃，但價格不便宜。環境很舒適，用點餐機。,"https://lh3.googleusercontent.com/grass-cs/ANxoTn07OZvphj90xNfFsoecY4ACa7MoJsisgj0iQrb8j8XOXeXBLIn25j68bieXoBEKBnVJtej5RYMEiWtyur7uLZ4FzQfLUV9sX4kyfIaksRJ8F2sIs_H4j4O4d47gBpqbn8USYJJDfcsClhE7=w300-h450-p-k-no, https://lh3.googleusercontent.com/grass-cs/ANxoTn3qSJixHqt9nffH1pM5-63WCQj20klnkTMzIyLDStw0Rdkeztq4MgCqgk1roLPofkOoi_iTiWx8_cGJLJv_t5o8t_MRLePvwV3oFpj_LDuIVO2JZrhai-ffTpUlx-ZrDOmgjqxaE2JpdqQ=w300-h225-p-k-no, https://lh3.googleusercontent.com/grass-cs/ANxoTn2oSES5KPuBHLHhLVU3JEcA2Y2BQfsQQ-8QnFnjDY4CLKHPng_nvvHxLjbGA34N7nhlzh9gjQcR9MwOEUDnngHaOAEURxz3qKsnNJpueMIn41HCuqbMCSCF8a5bPS5ep7cGpjTGd1DTcqSP=w300-h225-p-k-no"
黃淑靖,5,1 年前,"兒子昨天騎車經過一間看起來很厲害的拉麵店，於是今天就來探店～～

「麵屋長樂」位於台大溫州街上（學生過新生南路就到了，路口有一間全家） …","https://lh3.googleusercontent.com/grass-cs/ANxoTn0feqLu9m_2Tyo4Q8wQlCMoknuvLbEy-wJFr3WeCN1KV6vfankOlOtqmW2LVa_DO2yopGb5Y5eLVmJxe0qtpT29amNjzeqxVRkIlkaFjUlgtL9AOruPb2g_FNeOKLjU8aIQwY4Z1A=w300-h225-p-k-no, https://lh3.googleusercontent.com/grass-cs/ANxoTn2XV738WK16yaizvjoK7e4hwWGrlDv4QiedNS8UeME_1WgdyBO_3Upf4KY8IiRuAUKeZ83OOrWIdH4DfS0-5PGOra6478_tyoi-picrNJazL-QYXQvhUYwpn7TdP-1NFz0N9fMS=w300-h225-p-k-no, https://lh3.googleusercontent.com/grass-cs/ANxoTn3WWjvZuI6dKUtbwhcBGPAsZVxPJuvXuigwpmBGDWvcrqRzFiGi4u0_FmKTDum99xFEs8QEUqjTin4g9x5eiLRlJqnkgeD-63gnjNdRilOVVFLmtkBut0mCVT8r9kQsK5zxYFs9=w300-h225-p-k-no, https://lh3.googleusercontent.com/grass-cs/ANxoTn1t0ywiAI2n24tMdpLB_yrGUBNggi6BueD4APOD6tGRsLg83pMfToi9H_ZzZ4-zPcH3Ad6O5YJ2jNW_ktxIqltT1rJuQO_41a8L0lijFCzOiOacfra9VNnwRrXzm6BjtiwAbDlA=w300-h225-p-k-no"
Yuen Tsai,4,5 個月前,"黑蒜油拉麵中規中矩的好吃！麵條是細麵推推，下次想試試看更硬的麵，希望湯可以更燙一點，感覺會超好吃🤩🤩 份量還蠻剛好，女生胃口好一點的吃得完，可以免費加一次麵。
吧台區座位看得到廚房，廚房超級乾淨！ …",https://lh3.googleusercontent.com/grass-cs/ANxoTn0Wv25Q8YyojXxv_HOWrrMgXt0RcgU0vp3nM8Ln03E97YTP1mDRiedgv0lPCgwxPjGGy9dzx0v9yDJB0HF1XU6m3NavIHIP2v1kgpvKtRtnAV2eAve_SWW4orzKpX20ILujF7kHr9Qkbx3k=w600-h450-p-k-no
HH Weng,4,8 個月前,"用餐環境非常乾淨舒適，使用機器點餐後有人帶位。
豚骨湯頭非常濃郁搭配細麵、叉燒、木耳、海苔及溏心蛋，黑蒜油很香。
無法調整濃淡，覺得有點偏鹹。
有自助冰水。","https://lh3.googleusercontent.com/grass-cs/ANxoTn0h5t3bcaXWgTREd8aBs40SNVzK-Zs4NzSu6SC7_LOm0CnCthiWRNH1_ZcCyb77Q3CANE6uzZGFjYFaG4LvGo9l_5tf_GHL_4syr4y-jIKd9nzKH7HVd3GlxeA9mVTxtNv5tJh8NHd9spZY=w300-h225-p-k-no, https://lh3.googleusercontent.com/grass-cs/ANxoTn2HehSQ3procOtmlP7stgZnNRAt7rc_oTrHOk1HhtH0axmNEFSArZLgjhxGSA5toKynyBxU12PtshoqrH7QEJZH8jCZOam5FDDGfWBsP4NYCIzvEFtPK9o3PGt5xaSgl9qubN_Z9_JiohU3=w300-h225-p-k-no, https://lh3.googleusercontent.com/grass-cs/ANxoTn22JeK0H7HeerENtToLdKu1bP6TkfyO9gRTKDc0SIBEO44TnEjClwui-UcvsFOtXV4Lc6VKcwgLFb54_0Zz0UbhsRy5REJLRy-nXR6JnGugjzdcQgrhN7PFXMjIYKXzHxOf2a085lRG2vsa=w300-h225-p-k-no, https://lh3.googleusercontent.com/grass-cs/ANxoTn3up89L6_bRLD9A9pJ6HZ6kfHGcVmOfMtHblELwVCCJx07QPSNVDeaEuIPoKdr5uroZqHvwOP4bao4l5fTl0ac2xTYTvxchUYt2D9OrIv9aRRoVF_M3zYheLUvnWSApb2jbUmmLCwFgVYGr=w300-h225-p-k-no"
肥龍再添Tylor,4,5 個月前,"優：叉燒軟嫩，店員友善，環境明亮
缺：價格偏貴，豚骨湯豬騷味明顯，麵不能選硬度",https://lh3.googleusercontent.com/grass-cs/ANxoTn1_7WeuIHrTgYWr03V-HEWKu4QpvmPgSfeJlp_OldMIMAYFOwXKKz1sYZs_6H7I5arZVw59DMnKfyCCiLZNqceISqyUVz3Y_-UjvZuZn74qyAFI4wpE0yqwQ1K1ENXX_VHmsbSLpB0VfdO_=w600-h450-p-k-no
Elio,3,6 個月前,"高情商：淡麗
低情商：平庸
鹽味湯底未有顯著特色，層次感亦無，雞叉燒意外還行，整體表現普通，店內未知是否因為不是用餐期，相當空曠，但考慮到位於臺大學區且價位偏低， 如此水準倒也還能接受。","https://lh3.googleusercontent.com/grass-cs/ANxoTn2eGBvbwYQNnJpK93YlH0FpQ71EgHHTCVOkXF93vcd6dbC7mu407PWXdAOTfBtxno3AEOisioFeQMKAFakktJe9lNrcExql4K2f0rSxAyb4cVAfC-X6L15bpz07Phhlp5TY5Clo65L4Tw1v=w300-h450-p-k-no, https://lh3.googleusercontent.com/grass-cs/ANxoTn0Pl9kKJFMe5QWbVvhZZkQtbs4sXMreHbzwc6SnrUaR6QEkNfld3twQz_gnG8OITpSiTP8AmZZu6iH48r5zlA8sPZvtX4v68LPoU0bkiOX9esThATFW8KBOPljWuDefyoqJrUFooDNeKvw=w300-h450-p-k-no"
歐爸的生活百態,4,3 個月前,算是不錯吃，濃厚麵偏硬的類型，最大碗料真的蠻多的，整體上來說還不錯。,https://lh3.googleusercontent.com/grass-cs/ANxoTn1UF6RcVp1S7iJuDS0Ydgb1VprMlHTnCRgdhBFZp1ZYwGCelqF9Y4m_vDZT5VGUyMjRfLfD5t5SRZgiq-HALIukO1VE2FWGD_NbyEaLfLjIC9LyncYvOXoNf9uB5uqV9LNTJYtCO0hXT8av=w600-h450-p-k-no
YY lcyeh,5,7 個月前,"自助點餐和付款，真的很便利。
餐點多樣化，現做立即品嚐真鮮甜，肉質軟Q湯頭入味～推薦喔！","https://lh3.googleusercontent.com/grass-cs/ANxoTn1LZIrD_K3hptuhU8JfdKd7Dx_dPHWJLJNwlzazcl7tXTUGwihuMtXmch5gTDDUu7pK0RwLTpJ8mZXFRNhkFmTIeP2Wv-BvBaeWug3S69GqlGapBY5-8iwFJvbSVGym6k0EohcBbsFxTtpV=w300-h225-p-k-no, https://lh3.googleusercontent.com/grass-cs/ANxoTn3pc_lIuojxDM_0i2Mhe_wCMfeaSyGOpm8n1xEJ1yp3u675sryppFzUoXndekx9oJZZtrIXgqqmNUypsNeol3bqlPZxaLqbuCWXVNdB6Zfgzp6FhVNxwJXi1p9MN55DLfYs6xNCiUB-Pm5h=w300-h225-p-k-no, https://lh3.googleusercontent.com/grass-cs/ANxoTn0dAXgzifzByTD8EnMDxEV9VZeFvBFiG8RtmXqdjjx1_ZmudajJQcbPRtXsaMHHovjE8DQucl2Qslkt34kvCdAgQa_PiswBTblOLSneeX4dGSFs3_9SdZEsiWEPkEHu70qgnNXJQsi2h0mT=w300-h225-p-k-no, https://lh3.googleusercontent.com/grass-cs/ANxoTn25PL9dFewLhiTuiPfZd0K2A4z2kFuFsiTWyZ_-PzVwIqy3cxU2sBdJSQdx5ghfLTI3kL-1YBRL4cj-DUmSQ1CyRxwwHlKJCCQ4DOr2W-FzIqooBTkPJVYa6G8bW3FGzx31hD8bvhjAQeRm=w300-h225-p-k-no"
Yun,4,8 個月前,"意外看到「麵」字招牌，發現了一家拉麵店🍜剛好是在暑假期間到店用餐，很順利的就入座了！
店內採自助式點餐，付費方式限現金，低消是小學以上一人一碗。飲用水採自取，是提供冰水🧊
因為點餐機沒有特製，如果有不吃的食物，建議再拿券給店員時主動跟店員說。 …","https://lh3.googleusercontent.com/grass-cs/ANxoTn25aWcr9AXHF53cH85f7seQ8d3Cy13knCMjKeMoJrMo_Zw8lihk3lLz7yPSXtkYccGQZa9GbCdZ8oONxB6Y6jBTGnRdNYJnkHvXC1u2f6rgI0IxT2UFpLoa2tfZFV44ROHouCSkZcDeWBbI=w300-h450-p-k-no, https://lh3.googleusercontent.com/grass-cs/ANxoTn1Jr5KaUsMkwGQEPuRefOVh6NPOnNobgY1ZL9eT28-LlWWpA1L-xkpFrY5A1BQ74UwhDEYb-HechqplPkmeCwL58MBrT8UdgSy-nu-ktdPkCj1YMt-s02tZAdcyCEqlKt6ws5ffZIoZWI0=w300-h450-p-k-no"
Victor Tseng,1,4 個月前,奇怪的帶位邏輯，我們三位，結果吧台明明有三個位子卻先給在我們後面的兩人組，後來吧台空出來的又給後面的兩人組，最後給我們桌位結果是二人桌旁邊加一張椅子坐得很擠，隔壁三人則是坐四人桌遊哉的吃麵,https://lh3.googleusercontent.com/grass-cs/ANxoTn0YxVTh9BbqmM35dmkMbGRjL_7KqvF0CogWvqMfiITdAob21VksYaoWYZyqLVLH-YzX7sosw7DcgrQV52lu-Vp82M3TsBKJSoMCLapcvQ9X-FMKNDC4YEYX88iYqbs0iC08wek8HLE5NmNz=w600-h450-p-k-no
Jo Jo,5,9 個月前,我得說我很難得吃到如此的細麵，吃的出明顯的（一般）跟（硬）麵的差別，還是出自一家2024剛開的店。但同時我也發現只是從2024到2025年我點一樣的麵上面的擺盤就跟過去的影片上有明顯差別。但這並非是食物不好吃的程度問題，我也只能說到這樣,"https://lh3.googleusercontent.com/grass-cs/ANxoTn1vNYoGahpmhrLdrbaTFLKBTjhdbSDuIkQqLLGO44tT_oxLm2RhCRVyJm_oD1XR2lje4zIcT5fcblQ4Zl76SbCSz1jMsTW50vU34OfF0qHDYmkg80vZJHUTbW2dAprlwiRmzxGCHZQSYGs=w300-h225-p-k-no, https://lh3.googleusercontent.com/grass-cs/ANxoTn1jMoUBxRRdbQq5D7DOK6ddXDjTV0SSHZVs9BjP3LjNb6h-Syg0Gli2iN_yf8yYPgRDNENg7yBmsHc4L5DdCVUYUHxjF1G55o2ULoEvtSOzh9G2UFGTnRTnsMA-C1lCPT0Jsfk8qZt2tC4=w300-h225-p-k-no, https://lh3.googleusercontent.com/grass-cs/ANxoTn2VwA0To2hEBRXq9M0EZxPQMqLmS-Vmfl9fBzX7lqV-AD6hwnuNLxELHQ8yQOIOJ-jLVMBRIvHUV17IBAfYswlbHV-Uw-2BGpADt7J_TGO3pYj3s2shQXkLApHh7Rp7H_PuTwU6yao3kXfm=w300-h225-p-k-no, https://lh3.googleusercontent.com/grass-cs/ANxoTn0CfLPOqzLisd2PSUHV_2HiODPOMdleViD7vHukqyPLdBTKJP2WrqXMIaUshWun3rtMgy1TOn9Sxa1YrjZElqpimH1y4fzbLdJNJV4Rd3pYx30pPt0VpMVyeM4_yEkf18PGHoEb6PkaTVHp=w300-h225-p-k-no"
SW.,3,8 個月前,"/ 𝐎𝐫𝐝𝐞𝐫. /
▪️豚骨拉麵 $260
▪️柚香清湯拉麵 $280 …","https://lh3.googleusercontent.com/grass-cs/ANxoTn3EfNthT1_zXKS6DF98BtfBKWL_JwotpnCHauBfh-amZae_lHQmlwIIMIrfXadGaZPjc0emmmwQQ0yLOAQU2Kyk-KoDZ6ej7NdRbm8ALjZziYHtkHRFzoXNNZN6thzFARb36YVvkZMbTlQ_=w300-h225-p-k-no, https://lh3.googleusercontent.com/grass-cs/ANxoTn1hE_YzmytyxHcBM-r5_0WrI7mlUQay51Z61z7GKpuBj3vpNORD3uwIC0a6lMbmOm0kG5HduEuNDAVi1W6_yGThalfOPphDH2_zwLztrP5psCRhpG5hDvzoZzQai0OJdYBwOkDKpBM-V-ej=w300-h225-p-k-no, https://lh3.googleusercontent.com/grass-cs/ANxoTn0KObZR0rlfKjXTPvruFQC3-PkzgKP2Qq6M7EQuVtcwOLAkXb2A57sVr2nnLyBQhZcu8qZ4TqbratOabJ0RWxOf_Ss6lOlz7YB1FzJHSXdbggiq_cZfBjZ7ZoNPVXy_5Lm7T2PQslkJkMDi=w300-h225-p-k-no, https://lh3.googleusercontent.com/grass-cs/ANxoTn1kyt_G-bVzS8J5ht9QxhTsSBsv8B3uvM3oU45qHOGwufqEReNy0Ob39uFpc66CUVuh3XQS2_qwY9iyRmWyFr5iEcqCmwy3A-bHM_bkAXzIqpCHBhHZ8jm0mDpbKWMdWw4-epXPItx9VBiu=w300-h225-p-k-no"
李芷馨,5,8 個月前,"平日晚上來吃還有空位不需等候
叉燒很驚艷！ദ്ദി( ¯꒳¯ )
離開後發現學生證不見 沿原路回去都沒找到快放棄+要走時 回頭發現不知道是員工還是老闆衝出來問是不是有掉學生證 …",https://lh3.googleusercontent.com/grass-cs/ANxoTn2dcTPvIs8mDVW8VxPjA1jioA7zLIuyWIb32EPMqX7wwXkdfDwvspBxQbZYgKfanb2_MXIEvvcc2vRB2QIntJ4B8MP1hrS-iFZfbjC_UxxuQ0UKbSR5xH3qRakxweTRUIv-W0RwDIQ6DDdL=w600-h450-p-k-no
uglyway chen,5,10 個月前,豚骨拉麵湯頭口味濃郁，細麵煮的剛剛好，好吃，叉燒飯很香好吃。用餐環境開闊乾淨，碗會先燙過，維持麵的溫度，很好。,"https://lh3.googleusercontent.com/grass-cs/ANxoTn1QYj0kOuknESRetBps8DNuHivzIgpMgUlEdpg3PZSQHnryDm0d9_TCj_rK7chlJ8vCiUsZNG40fgCy2tkuNsyuGFnqTPNHUqY46crz0iOzyGtXSH_WSuctJQ7mnV-kdwqK1YFgD_s2_Hoj=w300-h225-p-k-no, https://lh3.googleusercontent.com/grass-cs/ANxoTn1d5jtSk2_dH6dUsfc8N9mHZH712hR77_o6fgRlqAiGnBeEG-W9nw0EoPoAk3TVoue6yztkSj4fyuAuA_RQ-09cp8xKMlnnNhPqiTURsLPQMvx9OWHkk4jALIWYs9AaUt35jf2FA6o1Hkwy=w300-h225-p-k-no, https://lh3.googleusercontent.com/grass-cs/ANxoTn3s8UBymKMxx_YhN4B65e-992ENxZ9UfIjnkHWiAH8TAw_WoXPw4-4ACsNo1EEnVoTSZAprGD8KhqdFgkUbrbhd1liXBKd8eCSTnbJG0jlhtBnBQdZmlpjfenxBow5Tx4jqtfPhRpshvk7q=w300-h225-p-k-no, https://lh3.googleusercontent.com/grass-cs/ANxoTn0XmCE21NDVHf_4vvWlmats4YC9dOvB4EIX0I_50aAu1LKm9USSPxUQXfLVwIrnQGw_TACrTiHtkk9O8W8QDVL_e5f7NN6JPOBydR0Z39QHAOi2Pv_2BfSZqDXPK4lbI4neC9rH0V_85qrU=w300-h225-p-k-no"
Ching C,5,3 個月前,"環境乾淨舒適
店內每位服務人員都很好
帶小朋友來也可以被友善的對待～～💕 …",https://lh3.googleusercontent.com/grass-cs/ANxoTn2jrb4kyt48GOQyWSUnzBzBpJZi8aozulvW5P8q3qObHeyjv9jAfTpB0AU-6ZdnU_sVYLzqyxhEmH80K50Wq1HvTSCwGOp2azUHx63lAIkbvg4IWIX2e3XxBOstfu5ndu48M91yzU8kfZz1=w600-h450-p-k-no
曾子嘎嘎,4,10 個月前,"餐廳類型 🍽️:  日式拉麵

地理位置 📍:  捷運公館站3號出口走7分鐘 …","https://lh3.googleusercontent.com/grass-cs/ANxoTn0v-yYHpFCa_-16h2SMz2rcjCvPjN1gt-9S0jOpVlfvE-iR8tu_GtUBpCG8zvnQZwUffhGoNSp_361QyP1TzQQXC8FHNKqP4aWVwAOo425OgT4j_yjwXTVMTXJ_c2apbfMNY4iLieOAN2A=w300-h225-p-k-no, https://lh3.googleusercontent.com/grass-cs/ANxoTn1nLkDkR2kS0UenZOqaYm8Q5au928fcYgAIhFh_Aeb-7DkzQtGAxjpFgQE5CHykE0BfwIXGPeao4v4oQBHhiK8RFRiYZqVLcDiG2lIxLceG91PizREs4EkzIxMmjtucK185KLB9uFq_x3ju=w300-h225-p-k-no, https://lh3.googleusercontent.com/grass-cs/ANxoTn2ntmmDxMSAi3lN4dMvNUgNfY4s7W59YNBe4P4WnjQv8DDJ73filgBrlD3Blz6MA2sSkYYsgt2adW6ioWcboeJBtYbry8dkWFejI3hnxWD0bv88lOsYdg661PHw1BcT5tHhM11HeAwaOLE_=w300-h225-p-k-no, https://lh3.googleusercontent.com/grass-cs/ANxoTn3ORlspSGs8zP02N5meaX6mkrqw_Okh7CYIP6sODKLR36V3pG3Cs195UiuooW9JVMxyTGJgdJi3mJ6IBxl6SsC4oOKhFMmc1PftjRtWXewzi6d46LUoQp5TkhGry9dmXaZWSEedvk08Khw=w300-h225-p-k-no"
Chen T,3,3 個月前,和一般日式拉麵差不多，湯頭比較淡點,"https://lh3.googleusercontent.com/grass-cs/ANxoTn0MKjYT9nc1IDTN59dNADuRDwJr5CfGvqf5xeA5PJy0yos9awzFvwr76RB7LgmFiO6Ze8z1j_S8sM3k7RdNjBGMirlbiQG6SRcZ4EXD03s4Ih4JThirS-o4gh8xLnKsFk5-uv841lqpNJU1=w300-h225-p-k-no, https://lh3.googleusercontent.com/grass-cs/ANxoTn2cWv8lZ0b4FBTEm2cqATdbDvTSGjFkVEzywyr-9CO3dYQtJyOBgNMst77iL4us12xmXg5f90ELS6ZZvM9_f4JFOjuOdu-dV_OV-avL0jiz3I0w2MRfcdH3qI579S2exHMgO9jLDMHElfrJ=w300-h225-p-k-no, https://lh3.googleusercontent.com/grass-cs/ANxoTn2l3GOZ-vReAnnghtqILb0oL4x3fudKC_xZxmu75xJG4ieBPeGYaNrxkY10QxcUsxWFn-cxU3RqBMBv-mOrlNpcmKVFzpxhtUy_7rvQ1B-k0t_xx2aYKQOUiqMppEgTR1tK0Vv1XPCXvqlu=w300-h225-p-k-no, https://lh3.googleusercontent.com/grass-cs/ANxoTn2nAunDzCAHCAqtTYo-kS-gMeYtDGabat_FaBc3hq--1kJwmHrsd1rereb5NOfSgsqG9DbgHS9YUAKVELCeIeR418bJRk7Ovl6f0SbDmn3rCeNdcJuUYA8XXdVAddcuK4NSHq8VcVLQ3QTz=w300-h225-p-k-no"
lancelot kao,5,7 個月前,不算巷弄的巷弄拉麵店，店面乾淨大方，麵體有勁湯頭也夠味。醬油湯甘甜清澈，辣味增濃厚香醇。,"https://lh3.googleusercontent.com/grass-cs/ANxoTn2Tz911eG5M6X1_0IVYE1Q38e6oPhC_aaQQjTgJTYNy8l3InAP3cTEYWsoB37_bcjIeNIPzqVTZNBcEQAliTsrkHijnLLQiLaSBNJMUjoLya0ROKXNM3fqQzLzRFEZKPFIOvHx7lAuV6nWn=w300-h225-p-k-no, https://lh3.googleusercontent.com/grass-cs/ANxoTn0gbJT_0rvH3WTIvQ2BUS8NRlua5dwFPXvT3VjNgDEhn-W5ISROHdv-zeeDb6fsyIA_Anj8fnj0MisOOL42_DP124paPsDGa6KfBkyYVufFilnQbt3hig-jOIT372U8Xt-yy6dsiHsq4Qs=w300-h225-p-k-no, https://lh3.googleusercontent.com/grass-cs/ANxoTn0GzRNpfVjHSPBcXcAFC4sgcFMq5YEjct7a6nBl9wkyd6X_iC6PrVLdfJ2rRNaxiAEZUOhU7-ePHHTTE2roYPAD5fd3CljH1hJ_dGwlEecwt3SyytWzGM7YbcLDthOKkWFSW3HRsROW_3s=w300-h225-p-k-no, https://lh3.googleusercontent.com/grass-cs/ANxoTn3Fxt46jrrvYr5MIrVaP7vpxvMA1lsf0b2ZUQhmbALEJ8y0LYRvHACY8t2Uvc32iw2xAzEEznB-2dqEfMrQ0VZ-6nBRE-wSZYbYjlTO3Biq29apR0Qf7JvZZ52-OuKsGWHEhMhFH2f3pTy_=w300-h225-p-k-no"
Paul Jean,5,上次編輯：9 個月前,"豪華醬油豚骨拉麵 <濃>< 麵硬> 320$
店內的裝潢和傳統拉麵店有所區別，風格新穎也更簡潔清爽，動線和位置都規劃的很好 …","https://lh3.googleusercontent.com/grass-cs/ANxoTn3IcDyZEcUVqIxSDwWey0eVyIg9uShuKoYHDcnNezywK2KEGWWhttAFbfrHB9uFzpnKGfqMT7G_Vwelra6WSTmtbglsLpZ9S1xaB4vGMZb9C0zjYxF0gB8l-kbpB3rZUltbX2rx=w300-h225-p-k-no, https://lh3.googleusercontent.com/grass-cs/ANxoTn1qLcVv10AK2e03ajJ5RLv69_LDDR0zJ8CgScCQwA66nwL_VTaUcT8g1LNzkBOU28NNZNF8uC3kP56xhKcliCNak_dFPW3QRQ_sZHLfOJuE1NpjAkIQiqZ4v0h2oeeFoAVOioZr8A=w300-h225-p-k-no, https://lh3.googleusercontent.com/grass-cs/ANxoTn2fEeV3d9iJekTKr_c5OhvT0psQOtkHMiYgR0dpvxsmbMZML_0JrSE3BErFeCiuTGtzRA4S7rHsKWi79lFNE_cxmou7Q95Hw9CUSAkIgx0GQssYEtpzuo6nxx3SUoUGcnkjFdIilA=w300-h225-p-k-no, https://lh3.googleusercontent.com/grass-cs/ANxoTn3F8FfNgFEYbWeUQy8gqSWrZIzugLb1cnD8ucP--sh_zW3GElvt7C4XVkr5DGp728-GlCl9QBUY1SFQ59jued82x6H8I8eraVPWs2tmBvlhyPGJj-u18mObY1fdHcR4ybyKgsCi=w300-h225-p-k-no"
Lan Shields,1,5 個月前,戴著手套直接碰食材，又出去外面收殘盤、擦桌子完全沒有洗手，這個真的無法接受,"https://lh3.googleusercontent.com/grass-cs/ANxoTn0Kfzo8-9LOwmCrk7q9X3ZzCkq5ConwA5lrraRbffn2ZwfxVmabv9bicZs3lzQcTS6_oKk-PbdYMoOEEn34Gs8fm1FDNA2mdWX2sKa4iPkIm5Xoq7ojp7J5QR7e7ItnV5Xhdtgs3h_4ZQk1=w300-h450-p-k-no, https://lh3.googleusercontent.com/grass-cs/ANxoTn0tkYJVTeEFTmrEXs9sW3yVwlOQLWUx-ESD8dTy_BEJWLDi5J1hR-2U6mP76XNRww16_wc9_o_ZtAibIfXFpI4CjYStCB_oSA5iJCWC_esFBRPJ2IBvDTnfYYg9oY5U0dTkIbWYYqyxDn9g=w300-h450-p-k-no"
邱藝瑄,5,上次編輯：10 個月前,"20250628[三刷]
本次評價『很美味』👍👍👍 …","https://lh3.googleusercontent.com/grass-cs/ANxoTn2d0cxcff-AUjvY4Ev4e4umjmXr8eMr7QTqZbk58u4iDpP845aO9GdrYYtaI_m_ZJ8ThmcrpUy7cFkuzXZnIb-xgpGUG6OSzmiBkABinIR4_HrXLGGl61HeNjtVspJnlkngwjJPTg=w300-h225-p-k-no, https://lh3.googleusercontent.com/grass-cs/ANxoTn2Cbstk-rDwvKdm5_cbvsnWdxF37JUxQ9a08HCGuxkSmA3o9lKJ7taPh4gGDlMb8hpOg8WhWHwoo7h_gJNwhj30zxpz8e-2IGynR2VGjH42C9xo9z7YrxLVnhtr9u8bSkDsUX1L=w300-h225-p-k-no, https://lh3.googleusercontent.com/grass-cs/ANxoTn0TMb6oSuW255xsAvNB4l6IFyywwDln_t9ILojn-8i_HlzC9SHZBtLqQ32CCsLGcIALMgWcoVlCHvAnoteujX7Hd0E1Z02PYjru-0WUKup6sXjc2rOMHkg9AfNMYig7VkHjD8Gd=w300-h225-p-k-no, https://lh3.googleusercontent.com/grass-cs/ANxoTn3ibJRKBg3H0ar_ys1o3JftSX-8R2uZrpINUFnJ2t-L_N0XeOReOss2ax47H2pag6PMJ6GMTSDI9fndKR-UEdtpMbv1XBUeLlfFgkreXs6DbMNzcz9k5F8vi1NXVipBFtsLzJoZ=w300-h225-p-k-no"
Wayne Lin,5,7 個月前,位於台大旁邊 店面佈置很像在三角窗的小酒吧  店面寬敞舒適 拉麵好吃,"https://lh3.googleusercontent.com/grass-cs/ANxoTn3osXzNfwwpjZo-FVRXPcZ1oP1O-X6osFDiYY9sBfqKYWTLbC6Nku27AMRUy89vQsAFdnprvTBXeBYOgYiC3yD_JIBDEJ0jx-JQMkUZqkNcWrvZXST58dSfY0Wm90bscsjB6W-XOJ6Faqzv=w300-h225-p-k-no, https://lh3.googleusercontent.com/grass-cs/ANxoTn3iyvGttnMeqNyMP1cmZkjSA9BzmN1lAPUitcmE6IAIMpZ-N_7-VMEu3KsgYRMFXYzxJCAV12jUpHUePGvhrfZ3B-9iwLV2vKazhV4KnuczF08paYpnjW3f2h2Ief23aba6aEoK_klzojEc=w300-h225-p-k-no, https://lh3.googleusercontent.com/grass-cs/ANxoTn1M2DJPWxA9M_fSRk68m7tnX94A3MMJLj-zhs9ToqUcuqTvCR5F6fQlZyyTCILsqhSe_uCMyFopiYTzWHPBmEDl1jHx-EjKD6jjKVhws4e5fzNoUMHiDlXISphiE-0Nyg0B7mqDPBZ26Ub3=w300-h225-p-k-no, https://lh3.googleusercontent.com/grass-cs/ANxoTn2yw2UTJuJPDNGnQldUz0YTYFqMgDbhJ39aZTv4A2fUWlDu4mGRDrVxmIvmyNTZwfH-iSNgX_NwMOJ_hdZMGjUzr9-5tEV8ia9mZ-CLGunTwOx6eQY215x-Cwz_Ody3YDUub1e4_sF53AFX=w300-h225-p-k-no"
鄭元勛,4,1 年前,"黑蒜油豚骨拉麵 $280 / 叉燒飯 $70
店內空間算大，進店後直接在機器點餐後才入座。有提供冰水可以自己裝，廚房是半開放的，會有一排座位可以直接看著店員煮麵的過程。 …","https://lh3.googleusercontent.com/grass-cs/ANxoTn0V2s2olg4bZNtCabXIhGXa0qKeNq4had8Wi7q7XrAKi8Nvzj7jeKTgIClrZlVvry5GCSVAw9QCKqsk_DrWkVdFi5PU_jx50y9fqo3DtOP-7cxFHc4lBLxST7_1SAwtHZiGAuU0=w300-h225-p-k-no, https://lh3.googleusercontent.com/grass-cs/ANxoTn08GI4gMaxV2ScWRxwO8YMxyXROkqYhZeptcAtFtQ7bxNPDbS7gL6il5oXEkl3Hnb7QembFxbVlijnijYSWWky5YakevRH172cBiNCBxBXdiXFBy06y3sqZbFNTUC1UF17VpyfT=w300-h225-p-k-no, https://lh3.googleusercontent.com/grass-cs/ANxoTn0AVCR5p8FLEhpDcZ9yzWoTtL5XcXNbmPrwLkZeRFkTLqP-nVXQ9Y0RCZbtGZaVtXBqrh1XWCbefO6PxOTV9HlxfQrqzQXhhKte8HzQ8jLh5gEANj64Pq3u6xd6TfW8-o52rjg=w300-h225-p-k-no, https://lh3.googleusercontent.com/grass-cs/ANxoTn3OdwVbHW5Hqy7mScTViGyPsTPcBhcZjSkSDEkyCsG_Gh8sIeWlUOHJPKTq8OKDuJz1d694zKex2z_ItJmFRe4Ijkova9hg7sEsEUqD46HFn64UaIqv2LdNQpu5sX9s6Y7d59nJ=w300-h225-p-k-no"
miffy tza,5,9 個月前,今天帶孩子北上參加考試，先生google到這裡，因為我們不熟路，走了好一陣子實在是好熱又好累，但孩子難得想吃拉麵，一開始看到告示小學以上也要點一碗麵，但我們當下實在沒辦法一人吃一碗，本想跟孩子說我們回家再看附近有沒有拉麵店，但看到滿頭汗的孩子，於是，我又拿出厚臉皮想說問問可不可以點2碗麵就好，沒想到忙碌的店員答應了我無理的要求，一進去環境明亮舒服，孩子一直誇說玻璃好明亮，我們點了豚骨拉麵，我跟孩子分吃一碗，麵軟硬適中，湯頭真的濃郁好好喝，先說好這不是官方留言或是五星好評打卡送 …,https://lh3.googleusercontent.com/grass-cs/ANxoTn16MqymV3pYoMM_Vemm6CNYAY4XNT0ZLZMXQG_-Y0AO9cBXjfQZsixUiEh9iwSd0r2FxQDv2xvaOy-6vekE7FIsXg_9M4DqWsFRggEQAxYLdrJQekKds2qiNF0_PtQuocFYzV9G7388Chke=w600-h450-p-k-no
芥子,5,7 個月前,"♡ 黑蒜油豚骨拉麵 ♡

黝黑的湯頭很新奇！非常濃郁的豚骨湯，濃郁又鹹味足夠，吃的很享受。只是因為湯比較濃，所以吃到後面稍微膩口。 …","https://lh3.googleusercontent.com/grass-cs/ANxoTn2pWzhhtIHSeQx8pn-BRzx1YPnYqDP_hSKoy3pSu7Y3yqCGS8kPrOPFzOnx8qrzhp3AoD8LXuW6cfmfu_6-O12zjDsyCHicfSEP1SkqfqdGEOCv99CEd2uOXd0cnN6r5fkqBEvpUbSaOU9v=w300-h450-p-k-no, https://lh3.googleusercontent.com/grass-cs/ANxoTn2hpCSrvcUfQMNRPNmhd64C7JP-nHAWbqoHa9ycyFlal3IcwBFMhA-mVye7AAE9P-gbgbrL637lryRiq_IO0ehcyYrjG6n0pum0Ek5RJxQfCnLIpn8Iw5lb4mxMk78PRugEgJNP2grPA6uK=w300-h450-p-k-no"
黃怡婷Yi-ting,3,1 年前,裝潢有型，食物還行，細節沒顧到-如叉燒飯擺盤鬆散，加麵是用平盤承裝，沒感覺到職人精神的拉麵店，單價280起跳，清淡系的柚子雞湯拉麵湯頭有魚味，招牌豚骨不錯肉片是大大薄片掛在麵碗邊，加料的五花肉片筋不好咬，有加麵加湯不加價，廁所乾淨，杯水餐具自助，沒有一般拉麵店放置恰好的氛圍，不會想再回訪。,"https://lh3.googleusercontent.com/grass-cs/ANxoTn15MXcH5AorPTYiVa5nC1sOtSfUrc5nFQkfo5Nfnfjl1k0qWNhpbcYWnCW0qxw_oOZwbYqvYUjGWHQUbwWySK9wQSk-59fe1254rvTVWyNMtFwxibeAFM9K4mIUEWZRB0JRPVdQ=w300-h225-p-k-no, https://lh3.googleusercontent.com/grass-cs/ANxoTn14rKIhgWPs8diwui569A8vdm4T_jgWSv1CetS1__d3apZYL1DZ0KP6bINNiDITONgZortQh_5urYZjEqNHw5lTd_cIUMkDi4py1hvp7jpwKavUXy9PHfxVsTr7kj7fs8fZSpdBJg=w300-h225-p-k-no, https://lh3.googleusercontent.com/grass-cs/ANxoTn1UdSQ1Wo2EWD_e0Zb-1QXyKPi5g7Mg-FdMAOXkGUIuO4Lt5VO2M7SxFDJxjPMzyuOhauVQ52UGbaLFJ6UKl5XBxMmpl5e-BlttXrwWBwTuorzMk1MYcUh1_71FFgfE0df3pGAB=w300-h225-p-k-no, https://lh3.googleusercontent.com/grass-cs/ANxoTn0Jb5hwMuJK_BlaRjnS8IagR18JuRNcUbCI4mX2HoydzBzFwU_pai_VEnZtMF7-awJ9PMT426d1NKoTSiSvMBH-8IRCzGrLSDpHNLYJc7h7VLvZcudUyAB7JKI4cjuKnQT1Umpx5w=w300-h225-p-k-no"
愛睏喵,5,1 年前,"臨時在附近找了一間正餐來吃，發現一間室內整潔明亮的拉麵店

點餐方式是由票卷機，能使用載具只能現金支付 …","https://lh3.googleusercontent.com/grass-cs/ANxoTn3trxY5-WxJFFg7J0LSlEcacvdC7XhgjA5uCOELAkBDkW39nruCZbUfAMotQWp7PS7K-liq_6YMi2phW2nOjl1JU7d-qn3fWGoFiyBBTAC60PYsquaQKtLxQy0RRYbo-Q27_x7r=w300-h225-p-k-no, https://lh3.googleusercontent.com/grass-cs/ANxoTn3oq8FAh-0fmi81cvrxrTrGlY0JpNshVvc7jC9VpxYA7sfo8vGWAMCutFF4nMOteJP24I5-IX354LY1YaGZ5vEIsbhZzP3nIeO_fsaX7iBXA7dXvJrL8mfTKDNHYlj0oHtyJ9rumg=w300-h225-p-k-no, https://lh3.googleusercontent.com/grass-cs/ANxoTn0zlxKVoudSULtxn7yjrC4lNaE2di84hjfN6mKUI-poLuPpIJbYZOjmHNnsMjk1y0AXhQ-zbDp89MPBVQCa435b3mmBwU3H3aUWLdAZHAGikrfenD07m-Q9WlDnIIfKlp5RZF5f=w300-h225-p-k-no, https://lh3.googleusercontent.com/grass-cs/ANxoTn151bKCTu_1IBLRkKBbSy68_t9AxWgw1sNYW87WNtl7ruQUyyzrqG78esxk_sCyQXj7Z0zO_ekQDdUo5UL67xhMsHeq326Hgn0YxW-B3dw3IGcDYJIL_OWdX1az2BBkb8sFR4Z3fQ=w300-h225-p-k-no"
Steven,3,4 個月前,料理擺盤很有誠意，滿滿的肉，麵條也是Q彈好吃，但湯頭系列太鹹，肉也是可惜,"https://lh3.googleusercontent.com/grass-cs/ANxoTn0YIVIP6hiMpFUNUYGDmq0AjSSZ1bDFSFrVl8cCsE6b5dUaAT6Dd_euRd2douzwzrN2GCN5isETEdc6jnm2Q7q68kLCRDaqvBU20xOmk7QOFO7XYrMvSn8gMe7G8nI8qQ-DXS-O1_3ZgTvZ=w300-h450-p-k-no, https://lh3.googleusercontent.com/grass-cs/ANxoTn2iKExWZUCvHHxOF1MJ00CK84h21KdFjwFKmYkD-uc6W_TQmtu63gQdO8FljfBzbayiOGt2X4IcoXjWeYdhR3RvGc0nLGHYGiNI03z4o4pG8a92emWRAt_766Q4Bd3IciXhzfhbMA2PxCA=w300-h450-p-k-no"
紅蟳,4,3 個月前,好吃是好吃，但這價錢再再提醒我：我吃不起台北的拉麵了,https://lh3.googleusercontent.com/grass-cs/ANxoTn0g1a0uJZVf9EbicqHkI2_yPbKY-eOgOUR8MPa-SzkPU3fwupRaj9GtL5bR_iYa-tEi7skUmKMSwijn3oEyDI_jki5NU9wqmFpYcMsXVNZUjr6hQSibcLuNugiIKRTyQjYdq3jVElALqD8=w600-h450-p-k-no
郁芳芳,3,1 年前,"🅿️（汽車）台大停車場
💡開放式廚房 環境明亮乾淨整潔
🪑座位很寬敞舒適 …","https://lh3.googleusercontent.com/grass-cs/ANxoTn2xSX2A718k3LwOhFg_wGkhr4tWuSd7LV1dWvvcDBTO6vE0Cpr4Ga6PY2F_0wPRQCtJFe7mjZ7CjwUdt3z3l_Rx6ZYX28RWE6MSQ44qXYAC034eBJrpfvaH_IgvaDruTfy4S7xS=w300-h225-p-k-no, https://lh3.googleusercontent.com/grass-cs/ANxoTn2DrwT-sBWmc5qFtthET0Kd1F7yRsWoLWQS8C59_K0Kxa1xwduX6rhgCPk6bdfvKF06U3nuP-0kL-x8Q6RP2_E2cgoTLRb-IWmGpVpZ5aUn8SMfDOEoX3WOXuxbfdkyyPd4o5H1qQ=w300-h225-p-k-no, https://lh3.googleusercontent.com/grass-cs/ANxoTn3mKXmWgYp9_radVaObKuqyAW4W9kxnDNDRZ1DFBMSlbLmvgWkeMDmNmCQKnjQiPz_WzD8JBzCeIoOdRt_EXvPZKh4hNF97JYeibQ1eYk24g-5XrrKVmhrz0Oj8gc20p5KiVG0=w300-h225-p-k-no, https://lh3.googleusercontent.com/grass-cs/ANxoTn2nHQp7gDCWMVG0-uycpYsNEOqvgI11h-GB-rSuQf5wWg4dZ07vgVShQpshCde_nDGhTaO7VatjKJqOFrgEdBeQh4myI2vOwj4og9UwrlvWPp281v2ocwmk7eddyOjlzOZhDmK-gA=w300-h225-p-k-no"
kelly chen,5,8 個月前,停車在附近，無意間看到有拉麵店，進來用餐，豚骨湯頭非常濃郁，叉燒肉非常好吃，而且可以加麵，對學生來說很很超值，小孩很愛。,"https://lh3.googleusercontent.com/grass-cs/ANxoTn2Bh1KfJDz4HzBYigphWRyl2SjBx8GXq4sMZ1JiArs9P-EAr8RnlL7XkNqk21M1tasEgmGEKAK7qFWhSYU8XU0LQshP1nbFJ0TSPMnm2_xG23lHp1utk01NHREgWJUZ2JdrslmdCr_BEjC6=w300-h225-p-k-no, https://lh3.googleusercontent.com/grass-cs/ANxoTn3G_yowzO5fXSszCEBtbLgoDCW3fKvp7y8l2hAsSinAgv-VYgXB05LKNfogkeYgDAuGYU4rzmeuPZ2S84Gk-IcK7cDRXKjx1Pwe3Rgk7qo021a4BAd6Ee-XrWwlYgAFnwPcKtkJ6RYrYWs3=w300-h225-p-k-no, https://lh3.googleusercontent.com/grass-cs/ANxoTn1DMlVWEfS_-Xc4mACU4Z6p0tlAXRp5IwN0ZPZv_sRnK3aa06DU58iHZeUURQo_tHc5lO6gID220UYfXW9-NVOWsSH5sn6ztvYrLhBrBdxCk1kHimf0KZ6VVjFw1uZYxjBeuxOraGpMDG6C=w300-h225-p-k-no, https://lh3.googleusercontent.com/grass-cs/ANxoTn39iRdiOVwoCEL1ETQHuKZP22H-OVOd6YWwkGyCmPbnpbcZku1hgA-kENtdkuG5lOxgMtQ85ONYe2WLwyjVYl8sUYmPTFxHvRquxW5vwFxGsWEt0KOFWD7mXhtG6ixbYl39MzgCSj6_qgmR=w300-h225-p-k-no"
hua,5,3 個月前,拉麵有特色，好吃，座位算多。,"https://lh3.googleusercontent.com/grass-cs/ANxoTn1aghjqNCLvHAf96OG2k7n8AsjOHF1o4otSiSSDF7b8kGq1maatpTR2oouS-LzmzY8AcWYozM7NPiKu8hk2gRkzS-zxyPk6mXqGt43S1vhA0TFJBcXa9QD-fTppzR76qLisy5T-_LZsC9I6=w300-h225-p-k-no, https://lh3.googleusercontent.com/grass-cs/ANxoTn1UEu2AE_zxt1eHHAwmC-rhjBWo0CfbhcfWD0-QwRNWTtnI6BIh4-UvMwble_LvJjepbCcdIHy-BzHjpCejeIpWYhhYHgbBZLwaeoUn6JVHkDIcFOn4W0nC8xCyMT7liXZ9kMX2aFWUV0o=w300-h225-p-k-no, https://lh3.googleusercontent.com/grass-cs/ANxoTn1imcm58MMmtpSvGCJQ5xkLD11V7TpyVZjbLyukQaY00lvySBDr7gA4xf6rjD4hLP9PYpSc6vNVi4-u_u9pFiWihI1UBSMMJaqci3XELXT8Otkg5e8OpI7G0_JvV2zO-ENJ5qzOfjufTCo=w300-h225-p-k-no, https://lh3.googleusercontent.com/grass-cs/ANxoTn3gRQAYBhVTpRTMG6SEm2yJIpplvzWrVx4sw2-TazqJ6hM1Pihc-9BD8bWNNNpOBY9DIsXu6u5bT2QmUBSed3yJmZB76iFTt06u-odI0JeVJjdHknUC8AVPp21whPPsLvJrsrDtVRgZAqra=w300-h225-p-k-no"
Nick2618,5,1 年前,"中午沒休息的拉麵店真的推爆
拉麵偏鹹 但可加清湯（加完後湯鹹淡就差不多）
座位算蠻多 用餐檯面整條平行過去看著舒服 …","https://lh3.googleusercontent.com/grass-cs/ANxoTn3hJdQ1RhYbtVY0wCld9b8susXE6zEfKpnZ2Si7601gEYuSfJ72-Eih54C-ICend8tWYM_AZ_d3eOebAumPwc2FYFy9GcskVHVQaGsz71lVifast4MyHtFvxVAfBnZhFQjELdA5=w300-h450-p-k-no, https://lh3.googleusercontent.com/grass-cs/ANxoTn0oHimjadqfozRVrvOH48V1fxAn4OkdI_r1GTaYH2nS_inbDIFHnLJyGPwJfTkcTzvxG_tGpm2gq0oWwCi7F370xXqysZ--HZlb2VET_avuaFDRupscyZUbVoUD88WJCPfRYiyxhw=w300-h225-p-k-no, https://lh3.googleusercontent.com/grass-cs/ANxoTn3Tp99ak4um36ASDMkb1tk3vTVJVaTHoRCM1MvMbePcpkJ6dcjUp4JppVpvfPCgMVXmyj9G1PZnJp_dbY7by2L4vkt1QfLfBft-FSSWCtgUGL9pbxmDKryLN9wGZs8JobY26VmY=w300-h225-p-k-no"
Rick Chen,4,1 年前,湯頭太鹹了，儘管已經點了較淡的湯頭，仍然可以兌兩碗湯的感覺，店裡的服務態度不錯，該問的都有問，有點重複的有協助退費，十分不錯。但是加麵完全用不到，因為很難吃那麼鹹。,"https://lh3.googleusercontent.com/grass-cs/ANxoTn3o1PUp9ZtKoW0RXyEXTTm2XSlj5LbCYCtFMib7dZDqvUzZUJCB-0nAzBCuh5ES7GHnVVXjIPPoJYzybm7XwChln1kWzzOIY8__e62wi68zwZJPnoc_g_UYC6cbtfxqqfK8Bgf1=w300-h225-p-k-no, https://lh3.googleusercontent.com/grass-cs/ANxoTn1aiz_3mZ9ixYR-DNWpJQqGtprS8zqSqR4nmsZhtSFlUonvCnGtawnaeiunwhMnrAaK6UKpa1hyE5FjNt4OKlZowy6ZJxEbv7x45ymLSu12rTeUEDaxNuf0dA4oxtjXvU3IiHbV7g=w300-h225-p-k-no, https://lh3.googleusercontent.com/grass-cs/ANxoTn3wVpnM8n4Tkfi_gzXitrBWxjfui5O55U2aalnTgrZgY11ZWKsfdcVSiPLr7fPm-jzXrLY1aZBxV_5zWQUIguKnMJAm45YwL-mAhPBLl-jqrrsApXrZTsf1fumzCW_GDWpdBrs7=w300-h225-p-k-no, https://lh3.googleusercontent.com/grass-cs/ANxoTn2EbEdx0SkVGol_RFtj9KUjz_yo8O0FBqUMJm5CJK-MVsLV0nKlIOodWr_k8-dPTh52SQKx9eJyeCbyDo_SCklg-Tr351KWp13SY3RHQHlQbCSIPLFQoWV2vbra8lZwey4Gq5INtQ=w300-h225-p-k-no"
Fangling Wu,5,3 個月前,餐點好吃 服務好～推🌟 …,"https://lh3.googleusercontent.com/grass-cs/ANxoTn0fVHv9mtsEGevHyGEwzBAYtvwdiS1Lzlb-PrgcaQ-oypr_3NGN4VosjdQUK3eW8ALPqyEI5wu342rfCpFLol60IbIp-1gpzGamhZuFhygiH8tYbFXY8fhB6qnK7gO_xPU3rMSVgl1OrrE=w300-h450-p-k-no, https://lh3.googleusercontent.com/grass-cs/ANxoTn3L4iaYobT5UD84L6-ohAHYsKyzMdT5x6o5dcfkadEmN5NkhPrp0wlXLV26G6l8vjzbaG_NfwwKgovCqyLa2OJ8lpRMyS9CsnMymCpbVKA5uYG5FaSfX1HLaYGJ64dmsUsEvE42sZNOBQM=w300-h450-p-k-no"
黃琳瑋,5,1 年前,偶然發現巷子裡有一間評分很高的拉麵店🍜就和朋友進去用餐了🍴，假日人蠻多的，可能需要排隊，我們先去點餐機點餐結帳拿票券，再把票券給店員，店員會再安排座位（注意！只能用現金💵結帳，沒有信用卡💳或是行動支付）我們點了豚骨拉麵，坐在吧台區可以很清楚看到店員製作餐點的過程，非常療癒(˶‾᷄ ⁻̫ …,"https://lh3.googleusercontent.com/grass-cs/ANxoTn38FOgZRR0RGcBDrqCMBlQF9ed0SDghhquUSK62AdRCE3_D1yLdLy_nVbDj_8P1VrYkYilW6QVPU-io8nvFh1xNENdov8xXYDMd4BXuboV8cCJh16D1rzEIUsfnj-3OsFqmaOArnA=w300-h225-p-k-no, https://lh3.googleusercontent.com/grass-cs/ANxoTn0GBJ1eSZyriNnsopz7p3yDctV5uq4SDU2I5uHeUJ3lqwNvOxr2KI0q8T01NB3983K7sVihmbJF6rEERJifhqpJQWJX7LgsQeBlSfctlGmGbR1d_opJo_ChAwde_r4L0r8ma5f3=w300-h225-p-k-no, https://lh3.googleusercontent.com/grass-cs/ANxoTn3ATK7RS-Ryuo08-dg5SE-WoYeXRUiSsPgpwKur8Xpc6beMGCnzK6qeQ3nkdwyyGFMV7TqN2Hfmkbx1R1qmIm-DjBGblMdVBUsR6q43Fkw-7kze0GnxZU2hIpvHtBxY2q_CeNqJ=w300-h225-p-k-no, https://lh3.googleusercontent.com/grass-cs/ANxoTn3tQ4G6rWeRngddSlONSgitRivwdf9jG9Do4r1zvVPr-yx9XfW4zI4_ecIuHBdxQJaWojmuDzHaEuyh4s4vkHyADxahAZPhyRJLRtwaEYkeKXqqfKRiFiGVXC_c1g-eM6AhCz0=w300-h225-p-k-no"
Wendy,5,1 年前,這次點了鹽味拉麵，辛拉麵，跟黑麻油拉麵，香氣很足，但口味確實偏鹹，跟日本麵屋武藏的湯頭很類似，一開始吃很美味，到後面就會偏鹹了，有一顆完整的溏心蛋還有肉片，味道都不錯！,"https://lh3.googleusercontent.com/grass-cs/ANxoTn1-D6RLctA2-CfY3zRbQrf3UDKxLA6DE9IWYsGAbnM029kdZUT6D59QEoumRJOFpfKML4fXwv0v4aGUakyL57oZhbrz406gDLXlMHxnlnz3e5k0LbliQIXnB8o3JxVQvINwPf0T=w300-h450-p-k-no, https://lh3.googleusercontent.com/grass-cs/ANxoTn0upSVuLGJpTgilO9eXn7T4DoFO8ryZIILguABEicTtvaDecnIdziAF_bYC30GSqv87-ou7ZE2iyF7Eo9X4H-vmoSqCWI4LEnUWZiL2mpaskyV7Poim10Nf54zGRvAupOZTMmeh2Q=w300-h225-p-k-no, https://lh3.googleusercontent.com/grass-cs/ANxoTn0Iv-UixTjx_je917Yb55xdrtxuTPnoH2bh2T9nsLn6bzAEpfeHvsHOO5pygCnUS5-L6-AMiuQWKWcW8U0ad2tSgoPCBRkNm7RRB-FPFPn7XYxUxwMpHthejmGSsh0SLcv2Arwn=w300-h225-p-k-no"
Isaac Peng,5,1 年前,八角形的招牌很有特色。入店後先到食券機點餐，分為濃湯豚骨、加點跟黃金雞湯，菜單有五星評論叉燒的選項，實際上吃起來覺得值得給，還對得起自己的味蕾。 …,"https://lh3.googleusercontent.com/grass-cs/ANxoTn02hu2HKDgJCL8EmV5KaS9o9fFeeQbCsnP9buXTkXNfsPuERR_y0WPOOm4ddI0qKPRBa5NbBzfTUvHux_0OQwu_iDg28eGONtsyEUehl0FKolob-IOXQ3P3PDROON2woWiVV3aheQ=w300-h225-p-k-no, https://lh3.googleusercontent.com/grass-cs/ANxoTn1saIoW3YSEpHG5XZFQWhiWa47fS0ETM-OiVZUBFd8hHISCbuaHqPlz_LGkWQL2-avpJrMf8Z4V-D0prKHpMk_6SugK_Q9M66SoMrlCOK0JrUaZV-nfZ5jyWPtck-E2jfkTt0U=w300-h225-p-k-no, https://lh3.googleusercontent.com/grass-cs/ANxoTn3cg7-bjKVUNCWagumNm7rlHsc7EsKAJrf1Oexzd6IBpHPfTyua2nZq9kUNdnK3hVdXs4eI2atj8V9OGdy_mHpSGMkrx_Ywptuv8rsG-PbdW43lYM1lKt5noHH-UINP8WWFcd0SPg=w300-h225-p-k-no, https://lh3.googleusercontent.com/grass-cs/ANxoTn1o-vcLbddfVs49L83K3R-Ukc0uBhHTIJFrYEOHonehbhrduZmpyWY_XpqHQI2P6rU8tI-7gTTZXNPOSDVXQEaBmJqT7K9F9nv6Bg71WDDZPLZ8zL21Z8y7mjove0uz=w300-h225-p-k-no"
施Wan Rou,5,4 個月前,豚骨拉麵很濃郁，讚👍 …,https://lh3.googleusercontent.com/grass-cs/ANxoTn0uwqjmUMpxQzhC05MEAcl76vpjiUguVV-C58zqw9xCLu5u-_2hn82-jQsZf4HSaoL3EFgJriQRVzhTl1zounGxVLtZ9nLZxJp0XfTMuoYA6W5Dd4fR5r9tMx6z_EOo70sEv-3Ev76pHEY=w600-h450-p-k-no
Dina Chuang,5,1 年前,推薦這碗辣味豚骨，味道很有特色，是我沒吃過的口味，很好吃！溏心蛋有整顆也很棒,"https://lh3.googleusercontent.com/grass-cs/ANxoTn0cibobxia6ABLAzFnDgr-TKoTSY2p8YtBrzPJQMpDXJ3NVKY84W5yUTAewtPW5bMFZG4Z5IsqLPl2SvVBU3fD4-pOnTwtTjewTJe22zmNPoj1Q756PfeFDPWAepURR12IQzF2q=w300-h450-p-k-no, https://lh3.googleusercontent.com/grass-cs/ANxoTn1Nk1dkFYVOug6DjdwUOzMKXyqcp6aR0wtJxaiy38xeX2CY42NxLkbdae4dxq6372ze3ifUVeeOxkq6dVE4PXZ4n2EV88kzNRDfKk6ItufzVZ3bjfYgq7CzmcwocivmyAZdYUZ0yA=w300-h450-p-k-no"
林喵咪,5,1 年前,"開幕有段時間了，每次來看中醫總是滿滿的，今天看完診又下雨看裡面沒啥人就來用餐，點餐機付帳後才帶位入座
黃金雞湯拉麵意外肉嫩，雖然我選了淡味，但還是偏鹹，跟店家反應說也許是我本身吃得比較清淡，幫我熱了一壺原味雞湯，加入後就剛剛好，溫泉蛋也很美味，評論送的叉燒也很日本，難怪之前一位難求。","https://lh3.googleusercontent.com/grass-cs/ANxoTn2m9ukMuKP9tPTMy6wG_nY_M19lPTxJxPKkam1MMAGdoIymW17G6IcHsAS9h9AzPic9Zj3S0-JiVxIgR_RO8ZGAvlTsYFcSCyYh0WgKClkJtZ7pXHsi_rghyjxkscRV8-wfDAGK=w300-h225-p-k-no, https://lh3.googleusercontent.com/grass-cs/ANxoTn0ALealQWQ29RdhCsu3GikbURKvB15HzUSRjTpXbn9vgChaaOq9xtLFkPl-98OPW4vINo57WnnQvio1-CVArRiz1QxMlQMzr_uYLiEVzqhH9uJ1R4o-wvpqEYTG4XHpg40SbzaRHA=w300-h225-p-k-no, https://lh3.googleusercontent.com/grass-cs/ANxoTn1omBO1Ks_RyFq31PUAssT6qVdyHZ52u6UWydp6M_VARLntEegnoA8nm01b7Rms_2c_lC75BgZX8UQYP3i4RxIz_kuxiTIjxuZhsoENbEE8_1r5fZ5IeIANkAZBTL5gFwtRJg6D=w300-h225-p-k-no, https://lh3.googleusercontent.com/grass-cs/ANxoTn1ggccg6BwTdPgj66xM5Eo53U2OESWvGclNzGho62xy2m_0VC4lOa6Kjq5G_IzkwNpqaSKZcYm0wFvOo-fG-Qn2uPEV8xMSCKAMNRi_BlLCetaJM7CMK10-d0DqWnfT9O2h8i5C7g=w300-h225-p-k-no"
郭Mary,2,3 個月前,"麵體本身好吃，軟硬適中！
叉燒五花沒有腥味，推一個！
雞肉中規中矩。 …",https://lh3.googleusercontent.com/grass-cs/ANxoTn16ukAzEoSHP0K9-Y9niUYY-CU0dH7WYcStpFY9X6C9s-2HwTlbjrgfGLzg5S3rj30PRZUgBkz0Tp_c5Ct5ERRVE_q-EyhSH_BJaWEYA_Egn64W21yFDC6Un_qxVt7KATO0EZsiUdgL1T7m=w600-h450-p-k-no
Gravity cat,5,6 個月前,店內裝潢環境很好，拉麵也不錯吃！,https://lh3.googleusercontent.com/grass-cs/ANxoTn1BWzR-9hXlE3Shpq0CINHHerzr9iSQ8SuRW4IlsJC_dcA9eaTlfwYExDejjyFHRs-48pGleaaW23F9rKl_VhIh_fe8LSIaGPukhvsslQ8yaUBpwMcKb8YcvWygO7U5O2PAB5nprLCGjrM=w600-h450-p-k-no
William Chen,5,1 年前,"點餐是用販賣機，很清楚標示有什麼麵食，有效避開選擇困難的顧客浪費服務生時間。
黑豚骨味道濃醇，醬油味道清爽，各有特色，加上上餐速度迅速，沒有可以挑剔的地方。
桌面乾淨，氣氛悠閒，值得再來的店。","https://lh3.googleusercontent.com/grass-cs/ANxoTn2OSNkbtb9wDePHNjU13fNTSlCiWgIYtkDXd07QZlnTwzY69GJt449zbI8UK_GDj-HlwOtNq-PI_DKxHaP0G2pg4Y0rKb57Z0MB0F_WuZcRjWMGhC_3Vb-QWbLzjYK1U3t6Zib6=w300-h450-p-k-no, https://lh3.googleusercontent.com/grass-cs/ANxoTn3fu40JeyEW_Vt3AkIl2XeN4xToLEeIhAeaZMeVAWdfwyMxLZOLdj6gvYkdHuTErEvgbylGEQWJvEVjqlUN3Eczt8DvqLxF-alDpbhec4MUJK6IPmdohshPyYQam7DG4LIB-h2uPg=w300-h225-p-k-no, https://lh3.googleusercontent.com/grass-cs/ANxoTn0NwHItUuYAPdoutIjbV0D7Ta-Z2sHU5VdCy5rogk0f_KTde5JVOyp-_hJ8QaVXqzAvLtlMFDU5fYGrO1veHNe6SgHYIx3cJTE3VpfM-K1n6xlFJoSQoWzHl_O-tDZ4IZKPwcc=w300-h225-p-k-no"
遠房-Kim,5,8 個月前,"蝦醬拉麵 $300
湯味道蠻喜歡的
麵一般 因為喜歡軟的但這邊不能選
肉也一般",https://lh3.googleusercontent.com/grass-cs/ANxoTn2uNtcIKImlQTDFlxQYQoTfLn03Ffxwy1yw31VF-jB2bFvgPnLe3eaGkKA94DDqHCuLroE3wiQGzI_g6A-cUQ63FDZtfL-1Va-61lNVyp_W9aIUen0f61ZgYlqx_9eHW811-4bD9dFRYK_4=w600-h450-p-k-no
Jassi Shen,5,1 年前,細麵筋性剛好，湯頭夠香又不會過鹹，感覺是調整過適合台灣人口味的日式拉麵，很適合一家老小老小都能開心享用的店家，叉燒跟雞胸肉也都好吃。周圍難停車，只方便散步前來。,"https://lh3.googleusercontent.com/grass-cs/ANxoTn3EqwrZQ5l3ORMMh5M4evTXIn_aBlY4-ArfpQfvwVStHT7ADQzMmAsGfpVjAvzftdxI2rjVzv69H-Il87IKZWqhxI7TlPkOvIZ25l4PyCjBLv2jirJipBRReP8t8fjbLsa3RjeSOw=w300-h450-p-k-no, https://lh3.googleusercontent.com/grass-cs/ANxoTn2tfnDLDgbTy1UGSKy3rWyJQsb_fOFGCzyDXkrmhVkFE1LYIIf-6vT_vhW4MthAD6BUgDSvrCyVPf3f4AiZQKI-RnMvD1hfLO9nSj6Mr4VlhE4vUaXDyeWfeQaRt9o2j5qZdFMc=w300-h225-p-k-no, https://lh3.googleusercontent.com/grass-cs/ANxoTn0g-i6I54_cvgy6ouYBN318iI2IzYfUvLD7JIb3Z6uAidEOjO99IVNqA80FGJaKRdv6XyRHR3XKdDJq58d_yUhhb-tsKD9IwW-VcW7K_HUzreClOzfHdWBBJA3TMbjCO6tfkGYucA=w300-h225-p-k-no"
木矛木,4,5 個月前,"假日中午前往用餐，點了豚骨拉麵。
湯頭順口好喝，類似NAGI的湯頭，但又多了膠質感，嘴唇間會有點黏口感。
叉燒兩片，偏舒肥，有帶點黑胡椒的香氣。 …",https://lh3.googleusercontent.com/grass-cs/ANxoTn0Ft0tMouHSMPHsZ-wiLU6jLT4zHJxCEhJwbS-9IxFwZy03Jao68oR99tYaZsq61lsgZJBbROz4wjNQo6G6wOdYdpOLuo6Q5HtP9a7sAcKrGhasi5mThA7473NhESAZDbfAwc8X6y-q0arw=w600-h450-p-k-no
看Lucifer,3,11 個月前,"紅黑蒜拉麵
黑蒜比紅好吃
麵可以免費續麵一次 …","https://lh3.googleusercontent.com/grass-cs/ANxoTn23HvS3KXNr0NQ2p2AWUVo9koXAsQzihCJYxlGvr3XrWl9hx-KI5D1WcQkrgPPXL8fIfEIMEF1XzbH6t0MyWw22rejU4uOnLeYzeDp7vHaDiDCJVHkM04hNILZvsihO5XvNuTk8=w300-h225-p-k-no, https://lh3.googleusercontent.com/grass-cs/ANxoTn3fxubJoVrvtcCx__2Ma8KuEQlCh6bttYotRKdtt4wBicg4RwqPjbQiS-jKB0RZlVsVIkD3Ed-ctwyRjxXmHw7KEJDRWtYvKpXBD7LImyw0RrXiSBrGIeKT6i1tNVxicRyGNz8f3Q=w300-h225-p-k-no, https://lh3.googleusercontent.com/grass-cs/ANxoTn3-otSW8i9-bWPxYhfRn136vat0g5UP6meCcJ5trUtLEBraqY7SxK6kcHupqXtgD6Xzjw_3jp1bWVf4DmNFwUx8SEEsNPYWRj3r2WpCqidJOIGaTgSD5mG8T5ecLs3OdHKMxFdK=w300-h225-p-k-no, https://lh3.googleusercontent.com/grass-cs/ANxoTn2tLAYneqBi-gIlQG9m_1mzNhQOwL9nX_hO8QvJYr3W7094uhxCKe_2l2j42I6t4WNmdcA1tmuARjhqeef-f3pwlZ-dhDQQCg631dVTZRNfjBpRLo_m4M1Y4mceP7kEjl_dLQok=w300-h225-p-k-no"
張維哲,5,1 年前,鹽味雞湯湯頭清爽甘甜很舒服，麵條口感適中，叉燒好吃，可以免費加一次麵可以吃飽，店內座位寬敞，服務很好!,"https://lh3.googleusercontent.com/grass-cs/ANxoTn36-GohWc4f0y5MHeKYM6ttx5_nRCMeRHeXBbTgd1KL4u4OXpYoGPcC73ualaMtV4aVebKZpXLoJzJiTE01r6tSmJbv3u8XTQkMKpq6vTVoDQT9nIyI3K2V6D3i4kEGFnW7FbI1=w300-h450-p-k-no, https://lh3.googleusercontent.com/grass-cs/ANxoTn3oAMQ3kRsYT3CynKI7vLu8VEfdRSMaABHDPOdqi9FHG5Yby3bekT_RQr_dzVcvdSE91-lH7PMUt2i0MGFQBKozKoKEYL4845o9rItwp_f9GebF2ThjEA-QGyChWmzcYMECA2uF=w300-h450-p-k-no"
James Yang,5,2 年前,"台北食光： 長樂 拉麵 🌟 1

排開裝潢 只有『湯』可以 …","https://lh3.googleusercontent.com/grass-cs/ANxoTn1jBveswwlTiD-yfyoxzMeJuJOYcaoTAP3igTDjSQsTlQtTRtCdyrlYtrN1vizY4N6M2rj-MGfgXksPSO4X9M9F1Mh9rIAKcjYse0CgpG1k-p02azg9UHJtsgyfHfhzaVOnnMOHnA=w300-h225-p-k-no, https://lh3.googleusercontent.com/grass-cs/ANxoTn1I6CnEPhes_fMZE0BWi7SVWn2_tt8D_H30LaQNcjGIqZwDAeq7c0fpZyhppZvfG8LEl14H8o1pHj77IVXcarKi55H8z_z1BFH6IWqUAc2JTtjIXNWWKXtdu31soSdmZQEyphwD=w300-h225-p-k-no, https://lh3.googleusercontent.com/grass-cs/ANxoTn2TLUngvel1QiEjC3zBp8gNYMep33qGoxUZsxlojeBatMEL2ttkAbUATGfR5-ZmzJaveNwI-HxhMAnO9uG0-l8j60cw1ocaJYM_ZKKg0AwwxjqxQQ7nsvbjWeOuKbxkdzynuMF15w=w300-h225-p-k-no, https://lh3.googleusercontent.com/grass-cs/ANxoTn01CHBn3ENhb7ncOyxspNJfY3c2RwofIoENFlmepFNaT2vi9j3AgiQgUV6qr-8GUNqGx7lFzSAaNzrqz8R-aj_0Q8dBeJfyreRFJ6b9-8Ae_ljNQwBl24LUJ96rihmsRBhm2tE=w300-h225-p-k-no"
super曼秀雷敦,1,7 個月前,評分真的過譽了，湯頭沒什麼味道，肉倒是有滿滿的冰箱臭味,https://lh3.googleusercontent.com/grass-cs/ANxoTn2M1-n9p6UmJSmWN64QdJhAEJMxxBUMrQWD6E49tDrWIrx7djXOb7hvJpRK8YhjxBt-I_TBy0WCxZ2ymyb6wADGlxky31JKZucx1XrSSkJ_84CCLpxBMFG4zpL9qGNV3GtN0BzZHjx4oi0E=w600-h450-p-k-no
Tzujung Yang,5,2 年前,"冷氣很涼，座位之間的空間感取捨得當，每個人都可以舒適的吃拉麵，吧台有掛鉤可以掛包包。地點也在溫州街的轉角，很好找。機器點餐用現金，可以刷載具。

湯頭濃厚，其中的筍乾都相當美味，嫩脆恰到好處！叉燒香氣撲鼻，蔥花也很好吃😋 …","https://lh3.googleusercontent.com/grass-cs/ANxoTn2PoIHASfa2c_cqsNVimqAs7Ess26ByFqkcni-ct9nqPsm7Z-T7vafOfQpbo06SPvdrLvPpu_iFRuiiuM7nbjru-mtHkYJSxXT6Uiz-Rlr1OUP28JIdezDelX7HVK7WQjzAwoc=w300-h225-p-k-no, https://lh3.googleusercontent.com/grass-cs/ANxoTn1uX517xv3IWow1RkNnowGRVu-Y7qfZRUp1nA2x8CK3hmNiu_0ODs0yOzxLdpY0fRhM_v_z7bpDu9b6lcv8T16HprJLUJ9vza5HoCRtruzWWyeeBPOMoEzcbDyJoCPzDJ-NEF92=w300-h225-p-k-no, https://lh3.googleusercontent.com/grass-cs/ANxoTn0tNg-GypZfyJ3-nFq1f3q1JPF9guQ5tlTg3oqDmDqPXbdnKl_2So8f-M3ek92GVskJb8ePJ6hiDZeBp68v05Bj790cNCoYm6eBN4eBGYhEllcMAe607fG96yb4AH32jRNkxhr09Q=w300-h225-p-k-no, https://lh3.googleusercontent.com/grass-cs/ANxoTn3qt_uMdysIn_cqb90Lq3I6nv0o65be6h7rQQjBlCuYc_4HMJC-Lud-KCi1u_w_pz1DZZf0k_4cfCyt2cEupCKwTBHS-GuyQRlPVrUgsMetuWPwW-HCp0JgQy12JtQGb0AmPgM=w300-h225-p-k-no"
Brown,5,1 年前,店員人很熱情招待，還好早一點過來不然位置很快就沒了，拉麵很好吃，是我愛的細麵，叉燒油油瘦恰到好處，湯頭不會很鹹,"https://lh3.googleusercontent.com/grass-cs/ANxoTn3yKZAeV25Bgc2ZIOV1WfMQyauvgTUVauhP53t_mXvXW57xOeDYBJ0IRj2222QyWhNiDBIeUN51yWE5PggmFPKFJshlfgl3JajVDEk_ztKzdW7KwTsW8dI9q9T7oNjo9hr8_Y2U=w300-h225-p-k-no, https://lh3.googleusercontent.com/grass-cs/ANxoTn26Ur2iKDbYt4Dj_wGMPRtMLMyhLVgwkUrqVjsXsnAeAd0jbz5o8nvdgxGlYUigVuODEaph1ka23hCF0m0UNnHsnNU9yrES1_haFJa-x4Vj_5b7Elrvao9UIWxknJmqWcEtxLZD=w300-h225-p-k-no, https://lh3.googleusercontent.com/grass-cs/ANxoTn1fJJZdd_5ZE6UaqqTv3RPDwfmamCCe-4Tq7wrbfVi_CtVIDLNx91bOtihtcSe5G5MiElhnIUFlOB2y6npv3LoRt7EjgRoaUMy9WW0m39eoSn6WDkEydBbmQ87U8LdAdL3g9l0r=w300-h225-p-k-no, https://lh3.googleusercontent.com/grass-cs/ANxoTn0QkVoeFQj_UOCk_YpM6-zZxbqY2vmVuQnFqXKPBJA8X-T2EOM8ZpuomDTjRKQdCgWA2xTNPYER8AJiPXO39pJP8YzKkkZoau5Om3-KC13NA44Yon_GcTuWvk351sSSy2jC1z1Y=w300-h225-p-k-no"
優質餐廳蒐藏家,2,2 年前,🍜價格偏貴、外觀環境不錯但食物本身稍普的拉麵店。 …,"https://lh3.googleusercontent.com/grass-cs/ANxoTn11GcK_AgLRLu91VBAhhhkPiRA7I1tu16950PHXXy8RMBOLonQeoOSluQnkKo7x02KXgvwBsiMMZ6Fh1nBioB__gLKeshUHp9cnEGi-1sDxdO3v6VpYgoOJ6V12Bs9awbdKq1Iu=w300-h225-p-k-no, https://lh3.googleusercontent.com/grass-cs/ANxoTn1YfYFw2dkUhp7lAkEXZYdPzBiFb1K24zo6yAbL1XOgKFZIn2g3cxp6dHiJduR48fJ2noyb4Vaqf5VYEzsLhStMe1TTaCaK0pgsYNvTuUi7rLUQ1KoGo35iVc3LI031ITBtT-3-=w300-h225-p-k-no, https://lh3.googleusercontent.com/grass-cs/ANxoTn16ZwLLlOIxQx2jxvyl3plGGTqzlNnYxjYS2FnFM2YG2Wvp0lM95q9N4P_B8hfhtyeSyJ2uk3hlYU_nczo-gwAiZc-zX0pcGnWTRrlBbPwWEs9Rj0fVgg08b5BCWdhlqJMnwRE=w300-h225-p-k-no, https://lh3.googleusercontent.com/grass-cs/ANxoTn3tX4TTwPgMYreOIRtwsEVmskmHcuBtC7K-py3S1l5tumQrCoBKUep8VRsUkpOWOJ6x62uOwlqVzUtWuxFNEpdF4bpW3qhWJYg_GXsO0PkxbIBUSPguJteekBaigPT8VHr9oGB1=w300-h225-p-k-no"
Yun Yang,5,1 年前,"餐點：招牌豚骨拉麵+溏心蛋
炙燒五花油嫩好吃，贈送2片肉也是很讚。
麵體屬於細麵 …","https://lh3.googleusercontent.com/grass-cs/ANxoTn0jrtT12EyROszd_wsDvfX2fb_EsDgI3s9oSU1_1eyzqqy3HWJbdFc3kZB1i65l-hH-8sYReSxijFwX-xQUh5tgMJucUykJgYOSPjz6JjmtO5Rx0ByL-zrK1j8NqTCoeuSduxmyAA=w300-h225-p-k-no, https://lh3.googleusercontent.com/grass-cs/ANxoTn0D_HwxCHJk3mUfIiULrBdvNEnuI9QR4aQy-eS5aIshK9ZvzSPwApf0sJkBlRdoYCPiNYIZDdmOPtLBvYSPYujHfxn_DOBrZGdaN64CuSghrCDy3IGrKJ-8BqSCAMkEVBZyJN5p=w300-h225-p-k-no, https://lh3.googleusercontent.com/grass-cs/ANxoTn0k7PM6wFAGa_6mjSTgMVHyaYFGmfbrQvLAVSBPsePD_F4Xzy91l_cl7g_r6fPsK-_ujuaV_Z4fkPO_hF-tcYWd9ZXNunV8O-qjlWUMeBzRi_jI8Y9yIAdt_VGJDOBg93gpv9ch=w300-h225-p-k-no, https://lh3.googleusercontent.com/grass-cs/ANxoTn1Ssq9seSywa9vfz-2X2xEFgd_nry33mMtCM9E7vnME3CkUYHEh9AZXc6PMlF4I6vD7EWL0obx_NKLTenjQ9oxOxdVynyTIb9l7iyAf_sENUngsgl_wa0AFWugavbHgnahvgccm=w300-h225-p-k-no"
Lucy Tsai,5,1 年前,"☑️柚香好吃
☑️湯很清不會太鹹
☑️上菜速度快 …","https://lh3.googleusercontent.com/grass-cs/ANxoTn1J8MdjspRRy0oYeKkW3lGfUrASn0Ym-GlXHkcr4yjv0GsxRrsm94pBcensB69zN5fd35MxmMUXzUJ-2ZdsS2BPHJPM7AB2boVo8j4RfG2az70iu50NGF4CyYyX4hJpdlqNETei7Q=w300-h225-p-k-no, https://lh3.googleusercontent.com/grass-cs/ANxoTn0D5YEw7jaLtpUHOzpTRZ76w0A-tvxR1J6hjDJzYpjtexb7JHjWGWk8fBvcMwFVyV7YKK0d92JuzwNzXW0PJrYQE5q7yzRGPOYNurBGwNekqWbDsQ3ejf9WjHx9uUBaNOTEWRg=w300-h225-p-k-no, https://lh3.googleusercontent.com/grass-cs/ANxoTn1RUv6Y2wuv1Vhku5sJMkVkCF7fICPI0_j_1gbins7dKtTFDnPOhxwivezQetwFDOJUuKNTBFPr6FkyZTqpIHAVV30pabfkZYrtAG0TmQDcYHF35IhdduloO5iDXZtqBRaRpk74=w300-h225-p-k-no, https://lh3.googleusercontent.com/grass-cs/ANxoTn2UW0EyyEjL3FvPFRBnPK_aUKDMViIoe4JxnFU85Z3IskkkutF3b1xntJUC9GbeQTLdBoI34iuWAXzOqUxU55b9FKPo-N3oIboY2xQ7UgNkYR2AhgT_yxnAvDXiKp9Qx-D-orLs=w300-h225-p-k-no"
熊貓貓,5,5 個月前,環境乾淨，服務良好，推！一個人來也很適合,https://lh3.googleusercontent.com/grass-cs/ANxoTn0vEPEWRT8X6FkLQA-uTRGzTMgxd_XL_zwu9wWY-MJL9UVEvSlPMEXzy_iao6OJny8P-6UNb0qsinJnZy6AflnplIB2bQYoVuwKbfhC4COGd0p3mcbmkltzuLorR09RUMkxnOtdrmBXbVvs=w600-h450-p-k-no
Wen,2,2 年前,"一開始服務不錯，但沒有主動通知有開幕送肉的活動，吃到最後才聽到隔壁桌的有評論送肉...

點了豪華鹽味雞湯以及豪華鹽味豚骨 …","https://lh3.googleusercontent.com/grass-cs/ANxoTn3l_sXH95GpLNm8dim93ITfXa0tu1bz3Duq4zsLU4jX1cRAC5oc7Ms9C7_SSL3GSpIm0kSNhGuDNB94XjjnXXqDK-9hlF_296YqRkejyufb7MXgCsMG6mSK9AgTgWdJO3ngq7SPWw=w300-h450-p-k-no, https://lh3.googleusercontent.com/grass-cs/ANxoTn1YCh2pNgNBxLQNh7JfShykRspipqLIm_EzJL9qoyza7nUU3-gDU3B8oj6hdWntTtpeHCQC15qCC8tWVu-v6kiwFcoACKAc_OPA4HxLYGFbbm89x_qlXtXYnPy43dgZZmC0ruNF=w300-h225-p-k-no, https://lh3.googleusercontent.com/grass-cs/ANxoTn16rzbrlvKmA6233MrExla8irYGLcOYX2bCfIFBRmSwNeMuuifWs4_m0O389d8jW-zDZxHgmSB6mt_kjeDKNVwTuOPeRsY0IS0B1ezydHZxbRX1f8-3aCNa_6SBxtO8rkg7beX2yg=w300-h225-p-k-no"
Chun-Pu Tsai,2,2 年前,"這是一間新開的店，店面很乾淨。點餐就可以選五星好評送肉。一定要拍到拉麵喔！空間有點太涼爽了哈哈哈，服務生很友善，目前還不知道好不好吃。

先給大家看看冰冰的水跟乾淨空間😂 …","https://lh3.googleusercontent.com/grass-cs/ANxoTn3klkmWMgVHsi7fD-bGIWOLZyOYOWWpmtKoVx3w_qHHze__9L0mw6TW-9PvsbHrtD7BsYSuBJoj_yNOtgyRXFrnYj4x1YkP2bkJq_WroNduUO8y13Sflgz8_-_Jk8AHkm88Ugp3jw=w300-h225-p-k-no, https://lh3.googleusercontent.com/grass-cs/ANxoTn3v_B-awgZVDOTYFj_V-TImNXe-ujZD_97PnlsxGjKLGdLzNIPz3pM-4NLhVVwG0m1aSgPRWqYiQ2I24LxhWj6nOUVTepfZ8srnZHaIkMpA625C26AfSCDRClsaI20_anO-9abz=w300-h225-p-k-no, https://lh3.googleusercontent.com/grass-cs/ANxoTn32vj9PnpdRkmc6kMgkYmRXWJHL4bkFA9vsOctTswy8x7xC8pXfbmyzaCeOmYcg42YQ6vHPpL0cLqNvufNDBltbmyEQhjy2LZfklRcaQEOHfXfTK78u2ao41J72-gzkPbbndD82LA=w300-h225-p-k-no, https://lh3.googleusercontent.com/grass-cs/ANxoTn0ERvBfO01Y4Im6M2_rzWWhcdHtVOzvPBQY1WGvqW1VkJ4-RhwGiwux6jxOOfx1ER4ZlVqO40tbEAvJcOIM-f2Al7uayIsLsViF8_SGcNGIQBi-X7HZ0SnH_sW-QepsBQAb4bS9=w300-h225-p-k-no"
Chiao Huang,5,1 年前,"我喜歡豚骨，很好吃有濃厚但不會膩，那個一坨辣醬加的好！
我家那隻豬🐷喜歡柚香，他超愛💗
我們都有吃光光🤩🥳 …","https://lh3.googleusercontent.com/grass-cs/ANxoTn2NrCtUh7LTe522hk595Eoebc9JJQSfXHekEKNftFI5TtnLp2eKQS9lm5tOo8BM1Y6TsP9thIW0X5WjvM-hx1SJXc3VYL6pByZ5wjUrUxPS0dBdeWj3qUF7s5C4uhHrJN23mjRE=w300-h450-p-k-no, https://lh3.googleusercontent.com/grass-cs/ANxoTn1J57eT9BCVDK_EPKRh1iTf9wCXHtLqDF7fqWZ17Nz73ZJwHXkiUoTE24kxx66HIzq81z09PtZpIEU_6B1shWLoRHrclCviSbOWlnL2UJVs-58vbqg67euHp4Qj4sBnjTxK9_WT=w300-h450-p-k-no"
LO粉粉,3,1 年前,"拉麵機點餐，現金付款，會開發票。
平日中午不用等，大家都吃很快。 …","https://lh3.googleusercontent.com/grass-cs/ANxoTn2p6pTMn2vkonDCZ_hpIu_CmyTq7mBT6iRYqeuSzKyH2kGffSWU3W9hjf31-Xti21zNORI0QwgVtRYrMj5eUROcREicygzEl02LFVS9CNZ46Rx-xGR1c3b3fKA5hs3d_SHyY1WQ=w300-h450-p-k-no, https://lh3.googleusercontent.com/grass-cs/ANxoTn1PfYTjjzM-3aR7Xx6tmpC2kw8dJTg8VAW_uOW5w5m9-qY6wc2M8LqLunwj8IDes_prvqP2exAkqBm8HCIkJgpFyhblrAA9Up8wPVdsxD3aNDsc0bwQDsQiUBVKy40mukJCHTbG=w300-h225-p-k-no, https://lh3.googleusercontent.com/grass-cs/ANxoTn3lVzSaO7ydCNymxergVCO0uJ8rTvR3nJ6-ImmJeK0o4w4w1Qkc2312PYw6xNZQ2lBZDu_fVCoy9HC2-ct81JSnnnwDUOe2g23xMSCsR3HfZCGX_7dsx0T3NkNq8GoVAHrdKkY=w300-h225-p-k-no"
Jacko Huang,3,2 年前,"鹽味雞湯拉麵$230
微鹹雞清湯帶點油脂，3片舒肥雞叉燒、1片略柴豬叉燒，細卷麵、蔥花、黑胡椒調味。 …","https://lh3.googleusercontent.com/grass-cs/ANxoTn2aT6VZ3qQ5MXV-VAE2i7ZGfWziV6pCrwUI9cJZj0ICpcDkxWd1B0EZEYYBcvkjwWbvkiEH87Ubm2zyjnFmDPayp_upEFt2O4ZwnoIpt3nS_6qDcat7N--JicuLFkgZ_MQR5CNGWg=w300-h225-p-k-no, https://lh3.googleusercontent.com/grass-cs/ANxoTn0DCrLG5weyvdo4Wo9KhfKCrV7A4nWn828XBwdkQoeS1-3xL7uKsKCAvvPru8B7SgBQ-vIPzBC-nTZZ_5L9xR9pAQmIxsp64XTsTiTgN88Y_kcf28_9Abo2DDcVDdMArBZN_dVcDA=w300-h225-p-k-no, https://lh3.googleusercontent.com/grass-cs/ANxoTn2fuauEWfWYSLzz92IFDJXgWTtoTV1A655ATGHu6wYeVPGyIS2DPvOcxtTDeZOCn8PD3lRkifK_lfhFncKfheVYYDN1L-AwA0VQTiq92iHCEhNpjIB8hOZ4E2U3hX6I9-fMogGm=w300-h225-p-k-no, https://lh3.googleusercontent.com/grass-cs/ANxoTn0L87Hh93JrsqhrejeiWhSYf_j8ndj5wDv3ASP6gcE_4tglxC-fCQx82E-qYt1slwooK6v8D1oZyoisFg5sDnuzKvHbuSnLGPgYYcXhdoY0iK6H0FwQHlHlxja_g3mKvsGGCUlH4g=w300-h225-p-k-no"
徐尚聿（香草霜麒麟）,5,8 個月前,清湯雞湯味道不錯，加了一點點辣粉反而提味，雞胸肉叉燒份量很足也不會搶味，整體很棒,https://lh3.googleusercontent.com/grass-cs/ANxoTn3r--fUCeqUoK0WGRRMAMgTLjWdrYFqOwBllKPC6lFwo3nxp02xz68KkyiQtTr_C5BsGQuZuv7sf12l7GLYJUXbWjWD4lpcZDYYkfhe53B6orB0O-ksGZpdyfK_-c-Ky1nGOsfmELoisb8=w600-h450-p-k-no
Brian Yang,5,3 個月前,"超推好店！！
店面寬敞明亮 廚房乾淨衛生，坐在吧檯吃還能看到拉麵師傅製作餐點，味道是吃過的眾多麵店當中前幾名，價格也不會太貴，高CP值",
莊伶萱,5,2 年前,先前裝潢時就很期待，果然很美味！這次點的是醬油雞湯拉麵+茗香白玉。首先是湯，剛入口時的醬香慢慢轉成雞湯的香氣，湯頭選淡味，配著麵吃剛剛好。再來是把蔥拌勻後，是另一種美味。叉燒瘦肉偏多，沒有炙燒且切的很薄，但我很喜歡灑上現磨黑胡椒之後的味道。筍片細嫩又脆，唐心蛋也很好吃，可以作為味道交換的好物。店內環境乾淨，服務人員也很認真專業。內用坐位很多，如果想享受清幽的吃麵時光，建議剛開時就去，而且不用排隊，之後想再來嚐嚐！推薦給大家。,"https://lh3.googleusercontent.com/grass-cs/ANxoTn0STQfB7xvJQTPY0YqEaeqhxSCm7FTk18MPIYR3zEcqJ0H8sB9z8N40iG4DoA9dW-ViWU5oe7-KqY1T0SI63W7DgMTPx4LeT4eKQX-SejT3djS8KITPjl4fPmU6tRGUHvVfXvXN=w300-h450-p-k-no, https://lh3.googleusercontent.com/grass-cs/ANxoTn1HNcBZoFxXz-s15ypX3LtBLmC1pGH3UcVfzD9JFV1cmBNnWUodBDK7j7FnjYx2y6gmLs0i52dIlvVyEvkwOm6GqggdMusdoaW4mDh2kK4LtZlqRq6ger8PNiQDuOb9HhydYj-O=w300-h225-p-k-no, https://lh3.googleusercontent.com/grass-cs/ANxoTn2FoGjpvbYFsErYdKqqoJtP48IIESX3B0tSFue_Q8L5vucPH7AupgAiUb13YO0-EsWxaLqu_wYc9A5GZCTyZaMdO9FWWHp_LBscCEHOPNC-LVXjIdzaFgBq7EnXJ7D6agdpQDhz=w300-h225-p-k-no"
鄭逸賢,5,1 年前,使用點餐機器任選個人客製化的拉麵，用餐環境清潔舒適寬敞，營造很舒服的用餐氣氛，開放式的廚房，職人精神的料理呈現在客人面前很不錯！餐具的選擇與各種湯麵裡的配菜味道恰恰好的加分，麵條軟硬適中湯頭濃郁口感滿足。,"https://lh3.googleusercontent.com/grass-cs/ANxoTn2_9KQnU6KfRcLV6Sn7tLQq7qqKGDitnRwRI9Cb4lzQA8xP0VSVAUP5AKXZZM5jUFuT0AjcUfxNjVaRR4t6XtfS263UApnGQXuKD38crl-laJSKz-4csN_xJvQjyXGsBYicv02G=w300-h225-p-k-no, https://lh3.googleusercontent.com/grass-cs/ANxoTn0QSZ2NLGng8nYgolPLazo79ihWwkFArSqANtjsbKN62edcjOnFy4RZZyMfvG2y5MeMtVTZZF-VzJp8uy8-KgzOED2cgtU9y3FEFL1k-Qgf_D7zJ5_RJHA-sBv5OapDuLQMbFrK5g=w300-h225-p-k-no, https://lh3.googleusercontent.com/grass-cs/ANxoTn3uZPMXR432NH4DAqfZwyXsZJkuLxF8AnXXEQ8_nyLzXw6sc2c4w_aNQ1zPmpKg_F79yA9TGEJ82gt5ZMmGWiJW6OGEpNwqTga4lHV3hUB0iEiCX7e-F9KfeLkGELUJV8NTWA2F=w300-h225-p-k-no, https://lh3.googleusercontent.com/grass-cs/ANxoTn2KenFeuD7GTQOueB2M8mnJr01bRHoCAZluHWGVIEJxjej_77JHDx7DU5Jjl6elwGp11PonoAp9-UV7XXrtvPkSAH6QuwHulWig_O-6hoHhSea5lrF9LJLwqHQOMyndWSreI-kPEg=w300-h225-p-k-no"
Alan Chiang,4,1 年前,平日中午入座前大概等了五分鐘。招牌鹽味拉麵不錯，招牌醬油的湯頭吃不太懂。,"https://lh3.googleusercontent.com/grass-cs/ANxoTn3VEkmsRAfQuHTYmL0ELQC6peqqmgScrT6BIQxTSyM8CfJX3N_F4TbaQBY66W7G-93n8zGUHHqFB3vPvQZ0ftvNZsb34IKnsmCNm2NoXuXAdyZQMfr8WZtcvlxSaAl8GZZBUDgW=w300-h450-p-k-no, https://lh3.googleusercontent.com/grass-cs/ANxoTn0Fv5rEBXdnCUjItAwkUuU7VAiCnUaAJeDY2du2GDmcXd3d6HvEsTkDU3SU75XuQ3uXSWzERJHUCoNsFgOcXk1Oov-aKq6E2jKGdznb_Qna3RnvZkXYiGsIuyOioptC9o97v3DK8w=w300-h225-p-k-no, https://lh3.googleusercontent.com/grass-cs/ANxoTn3h-OXOhBY6a-EYxE3F-8MccYup-2Lc3cRBkMjFzNmdFNrcLmD32C009wv93y6D835UEzhALdEDmPG2zHkBwinp5B11ivmlFcjYu-D5BOPQKIqtEk5OW78octdqQhbqaLzSRiQL=w300-h225-p-k-no"
鄭云yvonne,5,1 年前,"餐點：
叉燒飯很好吃、湯頭十分濃郁～ …","https://lh3.googleusercontent.com/grass-cs/ANxoTn1IVoMDOCbEmAMOWujvgJKHnx04IgTOkvaVnT43zzWYpyqrdaaBx3L5Ft6YxLRY5OzIVH3HEXeSf_xXwwMJrc9ko9M3BeNoghTBQqxB8l1ZQDBdJlvQdqFwsapYjgnKBgL-GelhKA=w300-h225-p-k-no, https://lh3.googleusercontent.com/grass-cs/ANxoTn0UQ_Bg2H8QpjK6BijcEv96iL8pQZVs-xu0AmhQw4cynWa6CdrrveauvLp4io1eXT2Lle7rTkjKvVxajBCVaVKHqg6ixz66Kmvm2KdGc7PhR3QYqCRhV2BTwbgV4JC3eXmMfiQ=w300-h225-p-k-no, https://lh3.googleusercontent.com/grass-cs/ANxoTn012XRJJyHrej-KqeWKgUkf3v2hb4QcHGzLa-BawC66spxRn2AqXBD0TWftHSRKKYg4Icm2w8rqp9v9sAqnqDcTovKSF1QHifmLnqArJ8XSx2BlYVqMxepdO0R0Xw4zdt0mdboHKw=w300-h225-p-k-no, https://lh3.googleusercontent.com/grass-cs/ANxoTn1ic5xw3Ncs45M1YdKgSpcTn1K63URpY_l6lsCApkqDlg1UL_JlczSk0ec2UE6AJ3lW6ptOBT7Xv92VWvTS425VdxePza6XR3TZsr8KozLWAxOExr5e2lErV4Afh1ZvF8hrqhrJ=w300-h225-p-k-no"
Wayne,5,11 個月前,湯的辣油香氣濃郁卻不油膩。整體來說，是讓人想再回訪的拉麵。,https://lh3.googleusercontent.com/grass-cs/ANxoTn2aQCh7zVQKzjdz-Q7huk2uzDLC39gflg6c0471xkyVOKiJDs5Ceedo_U6JKsZ8c_Z64M9HRJ_nDmAsHqvKrSQ_yrtbWJkgUvOsLXF074O_h4YPcZ3GiA4zWTMZT4Xwd6HgZf74eb8rhFOU=w600-h450-p-k-no
Chia Wei Lu,5,2 年前,醬油雞湯拉麵的口感真的很好吃，不斷流口水馬上吃到，香氣越來越高！我是聽障關係，無法與員工溝通點餐，剛好場內設有自助點餐機，方便點餐，像無障礙餐廳，擔心吃到太濃，自動點餐機貼心設計選擇「濃」or「淡」功能，員工超貼心送餐到位置上，服務態度不錯，打造友善餐廳，也有電子載具，新裝潢設計很棒！氣氛絕佳，超級舒適，好想下次再來吃拉麵。第一次遇見防摔湯匙設計，好特別，不用擔心摔落。,"https://lh3.googleusercontent.com/grass-cs/ANxoTn3ST9N0Jcp_10FN2PJey_fLpjao9DK76iE6EyFnU6mGKWuqIzLHQZnn-u1NurUO-z8dKF2vakIn9EaBRWzRZ2FSY1sKzsAXKRlpFABp1xHe9m4K_kmJEFYk33qnHijBIKMEgZAR=w300-h225-p-k-no, https://lh3.googleusercontent.com/grass-cs/ANxoTn0Q2vQ5AdBSG9PGxPHwv6sIJ_kMT1cnlx868BpTANF_T6GozsSbj92kMcl8kaBPHDMiZRk5ejon4AZ6uOa6Yp8NDrXndXX2SwlszX7bduCN-DWd32ySXQ22rPHxjlgWV2dO9ts5Nw=w300-h225-p-k-no, https://lh3.googleusercontent.com/grass-cs/ANxoTn0Gcibxar81S9TmFKy6smjTe7PNO8BfSwUbOPMhQDMBWXsPOK2O5brI1V-qzK9LHbixluOfjOnVVecDN8EZFsDJjzV9k9jNu01A5NeD3EjAjKfKV-GYeDI7-TJJPjdtL21AZQcz=w300-h225-p-k-no, https://lh3.googleusercontent.com/grass-cs/ANxoTn2kvYwrTE9kSnedX7JTktIinqxj1jnsqQdLJwGfOHYgDg4EG72FhPDlq7uyH9jXAgKQDOR9ZxoNLk8AnvjsPocX4yWfQJ1ziXrEhjoRKuAB4CtpXnTl7yu6hYQ8F9wj3Q6h5T0FUA=w300-h225-p-k-no"
Yi Chun Lin,5,1 年前,選擇原味豚骨（鹹/淡可選）我選鹹~拉麵上還有淋上蝦油，雖選鹹但湯頭濃郁香醇，一點兒都不會死鹹🈴胃口、麵條微硬是我喜歡的口感、裡面的筍子和溏心蛋都算自然清淡，與湯頭配合的恰到好處👌 …,"https://lh3.googleusercontent.com/grass-cs/ANxoTn2UTDQ-Klc9hA3rFbLmee-zWQCTzZBAw1LzMEJtfEBYu97EAK_lKOvPRfvnCNzRwJRxPXLWlj49_z23-RBynxdjtsgYNfkFj86YlZjNIGjJJM97ssFbhYfYCzsKt6JoFuy6Tcb5=w300-h225-p-k-no, https://lh3.googleusercontent.com/grass-cs/ANxoTn0oJ4fGozUfwBVvUCugVeTXfc1uRlPU3aTfQSfawYSn3RV3EpRCQIEBc6ihmsCuQElX59oYzurFpZCcDYEjvVVEg9j3c8kBD6Zh_uXPW6oGZxDgsun-lusKcgQTFXMQBmMjZREQkg=w300-h225-p-k-no, https://lh3.googleusercontent.com/grass-cs/ANxoTn1Y8ld0arPn7CspkeE6ayx8sYAhRKnaYNfI5a_Gxy6SLBlBozcfGVNOgjB2f5JRU6RjSAWlN1Zz6fE9zpVHGoLSv7V42-AzLrrQ3G8kG4QdjqvdAhm1kEdLUMnunwP8FukssWTp=w300-h225-p-k-no, https://lh3.googleusercontent.com/grass-cs/ANxoTn09ez6NDQhOMOZehBeDqX-ZOOMfzkZrn6VsygB95Sb4-LC-if1ZAiC05NYabN2Kf8iKT5i0BVVktka9PtplaDfo6JC639p2eKl5HXLJ6Tqe93BYB4fdAtF7E768juaZ_32fdvak3Q=w300-h225-p-k-no"
梁佑丞,5,1 年前,價格略偏貴，但空間蠻寬敞，入座不太需要等待👍最重要的是餐點好吃，麵.湯.肉.料都是水準以上，推薦大家可以來品嚐👍👍 …,"https://lh3.googleusercontent.com/grass-cs/ANxoTn3CgO7fzudMGfMFvfBjnGTi8fWcvRkxgZblBnNHZqSw7XXNd0RNGUX7YbFo4htEiXs2-Bd1MJWKOKCGwUuPH3j3ddrAMlDcGyaOENiMj_xDk2e63YwKHShcTvQji4_tOjZP__QDXg=w300-h225-p-k-no, https://lh3.googleusercontent.com/grass-cs/ANxoTn0NLOfR_nKQbRZDd8aD4nkIKlKl5YHnDuAhCUDLSYf32Rl1ukTri6ZA2XaLysaTO2JntnvmjhW31J1CFNAvgQyi-Mb4T2ZfSgbgg29c15amr3Jl960tvcO_CbofdciUXT7Cydw=w300-h225-p-k-no, https://lh3.googleusercontent.com/grass-cs/ANxoTn0tHLqEIR6YUOLh0iRh-MTYTjfcWutAgszThMoRT5zNxKPXorNFOfrrTEDAnXNbD0Rzv2G-g_CMfUQllTnDSt3tlJIZfnSyVRmtSKkKV7YWcdulGZ9Hp4f6OLJ9jx2lE2V4sD7-LA=w300-h225-p-k-no, https://lh3.googleusercontent.com/grass-cs/ANxoTn1bzB46iW2oD8OQFp_1fAKnWaVmjZ3nljh4kMzKZTizdGUT3JJDhU9oR499u0y0DGsjwITVYSeDyk7QP-3z-tHHSsVWQAvHmFY7cG1-G8HbVpwnlZCoCNsdoMl2Cl5bOxl3waQ=w300-h225-p-k-no"
Griffon The,5,1 年前,"豬肉部分油花較多，怕膩的人可以點雞肉。叉燒飯也有較多油花。溏心蛋原本麵裡就會有，不想吃太多蛋的人可以不用加點。麵可以調整鹹淡。
入店後店員會引導致點餐機點餐，點餐完成後會引導入座。
面紙、濕紙巾、杯水、筷子、置物籃可自取","https://lh3.googleusercontent.com/grass-cs/ANxoTn2z5y4rULbqOyX47vCuBJENNzaJ412tUgLtZEdmTlL92aBTtPPFg-DuROxFSSmtkgN789DrCdo49Uhf0xZyQwDJthcqYFjmuoRcdRQYcpBAUaM2JjK3aadlKdgYdkTANextruA7=w300-h225-p-k-no, https://lh3.googleusercontent.com/grass-cs/ANxoTn3uudy_lpTP28ixx1PPHo0N4c39NhgRYfFv6lKUJ3Voduy0otzrcwSgNAtM4n-c3zQIn3pjQB_cfjfS-hUpI5nY7RgGaHK6j7_MozzS_CRfNPSH_pZqEryAIp4DIVA8vrh3uZjO=w300-h225-p-k-no, https://lh3.googleusercontent.com/grass-cs/ANxoTn14vSPDGL3ajXId14C63PEqg5_bpJaRhAQpnSIQM5up4wm-q7Af2HZTdlMhgQ_ZgV0WHCIUsqiPLzfZ7n72hqqnp7xsKJdAp5-Ign9sjy0tQcfDZrbJENupfMcXJAt9s6LpZAoQpA=w300-h225-p-k-no, https://lh3.googleusercontent.com/grass-cs/ANxoTn1wN93D-dYqFNvdArd6zO_c0VVu4Z6NoHm8fJjVs4peJYLe9ZkaUC1VeuF2QpNHfGXckMQExuqb1U2jzKCbLJQmYtti7Y0bEE4ezsWnKiBos6QT763HzXjxDnqzBkYgFR3--QEU=w300-h225-p-k-no"
Faye Chen,3,5 個月前,"可惜雞高湯已完售。
豚骨湯頭濃郁，叉燒口味佳，麵為細麵有咬勁的口感，混合紅醬味道風味好。但，真的好鹹、太鹹了啊⋯",
范慧如,3,1 年前,"*招牌柚子雞湯拉麵
雞湯煮的很濃郁鮮美，但如果沒有柚子醬一定會很膩。麵條，溏心蛋和雞胸肉的熟度都煮的剛好，可惜都沒有做底味，單吃寡淡，湯給的又不夠多，一口鹹一口淡吃的有點莫名。
內附的筍子帶煙燻味，擺盤後麵上會灑黑胡椒，二者對雞湯底毫無加分作用，不僅無法襯托湯的鮮美，反而會和柚子打架。或許換成白胡椒會更好。 …","https://lh3.googleusercontent.com/grass-cs/ANxoTn0Aww_L_nhtJ9E_oCs-LYzSb0Y19svK1t-rVqZfmWHH1L9_aaj-mFSyIpw4Z8_RlgMr4kAdw-oPYKSQBzIw2Mrvy0majbB6--Bktzk6BlxzoDnACfHS9WFsW6dJaYn6L7LMrww=w300-h450-p-k-no, https://lh3.googleusercontent.com/grass-cs/ANxoTn1K0tRCr5a_kuwPisUnJfCLVEujpOIIgDz_flGdEflu8NXeezDOX_U4r77YbXmKS6V44dHwB5kY1YzqWO3JSwdr82ZPX5b5CwVu06dqE-v0CaNFuqPp6bhHydxtR57qal30Ry-R=w300-h450-p-k-no"
Wang wang,5,1 年前,約4:55抵達 店家約4:58提早讓我們進去先點餐👍🏼第二組入座 後續人潮就慢慢湧入 約5:35左右用餐完畢 當時店內約剩兩三個座位而已 點的是鹽味豚骨拉麵（黃金雞湯）湯頭剛剛好 不會過濃也不會太淡 是我本身愛的細麵 整體中規中矩 五星評價有送薄叉燒👍🏼 …,"https://lh3.googleusercontent.com/grass-cs/ANxoTn05lwHMc6dcRSiU7R66eIGlxhJp1K_pMuYkcKfN4sEN1Hew4tasIZc5ptNnTivuVrjOEDbk25hB-CG49ILg5tU1LZ4nTB8X4NRC0Q82CfBCk2wbQXGLAYBl2YEffVkkthrx2vw=w300-h450-p-k-no, https://lh3.googleusercontent.com/grass-cs/ANxoTn0ZtRL6bGazEU298-9pJsAdu8W005GaB5b41AuyCFBI5AtX-873AKnA2HqNsX-qFopnND8Op5E7ck7SXFagPOBKCFszd6VK5CQzRZLuXAwY7wYY3fHB0eO5olRi11M4dUv2tRxySw=w300-h225-p-k-no, https://lh3.googleusercontent.com/grass-cs/ANxoTn2DHxFtl5tudd_XrMrsju0R9InoXBpMv2eP6XTZvZgxjsnzLMEENZWFEm5P6AVNdrpXN_wErjUXpSS2riAjt3XD43l_tusMuUgu2xmTMrqnwecVAe-dKVq4XQ0QYQ9T1X72Xhp8=w300-h225-p-k-no"
駱小昂,2,1 年前,我點的應該是鹽味雞湯拉麵，結果上來怎麼看都是醬油，算了醬油我也ok，但實際吃起來非常掃興，這是一碗非常無聊的麵，湯頭毫無層次感，一味到底的單調，這就算了，明明是雞湯湯頭卻喝不出雞湯的味道，配料也是非常的無聊，我還是點的320版本，糖心蛋沒入味，筍絲雖多但不好吃，叉燒也很一般，包括那片炙燒的，定價是70塊，小小一片巨貴，但也沒入味，我不如去巷口便當店單點控肉，叉燒飯可能我運氣差，沒幾口就一堆軟骨 …,"https://lh3.googleusercontent.com/grass-cs/ANxoTn11z1zvTgdhbR7tm5AmhMmU9_8lEkBz2PLKkChsb9OWlNy63aYPwSORdHkL_Q2h5T_ONMeLHNOhiowZvnOME8XnEL79PHpPh5aihb89gF9pI3ljoTstlfbMI5nQqlGEUdzN1N7f=w300-h450-p-k-no, https://lh3.googleusercontent.com/grass-cs/ANxoTn39YYIzcoNE5TAG8nODnrQvyVDdd8_hMN_NwSZ1mDSRJYDpjpzts7d7IvsBSN7rEt7HdN-d0VIdGrle5oQyHC6HcFnAZOAKXersMcOTHUZRTWIg7O9c_iV1wwH-dOhy3EQzIDrx5Q=w300-h450-p-k-no"
JMH藥師一隻,4,1 年前,"麵不錯吃，湯偏重濃，蛋比較奇特，那一大塊肉略柴。
加清湯會比較順口。
裝潢新潮，氣氛輕快，活力有朝氣～","https://lh3.googleusercontent.com/grass-cs/ANxoTn2xXDReUCKgAvE0J1kdPf8-Lp-WK9PaSnZJZ7lqWfjQpBu94TMAA2htlx0PHYVbO6Jc2_-2TWo5IJOun5sp54NzrHaMXAjpDfgKKCWCbPVvyhio5J9zQC8yZj_GyLZekxaqPDEp=w300-h225-p-k-no, https://lh3.googleusercontent.com/grass-cs/ANxoTn0GqBiGkUyKpoKsWWidTUsT5gPDznXUbqltqCBuN3NLBHec1x5blObANfemQ0NA0PfAWc39_NiluP16q3QpvSKfgjdfgeP18LuHpuEcmIy1jz8T_irSBheDtQzS5VAv62uel-Z7HA=w300-h225-p-k-no, https://lh3.googleusercontent.com/grass-cs/ANxoTn2cR7VaeCZ1bzrfe3pmy1XvbKjdIO1DGOY-OBCy6vY8jgh8W__w71WDen2nrSK4buQoIZhGstATWdrzjmPTPs8j1IKBlwILNOxbOFzMUcAcF-Cco5YIL7ERbiKTd9kpKp0EAebo=w300-h225-p-k-no, https://lh3.googleusercontent.com/grass-cs/ANxoTn0ZgfnK99E8oHuxBBJ94fsv6qDIGqw4_Ies1Eq5zo8PH3THMF3guLrSQA1bTm57X3bHz_nriixt253T3gbvXJMPIcZS7NM3tLP4goiOZ9ZbUhMi88HfJb7Vgv6cPrxT_j8r6aKt3A=w300-h225-p-k-no"
陳鉅元,4,1 年前,"店面整潔明亮，空間乾淨舒適。

餐點中規中矩，有評分送肉片的活動。口味稍嫌重些，吃到後面有些許鹹膩，叉燒大方大塊，麵體適中。 …",https://lh3.googleusercontent.com/grass-cs/ANxoTn0u7T65FB_wkLG51lvWONwJiQEtDZLTGWbIwaxzIMmB88hjzds9Q3xO0Q5-_51Llff_ILm8j5XJ0ounYyYtcB3wY8jLZuOeGLsLqc8ycBAnA1kvRQrtWQjr7xXKR82x4ySah4CJ=w600-h450-p-k-no
agogoer,3,1 年前,"今天點柚香雞湯拉麵
柚香融入湯頭味道清爽不會被遮蓋
雞肉軟嫩 …",https://lh3.googleusercontent.com/grass-cs/ANxoTn3CCjoDe9HaSr54I59edeLIBXNAe1d-rM2TPXAjtScYcX-AG7tQGm-SkexDQ9WKg7cc10TqKAttKOkxsuIBF69omRnrvCCZ90ezfb5Dk7WGQDX0N9W1spFGFQhFQvEEyTqZWi7c=w600-h450-p-k-no
ch Wang,5,1 年前,投幣式點餐，操作簡單易懂。環境乾淨，日式風格陳設，服務親切。湯頭看似濃郁，卻爽口不鹹不膩。,"https://lh3.googleusercontent.com/grass-cs/ANxoTn2Sk0c_qmjC-01-TUj7Phtw6JLPgF6LYzrWwMCOJExMPgiDEei5EiUIYciC7hmF9zs0xsMcRr2CGq_FelUMnKZYDdUJ38IB6mt-NWmLOjcV2DfLoPTspy6dcaNnsrrG6_80SKWr=w300-h225-p-k-no, https://lh3.googleusercontent.com/grass-cs/ANxoTn3Ftb1f6TIGnzY8yFFFQyBJayVdH_1nMLxGxarrK3kbn9FOts3ecq2qzeF3XfnKvblCQcIStNDP2kX40C38teRF_G9vQpc8VleTgTrv8LPJSAKt5ypW5D3WkEhCCql0hZve5-65VA=w300-h225-p-k-no, https://lh3.googleusercontent.com/grass-cs/ANxoTn19Z76HjWnZoE8prRjz4AylA0GTm_pJak42a3B_j3q1NSMda_louXKRynXC--I-7KbO6Ido4aaGZfF1oYd4PDT5FYZUR3n6xg3REHOoB3g573Vysw5dqRQ9NxzjCQDlAzhaSASC=w300-h225-p-k-no, https://lh3.googleusercontent.com/grass-cs/ANxoTn3MBFI8ENigU2yurR2ZYejgIp_Bnb-FQ_p9vjSPksJg2yB_Q8gwC_geMU3kUgRrP_tFFgxdRNau2rkedWDjbDw2bY2oFRpx4PoLgOeiYtC1HXG1BMHdAgt6yoAt-9ZnM4E1MWiC=w300-h225-p-k-no"
Gibbs Pan,3,1 年前,"湯麵都不錯，肉盤也有特色調味。
但是個人不喜歡在點餐時客製餐點內有“五星評價加肉”這個要求顧客給五星評價的選項。","https://lh3.googleusercontent.com/grass-cs/ANxoTn3FZcXz71dNqs_m6GpucvJyPU0B6t_fPQKIt1Bp4hUMnyGns3vjjAb2ed-2DbFNVOuUwBNYaEwagkxARK-3zPI3ebNOPOAzcVmJlqDUQTx8CQIisbYPKgEp1s08CPRPlA8_zTDI=w300-h450-p-k-no, https://lh3.googleusercontent.com/grass-cs/ANxoTn181S0glcF4xwYmq4ArpfXb1AIGe5RZU3N3_5mb4rhrCYZ35FxsLaCInxMbP_ErR7Ru67Ra7GLsEJ6PKv4lGxV1kqZG7mTWbndE4Ku5-IIErO7C-J_US84IUAu0KNdZeq-lYJ5_dw=w300-h450-p-k-no"
Robben Liu,3,1 年前,"不知為何舒肥的雞胸肉還是稍微有點腥味
溏心蛋很好吃，充滿了蛋黃的甜","https://lh3.googleusercontent.com/grass-cs/ANxoTn1wPT9WuVlvg96ajY1rcbaDAbKsSQFZJl_rh9ADWWR7aRXVpFIDjo8vau1ASYTq4XiNjvmi8seHhhQY9TZPqPXbHt3li49A5sRBp1J7BgX7lI2PvjLteyZIITOEb190SAGNkTA=w300-h225-p-k-no, https://lh3.googleusercontent.com/grass-cs/ANxoTn0wauU9MccPr0QeAqqpLK16DYxtiU14fqNbYlIqgaZ0SfB0cQonhTwpDv0d2QIzyAfQriQaLiBP3UlwjOccwQdjloxUAyB3ZWkU3lc8R4x3VfwCpT0H3mqPyOLZKgs16noWyyKGgw=w300-h225-p-k-no, https://lh3.googleusercontent.com/grass-cs/ANxoTn03-AwQ5or-CjeZjXKDX3Y4hHCjR7PiiYrNhWMmXTuXyNQqe-rHugUuC3vszwI-6YuMbKVQa7ux8gfuv9vQWblXagQHU9zMNrLv00dd9Z7Ff3AgvE7f-D6-bqjCNDJEDB9XP6dU=w300-h225-p-k-no, https://lh3.googleusercontent.com/grass-cs/ANxoTn3rKhCrlecBFblOMHuxlPfbI4ZzvZ2ZTByV3TfXa1IoHQHPeRtEUUetIKe2JK2sT3r_pB9eYQZTkiGpxnYkflNwdaSyDPzKOK0-UTGhCIrqULCHvEXN0wEdmI4W6CT7zL2e3GGw8w=w300-h225-p-k-no"
Shih-Lun Wei,5,上次編輯：1 年前,"我覺得鹽味黃金雞湯算普通，沒什麼特別，就是清爽鹽味帶一點點雞香。
鹽味豚骨就厲害了，口感超粘，又濃，肉也非常好吃，不過我覺得蝦味和柴魚味太重了，有點壓過屯骨味，我覺得豬骨再下重一點，柴魚和蝦減少一點會是比較好的平衡。",https://lh3.googleusercontent.com/grass-cs/ANxoTn36UWeEEfV4BGCxcTzBe2V2OX5PByX7BGlfdZP4556WDqHKHdLg54jxKU1uGVRM1zmMuUia1BwnO8NKKywbslqzKxo7oWogY_Cp-n_Z9sEhfNJJg82aHM5Ethv9kUEBZrKBBHD5=w600-h450-p-k-no
Tim LIU,4,1 年前,豚骨醬油湯頭風味佳，麵份量較少，拌著湯頭享用幾口就沒了。舒肥叉燒的肉腥味較炙燒五花肉明顯，搭配蔥花入口會比較美味😋 …,"https://lh3.googleusercontent.com/grass-cs/ANxoTn3dkrFyHJlM4559b3eHWDap3583lXt21gBCEO4m_4_fgBXn-VnHC39J71R0Y3J2DA1_KVWEbi9NpT7A6f8OZeHMCM9-CYKcO1ZP7njJ34OR6OEEwqRm_31kdCnohFAWQdfVXHCd=w300-h450-p-k-no, https://lh3.googleusercontent.com/grass-cs/ANxoTn1twewzYIRP7tB9et8-wPbW-AhfNxyu971B9Aw9BwsstgOmgmtOoWyZB3rlgCs-bvTb_0dISA5ie3eNy4jU_2PRZSiHZqZ2gskUNYG_zaFuy4cBJIkE0HbSuz2uXimITpx1wzY=w300-h225-p-k-no, https://lh3.googleusercontent.com/grass-cs/ANxoTn23kVSzezO2mT2jHUVYRZ17GiL9pH2-51jpO622i-EVCBN0PDbghJ_00dJPk_NT3WWR6LgZQRx2SBR4ISbVh15y9cUpzuHThg9Gt5aGnMi-ImoD6hJIXkn8ikO5uJewdU43Hf5gTw=w300-h225-p-k-no"
Olson “Liu” Liu,2,1 年前,"環境和服務是好的

但.. …",https://lh3.googleusercontent.com/grass-cs/ANxoTn1JnhmWWSOq0ZhSKpWQKPzpq_oF2AvJaadXKFVNZP5MbsEB2Pj4furA01L_gZF5ryKVVthPnlrOZPfMf2G_1wgQ-TUKk66H8Q7Ock86A0VMjHlUTO1pTelYKol-qHRGVUXSyNN6=w600-h450-p-k-no
Lesley,3,1 年前,"平常沒有特別研究拉麵，今天突然很想吃雞湯麵，偶然路過就進去嘗試看看。使用食卷機自行點餐，點完後再將單據給店員，然而店員可能偏忙碌，我在櫃檯前站了一陣子，他都沒發現我。點了基本款的鹽味雞肉拉麵兩碗，一碗加辣醬，都是選淡味湯頭，只能說還好有選淡味，因為對我而言喝起來已經蠻鹹的了，搭配的雞肉綿密、叉燒則無記憶點，溏心蛋不溏心，口味上來說算是吃過就好的店。
可自取冰開水和餐具，有附置物籃，也提供洗手間借用。","https://lh3.googleusercontent.com/grass-cs/ANxoTn2j1vbURp8Eocur68VERZ4fF9AUXSfbUllYKOF5t0I_ynkUe1aSavmI5uujjFaGl0gxSZM_kGuq2k-ALI2s2evgLbvrsGX-gdqglC15c4oIeHziEGofTks3PLQwv10-YGLyXmy1=w300-h225-p-k-no, https://lh3.googleusercontent.com/grass-cs/ANxoTn1dNdl5txcAT5terptloDjVvpdq9sjMjmn61P1IIo8rZstRLzMaFXXEqxIHNtQPZvUvO5noBNrXkkSZhM5zW3aVXs_h6-ibDVpFsMk-trEiiAA8-58iUYPspkwcOQKdBIqMMvUc=w300-h225-p-k-no, https://lh3.googleusercontent.com/grass-cs/ANxoTn3vtzHINy8nHVI1g_UFNRIDG9cGWn-2HJ5A7v_H1U4p4OmfKOqQJIMiKbxPznlz1bdQ4oSVZZMYRDVIqCFz6l_r1IMRnNhKcJhdaHUXK55KBaj4SaenqKvWBgKfpdmgzjGgKx6u=w300-h225-p-k-no, https://lh3.googleusercontent.com/grass-cs/ANxoTn2TNCaRQdm8et_fXLhpAh8byFIDnqfyTWki9qomw8C_b0AtcBlpLPKvu4mNpuEXpRT-6vakhUmCeELLebJzCLdRlkETERwx_D4u6pxCvnrE1DP4WrI8ZdC9r8m-XMQtK9IW15maZg=w300-h225-p-k-no"
Jessica Chang,3,5 個月前,中規中矩的拉麵，味道份量都是剛剛好，沒有什麼特別，真的如評論所說，店員戴的藍色手套拿了酒精瓶抹布擦拭後沒有看到替換接著食材擺盤有點瞎… 此次服務態度是蠻好的👌🏻現場人不多～阿對了米飯很香算特色！？🍚 …,
Paul Chen,4,1 年前,"跟在日本吃拉麵一樣，門口點餐機先點餐現金💰結帳。

空間寬敞清潔整齊，落地窗明亮。似乎少一點拉麵店的溫暖熱鬧。但我很喜歡這樣冷冷的氣氛。 …",https://lh3.googleusercontent.com/grass-cs/ANxoTn0XtN5AbvZc49BDvB6zoFxcHxAQxiT97UAjI6fdJwyaDifjtAWAAH_nRxtA-ac7hv0LZ1PPVXsgw5Y9uh-9r4CTx9AhTsEeJVsBIlSbBQ7e-JWaBvCI9k6lCYRafy-Jbp26LysJkQ=w600-h450-p-k-no
YW CHEN (麥克風),3,1 年前,"溏心蛋的蛋黃熟度控制很好，炙燒後的肉香味四溢，麵跟湯就中規中舉。

看評論有五星送肉的樣子，照片裡這碗320搭上這個肉量有點貴，靠評論加肉CP值會好一點。","https://lh3.googleusercontent.com/grass-cs/ANxoTn1RUN1rY5mDSEEr_6MRoc_iugGTVy8B3t_63_dxJ_LgIpO43ODrjPAHxr7YkwtzpzJZ6jcfXNv_iGM2sFML4lFWGaDdhbqEcAKWtvJF3YQXx52SLwolMk3j0ZeaYPHOjhaJcvuf=w300-h450-p-k-no, https://lh3.googleusercontent.com/grass-cs/ANxoTn3yNwjSj6QdvrNR1yOUYN1SayVV8HJHF8JlhLTWnVPDC2woCf8nxe40pCIgoo15c65EfWl6KebFgJyQabVZpUB7hXtTmlCjx3ZIWFWQarVKg3VHh4VrgZuNUWAROOn9qSDmAXNn=w300-h450-p-k-no"
Sophy,5,2 年前,"🍜豪華鹽味雞湯拉麵：加肉加麵還有溏心蛋
淡的雞肉湯底清爽可口，沒有拉麵會被詬病的鹹或膩
豪華拉麵可以在完成點餐時，跟店長說要濃或淡的湯底。 …","https://lh3.googleusercontent.com/grass-cs/ANxoTn1BrDVvtTp6Zj2KE5z0HsJo0j-qe2Tqp2Jc5Aa7d8uul4rzRF-NLrD8eCHfPj-JqrJ_rIEzUVOdbTQ6z9LBs1pEGh9dhkkyygGbihacYyjg-hLWYovL-3SesiM6Lh89Qgz5uE2ZdA=w300-h225-p-k-no, https://lh3.googleusercontent.com/grass-cs/ANxoTn0q1hzhRrqorkWBimMTvRZAYApOcLI6Ogx2jEitdfwTbU8B-MMx4liWUYN7VJnjGbLmsceLsoPFi3iev07Lwk7wIlYuLiXrtEXk3M_DiyckFkIEQTsRQLi0lQqSmeHjfo8vnRbX=w300-h225-p-k-no, https://lh3.googleusercontent.com/grass-cs/ANxoTn3wNmwV3nyodUax734n--f0B6F16y4cm1SEpjmHUlLKMxMkBT9Wh6SoUqPH7lPOulntWk6YkgNEMPTsDby_NycVzH01tJmYOZ1a1a1d9-cw2n6q7gTWgOZee-wK5_6nkBUgSHfcZQ=w300-h225-p-k-no, https://lh3.googleusercontent.com/grass-cs/ANxoTn36qckD0H-RT28BhoespUNoI_xDZ0nAD9tSCt2PfUS-tyOLuGD6TJ-hQKC6TmGjzPpfOD_K6Z8zu1uScB5NVZr2bgsOf8S7kls66Pdjpf6BqUOTGJok1Nkalx8q-kmsyMqNhlQ=w300-h225-p-k-no"
David Wu,5,1 年前,湯頭很好喝！喜歡喝湯的一定會喜歡的啦（╹◡╹）♡ 讚讚,"https://lh3.googleusercontent.com/grass-cs/ANxoTn39Amsar0nNVvP6sGQmDClGWGxELorPPSUu7F4-XQarvsr8IMZQumHyWTHpmoWx3fDm-tJmvYKEld0LeSDe4Kf1PNl60qKitCo0BiprYEICSqrul4yML495c8eaSa8XMCQnMmOf=w300-h225-p-k-no, https://lh3.googleusercontent.com/grass-cs/ANxoTn03emYHe13ajqeArBlPpInCQ6Y8T27x9cjEZDoDt3PQaaguTRmJZCKgoxsK9RLANmqFbVsEPmeBtJztRynkbPmjfq4s7mqnswZmwZWtLTYhTNlO_XLIrWkPXxxpnZ4VD408H0bYeA=w300-h225-p-k-no, https://lh3.googleusercontent.com/grass-cs/ANxoTn1aodW2v8vR9mXYmpWBPr38w_FqvxdxA1mTSOTLOuRLFD3UolTcwHLTEm6lceUKWCWhsJ82XEwz4fmcg1LdkrDIysAfQEPKxLWFvQL1kya--F77gBqk9jHf3aIqEWUEXqNUljmY=w300-h225-p-k-no, https://lh3.googleusercontent.com/grass-cs/ANxoTn21CpXd2W2Iz4W72vyXyryRQYwj0UDXqVgx2IhSUUQY6edJJoS1Qare57U-nW8XI3xAtqu6eM3L1AX4-oh4PEoZcuHM5Jr_M--DcyP0Geu2lNTo7tTFVoze_xAZ2N3A-bNpwzji1w=w300-h225-p-k-no"
崴,5,1 年前,"前台戴棒球帽的服務人員總是面帶微笑服務客人，真的超暖☺️，還以為這樣溫暖的服務在台北看不到。
他的微笑真的超暖超帥超可愛，我可能為了看他天天來吃😚
當然我點的拉麵也很好吃啦，還可以免費加麵一次，超值的一餐，但是餐廳有附自助裝水，可能不用買額外的飲料。
而且煮麵的部分也是帥先生負責的😳 …",https://lh3.googleusercontent.com/grass-cs/ANxoTn3czdcwkogntyHdvX-8zGnPNzBcKhopWDvmxeI-KSf3sJQDrk_kZ_6q5jncCCUUYjgZqhY5-vIwcqLSb8rZ_-8vc60FkQnuOhmA0FJBAvgQN5EtJgFkmgMwDkUmOnyr_9XfQFE=w600-h450-p-k-no
張江,2,1 年前,點的是雞湯拉麵，先說好的，環境乾淨明亮，座位多空間也大，拉麵的部分則一言難盡，一碗260雞清湯鹹鮮，配料給的蠻大塊，肉蠻嫩，糖心蛋也不錯，但這些東西就是搭不在一起，麵是麵、湯是湯、肉是肉，就像一碗給你單喝的雞湯，裡面硬要塞麵跟配料，然後說他是拉麵，可以搭起來吃就算了，重點是每一種元素的味道都很強烈，鹹湯、雞肉、筍乾......，吃起來有種違和感，沒有相輔相成就算了，連味道統一都做不到，不值260元這個價。,https://lh3.googleusercontent.com/grass-cs/ANxoTn3SlzmJ7pD412gT9ks2PE1Ftb7J_7taq-haCqcWaJ65UpQyV_4fWGT01ZL0okjdNKXGXS5ZCoEzwZSzuEibdlMaduEdjPeppdIun0hbV6Zr4YvkfLMm5_HVaGY4xNPLyqSNXTJvJg=w600-h450-p-k-no
Silence Huang,5,2 年前,標準日式拉麵湯頭，點了醬油豚骨，湯頭選濃差點喝不完，細麵有口感，流心蛋完美，有一點點可惜的是叉燒太薄，口感會稍柴，切厚一點或可改善,https://lh3.googleusercontent.com/grass-cs/ANxoTn3pyx9iOsqZrrPfti0AVKLQT99felS7ABDmOsaCLT0tT2orFmMkUHJHkniZ8b-MH29ZQ4xixV_FIzFs5nhDlH9lTO4JhNjqfRCIqqc-1skh3_RJcL3XR7oto2J59u4-wzxgG_MRdQ=w600-h450-p-k-no
Anita Chen,5,2 年前,五星評價送叉燒肉片，醬油雞湯拉麵，湯頭還不錯，看網友評論說麵條偏硬，所以有要求煮軟一點，肉片的話 薄叉燒軟嫩，五花叉燒的話有炙燒過所以帶點焦香，湯頭稍微偏油一點，整體上還可以～,"https://lh3.googleusercontent.com/grass-cs/ANxoTn0kqOiki8T1lIl3BcE7uh9AJZ2k2OwxlfDcrFUfEpZFcPpCJPxsmmPJH4KDKFRqV6nmT_GdKwI3XDP2-bDc2qGmIi3FV0YxjnoYiwjBf_bodFqXpe4-y3rbmseljYVS_hr8481k=w300-h450-p-k-no, https://lh3.googleusercontent.com/grass-cs/ANxoTn0i4GcFgcoK9MV_BmVhL0rXbul6u2QdPqL5RTZD-4Q88bvzm86QUWJ_Le0HvKdHlCGqnwR3CawlKQOXQZ6BQvE-hAb1Ew7hQyiE6CF-yDkuPdEagPOmnCRXmds0exFEdy-0RSEy=w300-h450-p-k-no"
藍雯馨,2,1 年前,服務不錯環境乾淨。但拉麵真的沒特色沒留下印象。,"https://lh3.googleusercontent.com/grass-cs/ANxoTn1ah2LRhLefTOTJGOeTTGs3wjqOUgklX_0ZTUpxnFnjqFsl1L3mVLVtBEUqhI6wppUotuoTJCTyPfsTSHZEYzxs4ICP-ehLbPlHDyWGO5GuKdjlmUiB6XVn_6gHe4_uCrvs2hfXjA=w300-h225-p-k-no, https://lh3.googleusercontent.com/grass-cs/ANxoTn3K2C2AN5JbdxxeHKNL35bODcp-mwVwYsoAHnuqO4CbbYC-6r0r70TWaLQWBIOVWfkh29tJS73uhTlNzvwbWkNONnivoBm8suWUmYncAwcjBiQMQA0NRi9MIeG0K_rlZfM3G1w=w300-h225-p-k-no, https://lh3.googleusercontent.com/grass-cs/ANxoTn3PCzxABra9vNrIahEJ2g3PUZMglpBudtFLq-vAWW6bkswk16oUJKA87feYFU_T1Lig-oor0i3RGWQNiBUhvCPsLUSc0I35EQmibHfdL7iVVCWB5NbhMB8OiymonZiMN8pL5jPEMQ=w300-h225-p-k-no, https://lh3.googleusercontent.com/grass-cs/ANxoTn0IwITDRpDw_7UzgWVYNA80nUUc3X8PlG9C58gTezRYGOVQuZwB4nJb-9qF-OUMvJZQK6NI5oj8rq0iyf6WQ49qDGYM7i5I0T7RfqyCYoYCNrIY6BbgacQHVVnNoI-hyCeHMTxP=w300-h225-p-k-no"
之寰,5,5 個月前,在對面的中醫不慎滑倒，老闆似乎有察覺到我們受傷，主動的關懷跟拿藥給我們擦拭，我要給這家店的服務打100分！道地的日本拉麵店，隔壁就坐著日本人，看他們很熟悉的用餐，應該是常客吧！,
高瓊瑤,5,1 年前,環境舒適，自助點餐簡單明瞭，口味輕爽鹹度適中，坐吧台還可看餐點製作，好吃的拉麵🍜 …,"https://lh3.googleusercontent.com/grass-cs/ANxoTn1apvvFbMYSXc4JjM6pcnLvNSALls2LvFhsXFWq7bm-kwoRggZc0_vBNzCAcYYt0R6-iWUOiF5U9daGcT_qDqybFbhyKtRvVITCGYJzE0gFUYtxVuPF2pBGPo_YlqEah5rT94c2=w300-h225-p-k-no, https://lh3.googleusercontent.com/grass-cs/ANxoTn22h48SUd6i3SIvErk3uLzXp_kbW_Y1s_1pzvahn4xLsLsf4PqRafKyXQSV8hqS0Fl5A-wtL7SMajDwOWADfwqa2HHs1LIJS-NSR3M2_N3lbfqlihauXaS08uXrj6ifDlTDb6M=w300-h225-p-k-no, https://lh3.googleusercontent.com/grass-cs/ANxoTn3gE3LZkuwSYcVtJmzyissqarZ_HTphaG2MmHTLNcg9KFl54LRMgxiiQGzZiH1cMtPjW81Fg8ptHNkG33hy1onLNxg_sicaJsbtUCqoUeQ-BQagOWzQeHP41nKOsmHT1dG0Az4c=w300-h225-p-k-no, https://lh3.googleusercontent.com/grass-cs/ANxoTn2Y1k54hMJRydORzOcDJUqTvAGkAweJZgjkokdFiEeDrqiE2woHSrXCdhSzyoeHuVgRB5OutQDCKUKtypqmBdkFvtt9N1jH5OlROrSWejOUSMF1ZBKbsvJmityr5vwMp6jpNMxV=w300-h225-p-k-no"
Shi Yin Chen,5,1 年前,"豚骨湯的味道很特別
有一小塊一小塊很像油的東西
進到口中會馬上化開
可以免費加麵一次","https://lh3.googleusercontent.com/grass-cs/ANxoTn3caciDYJNhrqNHZ4Vu-jiZRH9bEwiLJgcXjDZwI0cOBoUIySVEiYSY21q8_vJS4R5G6RBYl7La3yvlCL60m4qS8xDeXiHNYQKpGO78pku2M4e0ok9qT7PSmvNnXhdpfzOCYmy1gA=w300-h450-p-k-no, https://lh3.googleusercontent.com/grass-cs/ANxoTn1aMPanqXBVdK7rxh_J7bqdhrWvQLRysDjjzaRyOpyhFP6Z8eoMsabi7atLSgkbN5s4-ea_XUR5yZvpLBvSwfsNnsG7QP90WRkiiOChSJ_bZNLROzuiPvuNAz0wyrV0BpD_w3DL=w300-h225-p-k-no, https://lh3.googleusercontent.com/grass-cs/ANxoTn3M7M_8Z6ytA8WdOXKlrMqOMJwAifLGeyQ-pCa_p3GEBWK5mbkSz5FES0DVwR8YR831turDVys2-HfVnKcuu3h9Ab6f8o_Wu5JziTrNxAveRpSl0lBVXD_ZNUFGpTYamP9EjrUMOw=w300-h225-p-k-no"
黃晨暐（wheeee）,5,1 年前,"店內現代乾淨明亮放著lofi音樂很舒服
非傳統拉麵店一般擁擠
這次點雞湯醬油各方面都很具水準
適合日常享用",https://lh3.googleusercontent.com/grass-cs/ANxoTn2U674PCff7SNagnBTrURuZjSlvn6k8P8WSZTk--jD6uTG6TushbTavkRl_4NsbkbXiP7N1EmGxXHhbMkCTq_CH87MpcbaF-5pBxH8zpCzdTlG-UwVxxVJTJGJ0wlF77CxZqcw=w600-h450-p-k-no
Paul HUANG,4,11 個月前,"不懂拉麵
不給太多評價
讓照片自己說話","https://lh3.googleusercontent.com/grass-cs/ANxoTn2B1IBl9spcwCBv-K-hAyz4hKNnEd2Co5cJqZRm7iosc0ssHqVxPsX-jvjTifskr8P_N2POQVtZM9jjiVVocSH5EyY69Wsa24nIVw38g1HmJR5Pl5grQxQYnz4PF5mvy2jaSsrqIg=w300-h225-p-k-no, https://lh3.googleusercontent.com/grass-cs/ANxoTn0vML_0Zo_1KlLuVQqHgs-8Z0jeVwWzSiy2fiX8FcmEJrrgKa-Ca4dLuvIWoghxPqaDl3hUeIto1MkTqhtycnbcwSP72iXuYmN2N1mNrbKOjfkOHH9jEGTT07HqD1AktO9sQoEpxg=w300-h225-p-k-no, https://lh3.googleusercontent.com/grass-cs/ANxoTn0HNdyK-3PSg7YuMp_7vW8BJ31ZiB1fSNvuSqQ4p_WeP3yG5AfLgBTqIJaBsdtZ9mIH8Q9T3mKYoL2Hg80kgIgcpAV5ThyopCi-2v7Ofo5wUVM8de9jVLZkgbfswS5MAngSdZ1h=w300-h225-p-k-no, https://lh3.googleusercontent.com/grass-cs/ANxoTn3cFJfjBpT3bxw3QaPP0Pp-4ocnEj7XreoXy5vwgq_B4Ch8sSOhfEg441jmb3iKfD4bItNPhIO8iHB_dbDbxdq4JfOu7WuQZg-78J75vPEzFDvq1QKX6Ppv0JUAnM_VGcKcsHVV=w300-h225-p-k-no"
Grey Moyu,4,2 年前,懶人包：推，環境很讚，拉麵看人，平日才有打卡送肉的活動 …,https://lh3.googleusercontent.com/grass-cs/ANxoTn39qXTk7MzvvWgpalSV8HEDHGsWD8SxL5sVWQCLKdYyyNypqE-wNBZ7rPaPujnMo9Kv3cjwFVumRiE32MKKTMOqAyO-b-4w6sfZtDGfgpuiSgE40oFPiJjP-uxx_0IvO_zV9XZC=w600-h450-p-k-no
Michael Lai,3,2 年前,長樂醬油豚骨拉麵湯頭比較像是真劍拉麵醬油豚骨不濃稠版，但是湯頭略微死鹹，爌肉和叉燒都處理的不錯，無腥味且口感不柴，至於糖心蛋只有鹹味沒有醬油香氣蠻普通的；叉燒飯比起其它拉麵店貴10元，米飯好吃有香氣，不過醬汁過少美乃滋過多蠻膩口的，希望叉燒飯能找到一個味道上的平衡點。比較不認同五星好評送肉，感覺在洗評分，店家應該要對自家料理有信心啊...,https://lh3.googleusercontent.com/grass-cs/ANxoTn25XCwcS-EwyrfSMNW6wL9t5OjP7A2Uy9adriIFZjjHzUmM5I3XS-zaxjAlpZ8igxmvjQBHCkYAko6aTcaXBwf0NGnuHqDeviIPi-7zVOsquzG6e-FA23tSvTs2wScyBv76Di443w=w600-h450-p-k-no
Zam Huang,5,2 年前,"點了兩種鹽味雞湯拉麵
一鹹一淡，都挺好吃的
豪華的多了雞肉跟蛋 …","https://lh3.googleusercontent.com/grass-cs/ANxoTn0lPoDLhWcJEqwIg-4lGHXUItdhHjD-pJP1JiJk3i6uKkO4FKTK_drffuh3Cen1vJz1pSCAn5SZM4Yplo7_SI9m9NgA4HILE_a9EzvAC1Ejqlu6YYiMvq_6CWehoH5PKvTOa1Uu=w300-h225-p-k-no, https://lh3.googleusercontent.com/grass-cs/ANxoTn3W31YFtM-BDu5Ev8aG5xOqinIfe0hn1T-gKYD-I-Zt9a4VqVqPDwjDpvGJUc0iCIa-ZPCXsm4EXlQOZOct2w9j3cDT41SWlHnKXczE4lcUiXiQFSSSJm-Xda_oKqDck4rnXaR2Ig=w300-h225-p-k-no, https://lh3.googleusercontent.com/grass-cs/ANxoTn0vqk_Y0JWCvC_gMQKhTuGo2dBIr3ZK6JnLufgS43pUpnx8YXyU5AlYgfK3aJ_FyNwLYbC16NjfOGs_n6k7YR_j69FvB41Yhw1_uwOdkjJXYoiUlo0Is1CgofT5XC1uK03I7rME=w300-h225-p-k-no, https://lh3.googleusercontent.com/grass-cs/ANxoTn20AHLpoeLniYJqy3_ifuEIa2MBdAO8EgFvgGJT7x4wOpgLmYgXdkJurK3tMO7dvjDsx-Mj5P1NArvm2HNEale5Jq-GXCI9jySLDr-hNpmFutpWtpO39ZpGoO0ymKk0ZwVmT4zA3w=w300-h225-p-k-no"
根根,1,1 年前,"招牌醬油豚骨拉麵$320
內用使用點餐機點餐，會有店員協助
已經點了清淡湯頭，但還是超級鹹，一點層次都沒有的死鹹，完全不想喝 …",https://lh3.googleusercontent.com/grass-cs/ANxoTn2zhcjhA2OlN2M9bDIqSJXpIqZmL0DEBWm657MOolfWzRpTmvFnUDyXdoxIWhGWIQAJZIpKuh1DvG1-FALjEr5y5lL-3WTSm-PxgQRCcRcP-1pPZ9aEgefYE99js_ThDayh033fcw=w600-h450-p-k-no
高郁蓁,5,1 年前,"長樂鹽味雞湯拉麵 本身有一顆溏心蛋
喜歡麵硬的 可能會覺得有點不夠硬
肉嫩好吃 湯頭不錯 …","https://lh3.googleusercontent.com/grass-cs/ANxoTn1PwsPgM5fBrUow2KIwgcPTbMhR74pQSA-bFD0UeoiVdO7g-BUvWe-4LfZNtSw-mkzwr3IEm3FTyHK_LlLwO9OsVswicPKn4EQP9fgNlmMltlNL7WXocSWP1IZCDyPEYSFpmRP3cw=w300-h450-p-k-no, https://lh3.googleusercontent.com/grass-cs/ANxoTn126swZ8E5e0SMjvBT865iM6k6W335DqW8q-QD7tUPlHW39QTOUxHc_Zgc_Ipj2KlXHCUjZ6QtbpPK288hi5qB97PRTBkB7JDnLqR3EeffKDlwMMGwSdW5-71v0ViYsllNoadDC=w300-h450-p-k-no"
Peng Yi Chan,1,5 個月前,可以的話一顆星都不想給，態度超差，上餐前不斷向我們確認餐點是不是這個，結果上來的完全不一樣，點440上來260的，不會再來了，體感非常隻差,
Thundias Wang,4,1 年前,"醬油拉麵 口味清爽甘醇
筍乾口感有些過軟。
店內裝潢簡潔明亮
氣氛很好，店員也很友善","https://lh3.googleusercontent.com/grass-cs/ANxoTn2R-9Mc9JdSS5s3ds_2oJYHr3PckUsrY3pBF--Aawdxv6tsTpC-flPnQNSpIVC4BzZ8d-gRylYcmpf0HOW7BbfM0B3o2yabWnKqMEXQthjf-NQbAx-Inni9i2k_gXokn0IPvUQQlA=w300-h225-p-k-no, https://lh3.googleusercontent.com/grass-cs/ANxoTn1QD8zLxn4BWo8cMvIr7_Wb0Ut79b977g4lyXOl0I21CttYpvPwUownDWfpPcadVyYOWY9H5Ja-hCsixVMsH-rmywtNZreJL4iCSPBQNTbYSacJVs7fsg8_ZGnLzdhsnYj3bKjq=w300-h225-p-k-no, https://lh3.googleusercontent.com/grass-cs/ANxoTn3ZvyAtlJV28S7u9r0i75hMEVgDyVMkq2F4ir3MFXPiGgkKJemVO8zqg9NoizRegzGN70TkVlPPZ1gBjY6aouQG-Q8xpWIsnWNapKvJ6qD44b34C809TSXMlPekXyZQqiq5I0Jy=w300-h225-p-k-no, https://lh3.googleusercontent.com/grass-cs/ANxoTn149m9dNCgxXyAwFlgMl5kFom6iXZJU1rNFGzbV2lgJy051trbLFQkX4Fw_PV2aXKZQ0gP1fknIUMWpm7hXNFl2hVwZnD97g5oyDt6APZ_3jNiDElzmCdUaYluHPCEGH8TI9Kl4=w300-h225-p-k-no"
吳思賢（Elph）,5,1 年前,"點了鹽味豚骨濃
重口味患者覺得剛好 …","https://lh3.googleusercontent.com/grass-cs/ANxoTn2Ry-lH6DhihOEo-JWngrQnRVTuLcxKJUEHBrP2r6YZ8cV7gJSbPfBcs6JtShGR4LArAqJLgOEtbvCSuSVYU_lJD-V5HvJWbHjO3PkpNhcqHQ-m25TjwJmPx6eBhcvhah0gddly=w300-h450-p-k-no, https://lh3.googleusercontent.com/grass-cs/ANxoTn2p_qts6XV_2rj4Pi4KQ06uM9uHRpNST7tgFltSAdZCA3TUFFUYx_6VdIbO-xjEjYAbkTSeT7oic-Y6099WHbKV0LaLS3Olyg4eWa8Rf396WXJ3M8DBcpx7WEvN-Kt0Dcem9aZEog=w300-h450-p-k-no"
烏宇農,5,1 年前,"五星評論送肉
原味豚骨湯頭濃郁，不死鹹，麵條軟硬適中
環境明亮，氣氛佳，推薦大家來吃","https://lh3.googleusercontent.com/grass-cs/ANxoTn1oMK3YyB84ExmcpQlVnJ7AVJlhOgfoXmeS0r_RB92KNdDRGSdSx7dXTznkXJztp2_-aNNYPaVdq5dz28Nnf6dvdB1l4mezNsPkkf1dJpl3KF3FjX9jZpg31BsYuTmBL34o7sDvxA=w300-h450-p-k-no, https://lh3.googleusercontent.com/grass-cs/ANxoTn3RChe8YiMZh5LaTZgupaecJTVO9bOlnTb4cHZepIjX4rA-uCs9rn3yrDlwPz3SafIsDRqzDegD5WyshMWrtEJ5tHjlqRg7MUXuOETC4z6I9-eRJq9Zgo6kE55oqj8NH8wi6qsf=w300-h450-p-k-no"
Amber,4,1 年前,"人的嘴巴和感官是很容易被養壞的
這讓人感到很困擾 …","https://lh3.googleusercontent.com/grass-cs/ANxoTn0xA708IiEPbRs3iGiEkHofqx5IeNa0R0_ELQy8EYT8VqK16G2wh5I8rwPH0xIKx_DNLkVtuVd9gLGX_phpOr7RSOmq7AsuFPCMTlDheLbFxGYzstSURbcmUTYxH0dTIDhoWSkN=w300-h450-p-k-no, https://lh3.googleusercontent.com/grass-cs/ANxoTn09NL92jZDbORggjUQjwjYIQbdzwcVhKHtwFOywgUm3SfU1i5_8NK3X4vK09azjdh4o4lG6zHhxGKvkB_o5wjR1YrsxMkOacrO4xb4_agNYv_m6LlWvAp31qSlHZtiC4OVD6Y8=w300-h450-p-k-no"
R LINE,5,2 年前,麵很Q 肉好吃 雞湯更讚👍 然候要鹹要淡請跟服務員報備 本人比較喜歡試中 所以要看個人喜歡的口味去做調整 我覺得不錯吃 …,"https://lh3.googleusercontent.com/grass-cs/ANxoTn3NQfYrQRAYyGZecP4rSsaSPz__gE___xJxguq9cGkNfj-gksnPjOTrK26fWhR5ZPoESEUavBnEHbUMmN7XgoSKBnxqptBkVn9m639LAMC69ToXODcTHJxehTgGx4jf0ffsnaeX=w300-h450-p-k-no, https://lh3.googleusercontent.com/grass-cs/ANxoTn2-ewCKWWD7SoMk67V44lLHPcDtREg3RaKD8S9eaCRxS308hAaodkcqGfNli6HNUEBSjlI2t3xe7TiNlS5LvSQShQUuNGPRqYen5CVSdTq1_L2unJruSUqPhU0CYXJbQDRtPUxJ=w300-h225-p-k-no, https://lh3.googleusercontent.com/grass-cs/ANxoTn0x7LI5myrglvi535c-u3oUzThwlFJNxTpd5zquG8Gc7ICMfYyBDLJnZiF-ZlayWTYQ7nJbuLF8f8WKOlelGfwAMWYhkeYT-JzztSWn-N3dPCsvVz3MrYd0OQaeg-dm73pOZkot=w300-h225-p-k-no"
Max Chen,5,10 個月前,"服務很好，有不懂的地方，店員會來協助。
細麵有嚼勁，湯頭不會鹹，味道剛剛好。
肉跟糖心蛋也不錯",https://lh3.googleusercontent.com/grass-cs/ANxoTn3PkbcNPalBuJ_1ef1V5_ZI_PBs_cwah6P7j2Fl5CwpakRix4J2y1u0rnoOBUnUE2hPoHI3pZBEYIcLgw6a8Nfi19lSMAApMtIhwMAaAl9nI4Hw-oYTRh8JP6fpta2a-QICXRq8N1gF-tPU=w600-h450-p-k-no
蔡昀,5,2 年前,"外觀超級漂亮！很有現代感的拉麵店ʕ •ᴥ•ʔ
鹹度可以調整，對我來說選擇淡剛剛好！沒有負擔的感覺～
叉燒有雞肉和豬肉兩種，調味都很好！
現在有google評論肉加倍的活動，超級划算🫶🏻 …","https://lh3.googleusercontent.com/grass-cs/ANxoTn2qw-1m5332nrCZJZn03yquscNjImnh3kyAjXC06iqI6_fipJJ9fuS2K4RE4exyUi8mXVRxjKQv_R9dJNI4Zi6uaoc17ZAHhbwSxTgXVXpphOmjRBqe39o0d-XMQy_XqkdsSq31Ng=w300-h450-p-k-no, https://lh3.googleusercontent.com/grass-cs/ANxoTn1oVd-eNcHmpMqwFqWKBVPH9ROHCvjMnh8nKEVyQ-skEm7bVjJsRoCDK08iVlUn3f_TRuq3BtIcoW467IJKkKzyIzxWkBmqqeFAW5a3g_ptxESI4l26c6nx99LYzymCixVPV6-N=w300-h225-p-k-no, https://lh3.googleusercontent.com/grass-cs/ANxoTn1Ye3aBUnNh6BMnb5Dklko49r_ueLdzhcCMEp0DaAgz1B6e6wV2VMZZVss03kera6JAeKG3uh6gPZuUqteu2KDNSc3zSqlnx28AUPUMb_G-CjMVCq1noY10B7x4rjgxFVMVkfyiPA=w300-h225-p-k-no"
KW,3,1 年前,"鹽味豚骨拉麵比醬油拉麵好吃
醬油拉麵非常的鹹
吃到最後會覺得很閒很無聊 …","https://lh3.googleusercontent.com/grass-cs/ANxoTn3ym8ZfRbkdJPMwpdLXvyCjrpXQqQRuOZVcDlhSPoNUa3nWPyG8NVlpoYKQD5BRlHcPXpFO4iHZdwJ51aAbU_8IeFc3RBxVRfSQA2J-G_lY0lFh5b5rpM03230BCKyihiVMm1Q=w300-h450-p-k-no, https://lh3.googleusercontent.com/grass-cs/ANxoTn3yVRO_pTlNm1JoTd5H-QwSXHik73oDRCa2shP20vSKKPMGp9H121u_D0pKBiGDhtTjM3iy90Uzi64KovQ7sO11RMFkVWn8AcEYMHK0eO1nlyBo89jVKfieUprTkwYYiSKM2zOSfw=w300-h225-p-k-no, https://lh3.googleusercontent.com/grass-cs/ANxoTn08v74fE-9RnZgC0O_WFeM8HC0R5gZ6MvSaJf8gAfaGuWY2IU33x_E_GR2sXjuPMBsDAZzEDreCVYsJZuucx0xc3TxvhN7VmH04UEJM9-_npkVdFQW5NQLZdfYnUJPV40i33Yqx=w300-h225-p-k-no"
Jim Tu,5,1 年前,"Delicious ramen 🤤🍜 , the soup is seasoning (the soul of ramen) well 😋, the ingredients materials are also fresh, they provide a bar style dining (comfortable 👍) environment, while eating you could smell the scent of chief processing/cooking …","https://lh3.googleusercontent.com/grass-cs/ANxoTn1mbzZwhV5UyRATIvpIxANA5q07sS2LXFwgotFSOnyXZZmzSC3gaN8_nLLh_TBletpsoAN2pM4OmPZbkpI3Y4PPhLIb2KcDmXIEbocaY6yWVU1gpYz-HFCHCYCLO_eRM_HUa0dU=w300-h225-p-k-no, https://lh3.googleusercontent.com/grass-cs/ANxoTn23ZijNzbJ0VizULdlcX3XJ7k7W_McVKiZez-PyLTXQleGwiG3BKda8B4ARr6NrcyM95JwVRTa-j9cej2DoiGmP8dnMlf3j7Qq9RhTrp0gCfZm83LWykX6I7yezV-sR8ZdERtuf=w300-h225-p-k-no, https://lh3.googleusercontent.com/grass-cs/ANxoTn3bQHINgr8GZTxxH_l-643MRVbyEAhOe2FL3TH3xEQy0RKHnIQvdSUQsMaM9_IFlbLUwY_l8CmBkZMv-te0p-ovg5YX47AT1OvkONJ2zHe1X2r4vrIKUHQLl2tx8SsPtC84uAI=w300-h225-p-k-no, https://lh3.googleusercontent.com/grass-cs/ANxoTn26m_2qOY-SsTZjA5MG8Y8EwqWSbyjA02Q4eBXUIjDcZmePoDXsKztggZYdh8aOLVRIgUeaKneb2QWhxJmi6zJK0WVeWQJhtLVuL5yUCk7_GqrMNvKzSRUwCAmsisiCsSgoadJMKg=w300-h225-p-k-no"
Michael Ding Ding,5,2 年前,"點了豪華鹽味豚骨拉麵和叉燒飯，個人口味較重，湯的鹹度和濃度很愛！
兩個人加一碗叉燒飯份量剛好飽足！","https://lh3.googleusercontent.com/grass-cs/ANxoTn11YPf5aMOqSoJu0Q4oeQG7S6DVoyrq0QKyN8iE9iwqc93INjgdo6tBoBkecOw1IHrwzHdq3K160KW3NxEsxWdghzF29L9_oJQOFZDIRvXUroqxUp-Fc-a-AKn_lf_kVUVYSBmAQQ=w300-h450-p-k-no, https://lh3.googleusercontent.com/grass-cs/ANxoTn0kDqKoYJ9tOcMC2hs_bXQvwgshjaynl7jLC-2vF82P3JP0plmNUsURaKAu1ybj7WAef-WjuEstfoZNAH_64h4__2Z7W2qWKMeTeu0B5lhfrbkllxwL_caGJDZSjULSpo7i4h0=w300-h225-p-k-no, https://lh3.googleusercontent.com/grass-cs/ANxoTn18ItC7Xsy4o7447lSPc19-dR0cLn1zS7hXDJXYm5d-881pspueXG_a3VzSLSCkv6Xvi_8Ydk3GaozMMAyJsbUpM2yrZlxLZLd2_tpgQvBwfjKRvjwz4oQeuLU8ASqaJwmXoY5s7w=w300-h225-p-k-no"
Feng,5,2 年前,"品項：醬油豚骨拉麵 濃（加肉
湯頭中可以明顯感受到豚骨的膠質，麵條屬於有齒切感的細麵。叉燒的部分應該是梅花肉，沒有肉質乾柴問題，其他配料也是和預期一樣的好吃，是值得回訪的一間店。
（好像不提供免費加麵 大食怪注意",https://lh3.googleusercontent.com/grass-cs/ANxoTn0JFsxXUdzt5H8QqoiO8itAyBmHaDyJxzv-vI4Pq326lM5-tDvMjucUtOAWDCtGFxyeTSb6ohUGfFzKbzTcJvVPWeTsUCTH27DqALhJ-m74qY8IrDAqfhy-R1cJusPe4S7htjQXNA=w600-h450-p-k-no
Vivien Tsai,2,2 年前,"一般拉麵店的價格，最便宜是230，但沒有提供蒜，辣椒，也沒有提供免費加麵服務，這都算了，甚至連冰水都要自己走去倒
然後倒水的機器下面是他們放menu的地方，我兒子還在倒水，服務人員一看到客人進來就馬上叫我兒子讓開，她要拿menu給進來的客人，倒水不過幾秒內的事，有急到要叫客人馬上讓開？？ …",https://lh3.googleusercontent.com/grass-cs/ANxoTn0f1rflpGWHGsI7nQD4D9bHnMrxbub8dMlCPf0nTTzoUfRIv5dx-LCm66drCK7OvtdXqOrGz5kCPZLtf11acZu9pS_8HetMINDoKZUHNn817gX0DZxmPwwpOyrGw7m0gsbIkBGY7Q=w600-h450-p-k-no
May Jane Wang,5,11 個月前,上菜的時候有點嚇到，這肉量。飽足，服務好。,"https://lh3.googleusercontent.com/grass-cs/ANxoTn0Y9YWKGmy85kn_H2fR921MecLH9ay7Zob4__LCO2tKnl-Bqfte7iw0zb_4hxf5GPsgohibWSXWdwpnoPac2mC6QQTmXqEdeKyBI31qaSllcBeJLiByDPKgGtWHTYvg0GDcpD9w=w300-h450-p-k-no, https://lh3.googleusercontent.com/grass-cs/ANxoTn2fSr1_3WZl1eFdIrKsMBo0vKtyt1PBkPnMohBlFMcZDqdQYqiNudNTmu_uos2XF64oodfMNkURE0dIwbWA3KduKzJRUjbKnPcdH1HnGhRhTjFeDQjDxDfPSxKIeobtQv6uMKwSQw=w300-h450-p-k-no"
Pat T,4,上次編輯：1 年前,算是對得起幾乎滿分的評價，可免費加麵，湯跟肉的處理都很不錯，售價以拉麵來說是小貴但這年頭台北拉麵就這樣...,https://lh3.googleusercontent.com/grass-cs/ANxoTn2q7wbSfgNlJi0d2gb0-4wpquc-AQtrym_9ORlMQc5FdeDde29CJNf_IykGi6CI96TdRCDSTUX89PMXGJRIG8IhXM7JHYkWLrZ2owKB7CNaYiP6zHvixiQ03K6t-dbdeZS2f6I68A=w600-h450-p-k-no
Dale LU,5,1 年前,"雖然採自助點餐機
但店員非常細心注意先來後到
安排有小孩的顧客坐方桌 …","https://lh3.googleusercontent.com/grass-cs/ANxoTn0FBim7WVkXxS090VJsDg5sM6l9dzOZIUAEu6KyFcrcLj8-_juq5t0i9M3ZkXfM-PKeUJEKW62jLNVmhEyN9xwR_0zmxW9f9Lw3UFWEVsh4ggjm9-65OoesEGYhISjfOZ_7n0mt=w300-h225-p-k-no, https://lh3.googleusercontent.com/grass-cs/ANxoTn0pnvJ4rORJF6Otx6w-wzgU8y0OMforInT5CcubqtXDSNCKs1zSu-XH_rQxOpxHmwCzv2zkakMkm5bOdp-kQbZ7DnJdIT96ig9GZMdkinqzcJScwpdlF-z8E2Zpe_XnWDZNHJEv=w300-h225-p-k-no, https://lh3.googleusercontent.com/grass-cs/ANxoTn0VMaSNJGE7R1I7I5kxolH51Zx2H_qOVXoA2U2DSiRQAS-NiPNAlzn9k7NMPfS11enfcmqVIvoJV4KflLtDc5LJj6ELme3JH_WMahv1lWScMIgcHuC7HxZIVjwp55fmuaRDSeZ1=w300-h225-p-k-no, https://lh3.googleusercontent.com/grass-cs/ANxoTn1vbgSKhwY_OhHDjk05a1nc6fwn9qKWQVTEbYnViwCM_zKGqEo7vUcYhBywj86LXnF1jC03VQOALA5rCLUVOBLVpb7gYSgbgYFklzQqi-p-d9i_sJ47DmI84teTf2-6TteYj7N_aQ=w300-h225-p-k-no"
Charlotte,4,2 年前,"拉麵價位 210起跳，今天點了鹽味雞湯拉麵，不知道是否雞肉沒了，送來時是2片雞肉與2片叉燒肉。
雞湯湯頭佳，肉品佳，但麵體有個味道，像台式油麵會出現的味道，個人不是很喜歡。
外場服務態度很好，店家位置很好找。吧台坐位間距很適中，不會讓人覺得貼近隔壁的人。","https://lh3.googleusercontent.com/grass-cs/ANxoTn1_WBQK36AHXXkA-tkp1bECRIz5TIPNOzZaRVWX2eOao2kee0R6EfZteyJQ-7dw3uebZdL7zA7U0a_UGRaollmnfjZey9o0dn2jBkWBvSeWknftZnJrz92Uc0FZp1y-iVNWx47Xug=w300-h450-p-k-no, https://lh3.googleusercontent.com/grass-cs/ANxoTn0Oa7OaJ_3AJC_h10ZQNMG8LTi7YDTq_Dr_nltqGaCOHcgqJk8MJ3zkKvUQYlAhf-TmirYJ_cQ42ScbMAIbTBNVnEKpDf8qORizoWGc-i5VC83zHfgH-ny9ow9NZmJxWcVTFVUq=w300-h450-p-k-no"
Mandy Lee,1,4 個月前,"非常不好吃
想體驗濃厚日本拉麵的千萬不要來
吃起來就是雞湯麵清淡版 …",
lockinape,1,1 年前,"招牌濃厚豚骨鹽味拉麵
不適合拉麵肥宅來吃，只適合過路客來吃的店
湯不行，熱度夠味道不濃，哪裡濃厚豚骨了 …",https://lh3.googleusercontent.com/grass-cs/ANxoTn19e_iRFj5oe9NSQiJ0adjKzBwzTI-nd5unbk0eJjR0yWShyfhOE2GWAFYJ21HduWb3qpV9CwmHhvxmEDaU7OYvaAQtWi3GqcLt-Nkcp2SyMVijeroIJNY-1pquQdRu2rGRUQQ=w600-h450-p-k-no
謝政軒,2,上次編輯：2 年前,"有五星評論送叉燒
味道真的很普通，雖然裝潢漂亮然後又靠著一些行銷手段吸引客人，但味道真的很普通，吃過就不會想再訪。
醬油湯底調味比較重，吃不到什麼雞味，都被其他調味料給蓋過了。醬油醬底尾韻滿死鹹的，不怎麼優秀。叉燒超級薄，堪比火鍋肉片，味道也不是很好。
總之公館要吃拉麵這家絕對不會排進前三個選擇","https://lh3.googleusercontent.com/grass-cs/ANxoTn3Z84JboYeEmrcCiO3vLQsnCez84CxD3pIMf05XstvYdHlkiJoUswA9RKARtjMyDN-3FPWN54P8X5gUpKykTd_kZZQfjmfZWdV2-lgWi58-zCstOzenBetT7pX3gww7XcqIuI5mEg=w300-h225-p-k-no, https://lh3.googleusercontent.com/grass-cs/ANxoTn054zJK8b2pzalpOqUiZDJeAk9p89uOmIJFeTfhnZBcEgDq5cDtlX54fftNW1vS3toDBBZPIYccim5m7zImYCkummxIaKONCTIf6XHzUPjIpK6Y3qxST5CfpPolljAa90SL_KRn=w300-h225-p-k-no, https://lh3.googleusercontent.com/grass-cs/ANxoTn2TKc4e5OjwivEPTIDCgvQED8tKGoehFMW04CRmX_R-s-quotzVyMDfhfCYqXbYcgv1K1hDRShJ5xXvx-X_7g3DgkdF4SU4ZAYWwoZ_P_FDHjduq1wN4UDPIfJcPq_hwd3caJel=w300-h225-p-k-no, https://lh3.googleusercontent.com/grass-cs/ANxoTn01_WzET7qD2sH24a9oNn5JPCUxJkKoLQbLfwplIsShLhS3VSPBAxANCR5X3AwtllNpE98pV37PrwQFvehEktETSVXQaUc50AD5ixKq7eMCyJxz4Ld3M5Ubbw1Bv6aPWZpXK6Vc=w300-h225-p-k-no"
Katy Lin,5,1 年前,"今天點了醬油豚骨拉麵（淡）
裡面的五花肉和叉燒都表現🉐非常好👍🏻
友人點鹽味雞湯拉麵，裡面的雞叉燒也非常好吃！（但我覺得湯頭還好）
五只要星評論還有送兩片叉燒 …",https://lh3.googleusercontent.com/grass-cs/ANxoTn2H9X1Lg9-pgbtE-xvkoTA8wfeNpO8-MEfEq4nS-FFE5ATJf2Hpaf7NZ3fj2r-O5-WJRl3DqOskf5bjKQc8Mpd8O2r_mvyGS8hfcnecCQVAvutt99ToV0oiLglEqQ4xopshn2Rv=w600-h450-p-k-no
C Huang,5,上次編輯：2 年前,麵是偏硬的細麵，配上醬油豚骨的湯非常搭，濃厚柴魚的香味很解膩，即使選擇濃厚也不會膩。薄切的叉燒很軟嫩，服務也很親切。,"https://lh3.googleusercontent.com/grass-cs/ANxoTn3Jca4xmc2Z82b0jofI0MN_dOTEP9NGPCcrXaxRAQM5fN8JNGtDLpV5bcQjzdzNNTOX5t-6yQyD_iqv3LIEw3pW1BFNnub-LaxNQ7C77MjWSqgh2OQAVIxZ8BwOhG6KcP4gI-Xk=w300-h225-p-k-no, https://lh3.googleusercontent.com/grass-cs/ANxoTn0IUWKmr7a_dRmLVunvsuMWV_5qsu7j9aFaPTVXd0MsuEMnQr0oTW9zWYbUuh7RKMXRx11IS20r7zc086rhpxWtA2ZBYnACa_LxAre58GgP5d3-_TPGmfFmv9JUnDDppuuLXP2u=w300-h225-p-k-no, https://lh3.googleusercontent.com/grass-cs/ANxoTn3mnQ8I5B_6v1JVHR3VdAOy6NmxJSsVWqlB7vxqOpEOPIUdTedtFBMfi8deiiuZa1MzGum8ZPDm9vlV_MYJG4fx16eChAxTfgRMfYfHBEl7ORbjTzbhtU_cKe6r1P1fHSdlIdds=w300-h225-p-k-no, https://lh3.googleusercontent.com/grass-cs/ANxoTn3DW53RJk-2UfXoaKZX4av1c9Hffi5FtaYDEySSY1EJHxfmXL-BiuNp3cjOvb0P-iqc5ZxSOQY30La9nI9oZm9KwBO601zll9zrVb3yeGH3en5sbyOvcuG37_1yLpCsapoOSNGV8Q=w300-h225-p-k-no"
紅小花,5,2 年前,"首次享用，看起來很好吃耶！
期待、享用後真的很好吃耶！
麵條Q彈有勁，值得推薦喔！","https://lh3.googleusercontent.com/grass-cs/ANxoTn1kV9_Z8uN7zJUPtDa8xi7JrvyhnwaC9oVkvXHrc40uuYJaop2eMd5_QV7tOBoOuFVTRy2djYMfAyD0xyJ0EKXJ_im-JVsGICG15S761nCHgj4xJLKvpj7AdyNkYv_C-arRw6st=w300-h225-p-k-no, https://lh3.googleusercontent.com/grass-cs/ANxoTn34IbaZZZ5QQfACIjuw5qx_ckB8_-2K3ZZr4pImXfw3Eqsd1O1N93IvGlloAfM0vCo-LKxNd5kVKf_v14j897kRiNTyjh7kjKP_vlt8-R5QIBDE7VOsEiA2Incz3zEWoUuX0SI=w300-h225-p-k-no, https://lh3.googleusercontent.com/grass-cs/ANxoTn1JYbOJfazl1wel0oWod2C1Cn7CX2YdhR4wgBl9bQMBLnwNXBta5zu4F1f90rnl3tCzNKYl7AsKq9BivK8c6e1PIlEoydDLGYA1cFRjGpej3WeKjnBkeZECDT4lC2Avm4Hbvx0gIw=w300-h225-p-k-no, https://lh3.googleusercontent.com/grass-cs/ANxoTn3HI1I8Pa8rV6ePVHShYr2P8L2fMrAFPIOmg8M0lET0mQ0xugQ8Qob7-5FXUqpxtug_tJI9kLHXLPzzfAOtsk_V0QeJgharm-Kxh1qGkVBLhjtY_vJDy6JyNVM7f-MkRYWxfQgV=w300-h225-p-k-no"
朱可軒,2,上次編輯：1 年前,"我點黑蒜什麼的，同學點辛味什麼的。
真的是有夠難吃，難吃到起笑，麵跟湯吃起來像是老死不相往來的仇人，黑色的湯跟政治正確一樣黏膩厚重，讓人煩躁不已！超級火大！我吃到後面覺得快要吐出來，超膩超油超噁心。 …",https://lh3.googleusercontent.com/grass-cs/ANxoTn1k409WAQmZyIjlUk9fZ_fgsH_JkF7S3AeYGRIvwCfC9KbLxgEHf3yHp08w4SyFT6x_PADEwbN-8-WvB_QIrRwUUSyvBPEIq2l54D55F9wOdrpH0GCNewF_7rTC8Yx0ykyHX71OcA=w600-h450-p-k-no
Alex Huang,5,1 年前,這次吃鹽味豚骨（鹹/淡可選）拉麵上還有淋上蝦油，湯頭很好喝濃郁香醇，不死鹹，我偏愛麵條微硬，裡面的筍和溏心蛋和湯頭配合的恰到好處,"https://lh3.googleusercontent.com/grass-cs/ANxoTn06OZTEN-GOu3czeYCGHw9c9AHo_hrJllmrE7j-TTlr_LFz4naRl-x0aIesFbHcBdkV-n9KJkkVJz3421VzBWVV6YJKAa2YDZxQLcILr7DJSVRU-mocBypoTYJzH-v0ec5_BzA=w300-h450-p-k-no, https://lh3.googleusercontent.com/grass-cs/ANxoTn0bTs9AYQqQ-xzw74PfN2CDkIt8MSGCYhNgPiAZ3smnecgysEnEnS0G-AD40AqHVjTNo8-A8QiXfMLIPdxZ6geHF7VczbUESULfS_y7KSIM2cC1gbfRVj0EUg9HzP_uNdnxvEXOhQ=w300-h450-p-k-no"
吳倩貽,5,上次編輯：2 年前,"店內座位約20來個，吧台區有10個座位左右，可以看到拉麵製作過程滿有趣的！冷氣有涼，建議帶件外套唷～

店員親切友善，主動過來協助點餐機使用與介紹餐點，店內有冰水自取 …","https://lh3.googleusercontent.com/grass-cs/ANxoTn2ws2l2BHeY0E0RqK5r2wPVzBNzkscMfTTynQ4BsRVCPNZBkDobELLJzin23U18eHMXLQsbCsKPV7MKLm2Jfw-Ktsxzm2CJJvkyVK3w4MnFGHgKF7ZsWL_TTz5IlMNZ7jt2ClKadA=w300-h450-p-k-no, https://lh3.googleusercontent.com/grass-cs/ANxoTn0PekQepK9qdfp1iTxq_ciN9ip3FqkBf2drSPfb5kScm4tNAiPEb3IBli1HsIYmOaF5mjvjyu1MuBHRRfKTTf-OeDc_IL2wTpPAt-ETau79dSlYY-W9FtPOvwRs11SsP3jC2d0=w300-h450-p-k-no"
王志新,3,1 年前,湯頭可調濃度，鹽味（濃）不錯，醬油（淡）的偏鹹，懷疑是店家鹹度搞反。炙燒叉燒看人口味，可能是噴槍烘烤，叉燒表面偏軟不焦脆，且個人覺得有點太焦黑，已經不只是焦香味，開始有一定程度的苦味了。,https://lh3.googleusercontent.com/grass-cs/ANxoTn1GaK-oqX03q74NvFmCaubQPpS-7RJTnod2aYp53ERVCAs4sz4VFw-u8rDWdw7l00KW9TQE74dtyv6xJvnx6Lva8tN0tT9WGh8BgB4bQIorJYurDwa7FVMlSyaJ0JA5f_p3sZRl=w600-h450-p-k-no
Joy Hayashi,5,6 個月前,"超好吃拉麵
推鹽味雞白湯
湯頭鮮甜 麵有嚼勁 也會附一顆溏心蛋 …",
Ryan Lee,5,1 年前,晚餐時段內用，店內座位算寬敞，點餐要先於店門口點餐機處理，這次點醬油雞湯拉麵，麵體本身是屬於煮的較硬的，湯頭我是選鹹，如果喜歡日本鹹的人應該會覺得味道還不錯，這次不喜歡的唯獨較薄的豬叉燒有點腥味，但厚的豬叉燒就很正常好吃！,https://lh3.googleusercontent.com/grass-cs/ANxoTn072dv-c8yWmDmR8cDTGa9U1oRKN6kjpz2OrQ0exqVj-dvoTju-aSmFQ2dx98NZy4eyIMtCSqwDnfAjfDfohe8P7Xdbv8bY9FSfR55yHJ6EWGU7UyOuN6MTAwBbpeoefVjbOVvL=w600-h450-p-k-no
Jimmy Lee,5,1 年前,自助結帳方式簡單方便，環境衛生，服務人員友善，東西好吃，量也是算蠻大，男性朋友也會飽哦，值得一試，推一個,"https://lh3.googleusercontent.com/grass-cs/ANxoTn2Vv1r0qRfAXkRBg9xh-M0cKKIVEZmrgev4nW9DBKnHYLWhuuLz_LRVInqECpTN7dAVHGSp4ybogYWymLD0ljPPc3Kw_sH5Im274pEirvj6HgotDAC8FFDcEIsOfrIGTvb5LwHagg=w300-h225-p-k-no, https://lh3.googleusercontent.com/grass-cs/ANxoTn2AEw3GFKFAQ2HAo0g7BbYQ00ixe3LbprcGx0rSYoXDr7TnNH4p-lfIB2w2HdJNeNbh4XsXJy89FoQ7k-SdvHniR6HHgKzjmk6Kgi2z8bXcXaUQh8KV895aIrsUcbVWcBWApDA=w300-h225-p-k-no, https://lh3.googleusercontent.com/grass-cs/ANxoTn36pIqoskOpg-ByOC8TIk_wacVDyVqLjdc5xqeYh53qBWYitnFHcAYehGaVIN_teDGISrUXalWA3QwGp-fnfDSSvv4Oc2mX3XUggLn1UkW5j82DYr8_2qVCaLl6oEkGlYXTjyn7=w300-h225-p-k-no, https://lh3.googleusercontent.com/grass-cs/ANxoTn3Yv-x_LLUHok640p9tZhHwTW0dCu_htoil2ZI1aRGyDgRvF9VKv119t5d-xR9eNrSKldhZJ8pFonreUGOS3DsYNkLwNAFXO0ws8gm50Z3dEIafK8hJuwabCCZG00R-O-o8-NH9=w300-h225-p-k-no"
宋大俠,5,1 年前,用餐氛圍舒適，工作人員服務態度親切，麵條吃起來口感帶勁，擺盤讓人食慾大增，味道更是一絕😌😌😌 …,https://lh3.googleusercontent.com/grass-cs/ANxoTn3PnshGvdkI5XPJXGg5hgW394yiu-rtbBF1vaq4dQjJ1-e5bidXKEBy7RM3Esh4Fv737zvJxbmT8CF9SkKBndBrZbxjjMoTk0wxu875cQNCXOkiNUc2_bsAwnFKnhAv0HP1Ixpn=w600-h450-p-k-no
Arthur Hsu,4,1 年前,不錯吃的拉麵，主要是雞湯頭，味道相對較輕甜，不會太鹹，配菜份量也很多，因為雞肉處理較清淡，雞肉稍微有一點雞腥味，提供其他人參考,"https://lh3.googleusercontent.com/grass-cs/ANxoTn3KshJ7PVeD_McIqa2LTQYCa9xX-BS82j4NFs63YSSna1wDayStpXI0DtR72mlR632EFgHv2iZ_nRQTPcapCpCcXp8kYIqTvio4MGZ2LprpZgklwrCwFPL87JfQSFiq8fBjPTM4rg=w300-h225-p-k-no, https://lh3.googleusercontent.com/grass-cs/ANxoTn2lJsL2dOBxH7yIZZ_aU6aRgGKaXHkng8RnfbEKjNUPm3_FKobvZE99dWjLrDkXEgYHlL9Nk1KLHiXq-_269aXyLR7vvR4Ak34cg2cRoTy_hC8nZgEbvOWpe84-qCY4u-WBZtZv=w300-h225-p-k-no, https://lh3.googleusercontent.com/grass-cs/ANxoTn1p_11ZpYu1rYyMNLs5LtgSwRK08r-KwB5Ppa2GwqZrw-iIKR7WroEC2qFTdhM8_pPoRzfrFhUIMlnKBJtnxtyCQu_NZQ45rMhk_GB1cKOHYVNeS6Gx4ricFkMETe_5WzHMOGs4KQ=w300-h225-p-k-no, https://lh3.googleusercontent.com/grass-cs/ANxoTn30BEoBWqs_0lIzeSJJH9U69aNIbjsCCjFOAWe7hxoywAXRyEJx49d4v6k5L7XBVKZO_3EYUizRvc629ccsf5ykNBbWkdm24-JgoI_zS3MR21KFqabdEb0jfOQ4eJ2GlQrWf-RM=w300-h225-p-k-no"
Stevennn,3,1 年前,"嘗試了黑蒜油豚骨 無蒜香只有油
屬於清淡口味 湯頭無濃淡選擇
叉燒跟麵體都普通水準
可加麵一次 但價格還是偏高","https://lh3.googleusercontent.com/grass-cs/ANxoTn00XdEc2kkI8ieG4Q9jwD-eAZo_bK_oWMa2LMWSZY04m9Pe1lHJrxNIi9I4PmECm6Ud6bvnuaSBinFeK3YMymJiTD2U38ZKuKyyHlx1L8aaOGBRKXGBBQuDQ3nzQb_NeLrba4Y=w300-h450-p-k-no, https://lh3.googleusercontent.com/grass-cs/ANxoTn3zbwE54Na86dLVxRpQeEkwXH5MtCNjd-rSunp7H7jC57e__zb2AZJahwdv7MGzpynEPDCwYOkXEE0PPeKLtX-fqR42FSsLPqxf9oiOWVUCemy-2apnM20NurpLt4AY7Y1-pVUDIg=w300-h450-p-k-no"
Shao Wen Chuang,5,1 年前,"位在台大對面熱鬧巷內時髦日式拉麵店，點了鹽味雞湯拉麵加肉增量，不燙口的雞湯，搭上鮮甜青蔥，爽口回甘。細麵條和較偏硬麵體，富有嚼勁。軟嫩肉片多汁，和增量超薄肉片，一次吃到不同風味。整顆溏心蛋無味健康。幾片筍乾就不值一提了。整體感覺是不錯吃的，對於壯男來說份量稍微少些，可能的話加點烤過叉燒肉會比較飽食感。
昂","https://lh3.googleusercontent.com/grass-cs/ANxoTn3vSPKKwoP9NADb39tgnbhaYMHIPBDjuACLU4ZvFYhX6bMqv1AErnIYUuSNhkaEWPNWQNOwf41_aW_Sl4GhoVwBxZK81Yi8gdPQSpoBSqSejQLn4-CVKQAqDfH3Xho0RZ6RLcVK=w300-h450-p-k-no, https://lh3.googleusercontent.com/grass-cs/ANxoTn0dePuYoU4sdppRmaSVvJ3c07TD4OyfrEOh4igs7IXAJ0Skhk0rQ0q9grBRNoW2dM6QaE9EiTGErcOzkNVlAA7XiFMg2lEuCGCItnpQlKZVVWH0sCfDjdLy8ZKBFcO48tki2jgSFA=w300-h225-p-k-no, https://lh3.googleusercontent.com/grass-cs/ANxoTn0GzpOg3DAixdbupNSfLRkxrBFcmWegrhiJLi9uXXm3XSN2ccVjYOl4DdU8UNojPiHuAmIz3dyb0-enqhz7PTFWLevyCisO6d95rRWdOm66FaenFXldoNfrhjBUwoCs2gGAJTE=w300-h225-p-k-no"
BigHaw,5,1 年前,"本次點餐：柚香雞湯拉麵，雙份肉

餐點ㄧ來先給個視覺享受體驗 …",https://lh3.googleusercontent.com/grass-cs/ANxoTn1-LAi_-ZLRWJat6QgRaCEe7iKWEQI5fwlAOOBCJ5rniBHOMZ-Eqljuv1QdBGXctqiqZotym1kYrj_6hzqTtzXPY7YURdBVOF6bifwiHlaiTRaahsVkWlo4eDNmDnDY11SNAQtFHQ=w600-h450-p-k-no
李德毅,1,2 年前,"老實說, 挺難吃的, 以我花的這300而言

環境很chill,  chill到連加麵也要乖乖去點餐機排, 真反人類. …","https://lh3.googleusercontent.com/grass-cs/ANxoTn2Rzss-PjGxo5p9BIcvAOvMpoZV2LiMJ0gqKB_v9-fGITh3YK1pgZJLrXvVN3fqgjdhGhDXb7qeCftMZ4W7IQGc2YOmbYKgL67WqcC3uqhbhm1rsEaonrEe-9xa8Qm34TvAFjbp=w300-h450-p-k-no, https://lh3.googleusercontent.com/grass-cs/ANxoTn0XJchY5zJFdtfes8iHdpVn7wKH2MOV3YZfkVa2ikILhtLE-eeFKcMz27zCFQKv1g9ZHPJgstl84g83TIpEDQUkHiajk2jFuI5_1dcw4OSkkSwjqMjBNEO_e5QYgi_8yJX0FQzaMg=w300-h225-p-k-no, https://lh3.googleusercontent.com/grass-cs/ANxoTn1Q_mkL4V1o-Rc6foZyb_CishvbVdds_nA4zcsy8U4Bc_6rrsGeITq-bku8iJO8yQSdZQ5NzIN9gytK86A2PnazTFISa-jxB_U_UZQBls-AifzdAmhxx4JnlhkAQVa553AcLw4w=w300-h225-p-k-no"
Daniel Chang,3,2 年前,新開沒多久的拉麵店，裝潢蠻清爽的跟別的拉麵店不太一樣。拉麵就是醬油跟鹽味兩種，覺得醬油拉麵算中規中矩沒有特別驚艷的地方。快吃完時才聽到隔壁桌有打卡送肉的活動。建議如果有打卡的活動可以告示在顯眼的地方。,https://lh3.googleusercontent.com/grass-cs/ANxoTn1eNTdKQpIzXg1oacIcJ117D8E-GMlat48rst2TvvDQq5gMBSu5aPqL9q7bHaLnDs4P72MK2IFKs8BF8X5We2-TJpTJk7RGYKDg9V2sLomuMP7lLYZx9iRuyPAUrRhg4lo36Dtd=w600-h450-p-k-no
Olivia Liu,5,上次編輯：1 年前,清湯味道非常舒服，麵體硬度也剛好，鹽味雞湯拉麵推薦，小朋友很喜歡叉燒飯,"https://lh3.googleusercontent.com/grass-cs/ANxoTn1c7-lAt43AY6ymCHm24WCMmUzYRJpoJqvXC2G9MlhSj4G-AT2odTseFs_RyR43vmc69n13yIpQhVsYxYIsdy78wsN-roR1tvWSLGwOJufPdbSYilkbgnmNlDN83GDDqI5lbiMSvw=w300-h225-p-k-no, https://lh3.googleusercontent.com/grass-cs/ANxoTn1GAsOpqOnk-hHaYaWVJQ09xQhO2494WSZXMRpubjPfIdl_9dNq9kghrigbt3HfeiMy9TO8pO-CUgI9kdIDz5GEKOIvsMNuAcQ_CqfP7rON1G1lekOriS93mIGnOKBcEe8FatRF=w300-h225-p-k-no, https://lh3.googleusercontent.com/grass-cs/ANxoTn1xeJegBiD4xnYrBVXBqap9_GdFmD3qksjmu1pKWAQ_DUG4wr-ckwPmpO5DWi3DyPIS6TwRuocYwDuV0la9lzqVFaQqx1wdh8zctdj0XQ7iwkCojvg3kP7KGNuJjVc8mmcF4Zw58A=w300-h225-p-k-no, https://lh3.googleusercontent.com/grass-cs/ANxoTn2X63SEgj9zk8KlCQdzF8cfDAWCIXqpR3dUMj33T4ltR9IJBq9AJDdaNTCcgKJiwlX-vFJ8bdC2xpSnp9cD3czm8R1XO2-DBCotiLKH0W5Qo_YeyYn3nHds08ZYSQ7y6j8AtNEb=w300-h225-p-k-no"
lin eva,5,1 年前,"自動點餐機社恐跟選擇障礙可以慢慢選👍🏾
雞湯拉麵超級濃郁，滿滿的新鮮蔥，五花肉軟嫩油而不膩，水準很高的拉麵店。 …","https://lh3.googleusercontent.com/grass-cs/ANxoTn1KSB2lL8tOzNZNriz4lUq040Q3zHKP_hxZbuUiuzBbHPYDO1aIZB80GS4cUeo3_nAQmKwDCUgcFqrBvwfU5y5tGeMui-zvExfMTHiAqkCkclcwyQZMBmEkFkMndg_xmGA2wfAjDQ=w300-h450-p-k-no, https://lh3.googleusercontent.com/grass-cs/ANxoTn3v0sZnowd7IOqhdixp7XKavIMu1sHgqvrgnK5xV5PLWFYfIhwAG-4HBCwM8Izq2DZcLkF1Xo9hoynG2lc09K-Zonvuz1NztcIMZ0--aaGkfKHuP2EsybaeUC7S54LWRoji-QMf=w300-h450-p-k-no"
Oliver,5,1 年前,叉燒大塊量多，湯頭濃郁，環境舒適，廚房超乾淨，交通也方便，推薦來吃👍 …,https://lh3.googleusercontent.com/grass-cs/ANxoTn37DspE0dhRd8DgxfWe9xfwAQUq5Rn7P35RKsBdjJy4eXGCRN0vJIiuNoj3Gs88k85WPkWtMVLtsU1rBIEUXVRXtY09zCQ03UhkAsLcMfa4DUWvTUJXclFJGtq48Vi4QLS6BUBYew=w600-h450-p-k-no
Che Karen,3,11 個月前,"點了豚骨拉麵溏心蛋好吃，麵說要軟結果來還是硬麵，而且湯頭油脂塊太多了，
導致要挑一些起來才敢喝，如果有選項變少許會更佳！",https://lh3.googleusercontent.com/grass-cs/ANxoTn2zsMXncD70o-FumdjyizHYNfgvOGqTvsfsobwlgurXf9OoEtaUSKyF3GraE5_7Wp6YWhSwwxVKjifx7cM_CHsezmLwVEGCK_KeNUFYnO0hrsENWvXF3iHsJo5ag4k8xiRGEQ6G=w600-h450-p-k-no
默,5,1 年前,"雞湯很清爽
豚骨濃郁又不膩
必點一碗叉燒飯來配👍 …","https://lh3.googleusercontent.com/grass-cs/ANxoTn2sM0MPbG8Ykf7uMYREFjkbccZ4Y79gWF9dreMWtCqfn092RLfaMWOmal4y6wkeeGmzUiobaEo1-KxmVPhOujY-Lzfe3xm2aQNczkwF_9CIZJYi0BPJ3N8N4n_i0-5sQz9yjhn4=w300-h450-p-k-no, https://lh3.googleusercontent.com/grass-cs/ANxoTn2F2P7WLtMbCbMVy80Hb_5X0uGFsZyChvDxnc05O8xOcCqX1kK68GfPNcz8LPMGaWwqTghuSNzl8FfZADmNAbK29WEmX9cDPL5GBmKnP39v0u4vdHULFHQAD_DfkNKwMPw8PD-7=w300-h225-p-k-no, https://lh3.googleusercontent.com/grass-cs/ANxoTn0uDtKF89zsBxZXFF0TOdfG4duB6uiv7PD5LYsIS7iWSa3dNq4npIOLMQtI728wkX4iQoBgnJB4jUDgkR-zMoDOe0LgJIKUJroxk1drEB5aRqbmvr0pGRGg7nOjjlUYrlYgcMSD=w300-h225-p-k-no"
Chhao Huang,4,2 年前,"鹽味豚骨

選濃的脂肪量也不會很多，入口滑順，吃到後期偏鹹。 …",https://lh3.googleusercontent.com/grass-cs/ANxoTn1RrXqHdUN7arUnGSxT5uuPCYXOhAh47EtRQH016fDddy90XzKgq37vEjkYGa7h0FUDAWFvSFhnKpeAST6BFPGH2cPK_WztkDPokMeoQ9HgCwMQCaqe5S69AIqkJWGfwe_JAvwfWg=w600-h450-p-k-no
獨旅z時代,5,2 年前,醬油湯頭好喝 很順口 以後有可能會排爆 希望店家能準備個號碼牌,https://lh3.googleusercontent.com/grass-cs/ANxoTn3bg4izXDOosDWbLwL9WSQPNKrBy4cxt_bypWdJ2H8rc6OF1N8SpA0hOkKNHoXdUmWwEQVYM-DnbxL8HFutWep9z-URH243rGgHZ8oBcSVHAM1G_ZaqEcUqvL7JZgGQR2225ThP=w600-h450-p-k-no
マドユキ,5,1 年前,"湯頭濃郁，醬油味偏甜但非常入口。
溏心蛋內軟外彈，是沒有入味的溏心蛋卻有不同風味。",https://lh3.googleusercontent.com/grass-cs/ANxoTn10mm1p1RS1Y4L0pzwLYjkh5IRkm0CV6YMSq1HCr3HvWz_xMaCGZworhCG9Izq0YGY22jT4lHtZew6OMUEtBzS_eR8vShimIDp38xHOXVt58n_KbJmfhHENNcTXK2tPhz1DZPVd=w600-h450-p-k-no
阿達,1,1 年前,"要裝潢有裝潢 要好吃它有裝潢...

4.9顆星完全過譽，吃完才知道原來有五星送肉的活動，完全就是洗評價 …",https://lh3.googleusercontent.com/grass-cs/ANxoTn3UxN9uWPLhiDsPJDvEkewh4vQHXM0UGO69mcLaCJqnJrnfkbIoAnJJAJMBLk-ozCuS_jUeHI1Nc1THUg1W2Sl0o-f9YH7EdLJjZvXAy81VPclsddtUikqdlVW5y2z0_5__Esk=w600-h450-p-k-no
P. C. CHIU,5,2 年前,豚骨的叉燒很好吃，麵是我喜歡的細麵，可以跟店員說軟硬度，店員態度都很友善，就是用餐時間要稍微等一下，希望未來有辣粉可以提供,https://lh3.googleusercontent.com/grass-cs/ANxoTn3eIrQ1qQr9jX6L7DT9X2VVt114o8EnIAQJfaWIxZRjiCzvuw-wjRJ7tuvlhNXmhD1EnRrNclsByyJgeCZC9XJj-CvvBWo_N3fIzPdnEjOUfrQCZxCwBITkidvisVtNnaLLM2bpjQ=w600-h450-p-k-no
Ra Taiwan,5,9 個月前,台北最好吃的拉麵店之一。就當作去日本。,"https://lh3.googleusercontent.com/grass-cs/ANxoTn29nhowyWAENvWgHsiXa-4COx-lnoXiUl2JheEqwhl5zCp5kdwBQI3ENHLRrsb3-RfD3ysIcV-kZtqCusWLjU3gvayNPoZph_MauyeaF9KBKDnM0qGefiq_9bqSu--h-e8t3bmi7EnjaMVS=w300-h450-p-k-no, https://lh3.googleusercontent.com/grass-cs/ANxoTn0rqS1G27P-mFVhEMqpa1-c4EBRTMVc7qiIOZ7sCFL-Dqqw6tZbz2vsEYEfmauGZ2ehEx41LrNyCoRd3a8cdOY1H_AhWuj52Q0nJcEW7mscPDpF74a1ksqgC5gJjTUWmq2_uTRyJvuNORk=w300-h225-p-k-no, https://lh3.googleusercontent.com/grass-cs/ANxoTn3W9ykSV13SL4WpetanrH_k3iKLCuPo3u4dOHo0eiwa08Rfv16euoYAR7kZ5U-9LxAuU9geWQNWpEmHM32exfxtPVKNxV8ysr67AXltCJv0totx_gbZ7QzOZnbVQVmo0ZKq1yRMOyIRczdw=w300-h225-p-k-no"
李紀泓,5,2 年前,"鹽味雞湯拉麵$230（google評論肉增量）
叉燒飯$70
用餐時間2024.03.03 15:50 …","https://lh3.googleusercontent.com/grass-cs/ANxoTn3AVuI1uaG2yfqHPKFglU1bHwiV4XO_OSiMnv3kjI3kqs7_IAg7QZiHGjpi09fO1CwxBjQW7KVuneX9axb2sBa2WOQfIBVWIJaA4_EUE3EtlgzaMGotpMYjsoTO7igjMrQf74Nv-g=w300-h450-p-k-no, https://lh3.googleusercontent.com/grass-cs/ANxoTn1sjANsX14zx9sS-HgOfBwOmhpR2YWbfnYKsgygA2N5rRcaV7-ZNzBxQ9Vvu-kQgSS3XrSalufVtFH7quq81bU5j_836z1YbYZ5d6htSAM5HVEOTW-2uyyFL16l2UXnYT38jSLO=w300-h450-p-k-no"
Huei,5,2 年前,份量適中有飽足感，鹽味豚骨湯頭較濃郁適合口味比較中的人，鹽味雞湯則比較清淡。外場服務員態度很好很親切！而且肉送的很大方！,"https://lh3.googleusercontent.com/grass-cs/ANxoTn0GNmLco59gLEC_QhUm4fGGFPEW7lA9Cx7jVt4j2SUiIMcrL_6FudnX2fB6eq3bcMVfeDmkWYlntyT_13ua9IfP9HwkG2DvYiie4hkYiup0i-ysUS2DaDb0LNg3fQ-Inc6YVOQZfA=w300-h450-p-k-no, https://lh3.googleusercontent.com/grass-cs/ANxoTn3A6UNYT2yQMPTR0y3XrcofP9SiLCm8fFJKEnRsdZghwiEDeIeBAiOUGTsTJl6n16A1eU8BnlEbpKbktCt-QhHQhaM1SwK_KM0tibPTJHD9c_ATxB8preXiqTuotmsLgSzkbkU=w300-h450-p-k-no"
詹景涵,5,2 年前,點了鹽味雞湯拉麵和叉燒飯，麵硬度剛好，若點餐機台可以選擇硬度會更好，湯不會過濃，喝起來很清爽，還有帶一點檸檬香氣。叉燒飯口味正常，若單吃麵吃不飽可以加點一碗。,"https://lh3.googleusercontent.com/grass-cs/ANxoTn1Z9bF5O5aKIjGK31zHRUDFg3u_EbsxlED9XKyRL8kGjm7D-eRn7x_ze8ZHGY77XDhkPtCarCiKLA6mJhkb4sJQydw35Mi_ZBI527qMTYM3hZtStHsOfp13vvW4Az2YumERtgjZ=w300-h450-p-k-no, https://lh3.googleusercontent.com/grass-cs/ANxoTn1qcNngpxkI2yRBFM3KT_hvAtoLMKAWb1rPJL0IR7hz5CcCQkqEUj-leMl2lgqPhko3IjDbvEI57E0Y3UUfN3PfF3B7BN_HHnNAyxKJtkhuTKIw1LA6mKeNXycEFprMu-gO09X34Q=w300-h450-p-k-no"
彭詰庭,5,2 年前,"室內燈光溫和，店員很熱心為我們介紹餐點。
醬油雞湯的湯頭非常濃厚，層次豐富，拉麵Q彈，整體來說非常好吃。",https://lh3.googleusercontent.com/grass-cs/ANxoTn2fItEMS9C5FVCzNk-1uwsr7-7E0gQSnyNU0GbXn78EofUeG_R6x9lXZ3ylQUtiY7R5A9HFf7jAcdurxM4Ziuw7AY5H7HShRM4nI889IYg55aToEDum76RoK8n43E70IYclI6oc=w600-h450-p-k-no
Davinci Woo,5,1 年前,在溫州街巷子裏的一家拉麵，經過很多次終於進來用餐，環境乾淨，拉麵屬於濃厚的口味，有分豚骨豬肉跟鹽味雞肉，這次點豚骨豬肉拉麵有在水準之上，會是再回訪的一家店,"https://lh3.googleusercontent.com/grass-cs/ANxoTn0iAJwevbRoMjt9Vz3nJsSReXw85jk4FkaalfXWgQupyCzan4n4B8RWv-2j_Ycci1FJihw7qTgjaQNa0D-09Qrt5olh9xSYmplDtcqMlDUFzMIMKuOBe2EaWQM9JflFz7IIZNTM=w300-h450-p-k-no, https://lh3.googleusercontent.com/grass-cs/ANxoTn1T_BgFktaPB5e4FN8M4LlKbh5vxSagSYDPbkcM6EsnRMK951NfYa-ybKL4UrxZD1q2pZU3bQLdSfUEIxPl8QPJeZ6e7y8CjCq-nQAePjMRX8Z-HG0t3uie8BrmvPUetsZYJGHQmw=w300-h450-p-k-no"
Angel Tu,1,1 年前,選擇淡，結果還是超級鹹……..也沒有豚骨的味道，溏心蛋直接滴出來：）,https://lh3.googleusercontent.com/grass-cs/ANxoTn0HTpvkgh_SCr6QFrHbhDMCNsFTP0yBkwYygY2nrXINBi72OMSBhK3zW8Mi5tCTzs6fvdsiAw1zLqjlIiBREhEhwTEeDfulAQRx_4OmgMo8XuhbQ8p9IQIl9XusqoUup0jiTw6e8A=w600-h450-p-k-no
Kevin Tsai,5,1 年前,"湯頭好喝，份量剛好
肉片有厚薄兩種，厚的還會先炙燒
喜歡這樣的座位設計，讓客人看得見廚房料理過程","https://lh3.googleusercontent.com/grass-cs/ANxoTn07MHX1h8oUIzVkzgvSpOMhRZzxLqmeGXi6jb9S95Z-UiiqbuhvrHDGp4JBD0Wjvn4c4zJ4f9hcp1aQWu58aJVaq-v1_NbOmSk25_FRibJQUVqKOSXECelG7eA2zewKKsMW48q60w=w300-h450-p-k-no, https://lh3.googleusercontent.com/grass-cs/ANxoTn2RZqOnCAbWG-kTliz5ct3y5xEc46VDJI3I5VTVqa3IHAdr7Jxj4Ebo7t_3iFUV7EEL807WYxR5cBvLz8OGAdRwkuESJSJV0xcdR3m65R8LD7qaaLoZfRrM_L0lOj1D38mJHU8=w300-h450-p-k-no"
Juliet (周姿良),4,1 年前,"《鹽味雞湯拉麵$260、沾麵$260》
雞湯屬清湯類型，味道一般，麵是細麵，筍乾味道很怪、溏心蛋給整顆、舒肥雞味道不錯。
沾麵的麵是粗麵，但沾醬很不行，只有鹹⋯
點餐機區的地板黏黏的⋯","https://lh3.googleusercontent.com/grass-cs/ANxoTn2i5KkRT-2dsk5f9O-Lga2-LtlVNA2fqmnib7yToNlkgMwbKJa7C5nFXn0FcAv56uaMeNme2ZutDGhU3SNeLsZl_eXaEIf9_fptQXXNQl6qSi18qGyPgfYebMU3_UuFkbc1vtQI=w300-h450-p-k-no, https://lh3.googleusercontent.com/grass-cs/ANxoTn0T6L6uNov-NlZm2gOJh2zcX9jiDBT6TSxIsNLMkP3fRhYX1nZs8NWXYyM_Zsv4LlRdEhxaqVNJAlnJ0NsMMIxSzGlR7ClRNJSZy4zwwfhPCPGdrxaRjvhKA9LENrB6jT9PotA=w300-h450-p-k-no"
拉夏Chris,4,2 年前,為了吸湯的細麵偏硬，我愛；鹽味豚骨也濃郁。希望未來增加筍乾加量的選項，屬於淡淡柴魚香的醃漬脆筍乾。,https://lh3.googleusercontent.com/grass-cs/ANxoTn1cWEu2ymgiincsJrGT-HaT7lY18qUG96rIbSP0KWrvqdArMgvbTJybI80_Eb73S05EgBrp5g7mIpsildu2-gcVx3O9Lkg4HuDEJ0xq6C0r1NYBGBPD4ErTXZFpA2ON8JAXi7H4=w600-h450-p-k-no
Jack liang,5,6 個月前,"味道不錯
但沒有記憶點",https://lh3.googleusercontent.com/grass-cs/ANxoTn11CUDUhfWn2uXlCpFuqd1q1zZL8f9aNh_B8aK2ngU4uQGNrDnXFcXw0gEWzWVTi3l8vneBVVlxnpZCNa698XKlHAOYCs1_u9bYPCwCs8xdqEoxRbZIJNrMDk8TSm1hO2BYn9wgebNHQUR9=w600-h450-p-k-no
Bryan Cheng,4,1 年前,"醬油雞湯拉麵$320
麵條硬度剛好
溏心蛋流心狀很棒 …","https://lh3.googleusercontent.com/grass-cs/ANxoTn1V-CKiPQk6DSXdaUFaVQi6nocTnwRX27u8mdOFxIyDR0sna35KpNJ_yu_FG2drssmzKsaWM4PD2LHIuyrdlJEF8BHkOO0J9hMpRZK4VpRAzlQ-0re6_7JZ0pgRZRcOujLY0AqS7A=w300-h450-p-k-no, https://lh3.googleusercontent.com/grass-cs/ANxoTn1hn2QW7C3iK_Xl4R0WbKZewBp3GxqZ7vHSThYBoDBPR4SGTE7Dyo-9zDnMSZX_f1d2Cj3F9o0K81d8416uqrD1sas8DxXi6xbdlgyL8uAE8jzmgldrwUU-2ExmBogwDMC5LHM=w300-h450-p-k-no"
ChengEn Li,5,2 個月前,非常有效率 麵食也很好吃 沒有什麼可以挑剔的地方,
朱蔚鈞,5,2 年前,"叉燒飯很好吃，有加入一些肥的部分，整體搭配下來很讚
店家裝潢很乾淨
麵的部分我點雞湯，算是比較清淡的雞湯，我本身是喜歡濃的
喜歡濃的話建議點豚骨","https://lh3.googleusercontent.com/grass-cs/ANxoTn2uG_mulGZN3zN36ZaiE4CPcXJp2CiLuGgfF3LQnIZ1b6kUHmPeiUm_obYZuvx3s-IvHTqQUhH_dDzBQySP85alzyCokxsdoarf6ZtvE4_avHz8l2x-Py4br5XvuRYYiEmmaKWnkg=w300-h450-p-k-no, https://lh3.googleusercontent.com/grass-cs/ANxoTn38BViGWMLRXmVFxXxQka1Ev7S9DiOp3XLhySMHUUolCuSDZaeZuzguuzK9kOcDnY454uY_oTA6iyJ8ft-ByQMK0kfuhctpyQPOQ94zTi74SdN59xq_UZcjDrqODMheIVUI5mB_=w300-h450-p-k-no"
Kuo Kuo,3,上次編輯：1 年前,醬油雞湯拉麵的湯底有加黑胡椒增加香氣，點餐機沒有圖片有點困擾，尤其是會無法確定豪華和一般拉麵的差別，雞腿肉叉燒很讚！,https://lh3.googleusercontent.com/grass-cs/ANxoTn0d5tC4waygJY0yGkgreieQQ3-y_fzbjHgi4mKiMLhFsLxZmxolJ2-9iBcG6Dyr7gI1ktR4CmmH3R6T9ugmclV4sdeatkAIFHw5Ue8w61DlfE3pNfvYpLq2em0UZTa5g60co9dHEA=w600-h450-p-k-no
Kong翔,5,1 年前,雞湯很清爽，用餐環境也很不錯，推一個,"https://lh3.googleusercontent.com/grass-cs/ANxoTn3-IUm9HNO-CoV9Pf2tLvLdj6Fvq6ZdS1GLm2p9qYiLEMreSmV-cirOh85PanI-E7zXp35z22U74EfCKnVMXWBQwEodrBgziSzDHZcXEKK9pNyqqRWo6GKK_FLjj-nsH0B2aPKpjw=w300-h450-p-k-no, https://lh3.googleusercontent.com/grass-cs/ANxoTn1MrG15lzEMhS5pdX9_SYqGlwnoyTP5jtBIEqVCI_J4MyfmJFJSovjWee84_bXc0_LN9fyk6dfYY4DGBbWx2-MDuQ95hcJrjpj8cGK2VDau31KfLbKq9WfTItWNdzzWlVWQ1Ao=w300-h225-p-k-no, https://lh3.googleusercontent.com/grass-cs/ANxoTn3HIStEKlk24u-1ht1SmJRdrS4RNiRMoo9vuYFTVC82ONWgOuBB3HSl5eLsC49f4xJhvpDd5UUbB-sI_pvGKxV0QZFqD2aWHQ860Q_p0oGyQ6UsShm1mLS547KD7yM__xqLKibr=w300-h225-p-k-no"
Albee Chang,1,1 年前,"真的太難吃了🥲
黑蒜完全沒有味道
麵條也難吃 湯頭也不怎樣 …",https://lh3.googleusercontent.com/grass-cs/ANxoTn2_aUP_1DePu3ALGYJ5GfOPZbUhsd0cnnX425nHzENhBgei_rjHRCVxJADliYOH4DZINOYfx7mi80mSwjSUJlu_ODXniCNjx2mcZNJTUpnf5RQGkEuVOZMNjryVsEF45xtie_fv=w600-h450-p-k-no
黃哞哞,4,2 年前,"有時候拉麵的份量確實可能有些不夠，讓人吃不飽，但是湯頭的味道卻是這道美食的靈魂所在。即使份量有限，濃厚而清爽的湯頭仍能為您帶來美妙的味覺饗宴。

拉麵湯頭的濃厚來自於經過長時間熬製的高湯，其中蘊含著肉骨、香料和骨頭的精華，讓湯汁濃稠豐富。咬下一口麵條，搭配上滋味濃鬱的湯頭，可以讓您感受到滿滿的滿足感。 …","https://lh3.googleusercontent.com/grass-cs/ANxoTn0oy1oTqjIrBhtX7I7kdCkPzWbUr_vggoeGMy-p1o9xGRpptUbc0QxdNl5UjR1qEmoSma-TCxHhwOYfxiVZ4clqzzMBGZ6cbPDSXQgFv0VB4M5z8nMgqgu8MZU0pR-lf7PoMr9L=w300-h450-p-k-no, https://lh3.googleusercontent.com/grass-cs/ANxoTn0wXLHMWnklcgCIBOeC5h7sxWnRCc16ahXfNQi7tfYocTWFF4QAgHdAI6jAd8myuYmcrM-e2iE3T0l0VC5JrE9XABltyw1o0WXlDw9B21v1W3JAFUhAuz4-pywswvs62ItGc5cBMA=w300-h450-p-k-no"
Alex Liao,3,7 個月前,台灣日式拉麵，評分是靠送肉撐起來的，湯頭口味普通，叉燒肉很薄口味我喜歡，但是整體不符合該價位。,
Helz C,3,1 年前,點了鹽味豚骨拉麵，最後吃不完，有點太過濃郁太鹹了。不過朋友點的雞湯拉麵滿好吃的，推。,https://lh3.googleusercontent.com/grass-cs/ANxoTn0n_xyGmKITUlawlipZvou-Zz2FOsaKD1r_KZ_xEjNCA8P5zF1sp1IGfu5nJ_f2AHB5-n3lk0tUHqN18nTUuGvaDgjo0UvGkZaD2zTLxWwFET93RyQJJD6xWqt5hT4mHitgBPXb=w600-h450-p-k-no
孫依婷,4,上次編輯：1 年前,"醬油拉麵味道濃郁，麵體硬度剛好
醬油吃到最後偏鹹，建議可試個人口味選擇","https://lh3.googleusercontent.com/grass-cs/ANxoTn1zYjawsWWXUSus5VakPBQTpoeqefFrl3T-QXz32vGH7gHKU5YCcp8WykZuz3IRLKAowekzpsLchmOur6lNSpfn3X7kxNfwT_nY5UGiPvAz6vzcNdcVQPLM2f-24ROL8rguYTWr=w300-h225-p-k-no, https://lh3.googleusercontent.com/grass-cs/ANxoTn13xhGwUx7nzoVc8TLQKtfBZsd7MFd7I7itaohIjEQFbuIiCkpedE5AWarxP6GInu8gRCSZffb3wLT2VLcS-x8GBt3BN4vEhUvxUj9xsuj1zCRPbGPLoUOthqBKyENUC-k86P3d=w300-h225-p-k-no, https://lh3.googleusercontent.com/grass-cs/ANxoTn3qjJlp2JgR2bRNI_r1S5--ijpoGq-du4OiH2nLjFlPaghVjQTSqtoTSXdTEWKNhuEV7G0heeIxFMAhSjkpU76aLGaSNs2_9w8uGlMYiXiCqSOotDZB2qt88k7P7oUtOZrlbT-aHA=w300-h225-p-k-no, https://lh3.googleusercontent.com/grass-cs/ANxoTn0PFkflGhqtpdslFTuB0affPYhgiibbzevxW2n7zW9V7v7Nd8WEizn1TRQdSQFqEyQuFjuwxsQ5hkU-K_P-TlfEtZT37ZQ09D15rKlsZEIHI5fizoaNdN_nPw7-3IgnQjgMgImc=w300-h225-p-k-no"
張愷丰,5,2 年前,還不錯吃，但叉燒飯的飯比例大於肉有點多。以台北來說價格覺得還行，服務態度很好～,"https://lh3.googleusercontent.com/grass-cs/ANxoTn2_jwMxVzRUhS6FIwO-Yu8ar7d8pM83QbfKXGFm9N_cCGeWG3zc2WRnO19rLQgS9QvwWIfA5Z-4BJZn5rhkn6B4j301jo9PGmV_UiWGdHttbZ_8A9XTX5zle0cYIq6iivKArh0=w300-h450-p-k-no, https://lh3.googleusercontent.com/grass-cs/ANxoTn0G94AvygQGC4p6qv2q-cj9Q1nSc9rKtWbxNAX-E5DmxfMP9556j6B-_VAN_g45Wqa45etZerTFBVMJV9nQzMz7NJJL_v3cJO9kCbRKBI-sLJWP8cbvXQJ0HQPD5eXsYLWPbuh9Qg=w300-h450-p-k-no"
Oung Jennifer,5,1 年前,"5星評論送的肉很大方 有兩大片👍

麵是細麵 有點油 …",https://lh3.googleusercontent.com/grass-cs/ANxoTn2r2gkwgDtgrnHVW-RICfZkCSGPjQDB8IbTqOYZq-kYMsnDdPn23hRaZC1CVK2Bcr-jyC56c5_ygJQYClqPvjQIMKHGv4gmoWS_4tvXLxvGAzI0HlIHdrEO3qQud_bXAuCO-p4h=w600-h450-p-k-no
鄭宇良,5,2 年前,"像咖啡廳一樣舒服的拉麵店，拉麵湯頭超級濃郁，但是不會死鹹(喝完湯也不會覺得口渴的那種)，跟在日本吃到的湯頭一樣驚豔，麵的部分是有嚼勁有Q度，不會硬！炙燒過的肉片香爆！
看隔壁桌有點飯，看起來也是很厲害，但實在吃不下了，下次來品嚐。
這家絕對是拉麵店的口袋名單！","https://lh3.googleusercontent.com/grass-cs/ANxoTn2AZlWmTXOvbG8GZNrejanv07pVRHRfO_PL_Y9yPfpZOKzS8GUA2SvNexe7jy57STe4C5b0DhfFqBcbWfVk3rKPTzuGxw-EFwKRU6yCdT9pV-waZmrt_rqs92Hn5Cz-lTA4Sw2lgw=w300-h450-p-k-no, https://lh3.googleusercontent.com/grass-cs/ANxoTn0Racf7A-nnbKSB62xMI-UfqBVrRpGt03Wcri5XzpInz3c0eW3ICWhdrhU7-u8PXyt-nLsQRCcCEjR2CjUKEK8yKzfZ7gxu15ezvrTvcVQ7iH4f3vQ_j1itUAvsXHzVwK4qtsQ=w300-h225-p-k-no, https://lh3.googleusercontent.com/grass-cs/ANxoTn3qvlDG8X09rOLtj4fc08lzJyCuOOtcOTTbTUpcDhkQykxjE0LSBF_8VCukH_VbIujWG76OT4HZImeWwLJMf7bPp7UtEcy4YMCtSexi3z96CI8HLyH5HG-fM0iImB8a-3iCYiVIFA=w300-h225-p-k-no"
黃種賢,5,1 年前,豚骨湯豆濃郁，肉也好吃，總體來說很讚，不過價格偏高。以及評價會送肉，可能影響部分人的評分。,https://lh3.googleusercontent.com/grass-cs/ANxoTn2cuK-zoiE-WmsM6RBOfuV2NPpeBevE-QFG1kXQLOo7_5uyxVjGXXhs4QM5fkI9nOyUBj55fzpMjMlfo_Lz61k43Oh-qGjyqmYpqA5HhhswhiB9h8IYF80j8lkKje6VbCG1pjqW=w600-h450-p-k-no
蘇品綸,1,上次編輯：11 個月前,不推，再次驗證沒有冰塊水的拉麵店都是假的拉麵店,"https://lh3.googleusercontent.com/grass-cs/ANxoTn3TfjGBEgGNSu7imG5tdY0sQswUr8lCjmwVIzALpOmt6i1r3110F-FeBWf1INI_Db7dk1PtH3KQ_upUKdE8_bPw6UDnSyihooHGpfcPdHzQ_W8oudSFe7vxuSfXz9FIqIVOL_HW=w300-h450-p-k-no, https://lh3.googleusercontent.com/grass-cs/ANxoTn2wb3wpo7pzVJnTJF2Cnq8MWq3H3IuwTHdb_jI48e6fgkBaaqhBqDBKSwnpEzHDzLduuZach-EmmGdtk3AWuVjLrupddd-hN_Qu3QtFvjvwNrtGzPVExEUCtGsw45LpbOcYrH4pQw=w300-h225-p-k-no, https://lh3.googleusercontent.com/grass-cs/ANxoTn3f7u0D2AwKzgX09TjP_wu29RDdU6v59yJqtbapttLaFjFYSvOVJHURkolXD0-MQURIVV-bmppYkW45iSIDToSj4Dhuqcn9z41uob7ArwoSZizv-i5uMyZhdXLSCeRlKlPxey80=w300-h225-p-k-no"
Joyce Chiang,3,1 年前,"豚骨鹽味拉麵
麵條軟硬度適中，份量滿多的～
湯頭沒這麼豚骨偏濃稠，豚骨炙燒沒有很多",https://lh3.googleusercontent.com/grass-cs/ANxoTn0F1wHzXfX7sXBqw88CjMj4FeBGShBR5IwkMrO8zDz8QQdx8d0dQjQWb32sSTt9r6Kkg7Y5t-rLomHorPAloPc_d3AyzCLht8A0-YNOSUKZidd4FaF_MGbvGNg_tb2ujlofEbSPkg=w600-h450-p-k-no
109國中畢業吳大有,5,1 年前,環境舒適，湯頭濃郁，麵條有嚼勁，很讚的拉麵店,"https://lh3.googleusercontent.com/grass-cs/ANxoTn1MLGfCeE1SBh0fYGBJMP2X0OXV_7WSR2eur_0XUrBG9n9v1TOhIFfTHH2OMTPqneF-C9l_bPNpPqiiPGpSCrGlH9xQ4dD8Rub8tsokJO16_bIBGtlAMnoXliFk2XRi-8DWSyhb=w300-h450-p-k-no, https://lh3.googleusercontent.com/grass-cs/ANxoTn2tTl9vSHypLADC6Kw2gzkTjvIc9mK33m0exICxJeAwmFbhWQHM7ZefluB4KTM2CJvKnfZ2gN7akSpfUfmQLLU1CXjcvZtdnHsRJmEUpUBrTOygnt2NdyHi4GWTZHGjqrGu5TmKYQ=w300-h225-p-k-no, https://lh3.googleusercontent.com/grass-cs/ANxoTn3Wdy1AwadKEl2vN-YqLxoKW_hue6X4scT6e4On9_Q3ZOyPzicQGx2LcjD8zE9L1_DjeA8-AcgKBLILvei92QesliRKCrnIPSikYAoa-tzf6tnwnLoWRY3TRfkhdeARvST0Jdrx=w300-h225-p-k-no"
徐若菱,5,1 年前,這邊的環境乾淨又舒服～拉麵也很好吃，大推！,https://lh3.googleusercontent.com/grass-cs/ANxoTn0PLmAQmsAdnhmXZB22_uQ3w20gjLVIj-oj4181jEj92vI_xbb3dRg9zDCAs-oLrHsvetyhJtp-N8x_-EcEK-VkCbZTJtw0hMueoZnK_LDiBt1R3PoluPDFQgfP5eCzfUqQhps=w600-h450-p-k-no
Robert Liao,5,6 個月前,不錯吃，麵條是我喜歡的偏硬細麵條。湯頭濃郁有日本味。價位普通偏高,
Shang-chih Lin,4,2 年前,叉燒很好吃，第一口有驚艷的感覺，份量較少，價格稍高。自助式點餐，店內很新，裝潢簡約氛圍不錯。,"https://lh3.googleusercontent.com/grass-cs/ANxoTn0EMLogJ8Eo1VQWe0qResPBwG0jsw43ESCMTHN6tO5Ogwdkck-EWj-2uafkyN68IY_VAdOQbB01PHhjj3A85mn1YyYrwB8qamMLpPCzaZa8uakkQfRuyjkeWQoxiJBeEwjGb9xN=w300-h450-p-k-no, https://lh3.googleusercontent.com/grass-cs/ANxoTn2fBAYNQr522ezncsVHbJAdaG7ap9_HIpO8PiDAP0gIj7oWIhvwIo323yyMgC-kET5dJJRhly45uHPvVn_p9GuGvTjG9D5kRKIStgpkYvD3uYjJWukC0JaGbrJoFi6U-Qkj1TrDQw=w300-h225-p-k-no, https://lh3.googleusercontent.com/grass-cs/ANxoTn22BIxH6b6dA4iBq6aFUB8CgOSDjPsnMbj5MYGAiN5KXYnpkQcgk1dgDBUYyxbW9ohB9bSswdi-01dW6azipMfiM7ofT8XoLc29pLfeLdO3n-nJzuBjejfvW1xWx3v9MY8lk6k=w300-h225-p-k-no"
