Username,Stars,Time,RawTime,Text,Images
Annie Chu,5,2026-03-19,2 個月前,"濃郁系拉麵愛好者應該會喜歡 🍜

這次點了黑蒜豚骨、一般豚骨，還有一碗叉燒飯。

黑蒜豚骨的蒜味真的很明顯，尾韻會有一點蒜辣感，但不會到刺激，平常吃微辣～小辣的人應該都能接受。蒜香控會懂那種後勁慢慢浮出來的感覺。

一般豚骨湯頭很濃郁，前面喝很爽，但吃到後面開始覺得偏鹹（我平常吃比較清淡），最後湯沒有喝完🥹

叉燒飯意外好吃，可以點👍🏻

用餐環境也加分。
兩個人被安排在四人桌很舒服，吧檯空間不會壓迫，廁所也很乾淨。

如果之後可以開放調整鹹淡，或是有不加木耳的選項，應該會更想再回訪。

整體來說，是好吃的濃郁派拉麵👍🏻👍🏻","https://lh3.googleusercontent.com/grass-cs/ANxoTn0hSgk_-1lerRKD5UANd6chcFG_6G-AjBHJNCtcpAOqVjFdMMmaovNg12neeosY8dfd2W5VC3GfnQpmI-y_K03qVq4YB7B6OlVRAeS0LtNjgtjvDrjfx5PlL5XuCYt9UrYTTxJVqNOqe9cs=w300-h450-p-k-no, https://lh3.googleusercontent.com/grass-cs/ANxoTn2RgBb-wwD7KVZVc34FHI4YJxi4rmNB3Sfoj4JbfnwINi4rjxkKPi0SD0HXu4QbTksNGbAAYD26q-ym6Qxw8RFbsuOop637BpC8xD3ZQDZo--fYt2hBtx0B9t6r3LtUsNYiIB8w--wjp2gB=w300-h225-p-k-no, https://lh3.googleusercontent.com/grass-cs/ANxoTn0rFEoHM6EbsE_2hVDShlTyF37-EJk8_aYxgLjA9I-Yj6QunL1BpvPSadDRqFbucCDxWgiSvMyxEEyhbuJczub-GazadR04V1JPsSXQw9FJpGHlvJiz10pE_xy5PK0m-Y1QA6KrhtbC7R1P=w300-h225-p-k-no"
愛貓人士,5,2026-03-19,2 個月前,"先去買卷後再排隊，拉麵可以選配料跟特製紅醬是否要加，麵條是稍微偏硬是我喜歡的硬度，湯頭也不錯，肉也是處理的很好，叉燒飯就感覺還好
店裡環境維持的很好，也很舒服，椅子下面有置物籃可以放東西，倒水部分要自己去飲水機倒旁邊是沒有水壺的
如果有經過剛好要吃飯會再回訪的","https://lh3.googleusercontent.com/grass-cs/ANxoTn2CiCDdtCyMXrkQ0Na1bnoMA5RcZuJMWs7O9e-W5MDsuitHgKyv7NC5hz6WtNDFGQ9OF5M6Ock3sLMUOtJ2NZSZ0l4XoEI58eyePrePoXhJPKhkoJw4pdpb63-kdm60ao0kiXr4TNTeyFo6=w300-h450-p-k-no, https://lh3.googleusercontent.com/grass-cs/ANxoTn24w8dcKhXfijHYRCA_JB1d1VgeUKERNYcgpKcJcWz538JMMt6EwFhSDzE1a6UpjdAm9uIWVlj0-M3kRLtkqzmH5mu9QWlifpOyFGAUXnD0bQNKXCcJJR9P75eXipWtJC85KFFlq4aU-onO=w300-h450-p-k-no"
jojo web,3,2026-03-19,2 個月前,"其實我想給3.5顆星但是沒有。如果沒有今天這些問題我想給4.5顆
態度我覺得很好，麵條也很好吃，只是吃到後面開始出現一根頭髮（不是我的，我頭髮很長）、然後咬東西咬到硬硬的很怕是什麼奇怪的東西結果是蛋殼，所以可能這兩點要再多注意一下。","https://lh3.googleusercontent.com/grass-cs/ANxoTn2U4yk3fEj6VrIkLqd9zcq1F5Ct1kupMl5dR0CXfx2xPJ8fo0D8DXWDANhyuxmuaalROYk_roO_rPOKkE3rsUVQtUSlieGkvQLn89qD919Ohr6UoN9cJP_EN7MUTeHZ1WZE7rKqwmvrORUn=w300-h450-p-k-no, https://lh3.googleusercontent.com/grass-cs/ANxoTn15p3ViI2KOzSQt6kREIi1hYLAOUcinKmKey7P5geSC60mTUL04PkKnjbsE6-3ls1BTST9vnVcztwKULCB8uFjQeTUBAombhfLJZ0UMnGi7mPOfUvH2WxJGPY0LbWccpWmdVgSt-CUL7BQ=w300-h225-p-k-no, https://lh3.googleusercontent.com/grass-cs/ANxoTn1CGIBBE1KoepueiVUPDk_HiYcsZbP8QgL5POjJb6GyEX6i65IhjB3-xVu-r6QW9Q-t9TC6oc9DQYeTq9FlP95_VvRj1TpoLKopbpazeltMwlA0T2KJLty4TvGcwQTUY2SSOR1dXdMZk315=w300-h225-p-k-no"
New Chen,4,2026-02-19,3 個月前,"不大需要排隊的拉麵
裝潢漂亮 空間乾淨
水自取
現金付款

整體沒有太驚豔值得推薦的地方
不過一切中規中矩，蛋的部分我特別滿意

價格偏高 但考量已包含蛋+可加麵
有經過會再來，但不會特別來，也難以推薦朋友 畢竟安靜到不適合交談","https://lh3.googleusercontent.com/grass-cs/ANxoTn1gbiwrQ-3sn3lO87_UTpFSPsBhm4eRpgQqlWe8hWzH5BnUyEkpjyFDgnXpnp8dyompBeCy-DFjOTuZoRt58vKHwm3ekI-BwOUxjK3RU8ClhhnrXKr-j3X9zSG1Rmkux-a7Ck0-zhWkNls=w300-h225-p-k-no, https://lh3.googleusercontent.com/grass-cs/ANxoTn0LX_9K6zNON16U9DnvapjGrwxTEe28JvgSON-MqVWO2LXT20ChKxFsvTSakC4nuzfOkiNKtj9OVzw8zlVpO24o8-gtoAGjgKaHnBqPDlTyJaSlkUuLPwCNBhwk9JVJfwrMqkgfIFsenG5a=w300-h225-p-k-no, https://lh3.googleusercontent.com/grass-cs/ANxoTn3sELH6EPkzAy_ZFDpkF-SFF_MtB5yLc9pDp7RWg7f-i1cW_xrtZ6Nc59D5xOyTLLNWaNHY2KHayH6Get_1BrrgYit5p9mWkZBzRfRqJOq98m3YUFsy2ns5_Sm4dM7FymVzWRPQa21oOUBb=w300-h225-p-k-no, https://lh3.googleusercontent.com/grass-cs/ANxoTn2c9JLVxzHkxa8vxU8oqS2sQHzr7Fmicp4k0X5iUgmxg76DaM2Y7mdGIdqCsgJNMcPKpUTfsEB7PjvQBoKQUWxQ-ewQwrlvGNMktiRoymv2uYDYWhZLzP6997KMLbTYx3FVQ8AVmAWon4iD=w300-h225-p-k-no"
Ian H,2,2026-02-19,3 個月前,麵條完全沒Q彈感，鹽味雞湯拉麵的湯頭偏死鹹，喝起來完全不像是天然食物熬煮出來的味道，同行友人點豚骨拉麵但也喝不出來豬背脂味，總之完全不會想回訪，不懂為何評分這麼高。,https://lh3.googleusercontent.com/grass-cs/ANxoTn0dH-Yd9HD2jkgbRbVoiNN7GJ0iUH2QiHWA7NenctcydIXo0QYYJ2X6oD7ovBbZHxBojQ-GNRq8TVSXzYu8QR4az9Bn_c8CtOK2mhnFMGB30TpC-UtC5WEe5FRBecsZ6Jm9VxekFiWnfcI=w600-h450-p-k-no
葉蕙茹,4,2025-10-19,7 個月前,是家裝潢很嶄新的拉麵店，環境來說感覺有點台式（看看那個春聯）跟日式（有玄關區跟玻璃門元素）混合，整體店面很乾淨。點餐是使用點餐機操作。座位不算多，有吧檯桌，單人友善，感覺大家吃完就走不會多逗留，因此不太適合多人聚餐。這次兩人初造訪點了鹽味雞湯拉麵跟豚骨拉麵，湯頭上來說雞湯是清澈的那種，口味上偏台式雞湯，就是家裏媽媽會燉出來的那種。豚骨湯頭表現中規中矩，是可預期的味道。麵的話軟硬適中。溏心蛋給一整顆很大氣，吃起來很過癮；蔥花也給很多（現在蔥很貴）很棒。點了碗叉燒飯覺得味道很不錯，但是叉燒肉偏肥，若介意的人可能得避開。內用可免費加麵一次，直接跟店員說稍後就會另外用盤子裝，所以預期要加麵的人要先預留一點湯。整體來說湯頭/麵體/味道/環境都有中上水準，ＣＰ值高。,"https://lh3.googleusercontent.com/grass-cs/ANxoTn2odhTLdKugZHj1q1Cp4f7sDVCrNvzFcWaLDt6eXsiMlPM7XMGXVYOW5t9ZLrYNnvLX3s336rV_cQU1cnAS-W7Yp1hNst2QRnd4_yXSlkakXZBcxaUKw6Yshbt2zd5CCMQi5YiVDuVZidfV=w300-h225-p-k-no, https://lh3.googleusercontent.com/grass-cs/ANxoTn0HwZCcyCiuqh1TLWLW4PdNVfX7SGa51bii0nKqTGVh8HJ55ihBTitjZf22S6L3ZMvOMtV43MEiJ_ylWv8FVa-jZEa6GQBQeJHSRBtC2bav-UPDMiOlqI9OpewmYyrUl7Ibiyulmft_GyM=w300-h225-p-k-no, https://lh3.googleusercontent.com/grass-cs/ANxoTn2qv3Ef9KTc2z5sLwY2wcVz7PIE8RPANePav1km2j-1q0JIbLa7M28HlUxP-dXs1vzmjFa0dRqcz3y9ConHDbSnUWwf0iK7XxFuc5EAuQr-LgWiEusIzjvssQn5aJJLc3g2xJ2HZxL7-R5u=w300-h225-p-k-no, https://lh3.googleusercontent.com/grass-cs/ANxoTn3JtLmmPdpq33lVhdrlXPtO4P0sZNWpNNoWBTU_psF7oqehjsjb3FEsH4qVfnULEzkjAuIriJlI_fS2fYHceM6iNu8ESLGZOyYd1vDrDQq2WkJn6jV2CdQ0MhJtvh6Gw0iPWYmWxbG34Z_o=w300-h225-p-k-no"
郭,4,2026-02-19,3 個月前,"拉麵旁那一圈的肉片有些膩口
挑簡單的品項可能更好吃
湯頭和麵體都很棒","https://lh3.googleusercontent.com/grass-cs/ANxoTn2NrnkhwQQizAtGzWgSc9wLCQdxVpX7-Kor0TanKdpTrv-evr77zSnYm3mjyuLWG0Py6JYHtytCr6bpkfN3c-24XSzB9BLrHZj9nEIc3f14hf6PcjciaNuwQPBfU1SkkUvnTC3hLPp803py=w300-h450-p-k-no, https://lh3.googleusercontent.com/grass-cs/ANxoTn0WFrwiVM6EfmC0-x2AMpL7GT2B6JeG3ZG08gewC3NbhL6IPUJq350J_K0QgSMRltiLS4kJW9Hl1Yz5Lp8_g93bZsMA2UvNDB1-T-oAS5TaaYZWcXAInL-nmDvZVQk3fU1_WqR_75x6_wvQ=w300-h450-p-k-no"
Nicole Chen,5,2025-10-19,7 個月前,"週五晚間前往用餐，自助點餐機只有一台，要略等待。建議在機台旁放個小桌方便客人暫放隨身包（看到好多組掏錢包掏得手忙腳亂）。只收現金，可刷載具。
本次吃鹽味拉麵、柚子鹽拉麵，清爽夠味！付溏心蛋。可免費加麵。
店家熱情親切，會留意客人用餐情況並給予關心。
整體消費經驗佳，推！","https://lh3.googleusercontent.com/grass-cs/ANxoTn3U76QreurRZpqvZsG7scwCT2Idmp-NXr_n4mWXSTOr1vv6E50Jbd_d002YE6KLP_RmU-8c4vbu6PS4-XkDFEZJcQJHIglEc4xAi4PL_hTPhTqTiU0c9X4Z9D1Xonb8ZyWWvT9HtZnghdV9=w300-h450-p-k-no, https://lh3.googleusercontent.com/grass-cs/ANxoTn0H6fA7ToGoxOVz-7liQTYQ_lr208mcZWXvjJjV1tXaEx6X2X4buGxFLeojU61k6Lk9hSBmvf48uujbKDzweCuf0Hj0nFz5RcdSKQ1MU-pt9CyMhagRwgO23L5JsSbJToT1e-8wdZPRLMYU=w300-h225-p-k-no, https://lh3.googleusercontent.com/grass-cs/ANxoTn32xOXMOqgQ1k01M9X-NY4piYXR9cO2j9ItWhPL4vyymVArhkJvB6GanMFLzrmyZMg-Bze8fohiKxv5ZDoLs6iNwujtpeqQxddSf7vn6aWQruvkPzkTXjR6ou3Z4NwRyGsh46eS4ZaqjBs3=w300-h225-p-k-no"
GoddardLiu,5,2025-10-19,7 個月前,下午四點多來吃拉麵，完全避開人潮，豚骨拉麵好吃，叉燒一流。氛圍不錯，音樂聲明顯，但不妨礙聊天。五點之後，用餐人群開始出現。使用日式點餐機，只收現金，還算簡單明瞭。,"https://lh3.googleusercontent.com/grass-cs/ANxoTn33WPGvHw1XvZtdpUcM6LpOFfSKZLFNCnCvXA_JhpdZ-NSshJV__sa6r5uxwtIV9Yx6YzCpagN89NrwF3Vh8rodcoQY3mx4DF4GKDHsfKBAKCeIunofiY3s1rIOccKM2vZnEErqwidIJ8Ca=w300-h225-p-k-no, https://lh3.googleusercontent.com/grass-cs/ANxoTn35__rZj1Nrng-y8eaju19bBSN1ogB_0g7dRMI8s3I54F-lv_VimXO4rOL40q-XAqxjtx4_tMSXz1nY0bwgslOma1Xdw3ncKMFmIGGvB_1intqvmcybHlzOND9HZ-R0BF4Mj2IocLtKBFoX=w300-h225-p-k-no, https://lh3.googleusercontent.com/grass-cs/ANxoTn3B3IWTwJJNLjfNVF3KXKjxomc1cWn_fL1UCaYzXptb66C2duXRou3vlYlg5MFE98TKTpHU_EDn7Pb1QZHhWmp8yfIrYwA9L8v0IJTUDqC-MZtYLMyQyycLhyP8lLsznIc6T1oGFq13IGhN=w300-h225-p-k-no, https://lh3.googleusercontent.com/grass-cs/ANxoTn2B1en9IA1_vTAxSm1Yf6xqvLBlL-xsw9FD_MNhEQUelC62rUitMaN__A6nfcsfhMt3dcZyHKki7YIBC7nz8gftIFsQobiBMzRSRZy0h7YjUAs5JbIHqBAFiXn6oxcPA-nEW_qAnGxay0n5=w300-h225-p-k-no"
Hsin T,3,2025-10-19,7 個月前,柚子拉麵普通好吃，湯頭順口但沒有特別的記憶點，麵條我有要求硬一點、大概是5分（喜歡有口感的會覺得不夠），舒肥雞肉三片、蠻嫩，總體來說表現普通，環境寬敞舒適。,https://lh3.googleusercontent.com/grass-cs/ANxoTn0cXMJ65UXm2J1k942ReNzRglzxSHanxM8K4NCoyukD4L5GSY9MAINclvskAudBk6UBX_O9KhvUb6nX-3iHSfq4j1heTQpiR9mEwuJodHncrsd6JX12QnyorjKxk0XLYhKZl59RgtDEloLk=w600-h450-p-k-no
張裴書,3,2025-12-19,5 個月前,"比想像中好吃，但這次沒辦法給太多的客觀評價（那時候太餓然後剛好有拉麵craving）不過整體來說環境乾淨整潔名亮、一碗吃得飽、還有小學生謝謝的小卡就覺得這間店至少不會是什麼很不好的店～

（第一次碰到鹽味居然放蘿蔔絲，檸檬沒什麼味道。）","https://lh3.googleusercontent.com/grass-cs/ANxoTn2mqNeFg5eZPQK4muG2H_w7rkJwoYyFpwM3fihqUSwWkDdf_pvzOJwG8QQyVnOUcfjzY4QEyc2hTL1Pm5IbKhTO-ajKzX8oRxkVyCBCRKep_O3VJABYw27n2s4Qa42vBxdjpKZKg3aWK5Zp=w300-h450-p-k-no, https://lh3.googleusercontent.com/grass-cs/ANxoTn1NLMaqEJ8dniXmWJQF9sq0K3yDnlIzqM7xgvMqt55FDAPEhkNDBJtfP__3nVLPU1aBn-P6NfUodn6tgeJwlA91pTjxozumZ2JCn8yNjKenlin_LQHcbWjmGc6ks2XGl5hueQtt-Hkj0vMK=w300-h450-p-k-no"
Shawn,5,2026-02-19,3 個月前,出餐速度快，機器點餐，麵好吃，叉燒飯就 叉燒飯🤣,"https://lh3.googleusercontent.com/grass-cs/ANxoTn2G4XjAkp63JlCKrY-TczgpOMd3IEOU8LRxYxO089-ZQjxmQyG-Ez2mcIJsQjZEmtVFL311BsvarTjXaYiPvnEjcXaEBTRbrjc0NtGb4cI9CDHVCtqgQPeeodoyCoarC-JuBPj2YmvDedHv=w300-h450-p-k-no, https://lh3.googleusercontent.com/grass-cs/ANxoTn3X_aPzA_JWIS5_AZLmuz9DaRwaHl9oZGcLqcXsUnd8HAHV-I_P1VGakrJpHy6eWq4E-VF5u5CYv1C1QDFl4CSeXaO4yuL9iFzSEICLvJOOzW3I1tAGKD19SuPsI3WFY_Osku7Q8ud4LOoM=w300-h225-p-k-no, https://lh3.googleusercontent.com/grass-cs/ANxoTn3jbsYHPiXF1n0mxTSYSZPzoGvB7HxGfKUv_ggxD6WbYuYTPJS9Gwp5DhimF-qLpEBFSEe_VD7QpsteX44xFgensZgTU8a4Iz6oYxMbTnrTTkrcFodJ8DukEKT1UFeROcr3GCnuI7AFYy_v=w300-h225-p-k-no"
Min-Kuan Wang,4,2025-10-19,7 個月前,鹽味拉麵：湯頭本身不夠深厚，尾韻略微死鹹。不過叉燒等配料都處理得不錯。,"https://lh3.googleusercontent.com/grass-cs/ANxoTn17OPkF83nK9T6IvZHwRd95ELGLcgWREOmQ66HsUz76Yy3BNn752csynzDpp9KDuVFFCAEX86Dgiwu7aeMoh-m2zBKgcSYC3pOgl4rQ2JSLFxVzAVcMWvdIByR-qSBYbGL1-YC-Qbwi6kGg=w300-h225-p-k-no, https://lh3.googleusercontent.com/grass-cs/ANxoTn06Vdv-j5c4EUhyiJ79IfO_iV_a3lnkmROqZf8lQ6qZfbDQLHDfLKEMn4kF4oflKmP0n0SLHRw0BDBkyF9ImoSoUslPfxlN2UoMBtCi2wHTxB6T3NFEZQEMta17LkT9CJesMyltuz4b0bF6=w300-h225-p-k-no, https://lh3.googleusercontent.com/grass-cs/ANxoTn2HPeiXIdcxBnFk2Id4UzReMTheYukP8ek39waPPCaZ2H4M1rdPo8fV-Ac0RYfzN6j_qJaqmF9ncmXsA1aMhwsGUDzWBV-5Szx0Q4eqLuJaEqLqQ3p9iKQpDa6Uf3EZcTPZCex2Jdk-JMzk=w300-h225-p-k-no, https://lh3.googleusercontent.com/grass-cs/ANxoTn22D37qaRqyYAj1D928aS9SRmqI7SsBvHYlIWZfpJ4N75GYxPgR24SzaMgxQEbJKOiapY1D7G2c-BMxiq6qm7a1h6xtIhxgWfLyalHhhIYzHJw1Mj7v1LIccJWda9Zd8h8mct04VWpmt7Q=w300-h225-p-k-no"
Psychopathic Crush,5,2025-07-19,10 個月前,"2025.07.09

平日下午兩點半來的，所以客人非常少。
位於捷運公館站3號出口附近，交通便利。廁所跟店內的環境都很乾淨。店內附有冰開水可自取。

點的是鹽味清湯拉麵，可跟店員要求麵硬/軟。湯頭非常清爽可口不過鹹，不需多加調味料就非常好喝。麵條細麵而我要求麵硬是真的很搭配。溏心蛋感覺有過熟一點點，但整體香氣風味還是很好。肉質軟嫩且調味恰當。

總而言之，除了麵屋德家的牛肝菌雞貝鹽風味拉麵以外，能讓我魂牽夢縈的必屬這家店的這個品項了，堪稱喜愛鹽味清湯系列的人們理想中的夢幻逸品。此品項甚至只要260元，想都不敢想這世上竟有如此好事，讓人將近凌晨3點也寢不成寐、胡言亂語，乃至寤寐思服、神魂顛倒，實在想不到除了曖昧時期會這樣思來覆去心上人以外，還有什麼時刻這麼振奮人心了……","https://lh3.googleusercontent.com/grass-cs/ANxoTn04olNu_Ppy4tTTsFSuAss9vz_4TxCfoymI50YDavejZK5D6vNRopUQrttXOI7FctRkkyGRMDHj4y1d5rW1uPu97Duenok6cGDsXZqYUMzxkEo-aNUJpOKHdVYK5zl7x3Ge_J_EelIqN6Nr=w300-h225-p-k-no, https://lh3.googleusercontent.com/grass-cs/ANxoTn11mC_8wPZTpshmXO9ncm6GkdoETQ1agbEdHODM6tVMT7vFfZlm0In_aDIXGBg93EVLBAlc5GVKScKzFK79Dl9bxqC2IY80saBliN7YvUa-cniBMwHdG5kHTaZAvcULesslo2BbG3Y2Z8s=w300-h225-p-k-no, https://lh3.googleusercontent.com/grass-cs/ANxoTn2vj1u52osBMMxi7Q-vTvS02Z0HIrmYTkjttMSeZK4Fw-gP1VGU7gwqHou-cmb9x13jQCmNhp7R2gjMUWH5apcm7Ul9n53PFHgLIOajbigWWguj3pvPul71eawoYiLSIMSceigkbCKwxq4=w300-h225-p-k-no, https://lh3.googleusercontent.com/grass-cs/ANxoTn2zK5hmsOgxf5lv3beHpKbtLFnvTFcJQ3BjE11gBXRvy_C9PSk1IIiH-bkAchiBwBIAY2hyGCJkNdRCO7kB5nwrqA5GocBgfHOwOfEqbaZEi9WuQabew-IBecsqUx-oatqAXx6jD2Jhhp7l=w300-h225-p-k-no"
Sean Sung,5,2025-10-19,7 個月前,"可能是因為連假的關係，中午來用餐人不多，還可以在點餐機前慢慢選。店面很乾淨，玻璃透明到像是未裝上。
點餐是使用點餐機操作。有吧檯桌，也有兩人、四人桌。單人友善。
這次初造訪點了鹽味雞湯拉麵、醬油拉麵跟豚骨拉麵，我覺得豚骨拉麵最好吃！糖心蛋也很夠味。","https://lh3.googleusercontent.com/grass-cs/ANxoTn0uHlOp_HnLOYgDSmozjbJHdO-0zSOkXPoLSu4-PgYHe8Snq1568ftJ2eT0EJ7bEQRRFi4jSq1huTRh6yhDmSdhHU3PbdW1RlnDy-ItKaiqwdbK323w15SQ3qKaJ2DoVIzyEacPkBahe_l9=w300-h450-p-k-no, https://lh3.googleusercontent.com/grass-cs/ANxoTn0OTCduQZDCC_PTnhxKrOjw9RcHIq-SUNGo6whXQfvp48cYOeU2Vch8Mvfr85aJn2BeYYDB6hNaJcPfJtQ4OBelYa14Dew3BAISzNGaBjwxEwATFyej-m8bQ5pa5vGllzSjsfO2O0I7DG4=w300-h225-p-k-no, https://lh3.googleusercontent.com/grass-cs/ANxoTn1PFxdB_0pxALswuw_JYoeLNLp_wha1_7VLV6IA9bUyeMyDVZ886IXtpve8hAwfvZXOV2aduTsncwyxL_bDGi0P0Ma-3hp_KVP_b2TmigPuuLuqGRxJq67QaYrYxUDe78Nl_g2doooWKs8=w300-h225-p-k-no"
李璟如,4,2025-11-19,6 個月前,好吃，但價格不便宜。環境很舒適，用點餐機。,"https://lh3.googleusercontent.com/grass-cs/ANxoTn2YOMvq2l8k2rNFOa9MD20dOHM_5QUL5ESS4VX4Jr-UzXzKaUErCNDDYnz45nSbX5hOZM9SXUYrX2biHAfkbfDbd2rv6Rg364y130YdKHDpz1o0fmfxbkBbWxMoyNCBNswU2poYX_26NKel=w300-h450-p-k-no, https://lh3.googleusercontent.com/grass-cs/ANxoTn2nsSlaLcMEW-l7mrmgheq57xPahGBxhOv1hFUPWncoiNvCeO6cr1aKJGzIt7yBaziONuHSlXWi69uc-Ke0kbQhHcpaiNyTp61KZ_iO_1zJUBfIJDPUDcEPITBUSvPYFRHurDgiVC8Ur-k=w300-h225-p-k-no, https://lh3.googleusercontent.com/grass-cs/ANxoTn0-VIa2REFnDgsswIg1x8ucfa0RUeDgixIwBIkstU0uvySBz2-_OPCekwLcJRT59lPpgZm-gGekF_MVbT7JNnd9KGePsalC6LesRerY2HMfSMxoErdrWxkimt5xhqBwHisMGiMlawqHUK9t=w300-h225-p-k-no"
黃淑靖,5,2025-05-19,1 年前,"兒子昨天騎車經過一間看起來很厲害的拉麵店，於是今天就來探店～～

「麵屋長樂」位於台大溫州街上（學生過新生南路就到了，路口有一間全家）

叉燒是用低溫熟成的方式，所以肉質呈現粉紅色，吃起來非常鮮嫩，完全沒有豬腥味，不是走炙燒香氣的那種，但也很不錯～

我們都是吃豚骨湯底的，味道十分濃厚，而且上面還有豬背油，很傳統日式的做法，但是不會太油膩，我是覺得湯底裡面有加一些打碎的堅果下去熬（因為我有喝到堅果的香氣），鹹度在可以接受的臨界點，還是可以把它喝完，好喝～

麵條屬於細麵，口感適中，可以免費加湯加麵，對於食量大的學生十分友善～對了！給了一整顆的糖心蛋，熟度大概是7分，完美～

叉燒飯的份量不算少，炙燒過的日式美乃滋跟叉燒鹹香順口，但我是覺得米可以再好一點點😆

整個體驗下來其實還蠻不錯的，而且用餐的舒適度算是我目前吃過拉麵店數一數二的，店內屬於日洋混和風的裝潢，空間感很大～這點很讚👍","https://lh3.googleusercontent.com/grass-cs/ANxoTn2ueDN3gzQ1p7m_jIcYLXJG2uxYxwzEH43DEY9ccybR5EJt-HdylsGJfUT9_WQh4Q7d2t89A_gB_aPeTgNmPwL8CEFLOC_JFIygLShmcch4xgiK8oe0bNvjOpWVoNNtDJ8adeyfFg=w300-h225-p-k-no, https://lh3.googleusercontent.com/grass-cs/ANxoTn1CU5sqSkDqDmHAdDQRwK-kemUO73dZpzO9DN9dR9uX0vpn7I06w1k2SsarxTToDkcUENMxxf5gV9STUDrcL15O0uFcIRKZ2goL0GBh2Let0IlMkl1TEVTG8NB0aX2GhM9uByYH=w300-h225-p-k-no, https://lh3.googleusercontent.com/grass-cs/ANxoTn1UbB9UYd6HPHmHRKHivImMDrMiYIaFHRKe3X8vqu0g1gjhdYGY3Tfe0DoeKxw62JKuu2OTgCSA_DAOKwNjCQ1xhZeWCddN4PNCBy4dF-8aEZ0o9tqumGFbyuWbOaja3S-R-Rli=w300-h225-p-k-no, https://lh3.googleusercontent.com/grass-cs/ANxoTn1QFF0A7kgdNDEUpqJto0IpczL6BrGSEqq7M-W_AVyjaly0pDE7n98P7zaLUBd3J1lMTAbyp69rO-jWXFGLCstNFY3Xy9ff--GGUy5UvCf_0kFNDCpTmUiSz5kokpZZ7GF-8tVp=w300-h225-p-k-no"
Yuen Tsai,4,2025-11-19,6 個月前,"黑蒜油拉麵中規中矩的好吃！麵條是細麵推推，下次想試試看更硬的麵，希望湯可以更燙一點，感覺會超好吃🤩🤩 份量還蠻剛好，女生胃口好一點的吃得完，可以免費加一次麵。
吧台區座位看得到廚房，廚房超級乾淨！",https://lh3.googleusercontent.com/grass-cs/ANxoTn36sM40o5o1ytw7HM2JE9RognQXlgvkz4Zkwa9-YCmxZZFtNK-RhguNd8S9H9yocT7FIotWlgyDXKoB9-jNPEdefIax7exlHU1cs5KoY3eVKgw6QaGeQz8GbrgWdzH2teIMkjVj0rZ3FXzt=w600-h450-p-k-no
HH Weng,4,2025-09-19,8 個月前,"用餐環境非常乾淨舒適，使用機器點餐後有人帶位。
豚骨湯頭非常濃郁搭配細麵、叉燒、木耳、海苔及溏心蛋，黑蒜油很香。
無法調整濃淡，覺得有點偏鹹。
有自助冰水。","https://lh3.googleusercontent.com/grass-cs/ANxoTn0Ds6nZSk2js80VKQdbUk1Qj9xuFtLKEChhc1pc2ynesrtoloBECLhmLLlaT9X4bfUoN5oR5SA12W4MBZDDP1IkrOnE8FOiadAgZJRkS9bc_q6xG0Gu_jbH67Hiu_JWrJsvAd3CvYodmqtj=w300-h225-p-k-no, https://lh3.googleusercontent.com/grass-cs/ANxoTn1-pf9aPlhQKS1s5CVGMzHuQX1h5eNbRBT1jmb4hmMduq3m2R-xEzFyrLQZxcK-27Pvm7VK-QlNV3USjP0fgQvy74KGOa9Vhh4Il2j8H3WCDNPNIZ8darsOpbiCFRtNX6_vKkpePZV_Cqvo=w300-h225-p-k-no, https://lh3.googleusercontent.com/grass-cs/ANxoTn0HWXFR1oy7jZfQfI1BcDjcY3cxSNKrIA7bcM6Ps0aBCSrORewhJ4SuyCYALjFu8aDv_ou5uw338eW4H7jz1wVR4eEZo1nYxL0mavxXEMF8CNFH5SeRhlhWnoHvdta8MTdaKP50PsZCpurj=w300-h225-p-k-no, https://lh3.googleusercontent.com/grass-cs/ANxoTn2OyTZe0NwJXoFEVS4E03xkjs1uAiY3ikgP0dhCm--kTq99y15m2j3rjC9NTAUbwu0I2yYbFn2Zl1HvzeonDPxogHS7RbuoptkZ-xzDGaryIegidSfN-t03dkRYtEjfAx6yeAfsZZVeqXLF=w300-h225-p-k-no"
肥龍再添Tylor,4,2025-11-19,6 個月前,"優：叉燒軟嫩，店員友善，環境明亮
缺：價格偏貴，豚骨湯豬騷味明顯，麵不能選硬度",https://lh3.googleusercontent.com/grass-cs/ANxoTn1GnqL5oWUxuutD9UBW0Cj_lK03kCNwMufy-h4yu3IoRif9NtXJyUEM448OkQ0sVVxMtW13XU4SiC4p8wbdAe4Wigcb37ZUFRnni52bPNfzHd_InTsdAFeKWhOG-bliFL5QfdwUGKvc-8qU=w600-h450-p-k-no
Elio,3,2025-11-19,6 個月前,"高情商：淡麗
低情商：平庸
鹽味湯底未有顯著特色，層次感亦無，雞叉燒意外還行，整體表現普通，店內未知是否因為不是用餐期，相當空曠，但考慮到位於臺大學區且價位偏低， 如此水準倒也還能接受。","https://lh3.googleusercontent.com/grass-cs/ANxoTn22Q-XP_4T0JUcmD_9zUG1ktVWdfM4bku0nZGNAQu9-VKNrxPflnoT2aoA9Q1NexPcH3TKQ8yYCSeEZ7Qfg8uWV7pta4h46RXIs98KE74dn_qHsyZglEDlhy04a61Ms5FPYu6YMHw19ZB6L=w300-h450-p-k-no, https://lh3.googleusercontent.com/grass-cs/ANxoTn0BQcHUaJRNOJa1uQtScVcGGQDuHbgsj3weCjyO60ZtT5eVkKHxqCgXla_SZJ_H9t0BgAKfxA4mDMVcbgnqKyvWEzfBD74uMrkWf7X7SqdF_AAkiXi0DP9GyAi3rzuzoDmgz2CtTbDVUNg=w300-h450-p-k-no"
歐爸的生活百態,4,2026-01-19,4 個月前,算是不錯吃，濃厚麵偏硬的類型，最大碗料真的蠻多的，整體上來說還不錯。,https://lh3.googleusercontent.com/grass-cs/ANxoTn3W90W-gn5yS2V9fsGsmNSPSrkRpnGXxRtm2Wp3HrkdZxkzJQZpzPEVOEgQD1EhEhhPwfIijXrsirCi6Uy9xu4E2tVPOtwe0Q4jXULXMaV6mGSxUWXD7WfqroURAV5ipImYXQcjnuehoG1h=w600-h450-p-k-no
YY lcyeh,5,2025-10-19,7 個月前,"自助點餐和付款，真的很便利。
餐點多樣化，現做立即品嚐真鮮甜，肉質軟Q湯頭入味～推薦喔！","https://lh3.googleusercontent.com/grass-cs/ANxoTn1sMPn9kFGX6U28Li1S0XRYnU64cgQDuQ7Jh5WwwchPLiaIwzUemRjViKPr_Af3ZIPJ6e50m4sJjFzyiSrShXVYQoM9Y3bXj2tWdskkdXkDKzofa4k3vScecuCbRsYcHYCjNWQ5cENSatRl=w300-h225-p-k-no, https://lh3.googleusercontent.com/grass-cs/ANxoTn1Hkiyw791HXm7n8QNPvIdjw75rPJavsZ4B3SUd2dFeaprvBiy2inJ3h4aOMuglgXIznYaHMRxlJKPO2RpxzdNXqfk70Ghh_f6Er2TZ1g02BCdl5RBfzPoSCN-VtJdlJLetUppDXa5pUW9Y=w300-h225-p-k-no, https://lh3.googleusercontent.com/grass-cs/ANxoTn12n2mydXJ_O3JGVhKyTXZOb4mO61i2nhvGc2adOOEwxOwOXW7NdwKMGhNjQaan1-gzQP5NtZpRtMdzLlIcV2dUM3n9012g_gDXGVs9JU-mkhVCPb3JypyS0-l2gieBndWc2FNeWE0ryOBY=w300-h225-p-k-no, https://lh3.googleusercontent.com/grass-cs/ANxoTn0cFH0hv6CZunOug_9vw5SK1955QiOGhFv4-7Y6EtwqYquQwu5DEtT6uByQSnxo6FvIRE4GpGi1Cd1bd1M5GfR6KdSoBuVC15i0V6QmTd1FGOaw7Bn_gYH0Nlv3X2UUlsPwbuZ2GLKhzztm=w300-h225-p-k-no"
Yun,4,2025-09-19,8 個月前,"意外看到「麵」字招牌，發現了一家拉麵店🍜剛好是在暑假期間到店用餐，很順利的就入座了！
店內採自助式點餐，付費方式限現金，低消是小學以上一人一碗。飲用水採自取，是提供冰水🧊
因為點餐機沒有特製，如果有不吃的食物，建議再拿券給店員時主動跟店員說。
這次與友人分別點不同湯底的拉麵，豚骨拉麵是搭配叉燒、柚香拉麵是搭配舒肥雞肉。前者較爲濃郁，個人吃到後面覺得略鹹，若喜歡清單口味建議後者（友人是有把湯喝完的）。","https://lh3.googleusercontent.com/grass-cs/ANxoTn3wZNxKUBODBztqx8zb4PAdmicJV9XBsgHecgyMZfxGJbVDgqvoJMe6ViMeulmg39N4Hy-TdAM_Lgm6Ma0ZXwSCtmo9--3PRt2eRo773cs1B3lF9pkTRU8xZwJrd2B9zZIczDQtvizGhKKr=w300-h450-p-k-no, https://lh3.googleusercontent.com/grass-cs/ANxoTn2Vrtg2Q82ir7WqVcP7UCQZrB6H83fkvZuADBWZgnft2zM8Vpgmy16zN5Lw58WbJKAPbqznsDVFOaRqkiI29mcATYFNCoIelq5hNVGi7ysagXC_ExxftzXuyesc5CfHkJvOdQkHc3QP3Vw=w300-h450-p-k-no"
Victor Tseng,1,2026-01-19,4 個月前,奇怪的帶位邏輯，我們三位，結果吧台明明有三個位子卻先給在我們後面的兩人組，後來吧台空出來的又給後面的兩人組，最後給我們桌位結果是二人桌旁邊加一張椅子坐得很擠，隔壁三人則是坐四人桌遊哉的吃麵,https://lh3.googleusercontent.com/grass-cs/ANxoTn2tMJoY7Cr9gNO8Vo95o0mUp2EATWmFVHwqnY0f8BuvSVr2deLeiJttyURIAOGYcfJbwmD364VKikhVaOObJU2oqRYDPMtPZIciFG91iTqGc30CuO3tMA3UFOpU92awWz6joyXIoapPF7iv=w600-h450-p-k-no
Jo Jo,5,2025-08-19,9 個月前,我得說我很難得吃到如此的細麵，吃的出明顯的（一般）跟（硬）麵的差別，還是出自一家2024剛開的店。但同時我也發現只是從2024到2025年我點一樣的麵上面的擺盤就跟過去的影片上有明顯差別。但這並非是食物不好吃的程度問題，我也只能說到這樣,"https://lh3.googleusercontent.com/grass-cs/ANxoTn0ldJE7mXdhEIhLVWAQyU6mFQHUL8s8yqoU8g4UrSALylJFvjiGSPO6o6wni6-pPdIzJTN6TeON3WnfYELPKZyKfGqfTsZQUQ9ag5J68xjopgHA7L3L9F2LW3mMwxHEa3yDORAGpiyXMME=w300-h225-p-k-no, https://lh3.googleusercontent.com/grass-cs/ANxoTn0GJRisFtxSrQS5hKX3Lzr6TIx0kgWsVBWcjq0kw4ztMTpIPS3_ZNbO8RbEREdkn7zxK1HYbgNRCii88PvQ3oriwQAtKAdu6dnBvnR7jmUJAOGC9jSxezdJuvqrmstkoobd_kaO_IMBCsg=w300-h225-p-k-no, https://lh3.googleusercontent.com/grass-cs/ANxoTn1BBVIAPU66p2IszoyVGwgRy_YxCITS5ag2O5k4d0DMzP6vLIzZWT0QBt2vspG3ePwR_tnMmF2pOYutYa00lJa97ke69-n9Q0kzKNUasV_spZ09nKLFmKvu-Np1tMNlA-TxO6KpfrgBTZuo=w300-h225-p-k-no, https://lh3.googleusercontent.com/grass-cs/ANxoTn3co5-fr1AkmkOrSrfKzY7t1cZBZ2hVnOCKFLXe9e9YhJNAHJNswDpGPVDr1c6FNimGQ6NaIVVrqRJHjq9uOoT4nwRa_R7XQgZlLG0vJSrSFmEP_5KsDT-hzvjXX-cQOQXBz4_WDi99m7x8=w300-h225-p-k-no"
SW.,3,2025-08-19,9 個月前,"/ 𝐎𝐫𝐝𝐞𝐫. /
▪️豚骨拉麵 $260
▪️柚香清湯拉麵 $280
▪️叉燒飯 $70
-
豚骨湯頭🆗 麵條硬度適中
叉燒跟溏心蛋不喜歡
柚香湯頭清淡🆗
叉燒飯拌勻吃比較好吃 不然偏鹹
整體沒特別驚艷好吃

ꔘ 𝐂𝐀𝐒𝐇 𝐎𝐍𝐋𝐘 ꔘ","https://lh3.googleusercontent.com/grass-cs/ANxoTn2ACZy6k67hLjEra04GQZLJ4LRG1wiZmR56TA2WIYqnD79WigRK0eXI1Hp5KSG5BWqeiyiR20KudIvIrWhQnl6LfXdhSrmEa3pRPlXd1d1HHdLoyQ9wuWryvWWcEayn9UDC3CBmiIAGOXiL=w300-h225-p-k-no, https://lh3.googleusercontent.com/grass-cs/ANxoTn1PClWMHcaYwStfbq_WyU436k1oxrAqQf9HAbxy5SdRQubejDWS1hC-zPa6WLlzW7xANHuC0-O0OFDBYQKVDJXpJe8RWVwC1YOPYqBpB9ZG1ZIkEuPJsm1sbdmk613qhP4N6TjZhqWhL9sh=w300-h225-p-k-no, https://lh3.googleusercontent.com/grass-cs/ANxoTn2yuY4w7P-5QqD6u5i7gh8WLOx08c8IDe97p7Oa_6WLuKgdSmRxomh9oZecTpcrMpLomHT5v8p_bAl1u4JMUtmoBpOva-W-UJQSGE1ZDaXkUZFm539natqmMJu0A6Kc639ksU3Ti6Nj7GN0=w300-h225-p-k-no, https://lh3.googleusercontent.com/grass-cs/ANxoTn0RADapjh9M9hmlk3zLF3jnta_6gIUju885PbloHkd3D8H-Ss3yRbMo_5oajTy3UOMW7xX15bW1MEE5ao_k4uRW2gkyTT2FCkF98c4HX8IS1SLus8FlDf2lZfJt_Irsc1gDkj_sQjhhsM-I=w300-h225-p-k-no"
李芷馨,5,2025-09-19,8 個月前,"平日晚上來吃還有空位不需等候
叉燒很驚艷！ദ്ദി( ¯꒳¯ )
離開後發現學生證不見 沿原路回去都沒找到快放棄+要走時 回頭發現不知道是員工還是老闆衝出來問是不是有掉學生證
就這樣失而復得了啊啊啊啊超級感謝🥹🙏🏻
謝謝暖心店家🫶🏻",https://lh3.googleusercontent.com/grass-cs/ANxoTn2KURpky8lWWspP-2Stkaq9Nh4IDQ41XlNdcIlxcIKL0M0uEaEetxQVNryTkffbxVA4rzkwwl33ZaWVhZpB3SPCIPSFw-gpK9W4fapWmMmJNsErj5GYutPOTbeuTTN7Id7B9Y45D8JCs1_k=w600-h450-p-k-no
uglyway chen,5,2025-07-19,10 個月前,豚骨拉麵湯頭口味濃郁，細麵煮的剛剛好，好吃，叉燒飯很香好吃。用餐環境開闊乾淨，碗會先燙過，維持麵的溫度，很好。,"https://lh3.googleusercontent.com/grass-cs/ANxoTn32fcf4t9gWhj_dyWIetgo7Oh8ZjqykNP6JlgQuWpQxptzIZdlsIrEyOUrRfpUvT5e79-vkpuUVVd46KGG6fOt6051LXRHH4rWAjXegFvOXE5BLcc2jjmHTmwqqSfwx-WD16yTMOLx-nRtM=w300-h225-p-k-no, https://lh3.googleusercontent.com/grass-cs/ANxoTn1pi3H1Lwasr1EIyDRj5n8tGQDbFOOYaFw-AjdfftpbmgzLjRcbhGcfJCzYg-qWilwW9Q96AwOsjUObIdSexPMi6fUdTh9cm6F2XUluAQka1m5lPRfg6xj8HlJ79259vy8651rQRf9ZUva9=w300-h225-p-k-no, https://lh3.googleusercontent.com/grass-cs/ANxoTn2LPWcbWRI59p6YEgq_y_muDywhdMa0cASZNd53BHRWWyDX97dCr2_eAy_M208bUqkApMgGwxQHxx67Ao-ux2h8oNAJ9HOZppUlfocvti4hC6GCKq-D6bCU9wsa3-Jg4bgyj8icCzD7RYXQ=w300-h225-p-k-no, https://lh3.googleusercontent.com/grass-cs/ANxoTn13KVonfeLdtWs9oQc-jLiItnI5k0tAR8De-Slwvtf6j54CKgIsEK9PDd4yNOcedmBwDwAQXq3J4XLks75F9vix6_1TDE9TDGom7FD_bibyoDB2qPvqmTTtnRMJs8IseWyre0Yl7W3JU_NZ=w300-h225-p-k-no"
Ching C,5,2026-02-19,3 個月前,"環境乾淨舒適
店內每位服務人員都很好
帶小朋友來也可以被友善的對待～～💕",https://lh3.googleusercontent.com/grass-cs/ANxoTn0HUer7D9pgclhV8yMOx7NfR1CXkc9KNANqT8IQ-QycbLQ9KLHe2y6wdH528fgiGEra2HIQLoIGTluV5GI-d_pMQLozsQ0ilX7RPkiOIGj08Yq432Im8VWJkEXBdpfFTO12uDyDU3A1sx2d=w600-h450-p-k-no
曾子嘎嘎,4,2025-06-19,11 個月前,"餐廳類型 🍽️:  日式拉麵

地理位置 📍:  捷運公館站3號出口走7分鐘

環境氛圍 🌟:  環境寬敞明亮 很舒服

食物品質 🍲:
《豚骨拉麵》 260元 👍
拉麵麵體細麵 有點像一風堂 湯頭是台灣人可以接受不會太濃郁的正常水準 豬肉偏生 吃起來有種伊比利火腿的感覺 海苔很軟

價格CP值 💰: 可免費加一球麵 cp 值不錯

總評 ⭐️: IG發文可以獲得一杯飲料 拉麵中規中矩 可以找到很多更好吃的拉麵","https://lh3.googleusercontent.com/grass-cs/ANxoTn1rntdLuPF9Ld_OpPoGDOpeluP77dB8vzlcMkl9EfkhJ3-GemN8tXDv8Ntmn2g-SRtOu1Az3s84B0OaCc-hJMBW5pFL88Nn5Ui3WrEI0AUcgmQNtUqOh4XxfWzDJd4ESZEVVamTQT2AA8o=w300-h225-p-k-no, https://lh3.googleusercontent.com/grass-cs/ANxoTn2Q445NBrF0oJ90y-NlSE8TYlmX3mpWTi0YxlwXr0UsE5jA14q4Gvayta-6GXhwZZtilyft1LYrD7B0Yr_sBen5D5_srzH01WMy4a1BX1-tvKnBPkUlfi9Auh_5KFrHBYnJuGpK1KvFvmuB=w300-h225-p-k-no, https://lh3.googleusercontent.com/grass-cs/ANxoTn2wNM8FTDKQf4pBwsd7x6bnUWec4i3MmeCKyY-qfBEmLGD8Lyg_LUD4VJdu2zurjL3hVkwZcEwfdlPQ42ujboqDcySgwjfNjQpz7AC1bdL425kCo-kOCxbro2Vwp-yicbkIBIvJ7PDxxT2Q=w300-h225-p-k-no, https://lh3.googleusercontent.com/grass-cs/ANxoTn0YjDOEUs1z9mNL1-SnKgHFU8ZyEK7ki2NEKfhfZDVkTKKOK1_-smcn0oou1tmIVGpb8fPy2KXjJ3nc8CTPvLgQQCFQ80l7ZZJYa9IEmq9LcQNg1HLn51AdxqRTAqhMErENSaBMjRFbBN4=w300-h225-p-k-no"
Chen T,3,2026-01-19,4 個月前,和一般日式拉麵差不多，湯頭比較淡點,"https://lh3.googleusercontent.com/grass-cs/ANxoTn0OltCP0sRPSLq7MA_0sjhWL5f1uJuWe5ZEEinE2amEzqAUMEm69LnvPFH2wbJS-x1Ts1zndSTcCr1U9xS3S438Fya5L3yL2uKXjoYtcLhZZ6J2C08kcEbVAycmcgdOsYMId-cwJTRZ1ApO=w300-h225-p-k-no, https://lh3.googleusercontent.com/grass-cs/ANxoTn2kQWmDHivOsFMG0-6wV8Rs04nEfo6Tb3v5clymWbyrHV9bbL9DEd70erAmqb_stSXHgD3maym8LRUy8uhYDOX7iZ5c6wuDVpIX3L26OKHUG3Q4bAUSoFLOGK9cEwyFhhWDjoOrB9izOh_3=w300-h225-p-k-no, https://lh3.googleusercontent.com/grass-cs/ANxoTn34CjmgpHw0pBO7Tgbih1GM7hxVDCq-qRT5hWpq-8Wg-NKm0qEFw1zi3UA12Fqt9h5S8O82pjQPSlbc27bhutqxZ_cxZg_QfdJUChb_0Ou1LctAGl5F0aY_0mGuRQYRdoCA78fkc_ZJWzmf=w300-h225-p-k-no, https://lh3.googleusercontent.com/grass-cs/ANxoTn1EH8lZZeHO6WYSP8OKymhVDi06Mni6prQsJ7hxc58rrbuQHw65uYB6CL3a9NUmrvUgmNdvRII053jFNJfN8jC9yIfys__CyxLP2ubsOHXTfUEk6NfVrTbLVTArRnwXNGwuehdt5cYOrBL9=w300-h225-p-k-no"
lancelot kao,5,2025-09-19,8 個月前,不算巷弄的巷弄拉麵店，店面乾淨大方，麵體有勁湯頭也夠味。醬油湯甘甜清澈，辣味增濃厚香醇。,"https://lh3.googleusercontent.com/grass-cs/ANxoTn2aVhT0IpOJLa9b97Ds4tarJHzvDdCWUQA8RtHP-6AuiYRP9afS9OtcFAXEQsq0-GKDMkuLOqNAj13PeYwDs_nBvoERMfz76VmK2He3hPBR0vYwxa1c6o9yCs5dfJjtO8Lb6QjGzpGAicDJ=w300-h225-p-k-no, https://lh3.googleusercontent.com/grass-cs/ANxoTn0h742K_nCiXmx8Lo6dHwqFfuSJOTzxVMhIz7BvZ95igMSZ174Zc72VsUZ6pVCfjrynh7fbuFcIAVLdy33VrrPMyXwv4smsTBsqP2ipB1RY6Z66SrHVuEhgL5xaUHjUDPfqkrQnjAD6TYs=w300-h225-p-k-no, https://lh3.googleusercontent.com/grass-cs/ANxoTn2QSOpEp9J0V04NgwPtsSr40vXYz89FVdmaJgWdmclmJInAkhjg3P9ozaSmnk6_nQhQav6SgHJzsCmMHu9Skf40-VuboSLrENIBL4Mkx9TmnF8a7IJ0rqzAjquVsHcx55JW2xtnupAtmAQ=w300-h225-p-k-no, https://lh3.googleusercontent.com/grass-cs/ANxoTn233AHjoiVUiRRw42aPwb-At4UbGS34HAd-BoHQ3bJZepXAlFAWL8a_wpYzv_a47hUNRqoUQm-2vmOYOjQp9bp9dlG5xOLlnlU4HdVGvTkhouEbRmaZyWCD7wLTusCWo0CTO_d-49jYHHJ2=w300-h225-p-k-no"
Paul Jean,5,2025-08-19,上次編輯：9 個月前,"豪華醬油豚骨拉麵 <濃>< 麵硬> 320$
店內的裝潢和傳統拉麵店有所區別，風格新穎也更簡潔清爽，動線和位置都規劃的很好
豪華的醬油豚骨拉麵有肥瘦兩種叉燒，較肥的叉燒先進行炙燒後才呈入碗中，高溫炙燒逼出的油脂和原本湯頭的背脂相互呼應，形成很強烈，有層次的香氣，兩者相得益彰，對於喜歡豚骨的朋友務必嘗試，但怕豬味的人可能要考慮一下，麵體是細麵，可以請服務人員備註軟硬度，其餘的糖心蛋和筍乾蔥花皆有在水準上👍
醬油豚骨拉麵 <濃>< 麵硬> <麵 15s>230$
湯頭濃郁，醬油的香氣以及入口後的甘甜和豚骨的搭配比例非常好，以酒來比喻就是一碗“醬香”型的拉麵，在如今口味百花齊放的拉麵市場諸如混合湯頭或創作拉麵，往往在第一次品嚐會另人驚艷，但如果是要每天食用，隨時隨地都能來上一碗的就是此種醬油豚骨拉麵，將“經典”的味道完美展現，不知道要吃什麼就選這個吧，不會錯的！
醬油雞湯拉麵 <濃>< 麵硬> <麵 金針>210$
雞湯的濃郁甘甜和醬油完美結合，入喉可以品嘗到店家的用心，湯頭很有層次，整體滑順，雞高湯雞油的香氣，醬油的鹹，然後回甘，喝起來非常舒服，點濃的朋友也不用怕會太鹹，店家在這方面把控的很好，很適合怕有豬味，或覺得豚骨較油膩的朋友，醬油雞湯大推👍
加麵的話這次嘗試了15s，非常好吃，口感超棒，個人私心推薦
用餐中遇到有位腳不方便的客人想先入座，店家很親切的引導，在服務上無可挑剔。
2024/06/19再次來訪，店家的麵條和叉燒做出調整，新的麵條口感更加細緻一些，叉燒非常非常厲害！！！ 老闆說以前做叉燒要6小時現在得兩天，值得前來一嚐
2024/08/14 黑蒜油豚骨拉麵，外觀上黑白相互點綴非常漂亮，黑蒜油很香，和胡椒以及調整過後濃郁豚骨湯頭搭配下來非常爽，不知不覺就把湯喝完！
2024/08/20 紅油醬油雞湯拉麵，我認為是目前吃下來，最好吃的口味，和店裡的招牌五五開，非常厲害，花椒的香氣結合醬油的鹹甜與入喉後的辣跟麻，超級厲害！
2024/10/05 醬油雞湯拉麵，近一個月前來用餐都是醬油雞湯拉麵，很適合中午吃的拉麵，湯完全是可以喝光的沒問題，筍乾真的很好吃，大塊粉色的叉燒肉輕輕的漬一下醬油湯底再入口，我想幸福應該就是這樣了🧡
2024/11/08 要說什麼東西適合迎接冬天的到來，應該就是麵屋長樂的醬油雞湯拉麵，喝完暖暖的很舒服，療育身心
2024/12/06 柚子雞湯拉麵，鹽味的湯頭加上柚子點綴後，十分令人驚艷，當然要歸功於本身的雞湯就很頂，和一般市面上常見的主流白色很厚一層的雞湯底比起來，我更喜歡長樂的雞湯底，溫潤細緻，將風味很好的鎖進湯裡，老闆就是很用心的在呈現雞的精華最原始的風味，單純但印象深刻，加入袖子後喝起來更為清爽，香氣更有層次，不知不覺就把湯喝完，不會像外頭的白底雞湯大概三口就很膩，糖心蛋的部分雖然看起來是沒有上色，但如果仔細吃可以感受到老闆在選材上的要求以及醃製的細節，非常推薦
2025/07/31
豚骨拉麵搭配店家提供的辣醬後，不僅在香氣層次上更加豐富，喝湯是也多了一個舒服的後勁，不知不覺就喝完了，就算不太吃辣的人也是完全可以加的，超讚
2025/08/01
蝦醬豚骨拉麵是台北市最好吃的豚骨蝦拉麵","https://lh3.googleusercontent.com/grass-cs/ANxoTn1wg_e8yNgFqNZ5HW97jZWtJPUPcZGxW8MORl8N4F1md0wQezcu6BpT4sNeK7KmWQig1JCTQPdVNag9ZvWMealOgU8v2CXK0kkNzYhaHLktgC02o5J4kpT0k3l9Kh9lm7xt9syW=w300-h225-p-k-no, https://lh3.googleusercontent.com/grass-cs/ANxoTn04gIZezNqbVL_Gwo_7ASXGW3s6A3Y_Tjytsnt6DaB3l3lLliHY4IETon61fziaVYvH9f7lsVvMocU18xKvcL-PgW5GUvxfEcL0CZoBKqxvuZWxKKKTyfDlpFaa_dLu5W6BIfPlsA=w300-h225-p-k-no, https://lh3.googleusercontent.com/grass-cs/ANxoTn086bcWAT5MZc8yyzMlzL7dTlAVSNNevyidGmkXYzX_2qYxBMWhW-9uQSLoEJk4z7ZXymxUpwtUMbyqpGKdIxZdf3mK1l0Bzl7HADCuTiPlvUYLeWKItPnynl3LkqYdZHiY6cNbhA=w300-h225-p-k-no, https://lh3.googleusercontent.com/grass-cs/ANxoTn2L1YTVVTYe554ZhgImT7c7PE0mK3P6ueBGxeZ8jMYAKKv8Ma8pb21mVjZ3UwxcLW8GlIlWyyXRYSyuKr2mx1saR6rIEBe1ko2lTKuuAuAZOu4je5lrQr1Kjyt1GJD3spAHlB5J=w300-h225-p-k-no"
Lan Shields,1,2025-12-19,5 個月前,戴著手套直接碰食材，又出去外面收殘盤、擦桌子完全沒有洗手，這個真的無法接受,"https://lh3.googleusercontent.com/grass-cs/ANxoTn3T24kWdv8KioPQRQVw-bvXHLO7gpgZr7lGYiMHBWRSM-LND2A-B71mBQT4dSvdnMF5e80mRR_ZFeqsjYZgq9eWCuKYnlGyUYvcetoBSJpgIZNMXJxaVS0lZxpFKV4WBgcXIt9ZIv6q2fBj=w300-h450-p-k-no, https://lh3.googleusercontent.com/grass-cs/ANxoTn3l2etLaG2__qFjdSWX-jU3au_-9wTrGJSQ1_nemIzByniBF34xBZ90zTDhA4jNaL2rupeIA95SLwf3e5hWzSpaqmuCINtY43-O3ZRAhzFtozDXMUY1SM_YIP-1yKBoOT2Lh6WjGEmqddQ5=w300-h450-p-k-no"
邱藝瑄,5,2025-07-19,上次編輯：10 個月前,"20250628[三刷]
本次評價『很美味』👍👍👍

[限定 大蒜豚骨拉面] 300
一整碗拉麵撒滿超多的大蒜，加上豆芽菜的加成，豚骨湯頭也很濃郁，整碗味道刺激的超爽der~每吃一口麵都富含刺激性超強的蒜頭和豆芽菜，讓人一口接著一口~🤤

有一大片炙燒豬肉和兩片豬肉片，味道很重但配合著蒜頭吃起來超適合。

[叉燒飯] 70
這次給的美乃滋給的蠻多的，味道比較甜不過我喜歡~

_____________心得文______________
在IG上看到店家推出了限定版拉麵，而且只販售到月底，就來吃吃看。
拉麵一端上桌，滿滿的蒜頭撲滿整碗拉麵，頓時讓我回想到極匠的拉麵，但味道卻更猛更勁爆啊！

20250530 [二刷]
本次評價『很美味』👍👍👍

[柚香清湯拉麵] 280
清淡的湯底，使得每一口麵，都順暢地滑入我的嘴裡。酸酸甜甜的柑橘(是吧?)帶來的刺激，使口味有了不同的變化。

[豚骨拉麵] 260
簡單的豚骨拉麵令我意外的美味，濃郁的湯底能夠清楚看見豬肉的油脂，讓我對這碗拉麵印象滿滿，當然味道也好吃的沒話說。

[明太子飯] 70
一開始吃會有點刺激，但會變得開始鹹起來，趕緊扒口飯吃才好吃。

_____________心得文______________
最近都沒看到限定拉麵，正逢紓壓的我受不了了直接衝出來吃一波，結果被豚骨拉麵給驚豔到了，沒想到湯頭這麼濃郁。而且清湯的味道也不輸人，清淡的味道非常入口，適合所有人。

P.S. 吃不飽可以加麵歐，最後一張相片是一球的分量~

20250419 [首刷]
本次評價『很美味』👍👍👍

[黑蒜油豚骨拉麵+肉肉肉] 280+160
別看湯頭表面，底部可是黑糊糊的呢~而且蒜味很香很刺激，豚骨味道野很濃厚。
豬五花肉口感Q彈會有點鹹鹹的，叉燒肉很軟嫩而且味道油膩比較重，與湯底很配！

[叉燒飯] 70
我很喜歡他的叉燒肉，有很多大大小小的肥肉。肥肉軟嫩，瘦肉Q彈，而且美乃滋甜甜中帶點酸味，讓叉燒肉更入味了。很喜歡推薦給各位~

_____________心得文______________
店面裝潢得很棒氣氛很到位，服務也是很熱心。
本想點兩碗的但預算不足QQ，而且加點的肉肉肉也不便宜。
很想吃限定拉麵，但店員說要看當天的食材，有的話IG會po，想吃吃看。
反正距離很近，等到限定拉麵出來時，再來吃其他拉麵和另一種飯~","https://lh3.googleusercontent.com/grass-cs/ANxoTn2KzD878-BdeK8C17zxtONq7wMqUvpadB6TMpX1hXjYKxoj7yClu5dbB3iEZcrRbKGJIQFJgmHEfvZR_WyXJfUJ8BvDgDJzGMm12POgCbE4mHhyDZqbTn_5gGK0ssXKLHpoQ2PVEA=w300-h225-p-k-no, https://lh3.googleusercontent.com/grass-cs/ANxoTn0-bX0o2Je1Mh-9H6rBBz_ab2iKLV9RkKRXETKk07uqaEnw69QNcGTgK5waaIUYxGjYYqiK6EBd0Hdti6qL968XARILva5x_q7gH9apHZRaTBqrqVwnwhI9cy7pwW4DXxb1kHKP=w300-h225-p-k-no, https://lh3.googleusercontent.com/grass-cs/ANxoTn05XuO6JK7Q4tWfNYezsW0QeNBf0m5lccMK6TL2MNLHhZGO_jtv7AkanwDnq__tf49Nxu886NlNbHosRgldGlDo2N9hKsotMq3XJf25-B7WvSX7PiNyfIP5qQYgkJpS_Xmn5wnF=w300-h225-p-k-no, https://lh3.googleusercontent.com/grass-cs/ANxoTn2x0uWkv8coS79Aw3U9EBZqX6dW91ls1HRC712w2wCNuBr0xQGncTfzerF_tRQkSA0Sl6gCK7VV7sNtwiqweB7Og58tScAJqJ2A3U8mwUHI9c7q6_UWduk3cAay6VBzP6ADQwri=w300-h225-p-k-no"
Wayne Lin,5,2025-10-19,7 個月前,位於台大旁邊 店面佈置很像在三角窗的小酒吧  店面寬敞舒適 拉麵好吃,"https://lh3.googleusercontent.com/grass-cs/ANxoTn2PKnDjllnHrh1AKfkQh140miqK30MmUDnXfApcjm5DislOQvdXz6sXpJSGOlbCBehL1kjGrKvmfl3nMRGMU3v4dYVVZ8zJYjj2PzpdvqfEAja74d5h_mocXVb4j-PdT2JDYsyk0ct-YWQJ=w300-h225-p-k-no, https://lh3.googleusercontent.com/grass-cs/ANxoTn1lY3z1XChRhf_Y52akUfw2-nCHFR5Tm_3M4SASedW1wjFspc2mNXyMooHw7jjmcrz1u1eW10KZ8PM-991Hv8f3810UawD2eAlkH2SpVpXrRGPWEdMPsJeR5RNHlbMu7ZAG7e1u4V5Sv3vx=w300-h225-p-k-no, https://lh3.googleusercontent.com/grass-cs/ANxoTn3NAcJjwD4ghpfsladeDQrxfoDFc_Zya9eepIMO6meLoeFHCk5irlrSQJpMN8yUc5MvYq39pySY797KCn3C5z-JXlcYGG1iGrXtPj1Mo4RE8ZfF9S7I2E8Gc-_yKV_IYBZzZc7w8TdshkOu=w300-h225-p-k-no, https://lh3.googleusercontent.com/grass-cs/ANxoTn27EBtxF7gJYSR3S5tplQfo_RCDkyR8aYbX8uilAEXxe-yosLzmZbwc-iqDWmm8EM3juqYFb4jPFC_Sfr9y5ypCpZbrwJfFjahnLEKSKiQW7r3Zmxs5_hgjvv_Ov9g4XC-7J8RzuzGuVv5c=w300-h225-p-k-no"
鄭元勛,4,2025-05-19,1 年前,"黑蒜油豚骨拉麵 $280 / 叉燒飯 $70
店內空間算大，進店後直接在機器點餐後才入座。有提供冰水可以自己裝，廚房是半開放的，會有一排座位可以直接看著店員煮麵的過程。
黑蒜油豚骨拉麵的湯頭一端上來真的會下一跳，真的好黑😂但實際上只有表層的蒜油黑而已，底下的湯還是一般的豚骨湯頭，但整碗全部的東西都會被染的黑黑的，要能接受那個視覺震撼。湯頭本身無法調整鹹淡，味道很足，也不會過分油膩，算是油脂香豐富的湯。
麵條是細麵，一樣沒辦法選擇粗細和軟硬，大約是外面的正常硬度。另外可以免費加麵一球。麵條口感不差，但這次喝濃系湯頭就吃不出麵條本身的麵香風味了。
叉燒肉部分是給超大一大片的薄切叉燒鋪在碗緣，但沒有炙燒過，又是使用五花肉，油脂感太重，即使很薄切了口感也不夠好，會明顯咬到某一塊有明顯的肥肉，本人無法接受。愛肥肉的可能比較能接受。
其餘配料包含蔥花、木耳絲、海苔片、和一整顆溏心蛋。溏心蛋是很完美的熟度，恰好流心又有一點膏感，蛋白也很軟嫩，蛋的表現很優秀而且直接附一整顆很不錯👍
叉燒飯也非常不錯！尤其是米飯煮的超好吃，香Q有嚼勁的米飯，每一口飯真的Q到會彈牙真的不可思議，好想問老闆的米是用哪裡的米。叉燒肉也是鹹香夠味，還有一些類似美乃滋的醬料平衡鹹度，另外還有現場用噴槍表面再炙燒過，有很香的炙燒香氣。但可惜的是叉燒飯和拉麵同時上，所以一定會有一碗冷掉，希望老闆能觀察客人用餐順序再依序分開上比較好。
整體來說，拉麵本身湯和麵都很不錯，口味可以想像，味道簡單調味適當，溏心蛋很棒，但叉燒肉片不行。叉燒飯很好吃，吃得下的話可以點。","https://lh3.googleusercontent.com/grass-cs/ANxoTn3krgArHh43KiLRzg7inqvl4L2Zzam9Ky4b7PB7VtOGiNi7qrxpWPKK5GdJZkJl9qEFCbw5_03Syz8WLwDnrw7hTKNYW6uAIhaTPQ3ybj7wsU9zup8frDerSZSn9OrpU3HSra9h=w300-h225-p-k-no, https://lh3.googleusercontent.com/grass-cs/ANxoTn2TFLv9ZRGjlKnWJg7iiynE8iXCVXUhwuNbX4fC7Tr4Qgjfg46uDpOlVq4vpW-IVuQGoFNHMsC5es6wNrXWYK2GxhFgnc9EU1r9BbQH5aSXs1dDy5k_04llUtDiIkG8Ub_K_l4u=w300-h225-p-k-no, https://lh3.googleusercontent.com/grass-cs/ANxoTn3jBGXWGrbCFxriVZ7zTX8XbMsJ1tVtQG9Gl_xs2u5PEVwN4FP1fpBpKsQoJN3zT8reqSRbPeeeKVPRAanzjP3vTu2knisZi3Ho-OzAIxXcddpw21D2Kr9pgqwmwj5uBsjCiOk=w300-h225-p-k-no, https://lh3.googleusercontent.com/grass-cs/ANxoTn3OJ23qaqxchTSzecmVuE1HkY9T-20SRZy5jXRIpR5l1rTlrmXF4wXxMhBk9uGX_IuoJoFZ7HHlNZ27aVRqXWWntVCQFp8uARqkLCrYjJ6b3KxT6XLu1XVqODc3ay0mA8tPU2RD=w300-h225-p-k-no"
miffy tza,5,2025-08-19,9 個月前,"今天帶孩子北上參加考試，先生google到這裡，因為我們不熟路，走了好一陣子實在是好熱又好累，但孩子難得想吃拉麵，一開始看到告示小學以上也要點一碗麵，但我們當下實在沒辦法一人吃一碗，本想跟孩子說我們回家再看附近有沒有拉麵店，但看到滿頭汗的孩子，於是，我又拿出厚臉皮想說問問可不可以點2碗麵就好，沒想到忙碌的店員答應了我無理的要求，一進去環境明亮舒服，孩子一直誇說玻璃好明亮，我們點了豚骨拉麵，我跟孩子分吃一碗，麵軟硬適中，湯頭真的濃郁好好喝，先說好這不是官方留言或是五星好評打卡送什麼，先生跟我說，他查評論，這家主廚是在日本學習三年回來開的店，我們感受到努力學習的結果，真的好好吃！雖然，現在邊打這篇評論都快睡著了，但我還是想讓努力的他們知道，謝謝你們讓我們品嚐到好吃的拉麵，有機會一定再來~
服務業真的辛苦了！",https://lh3.googleusercontent.com/grass-cs/ANxoTn0qs6-h56_XYYSuXwfqcZEjK-E4G4Xf20MgfmISFw3SaKiTFBNaAlZrVaLzyD-XGf1Ken8QLtFtudPd9I39ku0TeMoZkUc7wz1xWfKfNxpESAk9o6PB3AG69RJmvQ54GHb0dU9QSDyRjFA6=w600-h450-p-k-no
芥子,5,2025-10-19,7 個月前,"♡ 黑蒜油豚骨拉麵 ♡

黝黑的湯頭很新奇！非常濃郁的豚骨湯，濃郁又鹹味足夠，吃的很享受。只是因為湯比較濃，所以吃到後面稍微膩口。

麵條無法選軟硬度，是固定的。因為是細麵，所以吃到後面稍微偏軟。

叉燒豬肉片不太喜歡，有明顯腥味。

溏心蛋是一整顆👍

店內環境很新穎乾淨～整體非常喜歡💕","https://lh3.googleusercontent.com/grass-cs/ANxoTn0mPJ5C-WENP8WUTOou05FWrT-dHGH-mF8ZHe95XysTe4odp6g5enFCXEbxnysjziV9fYDv0iWbMPt7v4YgKXIQ14M7PJoAq2vDHTwCCXP9tpQr5KhMNXpgY2--biFgMzPryGjoC_cj9C2z=w300-h450-p-k-no, https://lh3.googleusercontent.com/grass-cs/ANxoTn0DLzz0f6Dmd5eHJUZb9P9F-yo3C_djpUA99tQMgSScoEIzuoW-i1o5rIuEgfYEHbN_kJNxBFgRV9lhSYwAJialbAJwb11tRfvi0mbJz-5IpD4dBG46JiY5mhcFaQvzphYGGjxvk7o758OZ=w300-h450-p-k-no"
黃怡婷Yi-ting,3,2025-05-19,1 年前,裝潢有型，食物還行，細節沒顧到-如叉燒飯擺盤鬆散，加麵是用平盤承裝，沒感覺到職人精神的拉麵店，單價280起跳，清淡系的柚子雞湯拉麵湯頭有魚味，招牌豚骨不錯肉片是大大薄片掛在麵碗邊，加料的五花肉片筋不好咬，有加麵加湯不加價，廁所乾淨，杯水餐具自助，沒有一般拉麵店放置恰好的氛圍，不會想再回訪。,"https://lh3.googleusercontent.com/grass-cs/ANxoTn3jbjmXReFU01xw5Qol6v-LrR8mynUmgy8_3ulRI4JOBdqO6VZXMkQvQsboRanbiWcKt7YMtSXvroGV7eLditDASrMWkJ60NadqYefPt37tzxxvi25gfWqxyKK1jWct_v_vSSHn=w300-h225-p-k-no, https://lh3.googleusercontent.com/grass-cs/ANxoTn3rYZeajVpaoPymoOucFozMnFm_Yl1ufzr3BXR9voC0U-dun7jE_UGvNtC7TzohFP3qiiyISy82p1PAikQxHqRpg8TA0BDDVm_XFpQuMp5Uf_zkUPiC226fiZZ6fcEZqe5QdDDmOg=w300-h225-p-k-no, https://lh3.googleusercontent.com/grass-cs/ANxoTn1P2qAYj81vJn8OTX0DYyUFBY-0qqnjWfClypUsOvhymWpgI-bRRRVy1koZhiRROa4VQ0VNtVQib8n24FGES9FV4VU1v-bJsiEvs1y5SOJ2NK7pmnayZSVuw4vJ2-euVcNSL87W=w300-h225-p-k-no, https://lh3.googleusercontent.com/grass-cs/ANxoTn1Ha3Ucav7ndRDbKMQFSf_lVVgD2tgRds_KAHPZIrYPxd5CKHP71tTfDEnHlwi7PwFS7a1J6T7V5c6dkw8buK74QO4KJFcdRqdC5wM2eQEycZhzc9Ozp5Vuba7JTfFGLtKjizzMVA=w300-h225-p-k-no"
愛睏喵,5,2025-05-19,1 年前,"臨時在附近找了一間正餐來吃，發現一間室內整潔明亮的拉麵店

點餐方式是由票卷機，能使用載具只能現金支付

票據出來後等待店員帶位，並把票卷給店員

我們點了
鹽味豚骨拉麵，能調整鹽味
柚香雞湯拉麵

我點的是柚香雞湯拉麵，拉麵不會太爛或是硬
覺得很剛好有彈性，湯頭很清爽柚香味香濃
雞肉超級嫩好吃😋
我覺得不會吃的很膩，一口接著一口停不下來

而鹽味豚骨拉麵，我喝了湯頭油膩濃厚還蠻鹹的，因該要選擇淡鹹","https://lh3.googleusercontent.com/grass-cs/ANxoTn05sijnPdoGITezS3GhijxQWrUatRdTCAyQi9dozxvPKoPXIGrGh_i7gay90knC5eW2rXeqSD-HJX2USbqeJpb7E_94Hv9v6LNE8Z7CyNkAjG46qgvGxOHaTH9Qataj4MfhIpeQ=w300-h225-p-k-no, https://lh3.googleusercontent.com/grass-cs/ANxoTn0b4kveEsBT4IdhWHBUpCn1JG6ARbdOLpfndq6VFqrZ8DKFzbL-2KeHbaLNboNLOzMoT5ew1pawe-k8X_quOrp7aER2AaXP49AqKqcydEgcoi8sT8-JLsGN_j-Ya3GNa_uVTUNtQw=w300-h225-p-k-no, https://lh3.googleusercontent.com/grass-cs/ANxoTn07WN7kU9uMlmBHf2vPkFcKTT85-lV4I_D5MW2TnMk6OvWuQIWxSxI5keewPMat8rQy_nbQEZT0z-5T3Iq3ML6KSnudOsZbMiAMNF9CuKuSBcwzTxOPITw1mAVKYt5_ZqYxY8TI=w300-h225-p-k-no, https://lh3.googleusercontent.com/grass-cs/ANxoTn2uy28Nk_U_KRgdEKQ6zNjZyzgIahoDy0mlkgf6_vajpt6VP9cdI0I93Qc9cfzfrsSuyD5TP66EE5K16my1TZJRvBFL0PZEOIxBeQRH5165idHTzoeACW9q5xpcpi2DYyRB5KyxLA=w300-h225-p-k-no"
Steven,3,2026-01-19,4 個月前,料理擺盤很有誠意，滿滿的肉，麵條也是Q彈好吃，但湯頭系列太鹹，肉也是可惜,"https://lh3.googleusercontent.com/grass-cs/ANxoTn2HmHXmNTw8AIFhdb-4Vq-9xiRSkv2E0FLC3FUxfq5yqX0UpfHTOc_I5FREl5JvP_ujcACCcieKIDrGkL_hVOYAXM51CaOkvYtRCnncaribYB8xpfhZ3hFuUyAzaRN2cEsATgBj9ZrcJLGw=w300-h450-p-k-no, https://lh3.googleusercontent.com/grass-cs/ANxoTn1TqIlX56OzK0JRQNihQ2SDBVyG3ZuI8LaM1ioAYIbTBUuKFI4devB_64J5oHOzU9-Avhl_HwiIjquHS3R9Er5fM5hqGKfJhFVcINKSh91yABQjrE074YMg3RKNmA56rwgOWcwPi9aLCgc=w300-h450-p-k-no"
紅蟳,4,2026-01-19,4 個月前,好吃是好吃，但這價錢再再提醒我：我吃不起台北的拉麵了,https://lh3.googleusercontent.com/grass-cs/ANxoTn0fjmVc4HE5eYaKGR65S7xlGdePr4Kmls-0r-AqkkGTY8TN1ox4AITJehf1x4zVEgMJs6LNwAgYP4WCvjiZ2FtgA4Cq2k-1-bAEMQoexnIyMJeK6Nyrwq_-3-_pfmDnRWxFv0dP0jwz9eo=w600-h450-p-k-no
郁芳芳,3,2025-05-19,1 年前,"🅿️（汽車）台大停車場
💡開放式廚房 環境明亮乾淨整潔
🪑座位很寬敞舒適
🖥️使用機器點餐

🍜招牌赤辛豚骨拉麵（濃厚豚骨）
內含物有：豬叉燒.炙燒五花.溏心蛋.蔥.筍乾
叉燒肉 肉質軟嫩
五花肉 肉質偏柴
湯頭濃郁 只是比較有味道但是不會辣

🍜鹽味豚骨拉麵（黃金雞湯）
內含物有：雞叉燒.溏心蛋.蔥.筍乾
雞叉燒 肉質軟嫩
湯頭清爽 味道剛好 不會死鹹

🍚叉燒飯 中規中矩

🉐分量偏少價格偏高 同價位還有其他更多選擇","https://lh3.googleusercontent.com/grass-cs/ANxoTn1QG2qiwp7pgZeWNX21g4x1XdfEJmC2JYhTGuz6IBKsXXpJiV_nujK6EcqBOwMbMASuDJgmoB2Ttc1V-abUvySc6N9-SYjl80jf5lNH1RaAeMCdhuKzAviFARKtSW0Gclz6qZ2a=w300-h225-p-k-no, https://lh3.googleusercontent.com/grass-cs/ANxoTn11Jmpcz7X3Fds8-Kwt6Q5GKx4tEPao6nwPP8MHDyiuATyk_1obG54pBIujP8uQ7Xmmlr-nNY_x-alNHFrJPL-UfNbxluJTR5eeob1Stpr0maFUHplmQK0A9-YlMqup1ZmiBzPqUA=w300-h225-p-k-no, https://lh3.googleusercontent.com/grass-cs/ANxoTn1ByXQ5TN9YGlu3b0v-HugCL063IB7xpfvyKtzPWHzA4GG0Rj3pOhIL2twmlXjjm-RCAxj1pNzc3wUu-DIWf_6zxxKSbYfr7_2e13Utoc_Ufu6NgnJ1j_udP9Hm_jmHhP3pjDY=w300-h225-p-k-no, https://lh3.googleusercontent.com/grass-cs/ANxoTn0u1YaBnX4fIAk9MNYa79sUIo_vbdAM0mjHC4mC-bswrhMYmwbdL92f7Q8cKoQBgCh04YWnCvIothRJP8p-70ZTpUUzzu3GIIq9GtWfRL305EeGQzJn39IBsFsZdek6S9iodkYRtQ=w300-h225-p-k-no"
kelly chen,5,2025-08-19,9 個月前,停車在附近，無意間看到有拉麵店，進來用餐，豚骨湯頭非常濃郁，叉燒肉非常好吃，而且可以加麵，對學生來說很很超值，小孩很愛。,"https://lh3.googleusercontent.com/grass-cs/ANxoTn1tPFCJ-2bh6Z8N0tGDpDInJarZtsPcMF1Hb0DlOohCVHmxyc58rdo5_VJkGiGvz9Nwvl0f4Qdfi6yg6ij2_lF89ZSxRdEZ_oKoZpz5pJehoYzN2xS8uPMX4Bcx7ufbN8e04dPHu9KByHs9=w300-h225-p-k-no, https://lh3.googleusercontent.com/grass-cs/ANxoTn1sTzpgrx24NjMV0KKoU9TVgtwWAg9TEEJ-JROEXm81LxBknOXO7hZISxuwE7naBnkNdlzSduKP5egos8oKz7cCN1IWSep8NyfE4UGtePS5I1fxlmtrUiwhfaYzjRBGtEmJfIBs0tFBRjU1=w300-h225-p-k-no, https://lh3.googleusercontent.com/grass-cs/ANxoTn2uo555PVeF0z2NUFjPX2R2EFB8enEP6Qj3L9C82JXi2cLMrZpsSsBNpXYupgRu-ibzCYg5Qf3RpVHwzXeuTt2VS1B8oIFfuKA25cn42hLBBU6vuMhq2oo9XDJfiu3giGHPlpcfBQtNKWST=w300-h225-p-k-no, https://lh3.googleusercontent.com/grass-cs/ANxoTn14It9vBcOd3bDkKdaIxlxtnw71qhHI-2LEtCVVEP0Ua0kxoSh66qiK73mxyhAMpC6ODRm4cpuaVm5c7hH-dK0ZJKlIkyqoAS-fGX2fZ4TanrEk5duf3sgJcvdm1HvG-ErtKgJP5DuEnzwU=w300-h225-p-k-no"
hua,5,2026-02-19,3 個月前,拉麵有特色，好吃，座位算多。,"https://lh3.googleusercontent.com/grass-cs/ANxoTn0H1bwbd9gxfSasLL982UrzEWobwzH7KtmxOG17kT2fOqVDr5eSC9K0r6J6jw2KXKCs1XjVeWrQ1BFaM8QozT_ePMBk4my0jyRn20S7RJOncE2J0d2_D8rxwFPQuhUGXaOXssOXDj6137-3=w300-h225-p-k-no, https://lh3.googleusercontent.com/grass-cs/ANxoTn3rGiKGFMurhyKwd22SagxagWtEAw7uRO9vXKzmSF0IAgH3xW_x-cMw7-NUoxDgKaLhXMkf46uniPf7Lxs-tamIYcyNc-nIjT2jcGZhgjrSpOERv7GZXI_1ZAMK7DlmXprJRof5-KvXcFs=w300-h225-p-k-no, https://lh3.googleusercontent.com/grass-cs/ANxoTn0MS6FVhjgU4gGxa0GQYSp0ms3W0IoRTWFd_pEu0TF1JF1pNShmCHBruXsHY-cSlJvUrqWkmN5md1C7VDDlFL9vKlWjiqlWwel548oJSOHWGbrTuWbD8EypsB3h739hnF2c0JZpb29SG8s=w300-h225-p-k-no, https://lh3.googleusercontent.com/grass-cs/ANxoTn0M8hYJlkpFQ_WY90Gx0MU753KRXOXGc68M9IlMUCGWr_fPGnFgFGNhQEjlgy3LWF8RxLelbCOOBn3Jb-6qSBpXgNzpkstWFaH9K9LK2OaQb97VYy1HDRIpdr0IxzzffcdPzMZoeKXFC0MM=w300-h225-p-k-no"
Nick2618,5,2025-05-19,1 年前,"中午沒休息的拉麵店真的推爆
拉麵偏鹹 但可加清湯（加完後湯鹹淡就差不多）
座位算蠻多 用餐檯面整條平行過去看著舒服
不像大部分拉麵店前面會是擋住的
還附濕紙巾真的nice
推薦沒吃過的可以來吃看看","https://lh3.googleusercontent.com/grass-cs/ANxoTn05s4HERaki9K5kP-mynBpxdaYgHDsG534uITdI1W-ayp63SpG-Cf-s5Xjn8_Gl2EDKdrLIZpnzMGPBe5Ka3IQ3WMgJMTQBisk_oAO-bjV7UTFECyuGEk6JKYhxBOEptQheXFVU=w300-h450-p-k-no, https://lh3.googleusercontent.com/grass-cs/ANxoTn0YxHXwxwTXnn7i50xqcjch-HB2upi4b2V-hC1FeJCQoaW4IvmePnd0E7dVSDqOWp34BGWfQ88gK1mZCcw8fFPgvnChGFHzvSfJP2AcqJ5WsYsn3cYJE1jPRLsKSRRC92QojGOZ6w=w300-h225-p-k-no, https://lh3.googleusercontent.com/grass-cs/ANxoTn1vxi0aOkCAUiJg07bON2iNavoyPjmgycDn-3dIh6omKqjrI6oESppj2Kc-bMhHRFi9ivVRtCZZKsNFpGyNEjim1C0b0OR17n98kbDdB_6eal0FDHMBa5V9xCC-LKEtG8imAaJz=w300-h225-p-k-no"
Rick Chen,4,2025-05-19,1 年前,湯頭太鹹了，儘管已經點了較淡的湯頭，仍然可以兌兩碗湯的感覺，店裡的服務態度不錯，該問的都有問，有點重複的有協助退費，十分不錯。但是加麵完全用不到，因為很難吃那麼鹹。,"https://lh3.googleusercontent.com/grass-cs/ANxoTn21NLf5pmA8V_L0nOcaMT8bDFoab-BMfFeNk49LbG41RgY7gFz51tZDCin3S7xq547OS1J1lgdRhGao33tU2tcYx1OLNYl0mPJChEKRgx1al6EAHmbi88I-24auWSZ-EbLrNAcP=w300-h225-p-k-no, https://lh3.googleusercontent.com/grass-cs/ANxoTn19bPWCVANN7n4BxeNw48mn9VQ1RHCbuB5usug1JlbS-8KPZTDVLe0zHa0AdeBLf-1uHhR-kLTzCqpevto8NMFQ8e5EcibqU8YY8IhIKA3dsvVK-d55qY__kY7AXwDyhs-ZBRSzhw=w300-h225-p-k-no, https://lh3.googleusercontent.com/grass-cs/ANxoTn3aILiyd5fnAV26c832JqT3Cc3P5CaJs8Es5pNsoVvI6vPwr4hCi_8Z0PxHl1lW5w00o-oxAzkMzuMhegO9ZJeNmTv_o0AQFjdoab-Vq8HMzZl5aq1XskxXaVoxfAmibtQb9fk8=w300-h225-p-k-no, https://lh3.googleusercontent.com/grass-cs/ANxoTn0FvgUrfF3D1Zvo0ZgLuz-Q7ZWewCFzxJR85BvvcI6yeGQQxlL0l2TQTJMxW8TntlmxUTzTeZMIi9gv09ViTAmdPoaLHsmI1MeQqT_2jYQ5t2BieU-nCLGTt60jyL9DYG67bzKmKA=w300-h225-p-k-no"
Fangling Wu,5,2026-01-19,4 個月前,餐點好吃 服務好～推🌟 …,"https://lh3.googleusercontent.com/grass-cs/ANxoTn3fwGrBoHXF3RO5ljgi9hrxi-dh7Lng-QbXzkfAnu_t73bsB-gGwIt2ZvJD5apYnmvEbvZwV-5-zYv_RL7zHQVVUSpFx1MdXBDxHZ6DRVtCaVf-AmaMu4Fb5CuLkT6frFMvpdUjrDPh3E0=w300-h450-p-k-no, https://lh3.googleusercontent.com/grass-cs/ANxoTn0_nJfYc1nBJ6Pd8ieKnv1AduQ1vLqizD9kxdjHO6snDUIoZuiOrU0KdSjnTPfG6hOWjawuQ3nWw3eyPRhNADH9Cc5UqqxRjwvBFW-ynewiJKn_kjHu95Sp-hTES8dXME2Y22Hcu_-8oKw=w300-h450-p-k-no"
黃琳瑋,5,2025-05-19,1 年前,偶然發現巷子裡有一間評分很高的拉麵店🍜就和朋友進去用餐了🍴，假日人蠻多的，可能需要排隊，我們先去點餐機點餐結帳拿票券，再把票券給店員，店員會再安排座位（注意！只能用現金💵結帳，沒有信用卡💳或是行動支付）我們點了豚骨拉麵，坐在吧台區可以很清楚看到店員製作餐點的過程，非常療癒(˶‾᷄ ⁻̫ ‾᷅˵)肉🥩有經過炙燒，香氣十足，麵條也軟硬適中，湯頭濃郁香醇，不過有點太油膩了，很容易結塊🙂‍↔️，腸胃敏感的人要自己斟酌，因為我朋友吃完後腸胃不適🤣相較於之前去日本🇯🇵博多吃的豚骨拉麵，這家店絲毫不遜色，反而更貼近台灣人的口味，在公館這個拉麵一級戰區裡也算不錯，推薦大家去嚐嚐看🤗,"https://lh3.googleusercontent.com/grass-cs/ANxoTn21i47bE7BPDjA3LKIhuVhDx-3Vh_AvaDJEq_d05rjD7xXzCvJu3gagq6nhtjUW1mBHVDSr4hwzXVQyR-nyiqvCzEeN7tiQrTMn7UXA_oEy2-HuKO8Ebz0rgAlg-gWT89-7FMsKVg=w300-h225-p-k-no, https://lh3.googleusercontent.com/grass-cs/ANxoTn373NW5JTuFDOnQxUpuMLsoinamACT2QkG_9l0Hdbwwe2Pkbm-UqlxIxqXw1g1A_BxgKH7Yb0x-rqvUC_o53QphqLNrTM9Xm-ugbk6Gk8MugkUU2hIBGkN-OklGF1jO4tTc-OJ4=w300-h225-p-k-no, https://lh3.googleusercontent.com/grass-cs/ANxoTn05dldonrUbnO2_5kRja_d4ZhM-PcXEeYu6TgPllKFO2ICaYtOrbXKwfnSVsEPyQVSglAn1B9tI1Ejyd2jYt76URQGbJ2vx0cHGFabBI4kaA46bBJUxsuqUfDlHCHWPxv7Z7-W3=w300-h225-p-k-no, https://lh3.googleusercontent.com/grass-cs/ANxoTn2QLuOTezXz-s1Nuor27f-itDFXg3vD4AGF4WzkQbQnK3Z8f1wy2SWjiOQ9R_KwSzNzd6P-lj_bXH8rCbKILDTmyUy-W6BclCFp5jORZAhhPqWU6YWvFVQ1-kKuqpIfDmm5Kys=w300-h225-p-k-no"
Wendy,5,2025-05-19,1 年前,這次點了鹽味拉麵，辛拉麵，跟黑麻油拉麵，香氣很足，但口味確實偏鹹，跟日本麵屋武藏的湯頭很類似，一開始吃很美味，到後面就會偏鹹了，有一顆完整的溏心蛋還有肉片，味道都不錯！,"https://lh3.googleusercontent.com/grass-cs/ANxoTn3ih763uQcEPSgeBJ_Ue7P3mBVgEbnwpcf6sAV8af-XIguGRPI6WjBOPSKJj5EiQ4yoxpHgpjBzhJCEtQPowZsAeSbPRdZ045OhHGknWBzmTC3q3i8bavnbuJtis1nl8SIAe-E6=w300-h450-p-k-no, https://lh3.googleusercontent.com/grass-cs/ANxoTn2dQYJjh-MCNkvXASt3ADDDk7QyX9aENALMyAEwZWACW2NNZPvdBvL1qYAyp3eeEFqCCjWB3_Sy4XXxqgY_KLvkfRXnicJHz1_pGevOh9FnPfAuDsXWE0rUpoKkSyjbotoMFkaZoA=w300-h225-p-k-no, https://lh3.googleusercontent.com/grass-cs/ANxoTn23vrkcUAQ5YOVbO-hiWuyOVVrggWGE8khGBc8sEkJvGYqP3bhyT9ujHzCa01bZLLkGaQbrr0dMiJqc1eUGbP1JQk8jvu-tsp1KBaUDPq-a3PK6ck4SN2Rh6h_LZQC4G6JpNpqR=w300-h225-p-k-no"
Isaac Peng,5,2025-05-19,1 年前,"八角形的招牌很有特色。入店後先到食券機點餐，分為濃湯豚骨、加點跟黃金雞湯，菜單有五星評論叉燒的選項，實際上吃起來覺得值得給，還對得起自己的味蕾。

今天點的是招牌醬油雞湯拉麵(320)+肉增量(70)+評論送肉，送的是薄的叉燒，拉麵本身附五花叉燒，醃過的五花肉配上炙燒的香氣十分好吃。麵不能選硬度，但本身已經是偏硬的細麵。友人加點的替玉份量大，點之前要注意，另外，跟店員告知後才會上麵。蔬菜則是使用筍乾，並沒有常見的海苔、菠菜等。會有一顆完整的半熟醣心蛋，但蛋本身有一個略鹹的調味，這點倒是挺驚喜的。跟友人的招牌鹽味豚骨湯頭比起來，似乎覺得他的那碗更好喝，但這僅是個人口味的差異。

店內有自助的冰水和加點的飲料選項，飲料會由店員送上，請不要自己從冰箱拿。

整體而言，因為是學校附近的店，所以客人談話的音量會稍大，但如果要聊天的話就變成了優點。店內分為吧檯的ㄇ字型吧檯跟數張兩人位，可以入座的座位偏多，不太需要等待。","https://lh3.googleusercontent.com/grass-cs/ANxoTn2m6BjM6f1dg4CqzXfYVn99yPovC-dK7UsHP9u0V8vIXVlRlUN5hDNT52Q_Jzq4quarZ2rEra_fKqxc1n8H7xpvR3iWoTo5aUqkePetGTLlIcz1nmdsM8mQNncZqUQuDlHPxAy1-g=w300-h225-p-k-no, https://lh3.googleusercontent.com/grass-cs/ANxoTn0k81lTvAVeWXGzmkje-jdZzvobOHcdfLjCSSm0S6MmAQsL-50B5DoZiEeOd9eWqrq5yVYfDDfmxQGFKo2Uhqb60QPxrEiH6WtZz1ZAI21MmfzrTrICcwwP_68_l-jpRxjktJI=w300-h225-p-k-no, https://lh3.googleusercontent.com/grass-cs/ANxoTn1dndlOCRvxyJCFMtEjviSIaVhA3wFQ2-0a0GoJSjkMA7DL7NEX8ZCE7vcZsWSNNwGOIF5uXIlq-5CQriYs2AxKpSuV33xGyYOMeqFduEZINwBEVLTxk9vV9T-K2eEDrBPzmsXEkw=w300-h225-p-k-no, https://lh3.googleusercontent.com/grass-cs/ANxoTn0jIZi4ZBuOXGC3KNX_YczRIa8pgA4CqWt1PtqZ77PMYpBASgUnw8GAbutjJiCqgRU_CmqZlEBy9XT4R9zXSiU5kJAWRLgwPX_MY9CxYupwsrivGo2aANZfwq0PRToN=w300-h225-p-k-no"
施Wan Rou,5,2025-12-19,5 個月前,豚骨拉麵很濃郁，讚👍,https://lh3.googleusercontent.com/grass-cs/ANxoTn3a6gHCXxrhp6a-vV1SiBSStJGdHTH3FdTu70KAD6bSjFYV3lJHiZWnHLprAWyCwHw_16ErzN0CuBsEyVxoSdUvMlUuokrbHofpFgbaPxhrSxn1IurM6FcPDU5bIjhjwmTNce1FnzjUng8=w600-h450-p-k-no
Dina Chuang,5,2025-05-19,1 年前,推薦這碗辣味豚骨，味道很有特色，是我沒吃過的口味，很好吃！溏心蛋有整顆也很棒,"https://lh3.googleusercontent.com/grass-cs/ANxoTn3tCTh1e6qzYbw25sBQiNAzDd3DHk2B66fE1iUjZY54DTpQSRUKzLb8Dn_3nxvSkcHHe-D04CxwOdz3K6Dv-drduHv4SzQoV69sk7uFFwcePPsBEVUgBu6eeLciyCXpE6NVGwaN=w300-h450-p-k-no, https://lh3.googleusercontent.com/grass-cs/ANxoTn0rwq9FjopJKol6GcV2KH4ZsAk7yC-foLZ6RpThgypL_MPpS7b4DuVK0lxD1TF6mbtGxxjxROLr9cbJCt_Wln-ty4vesX-fXI9ADL1DhxSgsW8KCxSyVdi1o9NJHmTaAx0EH93Opw=w300-h450-p-k-no"
林喵咪,5,2025-05-19,1 年前,"開幕有段時間了，每次來看中醫總是滿滿的，今天看完診又下雨看裡面沒啥人就來用餐，點餐機付帳後才帶位入座
黃金雞湯拉麵意外肉嫩，雖然我選了淡味，但還是偏鹹，跟店家反應說也許是我本身吃得比較清淡，幫我熱了一壺原味雞湯，加入後就剛剛好，溫泉蛋也很美味，評論送的叉燒也很日本，難怪之前一位難求。","https://lh3.googleusercontent.com/grass-cs/ANxoTn0LXIl4uGRhUfZATI6clPwgIgFc6fPCQsO1cLUc-FDD2V69ygv2fvGqZXhBNmQ0Ddg5ILZfxIl4LOMhKjYKZZbJOX8Bqditlo-i3GulIQCF7DjYKapIC4Eh_zcsMSHaVGwAXd5b=w300-h225-p-k-no, https://lh3.googleusercontent.com/grass-cs/ANxoTn22Km16kTUUJarKqtKUPGHkn6Voah4_xjchhqfxJn2aN5Pb0V5RwLghJbp1YEVP7E73dqVrKPBypUP7T1orebYE5tOea-ostzr3V8LmZFrkC6CaK3H155Cwa4sX1CmqcXSfBSPayw=w300-h225-p-k-no, https://lh3.googleusercontent.com/grass-cs/ANxoTn3wNtEgL8SUe0QTOucRD5cKccMsYOOGDapUIVb64tQGP2nGJ_kjGAKZoASho2G_MYyzHIHto5yb0QdqFBiQWBXhykHoDarNAe-SrlobwomuXlDR8fhpxlNSu86aKyJ3dycybpLl=w300-h225-p-k-no, https://lh3.googleusercontent.com/grass-cs/ANxoTn3rCvFllybgxH5L07cDEyloiH_nfd51fGnYpK1CmUHQBYGpJ9QxavvHsZjjCUiZQz2cnEY0DeOuAdewVe2NURvK9TdPixKGC77oI3alJODACSN_PZ2kGIxPl-D3l9WF2XNef14q0g=w300-h225-p-k-no"
郭Mary,2,2026-01-19,4 個月前,"麵體本身好吃，軟硬適中！
叉燒五花沒有腥味，推一個！
雞肉中規中矩。
柚香在麵中很提味，但以為是湯本身會帶柚香香味，稍微失望了一點。
本來是抱持著來喝好喝的湯頭，結果沒有加湯沖淡死鹹的味道服務，湯中也沒有柚香，所以基於此湯無法給高分🥲台灣人的喝湯堅持🙂",https://lh3.googleusercontent.com/grass-cs/ANxoTn3hnIJ4plJgtZ_JEe8tvY9oiPu99rK9vYkSe0uF_DpA4omk5WrpC7bSwu_DYE3FbVwebIJWKcbyS3xeyDRJxWqWp4LbUYOPHkPwpEcgd_W3nSRHYOzrrX0yi8NPPWnw6jznuuWLC3qt3Fhc=w600-h450-p-k-no
Gravity cat,5,2025-10-19,7 個月前,店內裝潢環境很好，拉麵也不錯吃！,https://lh3.googleusercontent.com/grass-cs/ANxoTn08l1NcVTEmSLw1u-RxFbbYA97zn-a2ar8B6-HkgqZDWlRBy829FNmFdJK1Oa5633I23pyoG_1m7ZGrS7kibRdo12uP-SS9ylrklZt3YHPVOdmzDA14n56rvTqFOT1FdLhHU7I0G3Ehy54=w600-h450-p-k-no
William Chen,5,2025-05-19,1 年前,"點餐是用販賣機，很清楚標示有什麼麵食，有效避開選擇困難的顧客浪費服務生時間。
黑豚骨味道濃醇，醬油味道清爽，各有特色，加上上餐速度迅速，沒有可以挑剔的地方。
桌面乾淨，氣氛悠閒，值得再來的店。","https://lh3.googleusercontent.com/grass-cs/ANxoTn1nmh3MbC8VsGuqoAGYfZnn5qukCcEGzKkUkL3gupEsU39J0T82iOMS-H32gR_ZlplrKg3MKdgaELfC7cxlyRchr58o1uguwfxtt765j_lnpmtaaY4O8nUafb-odPC-lug6sNHE=w300-h450-p-k-no, https://lh3.googleusercontent.com/grass-cs/ANxoTn0VJvWrdJ66yS05qSUHutRcef6gjxXYBR2NMEUPMoFEg0AFPucP6oXqYjAxtP7AurQalsfgnooBwq_8r3g9WFeMtzIOvz8CYI2zlmyCzl2onAba5fUz1FFl03p2EeAPDByLKCKK7w=w300-h225-p-k-no, https://lh3.googleusercontent.com/grass-cs/ANxoTn23R-DWyTUPQ-yASNLV2Smg3fnXtzKC7jmyDHG6SomYmoAF4QMRZZMJfLDdVmuErg2A39tjzJMflhSdtXAnqEHXulvYK6gFiVfglL2U7JfpQ-xUIHDQzZQ9DeWbIBHObO9fKRI=w300-h225-p-k-no"
遠房-Kim,5,2025-08-19,9 個月前,"蝦醬拉麵 $300
湯味道蠻喜歡的
麵一般 因為喜歡軟的但這邊不能選
肉也一般",https://lh3.googleusercontent.com/grass-cs/ANxoTn326bj6jkkC-5hy1PeWmcHp4UVuesQFpKJChqHJ3C0YlyHdzGp2LGlHO09D7OyJLDC3KAHeq0EsgpzIAipIZuhdWpAqh_5hR-1K3SH2SsszRwM3zWnYKtu62iPf0cZugCxHMiz7sqeo4Fwi=w600-h450-p-k-no
Jassi Shen,5,2025-05-19,1 年前,細麵筋性剛好，湯頭夠香又不會過鹹，感覺是調整過適合台灣人口味的日式拉麵，很適合一家老小老小都能開心享用的店家，叉燒跟雞胸肉也都好吃。周圍難停車，只方便散步前來。,"https://lh3.googleusercontent.com/grass-cs/ANxoTn0tPoeCWnzyi7Z1mmkL8ioI0QYzE8xHHGGm27f6ksNSNJ1I6coZ1BnSMN2WyeQ-zwE0klUQy9zKOHbj2VwWCTLAi0bN6ddS0_cWOaaMM61QcNOU9PYwpUMIV6kPle92SKAQrqrXPQ=w300-h450-p-k-no, https://lh3.googleusercontent.com/grass-cs/ANxoTn0O22ECigG_LIx9X-h2EzmVcg_g9J_8QZ8vDW4gH5QS-iyU7x015ea1QuPL_NUiWKMpdqxjGn7c5MTr3a2CWgtmcho0ao6j_EhKGOifk0I_o1Wxkv3mOQAJz3YlgPEgKTA5ose4=w300-h225-p-k-no, https://lh3.googleusercontent.com/grass-cs/ANxoTn3V9J7PWrNjCeEuOTUBW0EjkEp7D2_wxWYOntWrGN1BKExM6I8KE7jxJOt6bau02YHWhPaOHOMoArI6YkM1F1DcwURZSZebRLuY5pEIqHkVahaRSPPUYaX1yiJ__CO5w3VZ4Ak0mA=w300-h225-p-k-no"
木矛木,4,2025-12-19,5 個月前,"假日中午前往用餐，點了豚骨拉麵。
湯頭順口好喝，類似NAGI的湯頭，但又多了膠質感，嘴唇間會有點黏口感。
叉燒兩片，偏舒肥，有帶點黑胡椒的香氣。
溏心蛋的熟度抓得不錯，也有入味。
麵不能選硬度。可免費加一球麵。

環境乾淨，入座吧檯後會不知道水在哪邊，要環顧四週才知道水跟衛生紙的位置。吧檯跟廚房沒有做區隔。

五顆星：非吃不可
**四顆星：路過可吃**
三顆星：普普通通
二顆星：差強人意
一顆星：加油好嗎",https://lh3.googleusercontent.com/grass-cs/ANxoTn3shtjuHZxp9P0suqKi7MsOR6NcFVxmCAQ97nevwqji3Ua2ZAEtBzRfrT1l-ZSDbuB-KWlY34LXFopKL_r1QEquXHndR7MA2TN_-TM6DaisWjKg_onCeu3W71CN0LLRGi523e10qPTbymSH=w600-h450-p-k-no
看Lucifer,3,2025-06-19,11 個月前,"紅黑蒜拉麵
黑蒜比紅好吃
麵可以免費續麵一次
叉燒飯普通
明太子飯可以不用點
飯沒有很好吃
服務態度良好！","https://lh3.googleusercontent.com/grass-cs/ANxoTn2Jz67qjVhNrl3dqb9PIdHF0LFgF-Orpp4agqPDbTiIcJGlWPG92U_hiUrxXXbywNWX2CTV709qboGPqnMONIKer57mE8KvFHYY1NteLA5lNCQ3Lb-vgUBpEqEUEZYz3nUm4jF0=w300-h225-p-k-no, https://lh3.googleusercontent.com/grass-cs/ANxoTn3R7X81ppPmGjESgLzQ48WGj-Eg6XKFtWujUz9WLmAVaxmBXTAZ6epl2hfNihj4jlLSTQfXElGUCZhSwlK9RaX92PeSAOMuija7cWu_i9QZzUcNnILff1ljhOo4sgzMf1m9Pty61Q=w300-h225-p-k-no, https://lh3.googleusercontent.com/grass-cs/ANxoTn2fYMP1BNM8Rf4mNnuaEGEgfEmxB6y6fDfAUrufLMjb1SHJw6hZS57GiMbNQFdGqNXllpallKGjrShOPobCiT0gVRn5En9AejaDrNORuyMZNxPqg2p0G50rWZUb34JPwI5RG0Ua=w300-h225-p-k-no, https://lh3.googleusercontent.com/grass-cs/ANxoTn1h86Kiz5YCKwYFmY-8WAOqJe4-m1NgTfPOmgAoqdIIVGnxnbsUBJfhjdd7vKokP4onUqQDQrN8qwXRcud1Kr76_B64pb2pltSqXwzKRHdZas4ymRkpu8LB2SNv-RifHZVNj0Zt=w300-h225-p-k-no"
張維哲,5,2025-05-19,1 年前,鹽味雞湯湯頭清爽甘甜很舒服，麵條口感適中，叉燒好吃，可以免費加一次麵可以吃飽，店內座位寬敞，服務很好!,"https://lh3.googleusercontent.com/grass-cs/ANxoTn2VPrejbQCs9ThkktgFxfuS6YCYQQLESsJTKTJQZBPwIhpdBvvvI-X4WqaqsB1bYDNNkj0h8qgViNiJyaxOE_8gTd1rVD386-dTmq77lM1_FIhXcBI9mIDkZYx9pb2QIktOmLCf=w300-h450-p-k-no, https://lh3.googleusercontent.com/grass-cs/ANxoTn2g3Oie7Bf2-WFLYjt6yDbBRNnaWn1REijyObuq7WcwkTBYQDG15tjoC760M_1GUvKvrFfpMkhInrxwzk19y2JEqAgsnp7xM_OeFExgAETDaWUwAcaO9SPH-OT2ImgMHeqZa1C2=w300-h450-p-k-no"
James Yang,5,2024-05-19,2 年前,"台北食光： 長樂 拉麵 🌟 1

排開裝潢 只有『湯』可以
蛋 真的得提升品質 至少得和湯相輔相乘
而不是這種品質的白雞蛋 肉雞蛋
做不到溫熱熱的蛋給客人
可以請去參考大溪老茶廠裡的冰茶葉蛋
（有微醃製過 而不會有白雞蛋的腥臭味）

第一碗點了 豚骨雞湯圖5
只有湯 熬的不錯 無腥味
其他品相都有待提升
不想拿米其林 至少不要因此丟失客戶
湯裡有隱藏味道 可以拉顯出來
只要用上點花生醬 最好用黑金剛花生
或是把花生磨碎了 融入湯中
蔥可以找帶有蘭花香氣的蔥
很多都會出現在三星蔥裡
或是無農藥高山蔥
量不用多 整碗麵就能提香而不膩

第二碗醬 油雞湯拉麵
因為第一碗湯不錯 所以想看看另一款如何
鹹 ㄧ個字 我還特意點了減鹽
沒有讓人能堅持看到碗底的味道
這碗麵的隱藏味道有兩個方向
ㄧ個是胡麻味 黑麻油味
ㄧ個是柚子味 或 黃檸檬味
自己研究一下吧

要不是走前看到主廚還在和店員女友
在討論味道 還真不想寫這些

1 🌟 代表 能吃 偶爾來一次
2🌟 代表 能接著吃下一餐 連兩頓吃
3🌟 代表 能不膩連吃三餐","https://lh3.googleusercontent.com/grass-cs/ANxoTn0IAFQJoixpl2ZxFe8wBVq_HI8UWRBvxrofcbeWfqA2_-6Qu6EZ357jIH-liKedikMTea_iGndOCXph5Im4wLoNmOYXnc-_C-vu6pvflzmqYpvFpog7z46lNT0WNOqL9TnQeGeE6A=w300-h225-p-k-no, https://lh3.googleusercontent.com/grass-cs/ANxoTn1xaEQC3OOk2V1SiLF8K8hIHY3uf-KyU3bdrXGLzXFCY29Dxa6_0roSmshpn-ufKl8rK_3t18Spt3JmunMHidzd0LqiwuAK3QcdyYQFc0jOjE4O46uu9pMkgkxCfdtboaCRvFN2=w300-h225-p-k-no, https://lh3.googleusercontent.com/grass-cs/ANxoTn0ZmGUpVjHLstDbpZuhe6WsIyW2LOfD9fJ7jLyfSyar1enSr-ZDBG-OvGb3INyTC1b5MX0l2zbfyTsA1sHjtfNLVR2XL0tUvROgLYBUSDrlILZRZX4DbFeqXHBkeVFpO_aIKg8--A=w300-h225-p-k-no, https://lh3.googleusercontent.com/grass-cs/ANxoTn28sQTXAhUGEeVcYNaXlN3yzvJvaNjK-dbkdp2vlmHN8mIBmoKNHv7iDisyEbjBQ5fOtdcnbwpuxXjWciv6xqodYA7ROj8nW-ZseFTnV8D1_1DQUpU1bsGHxXLj76VxGu2VwIg=w300-h225-p-k-no"
super曼秀雷敦,1,2025-10-19,7 個月前,評分真的過譽了，湯頭沒什麼味道，肉倒是有滿滿的冰箱臭味,https://lh3.googleusercontent.com/grass-cs/ANxoTn1gLQUjq3_eubDVL15Tuv6OmzhyCKeKvn9TSF393-wg9b2Gyu7k5Lm9oflIKDnz7utwvOLDNS0pJQlYeeJzijUceESHAKhrqMIi7z-8WKeB8mCJ8m4fHaPUfNrAfYYyERC-lBQ8LKiaECb8=w600-h450-p-k-no
Tzujung Yang,5,2024-05-19,2 年前,"冷氣很涼，座位之間的空間感取捨得當，每個人都可以舒適的吃拉麵，吧台有掛鉤可以掛包包。地點也在溫州街的轉角，很好找。機器點餐用現金，可以刷載具。

湯頭濃厚，其中的筍乾都相當美味，嫩脆恰到好處！叉燒香氣撲鼻，蔥花也很好吃😋
麵基本一碗230元，價格合理。這次同桌點了加蛋，一顆40元，好吃但偏貴。

店員都很親切，目前雖然店內感覺人手不足，所以排隊需要等一下，店員雖然都戴著口罩但都微笑，賓至如歸🥰","https://lh3.googleusercontent.com/grass-cs/ANxoTn1nCj4kDs_5ip7A8eFI5w5teSMoToFLzkDfiTC9y3VDNNlJIJM8Hj00C0PYNUHVJ0ZmrSFUagx5AovmOLMk2oRi04MHjwR6IKrObjWMpVGW6x-8FdLdbRO6gkpoaAd1kWLNJ-A=w300-h225-p-k-no, https://lh3.googleusercontent.com/grass-cs/ANxoTn3lfGa5fu3gV3Es-Jp92LEaD1PGEL98sds0UlyDEPA2ZF0xJ_RALdnwvIljYXr2S8oEXuuLgU7302yS8lX1sFrGM2sTIrX-h2iyew7jXF3Gg2n_PZhXbQ5Xl-d-Q9Wtc7edfaqi=w300-h225-p-k-no, https://lh3.googleusercontent.com/grass-cs/ANxoTn0cphegYf4LednLmy4FwaQ7YnNIw-wPJyjRjZ0FllYcw27g9mh4ZNpjEYo2t0eAZr9km5rY1Trk9x0a3Ix1-E4oL65DYMQU7id4qWcKpHecGU1sgZTL9LMVYChPp8V4WZ4d3iSdWg=w300-h225-p-k-no, https://lh3.googleusercontent.com/grass-cs/ANxoTn0BdaX5Y3QHehPTQwbOx3d3pP41ZPSafHrohR1EKRfT2YYA8_itG9RZ8h5wxxbhYoIeWPqKF93UBtSVyS0Ksj7YVkMO6nJbZOAnpgR_Dl7Q4qlGUzECAh2EfbjRF-09gvT6JH0=w300-h225-p-k-no"
Brown,5,2025-05-19,1 年前,店員人很熱情招待，還好早一點過來不然位置很快就沒了，拉麵很好吃，是我愛的細麵，叉燒油油瘦恰到好處，湯頭不會很鹹,"https://lh3.googleusercontent.com/grass-cs/ANxoTn0c-TqD0Pu9x69OiNA2XhpYQHgvbd_VcPcjgNH-fdogfpcWtzxUtJGhUdIJOkBvGymcNaPyU_fH-IaH_Ew5VHUxPySSwsJwitYLOv1h-xofP8GZoN0qfixBWsGJAdvATr4mGfC5=w300-h225-p-k-no, https://lh3.googleusercontent.com/grass-cs/ANxoTn04ERE_JhYmkcqVx25excQ1b8NwS-0mhUmpWc_zonGVgjafqRya_Osn_DY7iNaj7iRliWC0EBLLcYvcMkGf922wLlLGY8wSKNHaOS4xB6SjTw9z4q6DS0WzLEngBPkQerLnaa0m=w300-h225-p-k-no, https://lh3.googleusercontent.com/grass-cs/ANxoTn0XeFS1jmqbl06BbUSk_gzDrtfxY7v-PNAOG812P07BFvQOkorhMZVCmzPQpXMai6z72a9pm_fRhj4n8TvKtCWhmewZN3APl8BJSt3W9yyafMhWHm85v922I7qOMn9VwGvXHdZ9=w300-h225-p-k-no, https://lh3.googleusercontent.com/grass-cs/ANxoTn1ZmN_2mi0HQ16uUIL4wZpQ7sqvhi_wriaBydCwwkBriOVP9aK4ga-TKM7X7ZoynIdaFTbA-35r6-Nk6HRtHeRALgjTu1PHdxrfVktle0pKswSSSoRZKlhGk-KAk7HJiSuoTdGe=w300-h225-p-k-no"
優質餐廳蒐藏家,2,2024-05-19,2 年前,"🍜價格偏貴、外觀環境不錯但食物本身稍普的拉麵店。

🌟似乎評論有送肉？不知道是否活動結束了，我沒看到公告有貼也沒被店員告知。而之所以發現是因為原本查到這家店評論數破千，以為是開了好一陣子的拉麵店，畢竟我生活圈離開這附近也好幾年了，但吃完好奇一查發現好像今年才開幕（2024年）？因此突然眉頭一皺發現評論可能不單純，細看評論後才發現看來果真是有評論活動的樣子，只能說我一時大意了沒有閃，畢竟很少遇到拉麵店在洗評論的，要是火鍋店之類的看到這種星數與評論數就會下意識先去看一看評論的🥲

目前的拉麵有四款：鹽味豚骨、鹽味雞湯、醬油豚骨、醬油雞湯四種。
可以升級為「長樂」，升級後多一顆溏心蛋跟一片炙燒五花。（沒升級的裡面只有兩片叉燒、筍乾、青蔥跟麵。）
可以調整湯頭鹹度、麵軟硬，但麵軟硬是店員詢問而非點餐機點餐。
⚠️要注意，有開立電子發票，也有「掃描載具」的地方，但我點餐過程似乎沒看到任何提醒刷載具的地方電子發票就印出來了…
如果要刷載具的看是不是問店員或者先刷，注意一下，不確定是不是根本就沒有設計刷載具的地方🫠

我這次點的是「長樂醬油雞湯拉麵」，湯濃度選鹹的。先來說說性價比吧，這樣一份320元我是覺得偏貴，畢竟配料就是兩片很薄的叉燒、一片厚叉燒、一顆溏心蛋跟一些筍乾，確實是略嫌單薄。
不過說到味道的話，分項細評：
溏心蛋超雷，蛋黃僅僅只是半熟蛋多成形個一咪咪的熟度之外，蛋白其實也沒成形，嚴格來說感覺更像溫泉蛋而不像溏心蛋，由於我是喜歡吃溏心蛋不喜歡溫泉蛋半熟蛋的，因此蛋的部分剛好被雷。
薄的兩片豬叉燒有股不知道是豬腥味還是冷凍味，不過不算太明顯，厚的豬叉燒（炙燒五花）好吃非常多，基本上如果可以選叉燒的話我會推薦只要點炙燒五花就好，基本款的叉燒不太行。
麵體是細麵，硬度選普通的情況下算是蠻有口感，中規中矩，但就是大多數拉麵店免費加麵的那種麵體，不算太優，適中。
醬油雞湯湯頭偏鹹，但對我來說還算順口，是可以接受的。整體來說，炙燒五花在水準之上；湯頭、麵體中規中矩；薄叉燒、溏心蛋不優。
建議真的要拜訪的話，不用升級成長樂系列套餐，單點炙燒五花即可（多90元的套餐會多加一顆溫泉蛋）。但因為麵體和薄叉燒目前看來是避不掉的，因此我自己再訪意願應該是很低。

會貼心提供檸檬涼糖去油解膩還有濕紙巾。

整體內用環境算還不錯，吧檯位有10來個、也有幾張桌位，環境上以拉麵店來說算是相當寬敞舒適，是用餐體驗比較好的地方。","https://lh3.googleusercontent.com/grass-cs/ANxoTn0TvKZAdtDkL1dvw45kqgPbVR2aFVn7QNfDkBb2Y4-GSQRmUrohQ-WAssjjQGBrXMDidUliMxP655fQUJCQ9vwhqQSAbHrmZfnciPw2BHvO51naIAuEs8gxrYqLDGOHn3gHyqaW=w300-h225-p-k-no, https://lh3.googleusercontent.com/grass-cs/ANxoTn3xAAwcmQ2VkNooH0uVXRNnlOcn_atgEVh0zZ7arn5cByhCpchgnz-5UBYxwD_dUlN_q6TT9J0v2AuvMMfXT4t_Hpm2wzOoqxrg5S5oJf9k3Eo47g6TyYOFT7DeIAwlz8exsTu3=w300-h225-p-k-no, https://lh3.googleusercontent.com/grass-cs/ANxoTn3HgrfgsyAar2Iis_VNKF1P1f0qa3X7CdhSeIW3RCnnEccsERYf7csZymEOyYMUFOxNWwXmfhv-Z7xW2ceEdPQ7d_pbeGXdkuNlb_BWbsE9aS6aZroqECXkEfS3aJJJPyjI60Y=w300-h225-p-k-no, https://lh3.googleusercontent.com/grass-cs/ANxoTn2ABltJDeCF9oc5e4NmYIxxusFdE3T6aXtYgU7-1qyvv9hQOqzEIS6iZ8f29nJQMxZ7SNRsTmoBfeapgOYNrhSaTDcImSaJpIxQ2VO3AtuITtTJOE0ir39nT1DGmUUQSiqwOxMJ=w300-h225-p-k-no"
Yun Yang,5,2025-05-19,1 年前,"餐點：招牌豚骨拉麵+溏心蛋
炙燒五花油嫩好吃，贈送2片肉也是很讚。
麵體屬於細麵
原本以為它附的蛋只有半顆，但是是一整顆，咬下去蛋黃流出來的感覺就是療癒。
環境乾淨整潔","https://lh3.googleusercontent.com/grass-cs/ANxoTn1JQd7yJeSNADbKipYwQq-oVyIrqt5igVdP0i61HmQWGmmQFWoWXXwCiypxCYHHUwzmT6f8i5SdC4bXjwhGawDL4cCJQswViPainDE8XyQqUiFH_gFxzKhS-i-qQQLulr2ODveA8w=w300-h225-p-k-no, https://lh3.googleusercontent.com/grass-cs/ANxoTn24bFbj3zP30Q_CVAxMhUQRfgUCfObGa3UvBlyeTcxjgKEV6bp3A_AcZlhCicWJql2lAz2ZQk9hbum5XklbD3TSfP4bnQcZfCvgEe3qF5ngY53RGn4jJhFUKuecNPNbKjD4gUzM=w300-h225-p-k-no, https://lh3.googleusercontent.com/grass-cs/ANxoTn1se3pgtlo51mFQCbVGjcdvZrfhK-uSNFUfrNiX3-dT05tLZNTV8t8eUEaLiRrgv1AN5hhbGlupSSG3E-X1Ptp3QdpGEiI3VA7k7mFBhDStDX9mwNpbkIp7nKXCnsgTo4xvKkOT=w300-h225-p-k-no, https://lh3.googleusercontent.com/grass-cs/ANxoTn08fV_MFZBTYpwrLyomxYIe2iUF03C9HPoK6Nmyjck5l_RvhDIA_4mWvV2wir_2qNwh9OOxgZi0lVmT9kTXbwx0CBXKsYByif_urxYmhcVzqbK9747xuEWSurErQARIYkmP1-eG=w300-h225-p-k-no"
Lucy Tsai,5,2025-05-19,1 年前,"☑️柚香好吃
☑️湯很清不會太鹹
☑️上菜速度快
☑️溏心蛋是整顆很剛好的👍🏻
☑️喜歡～～平日晚上早點去比較沒人唷","https://lh3.googleusercontent.com/grass-cs/ANxoTn1_zd1VMxAoY6gPo1g_3KAm5Nw85kO_sZ3LubStzD8j70HjrAOVVoErSSTE5DLbK2CS3tytQyWK6yRfWHmjB3ze1kpwgx-eNruoVTer_lS0ZknXl4YC7yJOK_LJWJfxswSFpqnoAw=w300-h225-p-k-no, https://lh3.googleusercontent.com/grass-cs/ANxoTn3DYq_yZbie8F2jXvqwe7VBykMHQaxOHdkNHjdgqx-GQKpVMeNQ8JSLfKJZ_THirjhIhA2qauw9c4L6M9hCQNxgkgi16ZixcZ2apEVm2CD4P6DhD7x8tcrgQM-v5k4SIEhAqPQ=w300-h225-p-k-no, https://lh3.googleusercontent.com/grass-cs/ANxoTn1qLzq_uDYEb16tQxCYF-mvaJEXtDfq3q11F9x34fN75Ov5dlN32SLo0KiWmfdPUTKQ_ZuSq2KHkbMP5oL1xV9LUEa2cGfCO6ZuoAF7wazi5i02CpVB3ybfG7jMZAX0uryZF5Xz=w300-h225-p-k-no, https://lh3.googleusercontent.com/grass-cs/ANxoTn3VtjicuNwPk4MkJTSWVsfdNLa62lSdWi1wrhRN4MCaRaH6lHZbqU7SoV1a7eSZnAgFsAuHfm77EjN0kUTsqL5v2LSY6yhxLfxMjE_1_rgqBXM5lh_xCUrZkETScY8IXtT9CFcU=w300-h225-p-k-no"
熊貓貓,5,2025-12-19,5 個月前,環境乾淨，服務良好，推！一個人來也很適合,https://lh3.googleusercontent.com/grass-cs/ANxoTn2W5M5yL_akGnt3E4XwtAZoAEVC92E2LKRxgSPnIdsAjmVVXkDgabNEqOp-g3qWtaXTnxvmTNiGh9M5UWlrhvy4aX7De4HXIyNZ-rG3Pv-gUNV0d4zBdWfLzIx9G-aRJBrRCxonWlhuPRwm=w600-h450-p-k-no
Wen,2,2024-05-19,2 年前,"一開始服務不錯，但沒有主動通知有開幕送肉的活動，吃到最後才聽到隔壁桌的有評論送肉...

點了豪華鹽味雞湯以及豪華鹽味豚骨

1. 鹽味雞湯：湯頭超級淡(我選湯頭濃郁)，雞肉塊口感不錯，雞肉片很普通沒什麼味道，麵條也普通，整碗沒滋沒味，放了檸檬片也沒起到什麼提香的作用

2. 鹽味豚骨：湯頭濃郁(跟鹽味雞湯差很多...)，有放兩種叉燒，一片很Q彈一片微柴，這碗整體給4顆星

最後想講糖心蛋，身為糖心蛋愛好者....真的很失望，吃到一半超熟一半水狀的蛋黃跟蛋白...只能說煮糖心蛋的功力要再多加油

沒有可以另外加調味料，加辣還要加錢

花了一碗320元的錢吃了一頓空虛😩","https://lh3.googleusercontent.com/grass-cs/ANxoTn0LfG8Q13ASHKww-mCjvi7x5ZlWriQRG1GiKCi9O19_pAoNiRjU41P3lXMGZVseqnu3dFa_qAW7V88e6IRHwD4ONaDR7WUr67emtUM84B94sKWWakshqR6u6XKuvrYqQRrUvw8VBA=w300-h450-p-k-no, https://lh3.googleusercontent.com/grass-cs/ANxoTn1DyR3MUiBnYLZS46IJ5Ee4GceEcZVAhj5okf_kSnVMLO1V2ROSFd6qthUHPcPp1ci2eod-k1Ei5niX6sdD1-GYtRj48Ire6q-lRkndlOoiyzf_NpJfI63MNE0hEJSNsscbZ_LL=w300-h225-p-k-no, https://lh3.googleusercontent.com/grass-cs/ANxoTn0xrTk0EB2umL-K3Uav0Htou9iBwf2oaPt7AveW9TwEp-JB_of7wu4Pk-kgKEqhvglvnn6t3JntxFBT0VQcD818AQnzM8M5y3ldrvEqKW9--TPZKUihrLB4UtUoG20r4Sc_wVIArg=w300-h225-p-k-no"
Chun-Pu Tsai,2,2024-05-19,2 年前,"這是一間新開的店，店面很乾淨。點餐就可以選五星好評送肉。一定要拍到拉麵喔！空間有點太涼爽了哈哈哈，服務生很友善，目前還不知道好不好吃。

先給大家看看冰冰的水跟乾淨空間😂

/
東西都上了，我點了鹽味雞肉跟一碗燒肉飯，共300元，吃完大概七分飽。整體的量不是算很多。其中我的飯比我朋友的少一點（如附圖）。我覺得如果可以在我點餐的時候就直接附上肉，並在事後稍微跟我確認。會讓我覺得友善一點。（而不是，請我一定要打完卡，然後送一盤兩片肉的盤子）

雞肉是涼涼的舒肥肉，叉燒是薄片，麵偏硬，但不能調整，整體不算差，叉燒飯比較好吃，anyway，我可能只會來一次。","https://lh3.googleusercontent.com/grass-cs/ANxoTn3T94uPN7ZXgISJjI7mvShfgEk0R8LmfcB9cOkZzvZLldfT_2g12NCpAeHPLxKxyIAalZPG8G5_vD7x5Qqmkwb-4jRIlgTI95HPZ2E5mPoEvchhk2bta2q1Dwzw5XA7fZYhK8nZdQ=w300-h225-p-k-no, https://lh3.googleusercontent.com/grass-cs/ANxoTn12AOxgZhezflrsp_8b8ChVW-7uHoASUV9nHxzZflqR7Dw7oZ5PGDq76YamMPqInmSkZkDTpUD07RvFvP3deDnJUvhFRKxFuVs-AL41Kp-QSz0hq4-BdUXdO4_-WzIfK04j-AXW=w300-h225-p-k-no, https://lh3.googleusercontent.com/grass-cs/ANxoTn0wDJs39Z1IvrwrHzfeWxjZHS4xtTCHkagf9qfSqwL8FYiEBwQ8vLIDql60jlFjChl7dHNisAiqDo4leN2UOwPui3z4QyMTRIHJUExXue06ea5TGDntrNxGemNj82FsfCGU_h9Qhg=w300-h225-p-k-no, https://lh3.googleusercontent.com/grass-cs/ANxoTn3ALEj5ZB7dL36H6b42HdPYqeiDnmhB5C9V_1nuOjpfoMc8ClE_7yu7YqnHJ8vpc4SHtX3u_Oir83dl3EtzjItxEEKan689j0yfJVF0YTX2MJE3HOA6Cmaz82FIhIA8Tz33nh1W=w300-h225-p-k-no"
Chiao Huang,5,2025-05-19,1 年前,"我喜歡豚骨，很好吃有濃厚但不會膩，那個一坨辣醬加的好！
我家那隻豬🐷喜歡柚香，他超愛💗
我們都有吃光光🤩🥳","https://lh3.googleusercontent.com/grass-cs/ANxoTn2TJHGO_mt_202sUaKdQGzrZX_XtXrXfxTg7BggJK99I1y-hEhJlmnOPkiAKi5sKNV84ZXrXxa5x5C2kn8r5wmiFzdDeJwJuqI2Il4D-Vqiw4c9vXT8be5rvUuVXYaOt5PFbw7Z=w300-h450-p-k-no, https://lh3.googleusercontent.com/grass-cs/ANxoTn1dCBLfEgbWWiwag7L4YoFUG1S4SQ42P3CecTf85QipjkkA7cp-RXqcQNkBgcn1ZpSAWa31xyDl3G3sAAZta6BlmqzA1bF-ms5MyiAAey54lovEpnMU4VST6eLW-odAmSiBOuEt=w300-h450-p-k-no"
LO粉粉,3,2025-05-19,1 年前,"拉麵機點餐，現金付款，會開發票。
平日中午不用等，大家都吃很快。

一開始先喝一口豚骨原湯，覺得好喝，再喝有黑蒜油的部分，覺得有點鹹。
整體吃到最後有點膩，不想續麵。

難得我這次是空著肚子來了，吃完卻想吃些別的食物解膩。

如果下次再來，就會點原味豚骨試試看。","https://lh3.googleusercontent.com/grass-cs/ANxoTn3EZ3n009dtxSMjzoQPN-9twFzsVGcuNib32Xk2Y7Q8WbWzpK-I4oGoUcwrcPe8K_XslXIICa7WFStfii2ykd_lkHv35OXuRhlPmyy501JFQzCRUxg4Y5Jw4MlGiJ-npCNBzeC5=w300-h450-p-k-no, https://lh3.googleusercontent.com/grass-cs/ANxoTn1QCKiJL2azFyLsWZ8Ruosj6fC8OF0pHvE8SslX0pCIY9bvdKRcWmeg4IYvNfCjn8s8Eu7fwfOwgvVybw8As_PI9LaBhYLwxTQX9hdOnsQOcpIZrS8Lln4AchAL4IBCgkN-0O65=w300-h225-p-k-no, https://lh3.googleusercontent.com/grass-cs/ANxoTn030lWDw7FYlFRbTJ_wkHA18n8Rixze_2QRk3RB9UKhwbP4PBeu0xRjeGXpNRKL3YeyFru132dJK2jx5m_mIdOU2zM66e-CEpa_zX9kSB94aS3AbYwrJp-72YEKaRkCtuPQL_o=w300-h225-p-k-no"
Jacko Huang,3,2024-05-19,2 年前,"鹽味雞湯拉麵$230
微鹹雞清湯帶點油脂，3片舒肥雞叉燒、1片略柴豬叉燒，細卷麵、蔥花、黑胡椒調味。

不會不好吃，但有點小空虛。","https://lh3.googleusercontent.com/grass-cs/ANxoTn2QUkhLFU7H2b2uWn4yhfN7kZ4TMFgojCt4m22EoSH99-pJ8udaXKIwQPA6M--Lz8Zw3igvGFvIZ2-1Ti-jhs6LysID5SrMR_WLI1PGJ45V5Twsqq10KrsQxVf3LKEAobFxSJM9qQ=w300-h225-p-k-no, https://lh3.googleusercontent.com/grass-cs/ANxoTn3qnt3UmDpIg6MKlgzEUHvtAPjsXe74o7VUwU9fovUxe6A5pApSMleYqOztImNydApH-x0sXalPovfWKBbXo6XcSrA0bc9VYraL2lb6zX5P1JO0NBvRBePVluJZ9eo5c201B-BIWA=w300-h225-p-k-no, https://lh3.googleusercontent.com/grass-cs/ANxoTn0VPyM2FWnqiMeewjFZJnSEjUnZtbTgAA54ls5rzWOHuYZiTfEbJiLKtVVXCKfEdrwIcaRBDC2rL2mxFF3z9Bl8fey6v6D5IAyc4-nydbLUYoudQUhtqB6ZqiEtnM7geB9HIxAR=w300-h225-p-k-no, https://lh3.googleusercontent.com/grass-cs/ANxoTn3UWn3i2hvhA4ZyMFbO-SKCHTr4g6yjLo9007TZioot9RgvDhdc2lki3Mg2_h3wTo0r1FJWrYdpJMp7yrhGLNaphzrMpMXYZc5GECl8u0DSH64UbcH2xvWKM2pfc1-bxVVlVYedwA=w300-h225-p-k-no"
徐尚聿（香草霜麒麟）,5,2025-08-19,9 個月前,清湯雞湯味道不錯，加了一點點辣粉反而提味，雞胸肉叉燒份量很足也不會搶味，整體很棒,https://lh3.googleusercontent.com/grass-cs/ANxoTn0dmlwgifrUahj1bNjY3ZMnk2AdvoHybY1y4kj5qc73oWOM_BkxOq07v3sAYg4RdqiHgGVhK4-sBIb3MBL7fe0DOQSc_pFtf0jCRMrr_oXZ8BzbQsZev_owrIuQNquAK_PiMX5Bz7zjxJc=w600-h450-p-k-no
Brian Yang,5,2026-02-19,3 個月前,"超推好店！！
店面寬敞明亮 廚房乾淨衛生，坐在吧檯吃還能看到拉麵師傅製作餐點，味道是吃過的眾多麵店當中前幾名，價格也不會太貴，高CP值",
莊伶萱,5,2024-05-19,2 年前,先前裝潢時就很期待，果然很美味！這次點的是醬油雞湯拉麵+茗香白玉。首先是湯，剛入口時的醬香慢慢轉成雞湯的香氣，湯頭選淡味，配著麵吃剛剛好。再來是把蔥拌勻後，是另一種美味。叉燒瘦肉偏多，沒有炙燒且切的很薄，但我很喜歡灑上現磨黑胡椒之後的味道。筍片細嫩又脆，唐心蛋也很好吃，可以作為味道交換的好物。店內環境乾淨，服務人員也很認真專業。內用坐位很多，如果想享受清幽的吃麵時光，建議剛開時就去，而且不用排隊，之後想再來嚐嚐！推薦給大家。,"https://lh3.googleusercontent.com/grass-cs/ANxoTn134cgH_TbttYixmG0xd-WwavpjQDUNYo529rAAjzSkY5OHoc31Ay3dHrf9Ie3dEr6MjSZGPFSHXHR8nyqH-1jryo_E87hYzm6l17el88x8JXHFdqGlDOBRnO_cbKkhCFy-aex9=w300-h450-p-k-no, https://lh3.googleusercontent.com/grass-cs/ANxoTn01eGTJySRuT_RbcXeTrQfvPLdCBCWthdjSE8LKUtfYbAMwM6CrCjm9GrR1Du3Okz_WYVjP-ORZtJyjPyx-n_EN04Ya2zNfPHqPEnwNHesrzieNZcHzjEJV1D7yx4HZUNz11OJs=w300-h225-p-k-no, https://lh3.googleusercontent.com/grass-cs/ANxoTn20rkEvYLtSZRWZPPI9Fjvrb59poIVChrAy1Nz8m538U2NLRANR2r9keDMQNnjsakChIX9Zu8iGQzWHdQpNNJ9ylw0bD-LyzcLsBxMflB4CHhkEt-IlPvstxVQle-ft-WZHzIh5=w300-h225-p-k-no"
鄭逸賢,5,2025-05-19,1 年前,使用點餐機器任選個人客製化的拉麵，用餐環境清潔舒適寬敞，營造很舒服的用餐氣氛，開放式的廚房，職人精神的料理呈現在客人面前很不錯！餐具的選擇與各種湯麵裡的配菜味道恰恰好的加分，麵條軟硬適中湯頭濃郁口感滿足。,"https://lh3.googleusercontent.com/grass-cs/ANxoTn23QumMUq-INYt6RpkUnv8KGiROp_By2yeH0qqzWERMjeuewPQw0USUFYavmf6M4kmkxn35CWIeKR4NlEkq5WSRktzeZIo9SY71fj0p5z_V-8rNhz3aDDxOYq8aRvJY8XgAPPQe=w300-h225-p-k-no, https://lh3.googleusercontent.com/grass-cs/ANxoTn1vp8BZNOkDBaWZgyFgnClB4SUgqkoAhM6Ey56dVuJI_on60mxAdahcU-C8dyIBiwLjtb1MEJ6n7xuTjWYA-q1nBtZCHdGXTDy21M9a-fK7_y5d1Q2IBhizI9yTxPqtQzw0W-NnkQ=w300-h225-p-k-no, https://lh3.googleusercontent.com/grass-cs/ANxoTn38BO5kcsms_wAcEW8WvtYa332n7xPcdwyk5bh-guZMLGCdnd2N4Xa5_7sv2fnbqchSxUXgWMkodyuPZtWRO75mXT56sYpQ4BKRpGB9E_9kL2PbmNF7ti2SJWyBMJKh4hJiOH7R=w300-h225-p-k-no, https://lh3.googleusercontent.com/grass-cs/ANxoTn0PMGj8T8I8TV6-Syg3ONy9cQq10uDUR_bmy1rpzIj8Zjvs3n3pdaJUO6FGxHnXqy403TvPizGkNatPFe4Fj269oMsv0Hztn1N22b3-LKfdJS7pMB_MSmwitTXKCSBV9Tdc_pBfKQ=w300-h225-p-k-no"
Alan Chiang,4,2025-05-19,1 年前,平日中午入座前大概等了五分鐘。招牌鹽味拉麵不錯，招牌醬油的湯頭吃不太懂。,"https://lh3.googleusercontent.com/grass-cs/ANxoTn02sgIs2ew4oSDDlGbzzWlJ95UYsdDT1pJ8EZYDMa_K_3YLFDXA_ayV3v6-MZZaOqwj3sKHdZjZISBIr7iPYx7uS-OV0v05KcxWZ0K4c5hgL9PwocPsfEnDxykzhpZ3Wqx1dAc4=w300-h450-p-k-no, https://lh3.googleusercontent.com/grass-cs/ANxoTn2Add0V138O5Lpui3yI1foHq06SnKLDcURgln-0XMuqvIsgo7suvlVBllsaJo8hcT886siVRCSPeYfCQ1T2CcLVegeep09HWpZGM1Spt-4QH8ZEeiwkTMQz-OIn4ZoU89yaN2Vc_g=w300-h225-p-k-no, https://lh3.googleusercontent.com/grass-cs/ANxoTn3rUorOw0rnV3kIGmBj2Z42xfMXIslefICywQYUWKSp85iflDqmtoKQaNPeP09yHk5VvmMGO9PwayePeM1gaPY4LakmoOVGu9283dAv45UavoUYvPZsGUMscJO4MPACxwDNxmgQ=w300-h225-p-k-no"
鄭云yvonne,5,2025-05-19,1 年前,"餐點：
叉燒飯很好吃、湯頭十分濃郁～

等待時間：
師傅動作非常快，入座3-5分鐘後，三人的餐點就到期了♥️

環境：
非常乾淨明亮、空間座位很大，I人友善🥰","https://lh3.googleusercontent.com/grass-cs/ANxoTn21iZ2SGuCASy9-rcuA2YnHZqv0s1SCH2lEXe51ye2P3RWn4-otvgoVyAnYR6XLZkJJ0HGrYxgoXZDuGyuOe-tWzZZ7yqvFBBQlRGDy-06QWuEiXcUKlVckXMu2gGdNpRcLMrfozA=w300-h225-p-k-no, https://lh3.googleusercontent.com/grass-cs/ANxoTn1tRVB_R2s6k53sSWfzCSUTYmtphsJGzobxxzzcPHAcCjMQUPrUxdFVzM_tUhcZlp0bBhcz4iRuWYMNMJFacrsj4eRk7d862jzn062E91Rkdygvt6_lupTOA4li8bYOXcPJGTM=w300-h225-p-k-no, https://lh3.googleusercontent.com/grass-cs/ANxoTn1PbJ7K3U1w5z_GWjfRVLMBnau374DEV46LQatpOeKHWveTtIRlaK2jboLnJIdf9SJ5MtRCNSIsXQexOfpKBCYYHbRjuJP1cAkl74JmGCLdOGvcbsRR25f4JKi13kSupH67ES4xxA=w300-h225-p-k-no, https://lh3.googleusercontent.com/grass-cs/ANxoTn2h1aO6QvSVgQoTKRzyJEKyZsZm1MvCk7s92STqSZf_KA_xe4ZbWRBO6GfZeBtDusTZz852RNJOrgJGtKtUdzDFaqV-S6amuJZTEyYV0q909PhmWf7F7PJHf0wfTy7XKVtpRnbt=w300-h225-p-k-no"
Wayne,5,2025-06-19,11 個月前,湯的辣油香氣濃郁卻不油膩。整體來說，是讓人想再回訪的拉麵。,https://lh3.googleusercontent.com/grass-cs/ANxoTn3diHc1EQyy6VKrisiCc2eVi8bWXZNqePZXiKU33E92g38NZNmUTiRd3Qw8Z1ozinLgrY4wF5RydRv1mJwVMcQTBI2rquPjeTN6ixAMYPoFQ0qbZlauky_rDU2mEMZxd6HjjE_XNPFDGF-f=w600-h450-p-k-no
Chia Wei Lu,5,2024-05-19,2 年前,醬油雞湯拉麵的口感真的很好吃，不斷流口水馬上吃到，香氣越來越高！我是聽障關係，無法與員工溝通點餐，剛好場內設有自助點餐機，方便點餐，像無障礙餐廳，擔心吃到太濃，自動點餐機貼心設計選擇「濃」or「淡」功能，員工超貼心送餐到位置上，服務態度不錯，打造友善餐廳，也有電子載具，新裝潢設計很棒！氣氛絕佳，超級舒適，好想下次再來吃拉麵。第一次遇見防摔湯匙設計，好特別，不用擔心摔落。,"https://lh3.googleusercontent.com/grass-cs/ANxoTn32HIGlRsCCbfh7fraHr50G6fjoESJAabafjl1__rCeWNG2PL7d8UDD_dsfsYVnXPLax0CRuZ5EHsqzEkJGzy35_hHMEs_l2aPyrJeEy-L8jO6j_sICaI98jpgnqx_gR0f5O2AC=w300-h225-p-k-no, https://lh3.googleusercontent.com/grass-cs/ANxoTn1Sl0U2DRPCLH5MIcl7oewSyyArgMgfDWHl8KzowVUFBFWqjoZwvp9jjMhqQ340ubnwLKZnAC-ohbo6fwCWGRce4GGRyaFbh5i8CoXWvFHjRisgUg5x2t4N4vWnVfCTwvlx3UmH2g=w300-h225-p-k-no, https://lh3.googleusercontent.com/grass-cs/ANxoTn1gA-fb1sW-keO6fzfcr8uispkEui-9mUU29h5phrvKz83jYvLwvvTAUELg6nOQGYQUzhpV2uOrrp_yiWEtqyRBETgXyRf9DU35aPiZCmZnge7_M-bU7Nw2RNmqqVaUUaK6oRt_=w300-h225-p-k-no, https://lh3.googleusercontent.com/grass-cs/ANxoTn0ca1rWUPbSYEoJ87dnrlO5JnKhBLYBkxuq4AwYiL5UCKVjPv0hohuA7Npn7RE_6n84JSkgPCK9EsmfTKToTaYEt7-A9ButjJm8Cloq-DNVHNc5L1nRVPSOkXiOa4lljF6gA-hQUg=w300-h225-p-k-no"
Yi Chun Lin,5,2025-05-19,1 年前,選擇原味豚骨（鹹/淡可選）我選鹹~拉麵上還有淋上蝦油，雖選鹹但湯頭濃郁香醇，一點兒都不會死鹹🈴胃口、麵條微硬是我喜歡的口感、裡面的筍子和溏心蛋都算自然清淡，與湯頭配合的恰到好處👌 …,"https://lh3.googleusercontent.com/grass-cs/ANxoTn38hhuwmzFddvGs8jwcgiH2bn1Uf3rYKU3WtGVQ8fM_JKyjzDDtZsztb1jTZ5M77K-n42EqdTCkBmwJosPMqVqKFExPTHNJNGWiiSq4N82_tcJL6BD4QISD2obF5ZM1C_awKCOg=w300-h225-p-k-no, https://lh3.googleusercontent.com/grass-cs/ANxoTn3LAzYpSovYoOD1Em8Dyeeu9af0FRX-QXUZLvU-6xbO0oSH7qDJtxXFqIi0Gkn7gplFNvgNpOz0Iv9Ezyf3y_LKvfwq4nognNx1ISQyXO7nM3ge34xeMD5xlpPHsylTq0x_N4svHw=w300-h225-p-k-no, https://lh3.googleusercontent.com/grass-cs/ANxoTn141HZ2gRRENPatiNiMoG0amxONRKzD1A2Zd9D_yPhSjxC142s7S8t4-xvbwSkLZo_J4FkulwytTVBsU4tFUUh-oJYXgSTsJkuEfZLyCXNlskYtA7uaSx533lOnwaQqAgLCjL5P=w300-h225-p-k-no, https://lh3.googleusercontent.com/grass-cs/ANxoTn3-mibnWfO0hehhdk1SCFhKSylrVKzdqHaviqilaNQW9_x9I1aFRHfbuC0fVDxyvDnDdohSY1NYTGtUtJxNbCzpEBlx2hZe9PehlJrTvykitz9plwUghEJU2NoKUKJ5ShNd9goi_A=w300-h225-p-k-no"
梁佑丞,5,2025-05-19,1 年前,價格略偏貴，但空間蠻寬敞，入座不太需要等待👍最重要的是餐點好吃，麵.湯.肉.料都是水準以上，推薦大家可以來品嚐👍👍,"https://lh3.googleusercontent.com/grass-cs/ANxoTn0Q5cOZxqydVvaWvh4z-3IiXUBnloF6Lf2elxHWFmRiKTGjoHzYW6Pmc-wgcmXEfR_kEAJmPqP1gRhy3WE_p7QbcGojhf7Fz01MtCcr4IRXGr8joQ-rZOPmkz8E0w9OgklZ9w3R7A=w300-h225-p-k-no, https://lh3.googleusercontent.com/grass-cs/ANxoTn2P77VR_Xb6wvZrbSi88J2MdJ86dD6dSkQSAKsSkQIx5hzAro34d6kHUreovjUgenAbpgvHTzZqlxiR9PRxMlQ1BMyZaNA_FQhFVzUW5kv1GHYdKbCOIZS_w5Oe-y2Uf8dIgUM=w300-h225-p-k-no, https://lh3.googleusercontent.com/grass-cs/ANxoTn3TKYQ0xpLBYRZoSLtwF_mqrjh2zdT97jKf20H5RqsYdhTUIEw8AnpNh4cKAsr31mgo7xnCPTaB88DbCIT3jysJGPeeB8FQR3-oIw5aytpcHoPyqp3T5l9LkSrH2HNmM7lKZjJGCw=w300-h225-p-k-no, https://lh3.googleusercontent.com/grass-cs/ANxoTn3ZMUr_xo2nSGCZBuN_2thGDmROsYaElLv2NRyuP3pezn__6Aha5zbu26jkuqAuoqXudWvrXO93opjfM4L-zz4pmTT9s1WWu1_yCRiLgFhiP-7qywDovvgUSKQIjAjQmXLhI-4=w300-h225-p-k-no"
Griffon The,5,2025-05-19,1 年前,"豬肉部分油花較多，怕膩的人可以點雞肉。叉燒飯也有較多油花。溏心蛋原本麵裡就會有，不想吃太多蛋的人可以不用加點。麵可以調整鹹淡。
入店後店員會引導致點餐機點餐，點餐完成後會引導入座。
面紙、濕紙巾、杯水、筷子、置物籃可自取","https://lh3.googleusercontent.com/grass-cs/ANxoTn3RDb81P_nozh8ng3PtXUt-lGoL4txu57D2JA9l6QjhAxGYXyq_TFGIFtWZeI8xA1N-3VgB0hPK-_fL2Ij24wmEdYXhfmGP2cNz1YTpbNbEUNK94bq8WRH5k291K5lQEBJN3ktM=w300-h225-p-k-no, https://lh3.googleusercontent.com/grass-cs/ANxoTn12bfiuBK_za5XjS89EmCqmZNf9wV0zTEVVVu_i509EyerTsVAGIXvOxVP4d0alQEcEm3OrxvUEIVPZnyr9LjbesU4q2piKSkbxNP9YFK96A29-an9adfFxr9LCrchxFgpcak_X=w300-h225-p-k-no, https://lh3.googleusercontent.com/grass-cs/ANxoTn1qvz7eBWfGN7dk3VsXsORK1Bizd6nxvEU3snp0E5tHYgPwlqwU8kmZTkm6NHOysDzpp2k8gDJgKY0rH0Qc8xde1RZ6s8jnc5h7rEMAqxRJzQfcTKkGLPqbTvv3p7c06-6gpfXd0A=w300-h225-p-k-no, https://lh3.googleusercontent.com/grass-cs/ANxoTn0kQb3mQK5f9_0zc68sSDi_WP1ZbwVSXmOLHkOki9fUEWm0BXD2ITV6sptFJlIjYoyeRqeGfsX08LVl7HVCB1yfT08Utzb4hnje6cu4LTNYRTA6Tu2kPa2KKTi8ERRVvtvX9Rmh=w300-h225-p-k-no"
Faye Chen,3,2025-11-19,6 個月前,"可惜雞高湯已完售。
豚骨湯頭濃郁，叉燒口味佳，麵為細麵有咬勁的口感，混合紅醬味道風味好。但，真的好鹹、太鹹了啊⋯",
范慧如,3,2025-05-19,1 年前,"*招牌柚子雞湯拉麵
雞湯煮的很濃郁鮮美，但如果沒有柚子醬一定會很膩。麵條，溏心蛋和雞胸肉的熟度都煮的剛好，可惜都沒有做底味，單吃寡淡，湯給的又不夠多，一口鹹一口淡吃的有點莫名。
內附的筍子帶煙燻味，擺盤後麵上會灑黑胡椒，二者對雞湯底毫無加分作用，不僅無法襯托湯的鮮美，反而會和柚子打架。或許換成白胡椒會更好。

*玉子燒
和711的厚玉子如出一輒，微波加熱。","https://lh3.googleusercontent.com/grass-cs/ANxoTn3Zbxfi6BjXQQoOqsNcCQuR3Qsfywd-MuOanahYya4bbGLr7g1ZbWoWov8-__W7zlkKzAPDHPRxwHRhxXQyvc_yzFXYvRFc-qGW-H_ery9_zRDptpTqIhAVT7ST0LxiShlzE5c=w300-h450-p-k-no, https://lh3.googleusercontent.com/grass-cs/ANxoTn2UbDbgMPDtjMThPM_z4XG47XMm6BTXNySVVjbbOojZ7JisdxP1TYg45JawBWuV2QntPiJB4t0MqYl1Fhyo4xaRpTAelXlcvjiAgaQet3mAY1kantw-lrQ85H_HfBNM6m7sHD1P=w300-h450-p-k-no"
Wang wang,5,2025-05-19,1 年前,約4:55抵達 店家約4:58提早讓我們進去先點餐👍🏼第二組入座 後續人潮就慢慢湧入 約5:35左右用餐完畢 當時店內約剩兩三個座位而已 點的是鹽味豚骨拉麵（黃金雞湯）湯頭剛剛好 不會過濃也不會太淡 是我本身愛的細麵 整體中規中矩 五星評價有送薄叉燒👍🏼,"https://lh3.googleusercontent.com/grass-cs/ANxoTn3NRLFxVCPVJHEzIE6coSTLwCjWDpeD4fNAQ-PZzGlnON6hV7lP15uJfSpgLsEoYSxMTCXX3VZzIYn0N7UtDzd3-IsgCk4H5cfvPkNg_4WJRLNAed-ioBenKwLNKdzRkvq-72Q=w300-h450-p-k-no, https://lh3.googleusercontent.com/grass-cs/ANxoTn02cQF7xVNn6XzrD2DGtdTHU4UTxZfvV-K7ElVDRG_ZZEt6Fg3yI5eHcXX-BVxlbBLteLVz4fDA9BbKD1CV83m3JH8Ahy7yQHPnbZiSOysuc4ZbsNU9cjBPppciUlyk_LtMyGpcGA=w300-h225-p-k-no, https://lh3.googleusercontent.com/grass-cs/ANxoTn2hDxYO3XDHB6lnmT0pCWAXxHSyeax3bVQzeByh7uLfyoG4Qm7jrtSt89uJvBOHakvPvVyBfYNwqDgndrybYlG94EjN9qkE-v59zG6N5WJGPK2whTyWIt1Czlgh1OhT-5OILKyL=w300-h225-p-k-no"
駱小昂,2,2025-05-19,1 年前,"我點的應該是鹽味雞湯拉麵，結果上來怎麼看都是醬油，算了醬油我也ok，但實際吃起來非常掃興，這是一碗非常無聊的麵，湯頭毫無層次感，一味到底的單調，這就算了，明明是雞湯湯頭卻喝不出雞湯的味道，配料也是非常的無聊，我還是點的320版本，糖心蛋沒入味，筍絲雖多但不好吃，叉燒也很一般，包括那片炙燒的，定價是70塊，小小一片巨貴，但也沒入味，我不如去巷口便當店單點控肉，叉燒飯可能我運氣差，沒幾口就一堆軟骨

優點的話就是環境看起來很乾淨，空間也算大，所以氣氛我給五顆星，但餐點二顆星不能再多了","https://lh3.googleusercontent.com/grass-cs/ANxoTn1bvuPRi5OBdQW5IOEETw4KeZXoky_Pi2i3ejS_6DoCBP-FnMgPkM6SEWSjDJPSsXV3B4gDGXU4kSwJWAaWbH_-rx3YqbICLU61xO7yW3TVwwVAoGY6l4X2rzbVOx1YoljlqB5n=w300-h450-p-k-no, https://lh3.googleusercontent.com/grass-cs/ANxoTn2DWsMiJxvQVmuR9wLClkmEYCt4sGESPVAzKegsFU7qlbyNp6R61xHmDLnWbq0UAmTcY8FLJ4hz9E2r7zxr0pujDfJ-XrfoUpwV28J8MquZYSkLlffYdOOsuJUtmwRqGWbL2PR2nQ=w300-h450-p-k-no"
JMH藥師一隻,4,2025-05-19,1 年前,"麵不錯吃，湯偏重濃，蛋比較奇特，那一大塊肉略柴。
加清湯會比較順口。
裝潢新潮，氣氛輕快，活力有朝氣～","https://lh3.googleusercontent.com/grass-cs/ANxoTn10LtRyiIkNkasF4_sMXL8fJJvbqPfGB1laNxNEqRLj4m4AiOJ0gOYyjkIY5GwpwYfVRjACo_Q15PDFWSNJ9bIOXWX6BfSsCfTxmpzJsSrKgdILDxXF_1p4vgmnfZXTnJkzEXNU=w300-h225-p-k-no, https://lh3.googleusercontent.com/grass-cs/ANxoTn0CM5VOQkN_7RfmDrYxhel9epP5M3EQNgbdhLbhHcYaCl1MLAz_ZfcweTpoXHFFpkOlRmm58Msxh4fPhYQ6zaP3_TQO5xnQvo-k5TMYG_M3uYGpSZGoPChhxd9gHpY7InT2b-Cw0Q=w300-h225-p-k-no, https://lh3.googleusercontent.com/grass-cs/ANxoTn0AmZFcn2cCBCjmdDhFzjZiq77Jd34RsTY1GiAyQmEciOLKYfF0YlZbU2sc7DkdE5cBcMenWKy3Yyc4tHbysZUCD4DaZtA_kf5lDp3rvimG77ye2H2lSfWABq2J1Yyvd44sKVHM=w300-h225-p-k-no, https://lh3.googleusercontent.com/grass-cs/ANxoTn2wog6S6arM3XB9DZ_ELgYtV83lZ08vgc0J-IBbd1Ndxo_O9YmSrD-3sFyrtagySjRUYP-dPJ3ZcVtvOBD1o3VT7cS8EQ8u7v8V4Hca5MKeNNgX2hsS40PvPjfO6SWFptk5AJyadw=w300-h225-p-k-no"
陳鉅元,4,2025-05-19,1 年前,"店面整潔明亮，空間乾淨舒適。

餐點中規中矩，有評分送肉片的活動。口味稍嫌重些，吃到後面有些許鹹膩，叉燒大方大塊，麵體適中。

服務人員友善，不會兇人。",https://lh3.googleusercontent.com/grass-cs/ANxoTn3Gk-tX9s-ImfvG1nkRJvffRgygIp32JfRJHH_ZHN7b_PWJP26Tlm2H4VlFrKZm5Goxo2lCTQAhEGJvkXxs-WWNJsXgHGJrNeD1ILkbIOOv26pG5qCsO_5oitNpboW0_IdM709T=w600-h450-p-k-no
agogoer,3,2025-05-19,1 年前,"今天點柚香雞湯拉麵
柚香融入湯頭味道清爽不會被遮蓋
雞肉軟嫩
但麵體就普通😂
（點餐機也沒有可以選擇偏硬或偏軟）
平常習慣吃偏硬
所以覺得硬度不夠
糖心蛋沒有滷過
雖然在學區但是沒得加麵～",https://lh3.googleusercontent.com/grass-cs/ANxoTn1wTF6JQOVzoGPKxkyMjsfiDXvths86wTfWDNBIgOn2I1pE8qWzoZEyZZlCzLXA067UVsKG92r-2mdw82kACJ1EOirlAvNXb4MilnvIbnRHNFRRB2xBBKK4ToIbmG0oEib_YE5Z=w600-h450-p-k-no
ch Wang,5,2025-05-19,1 年前,投幣式點餐，操作簡單易懂。環境乾淨，日式風格陳設，服務親切。湯頭看似濃郁，卻爽口不鹹不膩。,"https://lh3.googleusercontent.com/grass-cs/ANxoTn34sDk1A-ksE_rpNkmcUVuAYVQ_8A45iYQtDqTjmkh5-d2w_b_lpMVo6IdgR13sfN6TWukKfyRzF7RQZFyUC0H02LtgCQ7RpdgI8ZgVeHivhv0fNK9wkq893LiZZzzAu4dRMlDc=w300-h225-p-k-no, https://lh3.googleusercontent.com/grass-cs/ANxoTn3UwvHvGGSxx61jit3D5mOdpCawKyKWQ6HMrkHpuKCd0JcdISSggRPzlL4o_tVGIt73AkmyallrPMvp51iAw312obGAUbtTWmImWTysOfmPBt0XrjjKhWpsQ0AykFmvgHK09-2FDQ=w300-h225-p-k-no, https://lh3.googleusercontent.com/grass-cs/ANxoTn3smT7bS00vzkZoCojFNXqDEFJm64kTtA2qYZpXC3E6yYAXep212YzJqGr_qiBACwU66E_EvM20ELmIjpV5BXzPIvkqfSudEv5Tv8Xs6n8GaOJrVU-fpQRCJR1zDqt3OP3ogquA=w300-h225-p-k-no, https://lh3.googleusercontent.com/grass-cs/ANxoTn09boOqbjf0CbI-sXI1H7Msscqr_7pMzkpiImEmt95hF1INqXto9w-Kr3MVVtdu7Hc9AWu62bgeuCX0tkLqGiQEqachRM2vHb3l2KtDEwu4b5rgpT7T36DXeSfkcZPcqDCSprZY=w300-h225-p-k-no"
Gibbs Pan,3,2025-05-19,1 年前,"湯麵都不錯，肉盤也有特色調味。
但是個人不喜歡在點餐時客製餐點內有“五星評價加肉”這個要求顧客給五星評價的選項。","https://lh3.googleusercontent.com/grass-cs/ANxoTn0SSmIpHIuetJ0eTFbGRFYH7w-PoEkRD1-2ErmORjs6QdKvRzyx80NJwB8ewkgxxKYaaqykY0cJpgjJOrc0e1qBKIatxiyhCKa7onmJ3woRE4slEXimANrh8fNzmhfNmQfLGY1C=w300-h450-p-k-no, https://lh3.googleusercontent.com/grass-cs/ANxoTn1UrBjst5O6gO-ZEHy12XKqGxW-qbe2xUGTOvGaBD2hkgoDthG-ckucTPrQdyhm57aJwgFILx2L9jc5NJIAludpd2kz6DmQzqxlLaxJ1zwU1srNpjGrTT5LC-4jc05w0AT5Q5doww=w300-h450-p-k-no"
Robben Liu,3,2025-05-19,1 年前,"不知為何舒肥的雞胸肉還是稍微有點腥味
溏心蛋很好吃，充滿了蛋黃的甜","https://lh3.googleusercontent.com/grass-cs/ANxoTn3NsL7M4x314QbUdHdE5NLLffoE6hL-5NjnsnHX7dJiRMcEWd9UAqzoVLV4I08xPXQfrRpWtYz5nFRRx4rQ4sw7CcL6wqodn9__bMg3RmDlwGtAcPACsGA2ZV9F_AkU5KWbytM=w300-h225-p-k-no, https://lh3.googleusercontent.com/grass-cs/ANxoTn096_KY5rKWJFVWo1aqTOpuoLuFFxtktoPXqZ2oyW5_Rq5F42xXvsKzTK4ItnaJj3W6Anv4bYhQa9ukXvs2wC3_Sx2sFKmVLCSmfeuwdEDQ3BhmPK2FSQ0YepqaeIPhqfX8e22Wkg=w300-h225-p-k-no, https://lh3.googleusercontent.com/grass-cs/ANxoTn1aoYhlwJ2B83Z2_SeZYw0ambm5f74nahIZupN2ySvA5lZWjlNKiOBJeeihg1Y-hw_X8HXeLECqD35FhPjivRAhV6K_AuuV0dS-8_pdiDHzKI1-hQstFFB3osiDjaV66LZE3d7M=w300-h225-p-k-no, https://lh3.googleusercontent.com/grass-cs/ANxoTn0S3muHN2WqwpIkPhAGLqNLxZFjcMKCFQSdc2ewSUDu7Qc2LEymMbl6XsZP6bW7DsGyZbv6nBNL2Q3MpWu6kcwJOoCaBdr_BbhAliiHAli878cF_vuoUMfUZqsa9YS7arnx1ZwIDQ=w300-h225-p-k-no"
Shih-Lun Wei,5,2025-05-19,上次編輯：1 年前,"我覺得鹽味黃金雞湯算普通，沒什麼特別，就是清爽鹽味帶一點點雞香。
鹽味豚骨就厲害了，口感超粘，又濃，肉也非常好吃，不過我覺得蝦味和柴魚味太重了，有點壓過屯骨味，我覺得豬骨再下重一點，柴魚和蝦減少一點會是比較好的平衡。",https://lh3.googleusercontent.com/grass-cs/ANxoTn30FZ14Hw3agSz0vIdWQIkc1wXLtzcx5-5XxGjtBTRmXhA1cLPjmPmcleYYt9EWbwX3rOOnzEosysIwI5I_AmOHuwt5EqyYcsRETEg2i1Z9e54XiKQrrDlKnuO2hdVLGVvfYtsY=w600-h450-p-k-no
Tim LIU,4,2025-05-19,1 年前,豚骨醬油湯頭風味佳，麵份量較少，拌著湯頭享用幾口就沒了。舒肥叉燒的肉腥味較炙燒五花肉明顯，搭配蔥花入口會比較美味😋,"https://lh3.googleusercontent.com/grass-cs/ANxoTn1plv3lj1J8mD04eGWswKlmOb5-Qp4gVd_xwn08q__STp-b3hvji5WxjGx_TYyHrlerLyeUl3EZHbAuR8KWK-TNnm41qOklva0LxB-XYloM_C8jITQeWb1qKex_ql2USIHzcu-0=w300-h450-p-k-no, https://lh3.googleusercontent.com/grass-cs/ANxoTn0cISvrW4t-aV-hOR4xnhnUgQmO0FfsRA-rkdv82Ha_Zko3UufpboMfdT5ntqRpXwRjRibAImJL7Vr03E4-MAMSiCnuO_gbXygZES6alLfK__plo38uX95se1fd_-Ls9SI3q38=w300-h225-p-k-no, https://lh3.googleusercontent.com/grass-cs/ANxoTn3Ucu5ewGSq6a-CtkzQTH6OPv-ZVlOvyabWF3T9huY__wqS-hgpzq-69rivvDf7KpU1oEYF5e959L4EwzHmCYnvtSfJ6E0JDj47cjQemKmv1WuwzuNKbhUoyUdIumw2W4Elo15fkg=w300-h225-p-k-no"
Olson “Liu” Liu,2,2025-05-19,1 年前,"環境和服務是好的

但..
點了多加叉燒的黑蒜油豚骨
湯滿濃的 但沒喝到什麼蒜味

但碗很小，用的是讓湯很少的碗
炙燒豬肉叉燒好吃，但也就僅止於此
湯給的很少變成要特地省著喝 特地留一點下來給加麵
然後加麵要40 對 你沒看錯 是40
這樣一碗不算加麵要410 加上那一坨麵是450
實在是不太好的體驗",https://lh3.googleusercontent.com/grass-cs/ANxoTn20_OpQML71JCPGMuCg3tz0957eNRgQzWqOfhfqualKmCfa8We_A2qCE_z2DNIhAcwloPpFxM9a7UCQGnt5624o8aw9h58NH93B5l5jD98jAZMS569SvnKiN8M1w0_wYxKl4Ic_=w600-h450-p-k-no
Lesley,3,2025-05-19,1 年前,"平常沒有特別研究拉麵，今天突然很想吃雞湯麵，偶然路過就進去嘗試看看。使用食卷機自行點餐，點完後再將單據給店員，然而店員可能偏忙碌，我在櫃檯前站了一陣子，他都沒發現我。點了基本款的鹽味雞肉拉麵兩碗，一碗加辣醬，都是選淡味湯頭，只能說還好有選淡味，因為對我而言喝起來已經蠻鹹的了，搭配的雞肉綿密、叉燒則無記憶點，溏心蛋不溏心，口味上來說算是吃過就好的店。
可自取冰開水和餐具，有附置物籃，也提供洗手間借用。","https://lh3.googleusercontent.com/grass-cs/ANxoTn243tJci9zU2JGgs_nxarYmWZLvy6x2WKw9uQLbjXaBch6RCUYLSgQ3GUayr3kDT0LtcthAXVYVUbsXzNAySXmV2dAHUVl-490JOU_dBMLcPnjH6OsGnkJs5sPT3sc2YCCJakw7=w300-h225-p-k-no, https://lh3.googleusercontent.com/grass-cs/ANxoTn0x7inW0LctqqIhkr49oB1cyVhcOHsao9z5DpJEstA1k7w_aI7sO8nTBMPoARCVxSbholc3sYoNiXWSGkao2roUl_UKSQ5ywS1bQ1rtLxBrHdoWleDvIFBGUw2CK_A-9LRq6ttp=w300-h225-p-k-no, https://lh3.googleusercontent.com/grass-cs/ANxoTn16ldyTHQMcPL6hm6zxKOK266uhCVaf39nRWJ0r0RgKE66Pyzz9yjEsR541o7Xavq47Dffur1FVifkETr0-XQrTQ3ViXQv6ayGmXtL38ziSUX--vn9ssO9jjitbCoqT-jYnLfUw=w300-h225-p-k-no, https://lh3.googleusercontent.com/grass-cs/ANxoTn3VtAaYlAPl2cbXonSoSztZNyA7j8X99fpCmGUC-1uQBX19mEvKqkPoz-OQhs7S3YHasTDvEKaxX3rFOG5usYeIDPjXSGoX3Ahp924TfY-paEFZRfUdRk_knreHE2g2NBwizcZODg=w300-h225-p-k-no"
Jessica Chang,3,2025-12-19,5 個月前,中規中矩的拉麵，味道份量都是剛剛好，沒有什麼特別，真的如評論所說，店員戴的藍色手套拿了酒精瓶抹布擦拭後沒有看到替換接著食材擺盤有點瞎… 此次服務態度是蠻好的👌🏻現場人不多～阿對了米飯很香算特色！？🍚,
Paul Chen,4,2025-05-19,1 年前,"跟在日本吃拉麵一樣，門口點餐機先點餐現金💰結帳。

空間寬敞清潔整齊，落地窗明亮。似乎少一點拉麵店的溫暖熱鬧。但我很喜歡這樣冷冷的氣氛。

拉麵湯頭濃郁，味香口感醇厚，麵條細有彈性。可加麵與清湯。

豚骨拉麵+肉肉肉很有特色，炙燒五花肉燒得芳香四溢，口感偏硬有彈性。另外外掛多片大薄叉燒肉片佈滿碗邊。

日後可再訪。",https://lh3.googleusercontent.com/grass-cs/ANxoTn3Nwe8TQxYlPO3NyG1eyN10CXi80zCjCGyJ_2KbcV5fQ0072mk_X8JaQLwC8LuefoCF89NCVXQILPSW4HS3pvwHb3NvXXoih-snIzk42fjeyZ5oaw4FOiUgc_33lOTCFV7qyle7TA=w600-h450-p-k-no
YW CHEN (麥克風),3,2025-05-19,1 年前,"溏心蛋的蛋黃熟度控制很好，炙燒後的肉香味四溢，麵跟湯就中規中舉。

看評論有五星送肉的樣子，照片裡這碗320搭上這個肉量有點貴，靠評論加肉CP值會好一點。","https://lh3.googleusercontent.com/grass-cs/ANxoTn3oO24XCxSfcYpEc5rJrbL4KMEhMdeFJi5KJxm1SvWfjkWYJKvZ2pvxrj7UwAkonE7zFbLW86vS87TM5gXLufFmNuBzBoOuZZvRqFSHhO1LvFyhmO1n_XIQePSPa3XlZrr6hQa6=w300-h450-p-k-no, https://lh3.googleusercontent.com/grass-cs/ANxoTn24Dq7aRqHVdbRWSsM6iwjKDQbvjtmdrcgW78qa_A9TKwk7wx8jUvVX4O8af5Avuqeuyl_GFMypMcOw0MkN6BTX85EMjcyhHhquQRsJZwvWivb6SD8n4teeOq6J-ZgUypHY-Igi=w300-h450-p-k-no"
Sophy,5,2024-05-19,2 年前,"🍜豪華鹽味雞湯拉麵：加肉加麵還有溏心蛋
淡的雞肉湯底清爽可口，沒有拉麵會被詬病的鹹或膩
豪華拉麵可以在完成點餐時，跟店長說要濃或淡的湯底。
如果是（基本）鹽味豚骨或雞肉拉麵可以直接在點餐機選取濃淡及其他加購選項。
份量以食量一般（會吃？）女生可能剛剛好，不過可能肉份量還夠，飽足感持久不會很快餓🤣 對成年男生應該會略不足。
叉燒不油很香Q舒肥雞肉也用心
服務親切，環境新穎清潔","https://lh3.googleusercontent.com/grass-cs/ANxoTn0eHBze9ice70Vo-ZDQGNUXGFH0Xp143lLfyPiQ-rvztY7zBN5QZfUnMMgV-y_y3D91w_YCuet5BjDxIA7rjEkNIGJh3A64y-7sZHg5YeqQgSoI3Aik6Q0UmQCEXTGQQeVAQ7A2DA=w300-h225-p-k-no, https://lh3.googleusercontent.com/grass-cs/ANxoTn3nwjGeZVK38DoN6jXAIniHDarGmBu07NEOdxuI8RDbz1YVZO_cPZ6wu_LUFa8xfcfDx3XNZMfrUm4AwHhBbEFdRhL3TRWY0lq25Jfzyw4hDnZY3Yzh5eT23Obj14Nlah9kCNEB=w300-h225-p-k-no, https://lh3.googleusercontent.com/grass-cs/ANxoTn2XV8GGg30U10cjZM-i8Sxllc97RRwokwGPSGPkW7i4f-s3e3_Tb-rmMHz49SYJYdraz-0U1XIT8q_CtOwBseNrJ0_Rty-j9f0KBxC9CgiigFfVlb7To-4ihWZ_4ai_p5d8bzun_g=w300-h225-p-k-no, https://lh3.googleusercontent.com/grass-cs/ANxoTn03baZMXX_5gsemPvuRhYswcn5_mcPjpoqeU9ZHzLkZexk22fywjPfNNwU7SEBEr10-zrFJrOyKypF4vpEg6OIvVs_pqWCCL3pjEQLkIwEDkIVS-JKPgdQiSBrlGn3bFpyc-wE=w300-h225-p-k-no"
David Wu,5,2025-05-19,1 年前,湯頭很好喝！喜歡喝湯的一定會喜歡的啦（╹◡╹）♡ 讚讚,"https://lh3.googleusercontent.com/grass-cs/ANxoTn3rDzVkG6ZI2ulJn3DE3MwOnYd-5JRTbPojQhqa43jKkEMMjaZ0MkswfXwrfUYEYEHiviMoINGUmgNXrZt71skVt6stq-4Mdqliw74paH4EuaQleBw0WxrdcB7lH9bGVf968o-C=w300-h225-p-k-no, https://lh3.googleusercontent.com/grass-cs/ANxoTn2DiEQ1yoO_CLTBR8_oyYxm2nyGHC5kZbekvOKaPkTorYdBk0hwEVFTVKtIbYeQEZrN8rhqYKr1_eqKLQLbuVWHgx8lqOnY1GStPka3LggWr0x6cJJV0mAlGjRikaMDtxX9_I52RA=w300-h225-p-k-no, https://lh3.googleusercontent.com/grass-cs/ANxoTn0yfchYssot3E8oOZN0NrjJ01zCej45E4xBnZmhm43NaArEoddZpkm8Fwo-zlT9cjuHuV3XeiOwXg7mTIUNMKWVepRQ_-v058dvK4O5AwKiBDTWDZlrHXaKVMafxwWIFZtEoOOw=w300-h225-p-k-no, https://lh3.googleusercontent.com/grass-cs/ANxoTn2pUVnjQqC8EmlnlHqZAXUn6vGozIi3nIAQe2r5rwV0KHI3hK7sz6HTfBfIUbYFm-Zsyd48oYpoephaDkTlBuXbgHDQUXJU2yaRw5hBMTdOeUznBfSo3vLfEV2Q25CIpxyQBJzGsg=w300-h225-p-k-no"
崴,5,2025-05-19,1 年前,"前台戴棒球帽的服務人員總是面帶微笑服務客人，真的超暖☺️，還以為這樣溫暖的服務在台北看不到。
他的微笑真的超暖超帥超可愛，我可能為了看他天天來吃😚
當然我點的拉麵也很好吃啦，還可以免費加麵一次，超值的一餐，但是餐廳有附自助裝水，可能不用買額外的飲料。
而且煮麵的部分也是帥先生負責的😳",https://lh3.googleusercontent.com/grass-cs/ANxoTn1psMedhu25pvFXDbXxWo1hlGoNU7gISWSrMia8adVKTO7e76R88EO8xiqVY81MdB5Z3EhfL4xqRLziFobIq-OEImrEjg7rqZME_k_Du-C3_T8E8tUqGaibkuawzEg_SkRu4ag=w600-h450-p-k-no
張江,2,2025-05-19,1 年前,點的是雞湯拉麵，先說好的，環境乾淨明亮，座位多空間也大，拉麵的部分則一言難盡，一碗260雞清湯鹹鮮，配料給的蠻大塊，肉蠻嫩，糖心蛋也不錯，但這些東西就是搭不在一起，麵是麵、湯是湯、肉是肉，就像一碗給你單喝的雞湯，裡面硬要塞麵跟配料，然後說他是拉麵，可以搭起來吃就算了，重點是每一種元素的味道都很強烈，鹹湯、雞肉、筍乾......，吃起來有種違和感，沒有相輔相成就算了，連味道統一都做不到，不值260元這個價。,https://lh3.googleusercontent.com/grass-cs/ANxoTn0u72GNceNYosrakgv2_f6ECqar7VvfQZLcomLSiWRg5y2_HMwm7sM6NrsghJ9Kln6IeH2GS9cE8pcGvbtK4K3lYg8j3oLlZIGUY40StIUTzYl_JXQRabXlwn_W_675QoNrGXRrmw=w600-h450-p-k-no
Silence Huang,5,2024-05-19,2 年前,標準日式拉麵湯頭，點了醬油豚骨，湯頭選濃差點喝不完，細麵有口感，流心蛋完美，有一點點可惜的是叉燒太薄，口感會稍柴，切厚一點或可改善,https://lh3.googleusercontent.com/grass-cs/ANxoTn3QhrQ8DggdO0IfqCZ69Q4NQymyF25nSO5Vte_XhPnMzjhdlpOMnCfOD2sQnbVmOYNVV0LMBaJNMnOqpzGUQtIdRebhb7XgnKVj2T1nPTZzBVwDeewlIKkjTOB2SdyRw0lH8gwwRQ=w600-h450-p-k-no
Anita Chen,5,2024-05-19,2 年前,五星評價送叉燒肉片，醬油雞湯拉麵，湯頭還不錯，看網友評論說麵條偏硬，所以有要求煮軟一點，肉片的話 薄叉燒軟嫩，五花叉燒的話有炙燒過所以帶點焦香，湯頭稍微偏油一點，整體上還可以～,"https://lh3.googleusercontent.com/grass-cs/ANxoTn2PhF9nZmMRW8X9Jqz9SNOpXl7_0_mbMyUn7RIdN01YYCBOz39t32vbCNARt584PhiSoSIrDnbLOhPzfraPLQHUsxtTQujq-YTt9o3_FbFXqqlVd5b1dVy7_Dwup-hSfQ0MsfV8=w300-h450-p-k-no, https://lh3.googleusercontent.com/grass-cs/ANxoTn104Oz2_KzI_JOT6k7Hjhi246zDrNlobkSlZ1QNIxSMTpgVD3WQB4pI8FDydlqXu4YAMEhlPbS7C_z-JVcAn0lLOGlXtK0HHT4Da7swS1jhyqUZ9mEy-5euATemo5pd6L-5P8Ib=w300-h450-p-k-no"
藍雯馨,2,2025-05-19,1 年前,服務不錯環境乾淨。但拉麵真的沒特色沒留下印象。,"https://lh3.googleusercontent.com/grass-cs/ANxoTn153Gkf7zOxDS4E4GDt5CR4ukKhJvScdX4_3uSDScklATIz_JQO0KmSrWE6QvPgv0E4xr-sIBw9c2DpLcBOHUyPi6KQiR3oPgJbEfFqQaiJ_tsqc0RZLwNP1PIaLTyYJCNZVPjaVg=w300-h225-p-k-no, https://lh3.googleusercontent.com/grass-cs/ANxoTn1xNoZU1tr2QafkcuMENzn7MKabHkYvlQtHptxFfhO9GZ7GaDBhQZQxbQtVyTZazfjGXbr1Q9gzWA5rt12Nwyytv6VSr5RVpa2dOOWVais3q9RAEwtpK_2r6ReDQNCyjYcmIfA=w300-h225-p-k-no, https://lh3.googleusercontent.com/grass-cs/ANxoTn2igobqgF10uJVHZF3hxnaRwkVIleu8ZJrsVIqKddBga9hE0JIvJ_KlwHl0BKUbzRuPPLJKQBUOUOsoxr8uANSXw3uz-keqUgyD2Q77FwDrqIcwkqdeiWh9WRgYgV3yB7RGyWo1Xg=w300-h225-p-k-no, https://lh3.googleusercontent.com/grass-cs/ANxoTn2aTn5b4lsgERs75gzf-S4qyDKM6ZPt_FhGNBaCp1RhEaNLaC41j2BpaI6UBEDjL2KE9SUIMCRiBxB9Z5cV77SnLTLpmzbsTEFc8BJIlbjzw4rPQUzUOXbRkigQfUlp01snDkC5=w300-h225-p-k-no"
之寰,5,2025-11-19,6 個月前,在對面的中醫不慎滑倒，老闆似乎有察覺到我們受傷，主動的關懷跟拿藥給我們擦拭，我要給這家店的服務打100分！道地的日本拉麵店，隔壁就坐著日本人，看他們很熟悉的用餐，應該是常客吧！,
高瓊瑤,5,2025-05-19,1 年前,環境舒適，自助點餐簡單明瞭，口味輕爽鹹度適中，坐吧台還可看餐點製作，好吃的拉麵🍜,"https://lh3.googleusercontent.com/grass-cs/ANxoTn0lsRwAHqIOEQJYsHJpGjUuBjSnAyfFOe0YzosEMjHFeJ8DIPNx8aXClKaJ2GBK77eQen-AzbKCAvZrYw28iWOD6yI9J5W4_-UvvK5kTIuZHn2Mz8lRQwUwCGUwuMG71HoSF-yv=w300-h225-p-k-no, https://lh3.googleusercontent.com/grass-cs/ANxoTn3DukmwCiRdQhwA8ECNYSR-jh3nx6JC-k4iVq_e5ng9_zE6QqzUFrwwTpiRT9kC4k4J9pE02DdQAGOJg95UGYFNrJx5kB_BhMYaRz2Hphdi6pEJzWylA4j1Jpaa8LbRtS0FtNA=w300-h225-p-k-no, https://lh3.googleusercontent.com/grass-cs/ANxoTn1px2WWypI7Szd5RQwEuqeLwPUI8NwqtxkKTGNwGNRbA5jF0d-hLQOZoH9Mp8QZxHtnBI7A9v7DfFMH5dNuxIFn_jjEA7l-eo83sLCNuQ4EgL_EW_DrhL_FwVeo2WgRizLSrkBc=w300-h225-p-k-no, https://lh3.googleusercontent.com/grass-cs/ANxoTn2I9vFTbHZqkcLoMbxYMHFpTJr4PXfo6x5d8pV-RA17tJEvEAfPUBingZXXZWhzunswpNzIiDygV1OXLGBsa-lX9d13LTDZuntkpeauHOSKAjoDk2wa0G8df8KwZcggIsm4k_0p=w300-h225-p-k-no"
Shi Yin Chen,5,2025-05-19,1 年前,"豚骨湯的味道很特別
有一小塊一小塊很像油的東西
進到口中會馬上化開
可以免費加麵一次","https://lh3.googleusercontent.com/grass-cs/ANxoTn0pYIctNpSwSuoRfVW6OmldNXtzh9RarUH2eoNgZ9CXbMAqDJscTH_oz9Ne0gJzD7WYABQd4n2yh6Ythp_WD19z2B7JpprZxxu4rZHzfi2Z5IkiQ_4dR7cuuHCLlLPC_asphHaLXA=w300-h450-p-k-no, https://lh3.googleusercontent.com/grass-cs/ANxoTn3Gvc64c01MJnR4s_H36vpIQSRGScyLsbgI_AoXoowHYs0ZLDpiHGQjfRimQ1E6rmGCx7GhFpgLyBfKaVD9ZDJj8TjhbAko7sJjmnIpOYlWeuGQvLI1rSjwT0pqtpnj6qmWUDwK=w300-h225-p-k-no, https://lh3.googleusercontent.com/grass-cs/ANxoTn3Cn200mMptk-kcEH8eo42LH_A4fYdCf1l2ThBJdeoRoOperQvP1YBp-9X72cvaHbVCb9trB_lmK6YjNwcs89sIRZTEpbAF3A7dlF4F6UZnVKDk1arZoMd3ykvGily2e0e6h-AVHw=w300-h225-p-k-no"
黃晨暐（wheeee）,5,2025-05-19,1 年前,"店內現代乾淨明亮放著lofi音樂很舒服
非傳統拉麵店一般擁擠
這次點雞湯醬油各方面都很具水準
適合日常享用",https://lh3.googleusercontent.com/grass-cs/ANxoTn0jjLGi2-r1qL8xZTpoAI9opBj4q2rBzxtv5fwfVpM-_ouFBl3y9fONtviKp9SHKXa0tJ7j2mXvDGiq6vED5yefGp91UbIESQFVqhKmiO0q0xTDU4kap465RrR6rpEpWNgRZfA=w600-h450-p-k-no
Paul HUANG,4,2025-06-19,11 個月前,"不懂拉麵
不給太多評價
讓照片自己說話","https://lh3.googleusercontent.com/grass-cs/ANxoTn3GXdKwOGs2LMVoBe78zx00Ed5dtlFoSKVKDO2XW95-6Fw9tpW5UAfC7jsgP6tUwyAAVWrfAfAEx2dTYN3cUvauCA_1x9XaifbTxcez3QXAQhlGXTPK7F2JqkPnLtfC46pIe_xd4w=w300-h225-p-k-no, https://lh3.googleusercontent.com/grass-cs/ANxoTn2cZW_-F6mRrjuBh3T36Ccsvu0UM_AZ12tg0R-4GERDEgex0WjGL49QvqPK3A0495iWzR3PoNPaHLPULOx-E2tfly_zcE21HtRxSgudNZ7SpZ2LQHKWePPinNqF4mqoFX03J5QqCA=w300-h225-p-k-no, https://lh3.googleusercontent.com/grass-cs/ANxoTn3c35uVniTFU8OV8xdVACriSeFQedxgarNIAfwWMQhhr5FD1sDuY4Q0LT9giBygCFFZRyHheVopUOMGwBnHQdI_PHvbCfzrJRWX2hWYWGIW--VHBpQjm3tDsrbVWUIf8ZP3tt0U=w300-h225-p-k-no, https://lh3.googleusercontent.com/grass-cs/ANxoTn2sEFh4Cc8XntPXSaJJLCpAqWB2mnWLcArcLo34iuMIW45h2D2n2ZrC7X7hSsdQ8OiA_ZJGPoD2kAyEFdYzkgxXydeQuTtPJURXkb_G-zoikJCu-mlQ2nVf202EVOJ-mhNkczWq=w300-h225-p-k-no"
Grey Moyu,4,2024-05-19,2 年前,"懶人包：推，環境很讚，拉麵看人，平日才有打卡送肉的活動

先講最大優點，環境算台北拉麵店的頂中鼎了，走道座位寬廣，燈光明亮，整潔度高，有吧台和獨桌，位子應該有20或以上，蠻舒服的，完全吊打台北又擠又髒的某些名店，翻桌率也算高，不用等太久。
餐點部分，拉麵算中規中舉，但鹹度自己要注意，我點豪華醬油豚骨（鹹口），有點兒太鹹，唐心蛋推，叉燒普普沒啥調味然後師傅刀工很好喔，炙燒五花肉很香但也沒有調味，份量算是剛剛好不餓不飽，價格就平均台北價格。",https://lh3.googleusercontent.com/grass-cs/ANxoTn1iPguRGscwz75-g0UlJislEQXaGonO9XePG1Trczu-h74T29gYJxlrMuyqUcw9LAcwxgyxaxFnRCopX5YWdKQZGogJYMCl2l54EuyAKJPYdW1wI0Xlk1NQe3xXEWefcfOjLWcF=w600-h450-p-k-no
Michael Lai,3,2024-05-19,2 年前,長樂醬油豚骨拉麵湯頭比較像是真劍拉麵醬油豚骨不濃稠版，但是湯頭略微死鹹，爌肉和叉燒都處理的不錯，無腥味且口感不柴，至於糖心蛋只有鹹味沒有醬油香氣蠻普通的；叉燒飯比起其它拉麵店貴10元，米飯好吃有香氣，不過醬汁過少美乃滋過多蠻膩口的，希望叉燒飯能找到一個味道上的平衡點。比較不認同五星好評送肉，感覺在洗評分，店家應該要對自家料理有信心啊...,https://lh3.googleusercontent.com/grass-cs/ANxoTn1Ssn4eLLIKhmhl9iwRl7RZIgfzQeCPMxodmtVut-dhT6eNc89uMPRuGIAwyyllX_rmWN8Hgh0-7xQlaPFSClastdIKNHI1V7T9eDEz4rDpqN5KeXRDb3eN57ggzz7hqhzq_82A_w=w600-h450-p-k-no
Zam Huang,5,2024-05-19,2 年前,"點了兩種鹽味雞湯拉麵
一鹹一淡，都挺好吃的
豪華的多了雞肉跟蛋
叉燒飯叉燒挺多的，美乃滋是有點檸檬酸的口感
滿特別的","https://lh3.googleusercontent.com/grass-cs/ANxoTn2YKDwkBtvbLG0FZX99sseAgyamkbDd1JlX8GFk11I6XvWcbNuL-lDQlTZv2bcx1xqpWZsP3vvWLhQl9Sz2FPZxC0lV_OhLWryE8vES5a2h7FlxT8sXhCg7GUzdKTmwF29ZF_DX=w300-h225-p-k-no, https://lh3.googleusercontent.com/grass-cs/ANxoTn12egRFMpw864yHbNU6vdMiGKgHqe4VFjC1rC_oxQDcKPdYBnieYoAhgywWfXwNnnbaNt71ZyNrIcF-Z2AM0R_IWvXOn_wXH3oRQFreCsUoqgHROpZNdyyT8lrbGPxAIwxJv751HA=w300-h225-p-k-no, https://lh3.googleusercontent.com/grass-cs/ANxoTn36HXb__B4RaSgcH7v-2m_XRXdkT_U42D8FnXEgkF_QzjVUDhKk4pT2gfRHNeIg-Kkki3m5ak1tQDuac0zQcNaE9bZCmnjOOeYXFuBxyBeJFrkx3hc4liAjVsVWu4UnoAv1lYfL=w300-h225-p-k-no, https://lh3.googleusercontent.com/grass-cs/ANxoTn30JFEzpAD2qi-6WvZZG1hRSuScQJFQrlPTSD76NqddHBi38AhKQH6arL0YqIt_9krlG6V5AopN3zhhDEjfs9KXYOPfZcxFQUt4F5MoEunHu4EzkzEqZzYT1b7eV0atlu_U0wbbcA=w300-h225-p-k-no"
根根,1,2025-05-19,1 年前,"招牌醬油豚骨拉麵$320
內用使用點餐機點餐，會有店員協助
已經點了清淡湯頭，但還是超級鹹，一點層次都沒有的死鹹，完全不想喝
麵不好吃，沒有煮透，麵和湯是兩個味道
筍乾和木耳吃起來就像超市罐頭，洋蔥超級辣又超嗆
很難吃，不會推薦，根本不值$320",https://lh3.googleusercontent.com/grass-cs/ANxoTn35lWQaZhQZXkKEdsH2WZGfwsdqUVRCNxwzaiJ4HghQ46ZHwMhVxXOPqnKWGDNpYnw6d5dsHrNCmnvsQ3Mza7aKgyvqYP66pxFN_9-ogRpjC362VwyobNoKtQVWbDqer4TNJXtHLQ=w600-h450-p-k-no
高郁蓁,5,2025-05-19,1 年前,"長樂鹽味雞湯拉麵 本身有一顆溏心蛋
喜歡麵硬的 可能會覺得有點不夠硬
肉嫩好吃 湯頭不錯
但比較喜歡友人點的鹽味豚骨跟醬油豚骨
純屬個人味道喜好💙","https://lh3.googleusercontent.com/grass-cs/ANxoTn2ICALNcv_zBIPqgXOVtdyHkXvc6xQlB7qgLhsGPzQksbmnIef9t_WroPw848PQDK7wMlyl-09gBrqFHEOTxYZnbPtXTQDYYWP_z31qO4RtZzSVWwVwFsvSZCDNgp_lTNS_7Y-r7Q=w300-h450-p-k-no, https://lh3.googleusercontent.com/grass-cs/ANxoTn0AN4rRRtmpsSYNrQePc8MXmgvbdCIdHVz3m063ody0j36S6jhZiCpoMEOTDdQBf994qVKBNVTI6v_kv4ky0_v5kCnb-WUvjR7UN_bX7_ERJ-rl4H0Ie8yOCsz2XdzolUUFUo2P=w300-h450-p-k-no"
Peng Yi Chan,1,2025-12-19,5 個月前,可以的話一顆星都不想給，態度超差，上餐前不斷向我們確認餐點是不是這個，結果上來的完全不一樣，點440上來260的，不會再來了，體感非常隻差,
Thundias Wang,4,2025-05-19,1 年前,"醬油拉麵 口味清爽甘醇
筍乾口感有些過軟。
店內裝潢簡潔明亮
氣氛很好，店員也很友善","https://lh3.googleusercontent.com/grass-cs/ANxoTn3zfDl6QmvHMZ7uFAroMXFF1LXTlELufnY3nekumtse3yI1aJ8p_rV276uupxpGDFZwtLzfazdx9KmCCuB5wNMGE4ctTHgfRPpzwWK9CX4-CfpxmYU0nQGnlDuMjQbgPbfZWfncBA=w300-h225-p-k-no, https://lh3.googleusercontent.com/grass-cs/ANxoTn1cRdUrQvTaF_x5PEgnW6Xu6jcuL5kcT7UKgte-e8fM-Lyp9tjxNIwS1dzSJHIxUOo1_WgP6e5TphQ-CD26o9RONaYRjKWxttYsK_J_mdaLMJ45yFF6-JNGMs-rt__y0yzrHuSz=w300-h225-p-k-no, https://lh3.googleusercontent.com/grass-cs/ANxoTn3Kugmge6lbX8AmSgCu0P_0ERG4B6QtYiQQdYgOQTiwobS250f_PU-FVPPpnafsav_wEoRO2IjwhSSn2_mi1STeYpqu62PKG_XEAqMUnUp7nGDLSmuqudmzuCENoQasrqtwbUlh=w300-h225-p-k-no, https://lh3.googleusercontent.com/grass-cs/ANxoTn0urAVk7fkCkf_jRTMgo1hcNF3N26kUKsiCUbbDNachV9y-vlqamPXi6szjJQR-9CvebarJXSxVQ6YJNHsNjbQr_Mg0_muQMnIFS_REre1fKPod4hqwvPkhnhTmUgsYLYe84-76=w300-h225-p-k-no"
吳思賢（Elph）,5,2025-05-19,1 年前,"點了鹽味豚骨濃
重口味患者覺得剛好

豚骨不是大眾認知的豚骨，湯頭上面加了蝦油，所以剛入口會讓妳非常徬徨，但是是好吃的！！

麵體是細麵，稍稍可惜麵體有麵鹼味道：（

叉燒飯必點，飯是粒粒分明的口感，叉燒的炭燒味道超濃！！

可以榮登拉麵店好吃叉燒飯前三名！","https://lh3.googleusercontent.com/grass-cs/ANxoTn2RN2uEcAEuPVolYFb-zUqcU7SdpkcymeM2UEPvY6t8fF4_yT_Kf9ylsZO5hkgCKsIo0khyLrLAoq7lHen2DFBHlMdMVydMVuZr8QxG6ymLS8YVYHuUwvtOpDGbKHZVFX1kn-6L=w300-h450-p-k-no, https://lh3.googleusercontent.com/grass-cs/ANxoTn2cRkXvnnMmsTTFfnE-_wUU57y-Ju2RLP79VDKBLJLeHPXM5ec2fcT3OoPUwBY5uZaBw48JoEfRDgjY9van3K6y30pXyqEc9fCVREcwJugbzu99Nf5-jdjciHoChy3ZqYaX6HoGag=w300-h450-p-k-no"
烏宇農,5,2025-05-19,1 年前,"五星評論送肉
原味豚骨湯頭濃郁，不死鹹，麵條軟硬適中
環境明亮，氣氛佳，推薦大家來吃","https://lh3.googleusercontent.com/grass-cs/ANxoTn3Ls2yeKDNM4cUWedcnj4KTspmBwjpGhuKA1S3VxviT6fgXJpFvhbLZwBrsUqQxN4ee1YU_m8mHwBQ1BB-Ke5KO4k4Dfieo26He1N2uhJbmYM8kGYDCO7hOK0cAZKkRyxXWxVr1Jg=w300-h450-p-k-no, https://lh3.googleusercontent.com/grass-cs/ANxoTn3z8u2ujCYrwcvkeMjTDaAg97g3uuISteTurLsRjKk7pekEjjVZvxdRgz7WHXtzOfcmcpEQGr-Y7VjADMOo2YU8u-sZPGDoW0krX8aPAtprUxv2nIObhApVpLQzOiZKmDBwFTJa=w300-h450-p-k-no"
Amber,4,2025-05-19,1 年前,"人的嘴巴和感官是很容易被養壞的
這讓人感到很困擾

招牌柚子很清新但滿清淡的
舒肥雞感覺可以稍微炙燒增加層次感

餛飩跟木耳好像跟拉麵湯本體不熟..
整體不差但就..都是我不好
嘴巴太難搞😩","https://lh3.googleusercontent.com/grass-cs/ANxoTn1Ty1Q8eeXPFMKYWm92Y530WuykW6apHdSBkxwYzD0tULhWzThuLJNpgMot420jDO7YGylo8YmpCaQJA2uBSxp-83MyNopYEb_5Eyfw_JpAckFSRBc_i2omjttUesSn39NnRtIb=w300-h450-p-k-no, https://lh3.googleusercontent.com/grass-cs/ANxoTn0A4U1U7zs_Xihza5yCCeEUZlxCyLuz9IulFnNGWAXgTzX4ugr65oCZoEysaUWHLDjqrRC_51OAPcGBAu57xXojveG6S0hq4TqtEKUe5DCFb2E4bbFBEqJ3MsZrYnF2Rkm5V84=w300-h450-p-k-no"
R LINE,5,2024-05-19,2 年前,麵很Q 肉好吃 雞湯更讚👍 然候要鹹要淡請跟服務員報備 本人比較喜歡試中 所以要看個人喜歡的口味去做調整 我覺得不錯吃,"https://lh3.googleusercontent.com/grass-cs/ANxoTn2tncBY0w_GH2WwE8SuUiXiMDgEMsGWDb-DvolXlfj2YEnMiL_Nb3511pO0dvqUwNc2Hv3jrbYYYf0FIF-Ycr43XgEi_85_FwzlwzlI6G0bxsvPQhMuRmATUApYh9Nak5hf-Omz=w300-h450-p-k-no, https://lh3.googleusercontent.com/grass-cs/ANxoTn2ZHbphWMLQzQzc37hG7FtkGuvRoI50LK0OUA_pDSlojN0-tFCZxvaH0vT3qQgcKv4HEHRw3_9L06fNphmnGxGrene7QMxSgqROKhmLy6HghVsE0RNm76N3Onxgsurpi321ODRA=w300-h225-p-k-no, https://lh3.googleusercontent.com/grass-cs/ANxoTn2-dCOuVF0WwdkYudQzz6vfi8tdWm1c5HoG43BMYs2-PeopPO1-c3JDd8Ic1flQafo_cViI3UrKUKyn9ZyWXejbh49wia-MFFs7qTwMZgugqmNTn_zn52GyLVB12wsXVfKKaBBO=w300-h225-p-k-no"
Max Chen,5,2025-07-19,10 個月前,"服務很好，有不懂的地方，店員會來協助。
細麵有嚼勁，湯頭不會鹹，味道剛剛好。
肉跟糖心蛋也不錯",https://lh3.googleusercontent.com/grass-cs/ANxoTn2MtJx4u9_JEb2_BvThw9dmkqgcKfhMjCAxTVn544NJPHf2S2PN2JS1KvQ2Ty5Uhr2G56-mmuC4ALKzppNJalumzzqYA03ClrBlIr_RI-8m8EGWvVLuStSoDrTQpNW3XG_wduTeWuwrfC4M=w600-h450-p-k-no
蔡昀,5,2024-05-19,2 年前,"外觀超級漂亮！很有現代感的拉麵店ʕ •ᴥ•ʔ
鹹度可以調整，對我來說選擇淡剛剛好！沒有負擔的感覺～
叉燒有雞肉和豬肉兩種，調味都很好！
現在有google評論肉加倍的活動，超級划算🫶🏻","https://lh3.googleusercontent.com/grass-cs/ANxoTn3gi-mDGAL48GveHG0ja9LxAgVbKoIxaUEGJxIUuENygfVojhunvlMTAHyl0wn5b6I8poHAyUGX4JWevvuxGU20pkgLaYQLEyhCoHsn8YgbNRyxOrmsDgG-xxdXSCQbo5ikodn_kg=w300-h450-p-k-no, https://lh3.googleusercontent.com/grass-cs/ANxoTn36dFPND5yiEk7NsM-Tsf0LBLaNBjf3GLf5rm0el72ekyWX1NBFWfm6avv29ak4JMQTwn-dcCj3CV702odN81-JzoHp9SByUMaN1oxtL9totRLWyadM3AbGl81uSLMilNXO9GDb=w300-h225-p-k-no, https://lh3.googleusercontent.com/grass-cs/ANxoTn38kYvv_SbAZtwspFRarOXyHDy6sNLLJkDDy-FRreXwGT02iOp3S2jyPya865a9zDBy-LoO5kd0i7TfPYY5vbjfSdr5LLualMexSahkTwjMAYvQ2xq8lmXgORcUnZMgTdlmXw-rjg=w300-h225-p-k-no"
KW,3,2025-05-19,1 年前,"鹽味豚骨拉麵比醬油拉麵好吃
醬油拉麵非常的鹹
吃到最後會覺得很閒很無聊
全部都是一個味道
招牌裡有多一種肉
但是那一種肉非常的老
不是很好吃
這間拉麵算可以吃
但是不算好吃

這間沒有辦法選麵的硬度
只能選湯的鹹度
也只有兩種選擇","https://lh3.googleusercontent.com/grass-cs/ANxoTn1Aa0fqCdsy0dLD_jEkMHwnhyjZ3EwIhnPbv__dMHVy0jdBz4QVXjyMTQ6smWc3h1rR17SD_hiGK7lfxN0PWVQt5tylUVArFXe_tAKStGRJPPdLijpKwyKqDRwhfrJyzLw2EpM=w300-h450-p-k-no, https://lh3.googleusercontent.com/grass-cs/ANxoTn18CD5R-jshKFlBmy-F3g8aDEI2Mdo_-VDSOseKUXKqLN9IBlaZ9GxFPwtHTR0P-DZPmqnnbMontYXhUHpyVjxu_RSjF5DiqV85eRmIu65TDDb9_fShGGViopOrDyUCkFqlF5ZCUw=w300-h225-p-k-no, https://lh3.googleusercontent.com/grass-cs/ANxoTn2jo1JNrdk_8wEDID3t8F4QNL04dXSNJh0i2CcSVUhKtDwbv5hMdi0yleBJUC5UgREH5uN3ua6SNEqXz5ccf5zmRIYRnNVjFW50phUndScglOFZyfCoPRPq4RODue796OFcVyJ3=w300-h225-p-k-no"
Jim Tu,5,2025-05-19,1 年前,"Delicious ramen 🤤🍜 , the soup is seasoning (the soul of ramen) well 😋, the ingredients materials are also fresh, they provide a bar style dining (comfortable 👍) environment, while eating you could smell the scent of chief processing/cooking ingredients.

好吃的拉麵🤤🍜，湯底調味（拉麵的靈魂）良好😋，食材也新鮮，提供酒吧式的用餐（舒適👍）環境，吃的時候可以聞到主廚烹飪食材的香味。","https://lh3.googleusercontent.com/grass-cs/ANxoTn1RhfXXrg-r3qcisdtCprdKqGY3SkoCu_Z0DiF-353diXD4D66-J8as0TkFkj3YgnBhC0WMmzke_KrJrkrDpFaVPM3UFpAzz0j4medmpR8JLBCV4lJjxO7FBSE2W3APvSnR6ne2=w300-h225-p-k-no, https://lh3.googleusercontent.com/grass-cs/ANxoTn1yfZEOdZ7khJmXUynV0Wxh2vMlyBpAqOkSebtQ9-UtXrBDc7fep9ZseTzaRlO_rBa1rb-pW9DteMgFdCnfhkEsvV1b-GOsUW4p5rdf8EheUsJv-bFxvCQkcDBc0OjwPIvxIkmU=w300-h225-p-k-no, https://lh3.googleusercontent.com/grass-cs/ANxoTn1tlIrwPxCQxvAH-xpmKFDRrcHME1qsMpvSmPLQLX_wPKgxNS6SyxZUpoFVOrSKOV15_s-W8seJs5XUwcd562D0JzRaKzBNEphr3DuumauJ5WoEpOg34B6kw0kstMyLFwYb2tw=w300-h225-p-k-no, https://lh3.googleusercontent.com/grass-cs/ANxoTn0i_FAgFwJzr7agkF05DcJHDa9oRSI6GoTUt2VO0wB0gWFOxYIBA51MrFF42gX1OU80FFEWiq8GKPX30prShj-XCVde5yrEheVDqjYg1g9ueDxMOx3eriAfsi18b-xZLcerCdN8rw=w300-h225-p-k-no"
Michael Ding Ding,5,2024-05-19,2 年前,"點了豪華鹽味豚骨拉麵和叉燒飯，個人口味較重，湯的鹹度和濃度很愛！
兩個人加一碗叉燒飯份量剛好飽足！","https://lh3.googleusercontent.com/grass-cs/ANxoTn3_z2fwGgyBZCSHIL1pKAtS8y2SjewdszB3uMul_e4RFA7Pkwa6IR0YJSzgQcG8vIlIaDTJpb6fI_PVszoSJzvQaltwtzl8U9QZihJLE8pi8YgsGJnPdMFWvyr2hNofxLfBS2YAdA=w300-h450-p-k-no, https://lh3.googleusercontent.com/grass-cs/ANxoTn2yKmZ_A3FSFAy_-rts1Omg6OMStkXmE_Yyi73fi5HEaDpH_1x4vZDG14cGWt47f7OXzCmByK65TeAa3oJBhRjRL73X3idWQl-svwO76-hORbeTwsocpZViKtjn7lEicyMHk1k=w300-h225-p-k-no, https://lh3.googleusercontent.com/grass-cs/ANxoTn0HnqUxdP1MdTF04wsMWbFXwonhmqzEKhhfz5qrsTI9r8FpjnRjOj3u5g3B8guZ8oovhWSx-A7c3eZjiPtA5JaCHu2VDvQ2_TA23mCxffYhXOZvGqqa2nFWlj78BzZrUhEv80H3sw=w300-h225-p-k-no"
Feng,5,2024-05-19,2 年前,"品項：醬油豚骨拉麵 濃（加肉
湯頭中可以明顯感受到豚骨的膠質，麵條屬於有齒切感的細麵。叉燒的部分應該是梅花肉，沒有肉質乾柴問題，其他配料也是和預期一樣的好吃，是值得回訪的一間店。
（好像不提供免費加麵 大食怪注意",https://lh3.googleusercontent.com/grass-cs/ANxoTn1TAzZBgmMUtNgtxax6hi6t5HqXamDgcRYmOfgXTKLJ4k7be-2uqz0eEStZryQgD8BDRjl1BWnYuwVrds6pLjH3NzMvDvj2C8vdeBy5-9nVuAMViTRjVYM_3cXwfSNTp84dRWc-gw=w600-h450-p-k-no
Vivien Tsai,2,2024-05-19,2 年前,"一般拉麵店的價格，最便宜是230，但沒有提供蒜，辣椒，也沒有提供免費加麵服務，這都算了，甚至連冰水都要自己走去倒
然後倒水的機器下面是他們放menu的地方，我兒子還在倒水，服務人員一看到客人進來就馬上叫我兒子讓開，她要拿menu給進來的客人，倒水不過幾秒內的事，有急到要叫客人馬上讓開？？
拉麵湯很濃稠很油膩但沒有高湯的香氣，一點湯都喝不下去，叉燒肉很薄，配上一點筍干，蔥花就這樣
不管是在拉麵還是服務都有待加強！",https://lh3.googleusercontent.com/grass-cs/ANxoTn0qW-wb46Vq8BJZCyko2dJRSbX_PdW1-UH4oUaUOCIoiM4VZSU3hW9YKif7B6-1ukZ9JnBKKZRb8uSp4VIO5IUzZS9a1_HhBTIiKdsZKfRmM9ZTVD1DSwOszv2iA9A3bMoJueva1g=w600-h450-p-k-no
May Jane Wang,5,2025-05-19,1 年前,上菜的時候有點嚇到，這肉量。飽足，服務好。,"https://lh3.googleusercontent.com/grass-cs/ANxoTn2zuKhAdPUw46d-CXeS_OhQwZRG79zg1kqzliCSPqYYj1bXRIL93PrBRu44STaCNhmNEShwNQnc9Un5eqnEyX2jdAsWPDLIxkHJgVarMxwsNKjFHWUDSXTbH1NmFBd4xp6yMSoo=w300-h450-p-k-no, https://lh3.googleusercontent.com/grass-cs/ANxoTn2KrpLOGEhvkKoe6xIp9dswdnX2HSsS932CMDEgpYFK3ipFx7YNNcNFAX42quCVMJoH9zbtu8t2cuKD3pCqLGuPg4mxujMOKxQvytYCRJphgg-4U7qyd_a2p2FRnL40acKAODXSrA=w300-h450-p-k-no"
Pat T,4,2025-05-19,上次編輯：1 年前,算是對得起幾乎滿分的評價，可免費加麵，湯跟肉的處理都很不錯，售價以拉麵來說是小貴但這年頭台北拉麵就這樣...,https://lh3.googleusercontent.com/grass-cs/ANxoTn2LjreDQVqAMFZH3QDxeU2RX1Rrk7ij8Jui1FPqZRkBmOTDCSKs6o6rcTG1Lcmw_E2XYyjfcbbnQLriSstE1aP8KixKPOW7Z4TmgB4gbHQKRz-z7sxRq39dryNe7EnPUjDcmBuESQ=w600-h450-p-k-no
Dale LU,5,2025-05-19,1 年前,"雖然採自助點餐機
但店員非常細心注意先來後到
安排有小孩的顧客坐方桌
請尚未點餐的客人不要佔用座位
顧及客人感受、不會只顧營收
此次環境、服務體驗都非常好
店員辛苦了！","https://lh3.googleusercontent.com/grass-cs/ANxoTn0pqudrfkH9O2Y2p4S3IZZ_DHUPl6vcYhW0TnoN_mdK27OwxXWN6ITJcT18E4V7QOZQ302ON7Djp_4PFS32a7E2yZf974Agag3PeFKQClcXe6zrzXkTu8HbhUGfvP36T6yff5h9=w300-h225-p-k-no, https://lh3.googleusercontent.com/grass-cs/ANxoTn255WEKguoSGAvQH9mioZWdtFNUlqohLJpIzU4kU-AtxcVQa7ZoGzIaSUJVHJdzYcKv7vUdIuI2WebLa8y5VmL3u5P49D2fTl7KU8nw9zARjprMgIFRQnKYUf08hheDiQZ3FKd0=w300-h225-p-k-no, https://lh3.googleusercontent.com/grass-cs/ANxoTn2CoUdN47HNNSxwO6xHCkBvxnrLRrcPa9mV4tKlGZnJeJLRyCq22wdUSzrAh5f3X9L3kbJAZ565ptpu_8qGWJluDeH2c9hTbxNFNWAcv0FIi_yLqk7heMZUTP1SFa2Lsu_vg38v=w300-h225-p-k-no, https://lh3.googleusercontent.com/grass-cs/ANxoTn0GwV4C1UJ2HWMgjHkOOAbrfj7n2XGeO-_1idUmEX23volEbq1vK7y0NL4HLokSblMwovG5yl2uacKT9A5rEb8oBXVaANtmBYb3hMh_4XY81zHpZzbU5XzRjFxcSqB9L5B9UpCLTg=w300-h225-p-k-no"
Charlotte,4,2024-05-19,2 年前,"拉麵價位 210起跳，今天點了鹽味雞湯拉麵，不知道是否雞肉沒了，送來時是2片雞肉與2片叉燒肉。
雞湯湯頭佳，肉品佳，但麵體有個味道，像台式油麵會出現的味道，個人不是很喜歡。
外場服務態度很好，店家位置很好找。吧台坐位間距很適中，不會讓人覺得貼近隔壁的人。","https://lh3.googleusercontent.com/grass-cs/ANxoTn0j2_HF0M0JERCzNix3S6ZGJyUpckoQ3Zioy81FizRVxtmZqUVo_T2OhbdpTbd1jN5MfvgdxE-0AA53PMBEr0CwJS-9YuixzYQjho8jgXOScLkmcb_S8DQcYTfzcC3s6zuz7Ov3hA=w300-h450-p-k-no, https://lh3.googleusercontent.com/grass-cs/ANxoTn3J923t4TcxDc0dto9NYdHoxpzD642K8tlFQvFbyMpCLXfV5ygl03x_fGSPusJpbJcldBSssedsIwgoo2A-oi2pUs34uZZAjruVVpGvJ0ausXGBQ66JrkEVZRbLZX3AcAWW4tCx=w300-h450-p-k-no"
Mandy Lee,1,2025-12-19,5 個月前,"非常不好吃
想體驗濃厚日本拉麵的千萬不要來
吃起來就是雞湯麵清淡版
換到一個高大上的店跟比較漂亮的碗裡面
就可以快三百塊 愛吃誰吃 吃拉麵第一次那麼氣",
lockinape,1,2025-05-19,1 年前,"招牌濃厚豚骨鹽味拉麵
不適合拉麵肥宅來吃，只適合過路客來吃的店
湯不行，熱度夠味道不濃，哪裡濃厚豚骨了
麵硬度不可調整，開始吃麵後整碗湯變成鹼水味，
薄叉燒豬臭味有夠重，厚叉燒噴槍加熱過頭焦味苦味超重，
配料筍乾木耳沒味道，就真的只給你配口感
溏心蛋沒泡淹，就是沒調味的蛋給你

難吃到根本吃不完
氣到可以一一點出缺點
難怪拉麵社團沒幾人分享過這家
歡迎店家來反駁
我願封你為2024最難吃的一碗拉麵
還要320 笑死
賺爛了賺爛了 （我說房東",https://lh3.googleusercontent.com/grass-cs/ANxoTn0-w-ijYMMixFEcyGjU6_OSr5D6r4NmdgpILalm1toZywbSZtEVWU5juZNR0wgDPIanryUdTERZInUfvVBZpCMC5IjRK1EnBH7gSkeg6VW-hSgnxnBC1viAq6bf4HbuGQLpvcQ=w600-h450-p-k-no
謝政軒,2,2024-05-19,上次編輯：2 年前,"有五星評論送叉燒
味道真的很普通，雖然裝潢漂亮然後又靠著一些行銷手段吸引客人，但味道真的很普通，吃過就不會想再訪。
醬油湯底調味比較重，吃不到什麼雞味，都被其他調味料給蓋過了。醬油醬底尾韻滿死鹹的，不怎麼優秀。叉燒超級薄，堪比火鍋肉片，味道也不是很好。
總之公館要吃拉麵這家絕對不會排進前三個選擇","https://lh3.googleusercontent.com/grass-cs/ANxoTn24o8c_UAUsCZCjueDkY0RgQZbEw25yxauoMaUXfGjbbEXvxFB5_TikumZ1YMMAG3zk0i_hWI-8k5kKCGUuAbJMC4Zcq4jSjQrCnyHsvezQX0L2EVLrLx1MQD81g0IkQ4hv1emwcQ=w300-h225-p-k-no, https://lh3.googleusercontent.com/grass-cs/ANxoTn0QhkQ7FjaokD1cdpxGjK17Lvq5r6HRrvVmcnqJsUWEZ1MWxliy0PMohcLUq4R8vosPqyDigiTLNTE9cNwd2wBMhmdLEmd7ixrRPUSRDa3UMZ2ooOx4IJYWpusGGlDsOOPw4iT6=w300-h225-p-k-no, https://lh3.googleusercontent.com/grass-cs/ANxoTn2lN4iUXYxVjVm8NqDlQPpAmnHblVnl3wlagq3aUejT2nhXuzqL75GDXCUkDoo2dvMlRwfFpMVvTDWcujJkZS7fIMRB_-huM1JdjgOqQvieQnUHhMqw8eS1IaCz4ieowOdcnL9n=w300-h225-p-k-no, https://lh3.googleusercontent.com/grass-cs/ANxoTn2eKs4nivcsASicTQ6arN3ACPyvTK72E2dLpCVVRs-bKdnEzlopkNKnBB2YBBzUm7xNAE4IUTherCTLl0G71Df6d4E86RGgdeAAynYvHhShYqd9V-OIUw26VtuQjfw-fh8-AaAU=w300-h225-p-k-no"
Katy Lin,5,2025-05-19,1 年前,"今天點了醬油豚骨拉麵（淡）
裡面的五花肉和叉燒都表現🉐非常好👍🏻
友人點鹽味雞湯拉麵，裡面的雞叉燒也非常好吃！（但我覺得湯頭還好）
五只要星評論還有送兩片叉燒",https://lh3.googleusercontent.com/grass-cs/ANxoTn1sC0hseNwahXsV7KkDvuExmrBcCBfRoGeUWGLV_ihliMmaQ05ObpU7MAPWk3jdQSisYEqzNvLdIzpIzagnNU-dHkdpeFaPCF-U3hck8Bys_G8-lFWnyYQRIbUn3w4RCQhmFza_=w600-h450-p-k-no
C Huang,5,2024-05-19,上次編輯：2 年前,麵是偏硬的細麵，配上醬油豚骨的湯非常搭，濃厚柴魚的香味很解膩，即使選擇濃厚也不會膩。薄切的叉燒很軟嫩，服務也很親切。,"https://lh3.googleusercontent.com/grass-cs/ANxoTn3hljCq_h1BKr0MSJCXEuBAcZjW_BTfJpFua13CDosyVwY4Thfd8y4F1QKWWt2W91962SloMoL81KN3kV1RIstj7ZMqf-hKgy3mJ1ewbTmwMotDOf_8G7c8qY_lelFIu9JvXRs-=w300-h225-p-k-no, https://lh3.googleusercontent.com/grass-cs/ANxoTn0SKC5qvGzwqygrt08FkI5t1Xfx4fK55HWDhCE-3_akx9YHnTwlI5yAcmJ1kEoQvItg5XzmWMVyN59n4ODK5Czs-y1o4aEAfUR8xzBk6zE31h9nFAwJXLQtVXsxxUvhLcuouqo0=w300-h225-p-k-no, https://lh3.googleusercontent.com/grass-cs/ANxoTn264gwoyHJ4ySBXrunB4-_-bOZzKdxJWw74O6zazZhp_rwptf3JznvjRp_2K0oh48QuUNI5wVZ38ta3oE_ANdh1PR34w1DpNbEt_ooUpaTEsCzRG62PwBtx-GKpes6jh5y-rmDr=w300-h225-p-k-no, https://lh3.googleusercontent.com/grass-cs/ANxoTn2oWtzBsd_dmHdO3iRiBgNsVe_KtO18TWcDYQ6XjCWhGU2mKdlrJzuwu9S9bgKpOepx3-uuOikUA8DcJFEa1C1aDl-4PqycXz_7jT9zO4yHEjW_uagAcaPXTJcbim91SOqUTG6Jfw=w300-h225-p-k-no"
紅小花,5,2024-05-19,2 年前,"首次享用，看起來很好吃耶！
期待、享用後真的很好吃耶！
麵條Q彈有勁，值得推薦喔！","https://lh3.googleusercontent.com/grass-cs/ANxoTn2kTO02ktkEFmRE8c6n0LAv89Q9G0Pg1AJP_Z9QlmkqA0syv646XmWFadvHH-ESRcdSoCNRw-JcDsrN9mAl9Gg7eAtQDtyGiwy_p_jyjWceR4uf1REbjtMwKBefAlWg3mVh0H-i=w300-h225-p-k-no, https://lh3.googleusercontent.com/grass-cs/ANxoTn1Q4zuLYaJCrxBmm1-gMxwdH4IlaRpNAWRgOqp4_AF3_jXXCHIScn61B8Y9ifyEq7itK7j4bo4hLDp_LsMBxkcz1q-avjI1XDSabNXx2aFBTtODe7p2Q8zPKys2SLVALLTl27c=w300-h225-p-k-no, https://lh3.googleusercontent.com/grass-cs/ANxoTn3PIuJYelB0_V4IbGkuPlts_gj4bzo-PJXJBac45Rj_vkgv-HF2Pe1XaU-nIFOiqXJxUkNKKpGVXswYL5-uXO5S-HDXFnnlBwX6amPmyRmnTjVK9kQoviBcPcMfuuLRutnI2Z_qLw=w300-h225-p-k-no, https://lh3.googleusercontent.com/grass-cs/ANxoTn1sOxclbA8xIirgpqEyrUP1kNBH5Au-zY2PkJtI6gHWVHkHO6ilLG2QRWH8MmB1Ya63dH___AslomjGQQ1EvYlOjwoOtkbAYFXuGodlqXMo2cq8wwlsVzG1FhHAjWzTRk_DC_3s=w300-h225-p-k-no"
朱可軒,2,2025-05-19,上次編輯：1 年前,"我點黑蒜什麼的，同學點辛味什麼的。
真的是有夠難吃，難吃到起笑，麵跟湯吃起來像是老死不相往來的仇人，黑色的湯跟政治正確一樣黏膩厚重，讓人煩躁不已！超級火大！我吃到後面覺得快要吐出來，超膩超油超噁心。
我同學覺得點了「淡」還是很鹹，麵沒有煮透，湯麵分離。
我是覺得可以自稱台式拉麵，然後賣個160元，應該就不會讓人這麼生氣，頂多金美送。",https://lh3.googleusercontent.com/grass-cs/ANxoTn1THJsrG-8aOqC3pXEmP6Xy5efjgyxDMlSgI1Sk7FfHnprxPXmJXXENYsd9r5iE9cfGtsM4tjkiUUK3jnIDBlgkarhM76yo8vZ_Wc0KSHxnTvsfC5VcaZTelo4esJXFDkdhuJezbQ=w600-h450-p-k-no
Alex Huang,5,2025-05-19,1 年前,這次吃鹽味豚骨（鹹/淡可選）拉麵上還有淋上蝦油，湯頭很好喝濃郁香醇，不死鹹，我偏愛麵條微硬，裡面的筍和溏心蛋和湯頭配合的恰到好處,"https://lh3.googleusercontent.com/grass-cs/ANxoTn3mhD3YUzi1xniMK0C1oPR6dTAmNESj0Lufv_xENhAqgk1dJVKkaT7d6vHWS8TqgAolkUGABUA4D-o74MR1dLTvaBnt3jjxla2axAwHhIK9bd8sK3RkwnZ6mJKtWNxdmORBUWY=w300-h450-p-k-no, https://lh3.googleusercontent.com/grass-cs/ANxoTn2APr-H7_Cb_8GKDgHDUv4APaGrMYZ66Km_GTlPjzWuUIV7UDXUaW_fXeb9W1Ibnuf2kl2paDLoNxWys-rofwjglqHIBaF35B_bIrlvIa1_VNVVMxdjL_QUILmHmqrjeMIeiCLGGQ=w300-h450-p-k-no"
吳倩貽,5,2024-05-19,上次編輯：2 年前,"店內座位約20來個，吧台區有10個座位左右，可以看到拉麵製作過程滿有趣的！冷氣有涼，建議帶件外套唷～

店員親切友善，主動過來協助點餐機使用與介紹餐點，店內有冰水自取

長樂（$320）跟一般的拉麵（$230）差別在於多一塊五花肉＆糖心蛋；據店員介紹，醬油湯頭會相較鹽味湯頭再濃一些

📌鹽味豚骨拉麵 $230
份量稍小（體感麵量120g或更少，食量中上的女生吃完大概六分飽），湯頭濃郁偏油，麵體是細麵，偏硬有口感的那種，配料有兩片大片的薄叉燒（調味不錯，也算嫩）、蔥（不生）、一些筍乾（味道和拉麵各自表現），以這個價位來說我覺得CP值偏低@@

google評論5星送肉的活動只有平日有！和店員詢問後才知道的，假日沒有～","https://lh3.googleusercontent.com/grass-cs/ANxoTn1sWbXNI7i4LrN4bIcIObOvniNmhHUO7X8Zh22eao43egqYj9VDHmjgeR2j8AmdqODcys0nDwTCY-IkWDSjawT5rdPlCsZwWW6yPsAxXnZ4yrjk7bYpPzjUHtHWxxH8CXyD66oCRQ=w300-h450-p-k-no, https://lh3.googleusercontent.com/grass-cs/ANxoTn16AyPZkz0C25fu53xVkxZvO3zCWHd5BYXpLzpxDEQTwCfpiGRES9F43r6qCtvAzcVwsOWUBXvXHQbAMjvLE8XdSWpHUsJeuVBzk6NIDOrVDgwJnd217zPkucPOix2JBC69e6Y=w300-h450-p-k-no"
王志新,3,2025-05-19,1 年前,湯頭可調濃度，鹽味（濃）不錯，醬油（淡）的偏鹹，懷疑是店家鹹度搞反。炙燒叉燒看人口味，可能是噴槍烘烤，叉燒表面偏軟不焦脆，且個人覺得有點太焦黑，已經不只是焦香味，開始有一定程度的苦味了。,https://lh3.googleusercontent.com/grass-cs/ANxoTn1TyDUkkuHGuJf5a_MPH6AHpVPWW-m2xM-nnx-icCFwL3Tpy-LHN9EIzuUBGUDM4-2Gyr1Bx8AP21ZvV1d7BUpgqfR9nypj8rcQSiKD_BYUd4IJYjNQVLmAMYz8_kxxhcnvlVbV=w600-h450-p-k-no
Joy Hayashi,5,2025-11-19,6 個月前,"超好吃拉麵
推鹽味雞白湯
湯頭鮮甜 麵有嚼勁 也會附一顆溏心蛋
服務態度也很好～
會想一直來的拉麵店",
Ryan Lee,5,2025-05-19,1 年前,晚餐時段內用，店內座位算寬敞，點餐要先於店門口點餐機處理，這次點醬油雞湯拉麵，麵體本身是屬於煮的較硬的，湯頭我是選鹹，如果喜歡日本鹹的人應該會覺得味道還不錯，這次不喜歡的唯獨較薄的豬叉燒有點腥味，但厚的豬叉燒就很正常好吃！,https://lh3.googleusercontent.com/grass-cs/ANxoTn3b9e9Z3ME-5mKhNP_WBF_7DsT23JJSQbHWAMHorImapClDMtfI_ZGXbL8MwuXC-2dgrFy2vGEkX3Th_SgFxXSryj7cRM3J1UFNDveNn_QqRig3l3yV1f_RIX46EAKCP910xmQy=w600-h450-p-k-no
Jimmy Lee,5,2025-05-19,1 年前,自助結帳方式簡單方便，環境衛生，服務人員友善，東西好吃，量也是算蠻大，男性朋友也會飽哦，值得一試，推一個,"https://lh3.googleusercontent.com/grass-cs/ANxoTn2i4OzIKv_2KUa4j8wvH7G-MTNTtdbTxps0Ccu9X2-M-6r2UYzBKNanzxEC5TBtZr9RDYIRpKsrxhtUYfwI9b_F3ObPOAtk9rM38RXJQGTDZFGotGoWVVIDeO6RfI0dYkMmMxoDVw=w300-h225-p-k-no, https://lh3.googleusercontent.com/grass-cs/ANxoTn2bzM57_QRHyiqhDTk_70mdWtxQouetkEkuFOLZqBT1tGLNM3NgB7xEQUFgTfv7gy7VsyvdJ6cg6auaaiYV2uxsIoQoVRReppxbMb5MLuZLe2kwOF8AhNdwuxCoDIQ64hklv8I=w300-h225-p-k-no, https://lh3.googleusercontent.com/grass-cs/ANxoTn1DfVwVZb1Ooq0u7k3c2Kzv5bCJjOIEbFSd5X81dwY29gMTKA-8-rT7ToZ7cPt8n9XNMpKIvvUBTxYQf2NrI9g0VZ9-WSRt5B8ZizZPcBG5tqSjVZfKmhSrUvHl8BWwxGEfBHIc=w300-h225-p-k-no, https://lh3.googleusercontent.com/grass-cs/ANxoTn3_uzNOww6q4KyPBgceQoNjGuxvtErH_vr7YE4gPkw3G6eG5myuHqD62-V-8l2MUztvuziB0-GvWrZOkn2bK71LIReQxmcjfx2TxNA9hW3ecLajS1CneSKjOzdHvPWsaDBT5F-l=w300-h225-p-k-no"
宋大俠,5,2025-05-19,1 年前,用餐氛圍舒適，工作人員服務態度親切，麵條吃起來口感帶勁，擺盤讓人食慾大增，味道更是一絕😌😌😌,https://lh3.googleusercontent.com/grass-cs/ANxoTn03gxuXnRx4z2PjAIv0T2fPML4MSlsG6I4_uAsT5ApcQjW_M90MeE1F9f4GIXlFbsRrstxHGvQcmi_O_zkxm_5mpuhplstfeU3ykOZKbA4-KLX3b9nxdb0P6WiZOHDJuS2wPbmW=w600-h450-p-k-no
Arthur Hsu,4,2025-05-19,1 年前,不錯吃的拉麵，主要是雞湯頭，味道相對較輕甜，不會太鹹，配菜份量也很多，因為雞肉處理較清淡，雞肉稍微有一點雞腥味，提供其他人參考,"https://lh3.googleusercontent.com/grass-cs/ANxoTn0Se9JU5MfC0Gxg6gtwCwGeeN1KfsO3PTgcF9hFjTDHk7fOC4Oel0tX1aqyE5jnv_OXsLtMso9AEGUVW8Nf4lf2rhxmybwECFH5cYgBnHWjY0VZcHcemJeMXa8MCM1QKCiQL7sJEA=w300-h225-p-k-no, https://lh3.googleusercontent.com/grass-cs/ANxoTn0EDGUjHFpX3o0NKGeVgG3hT3jroJ2-3mSfqRYSz8nwRMLLIeBKFOByRQ01x_8vIY94xZ_SDcuUdaxV5v-IZrlDDmOHTaVCm1SFID_w-lvXDSMhuaKt5Ej__rsuOslIjSbW4D6S=w300-h225-p-k-no, https://lh3.googleusercontent.com/grass-cs/ANxoTn2JI5XBdtZZmRfHlyrN0xoKV5k2L2CpBYv514cDrzhmWclBy5BbKQYPrVE4FefNsYxjIgqyPKBlsxJju7j59v3ALtxJVYVAfXFmEaioPE8cG8X8KygVzIriYdjnt8l_R_5mlkzkjw=w300-h225-p-k-no, https://lh3.googleusercontent.com/grass-cs/ANxoTn0DVPjBErOICNfO3Ipt5aB_nhmgV8QurhYyy2y0QfOeBkucBToBmm3BYl0u8Hs5TL2ElFUXQipvJA8ilVyNJORY9MQf-PtbdICJQyBeYzQreCTJxZ-cZs_AT9rMoxBkojgDudXD=w300-h225-p-k-no"
Stevennn,3,2025-05-19,1 年前,"嘗試了黑蒜油豚骨 無蒜香只有油
屬於清淡口味 湯頭無濃淡選擇
叉燒跟麵體都普通水準
可加麵一次 但價格還是偏高","https://lh3.googleusercontent.com/grass-cs/ANxoTn09jolUrIC-h2M6tddyeYp35Z_es5cvfYHDHPmUy2R628yEUkPHHxJlYbSs_M8X2BCtjGYAJFeoItgLyc5YQ002Fe8gBucHiR7GTgItqRznZGcdniUb6ueaRIn_d0wfvrdtqFA=w300-h450-p-k-no, https://lh3.googleusercontent.com/grass-cs/ANxoTn2GmfXdWzS6l2i8sifRl5bVdleEXYiuAUxrpjibGTQ3FbFqFAmEYuc2uReTjzGCeMEBavAh3fxDItLPicIMdqcDx3Rg-yXR8oMj6jrInheVVfVKl6GtTIzuSxXaJPG9J8eXyotoBA=w300-h450-p-k-no"
Shao Wen Chuang,5,2025-05-19,1 年前,"位在台大對面熱鬧巷內時髦日式拉麵店，點了鹽味雞湯拉麵加肉增量，不燙口的雞湯，搭上鮮甜青蔥，爽口回甘。細麵條和較偏硬麵體，富有嚼勁。軟嫩肉片多汁，和增量超薄肉片，一次吃到不同風味。整顆溏心蛋無味健康。幾片筍乾就不值一提了。整體感覺是不錯吃的，對於壯男來說份量稍微少些，可能的話加點烤過叉燒肉會比較飽食感。
昂","https://lh3.googleusercontent.com/grass-cs/ANxoTn1hYRp5FMEmVtlpkRbEY7KAfR9nCrbilrig9aerNmfObLASOEPceLphcoUtAc0XrDXcwA9kdr9Y_kPz1nkirWjwqLDYwZuFA6KY8jCCp04TMFi2si460x5gicDfBpJIUZWyL4Ix=w300-h450-p-k-no, https://lh3.googleusercontent.com/grass-cs/ANxoTn2EwJdZtM9njPUg7bzC0FplMzerVlC3rT_yEgQq6BXhPJNVjFN1xqFsKJeqUyltZq8W3kmOZr-ArXPpLMExLu9ExEPw1GtxRU8eW-P-IScFLWgBECAvBCO0mMjPxw4ya5w4ocFNBw=w300-h225-p-k-no, https://lh3.googleusercontent.com/grass-cs/ANxoTn2H0UpL-8nPVXB74SLcJlMUq4WggwYqYSGncm3vwhOxdkL6g11WrQwYw4rULVacxj-O68mJWRZlQAM_0KbcuKoIzLKt_mRRjHblrIisvVHg3raBD_hoinU2UDQEc5FVJgi43xI=w300-h225-p-k-no"
BigHaw,5,2025-05-19,1 年前,"本次點餐：柚香雞湯拉麵，雙份肉

餐點ㄧ來先給個視覺享受體驗

餐點口感清爽，軟嫩好入口，雞肉超嫩，如果雞胸肉是這種口感，一天大概能吃10片

室內空間窗明几淨，背景音樂極為放鬆

非常推薦來享用",https://lh3.googleusercontent.com/grass-cs/ANxoTn0IX5pIS_YVEYz4nZHCkIMV1R7xNwlAt9v2bl8R23gpyAUqE8qttH-pyOAHSG41D1tNaABOb4z52r1P9tQKKE8liQLrbegHHXcbaJkHGOmIlHkh1D8MzbUJ8cIyi0NmyiScsP8auA=w600-h450-p-k-no
李德毅,1,2024-05-19,2 年前,"老實說, 挺難吃的, 以我花的這300而言

環境很chill,  chill到連加麵也要乖乖去點餐機排, 真反人類.

作為一個去任何拉麵店都會點濃湯的人來說, 這一家店的濃湯真的濃到一個不可思議相當死鹹, 這也不是原罪最大的問題是加入了煮面時候根本沒有處理乾淨的的麵湯, 整體的味道平衡非常詭異.

肉的部分還可以, 但隱約有一些冰箱味 ；麵中規中舉, 也是毫無記憶點的中規中舉.

個人來說不會來下一次. 難吃.

---

補充一下, 儘管有所補償, 但是一碗還有好幾片肉在上的拉麵、點這碗麵的食客真的會棄肉之不顧離開嗎? 請下次注意一點.","https://lh3.googleusercontent.com/grass-cs/ANxoTn2vJrnRBSIfxns8STXlZvPwOykqE0jjM-DPfnUAM5WZLVGqjhn0aBo4lKgazfdye3D1D1gJW2KmSuPfQ_m2OMvvJyzjGhDF4XpCoWHGmiTPZoM3wX2W6nut1_OpHw37goc9FQWm=w300-h450-p-k-no, https://lh3.googleusercontent.com/grass-cs/ANxoTn0h0msFmyWJ8H5OicpmdWzqbhCol7ATchtDEUJP3FyDvIDtdYrLLpGTEZeLxsf7Ab_UNf0zYbw2yt9-ACSyfvF9MXToBOQxiD1k1VZkHY-YAXqepNYVm-xJEqilU1h6f4_7ghGrNg=w300-h225-p-k-no, https://lh3.googleusercontent.com/grass-cs/ANxoTn0dFbdOlXM3lpwFI1y3zNMOEq3hYqmYG5u0UuhQ1DAkutLb4_sbD1WZB_RHqHc-5BdaUaS8XL61WbjHI00Kc08Uo6ZMxwqmVWWD-weauQJ7ync7P0bLOJdBV0vzrvseb6jPqKyk=w300-h225-p-k-no"
Daniel Chang,3,2024-05-19,2 年前,新開沒多久的拉麵店，裝潢蠻清爽的跟別的拉麵店不太一樣。拉麵就是醬油跟鹽味兩種，覺得醬油拉麵算中規中矩沒有特別驚艷的地方。快吃完時才聽到隔壁桌有打卡送肉的活動。建議如果有打卡的活動可以告示在顯眼的地方。,https://lh3.googleusercontent.com/grass-cs/ANxoTn1cbR_lex5kQplLFADFDI7eGHgKFgjUMbPQif83m23lrWtCgFpuq0frcEX3FfVwxekWc_0zHtm3Fqxsava2YU4Ko-ebIbhQvzmVkNjYp8hv2u7v0-2uMAKu6GAhOmUMVvJd61Uv=w600-h450-p-k-no
Olivia Liu,5,2025-05-19,上次編輯：1 年前,清湯味道非常舒服，麵體硬度也剛好，鹽味雞湯拉麵推薦，小朋友很喜歡叉燒飯,"https://lh3.googleusercontent.com/grass-cs/ANxoTn07MpJ9XBKAe3lg8JpuR9k985nsSPAZsnP9nx3I7WMFcW-pPMSv35mYXBsKvTGq9NHyorBE0ab8O2jEg4iaxkSMSaPChZQh9AhVIAg2QVsBE3QLBIg7zsGC7y8TxcTOddIHmhgwwg=w300-h225-p-k-no, https://lh3.googleusercontent.com/grass-cs/ANxoTn3LGEeu-YllQpp1dZ-NJFtMc9hHH4Mrzumfj2Q_Wf59Uh9UIPeWjUH__6mT51W7tUGWhipXOegmNPHPHTdM4vYDg_1NhrMvVV1V8v2s79RIHOKGEWzKfrQ1tBsJjIQdClqPPe10=w300-h225-p-k-no, https://lh3.googleusercontent.com/grass-cs/ANxoTn0sKcEbRgIhf9CLFSf0GaYi7BIgKImzzKqzJaqRcmQWZzrFqEROCVrAOy7lWe51BjElugaQ5ZdGqzeiM7EV1ZFJmwrenrnvVBvzJYzZyqcREGvVUc5goIflinf2I0UBO3V_ViqK1g=w300-h225-p-k-no, https://lh3.googleusercontent.com/grass-cs/ANxoTn0lgAJUZjyHzaUZut09T9UyZBlmnGyr3IP_usxQdhqlU9Uf7l93D2ShubAia_TQ0ZxVvdUg4fimUzjc094DrGuvvsDtwjNhko54twjBSJJ7o7LO0qNrrd3zZPzYf5oliNsKhueH=w300-h225-p-k-no"
lin eva,5,2025-05-19,1 年前,"自動點餐機社恐跟選擇障礙可以慢慢選👍🏾
雞湯拉麵超級濃郁，滿滿的新鮮蔥，五花肉軟嫩油而不膩，水準很高的拉麵店。","https://lh3.googleusercontent.com/grass-cs/ANxoTn0NUIotbfQB-Xu45k9kWjfwuxVL8wK72ilGfm0Bs_K_Y_-BU3l8qYQpkpL_0Osdj-3amZM1c78HsUfYzPbYho_SYbRYVXHsfzy9bIzsKUgslsKjUmvwRMdrGxzEv_c91PUDuFiXVw=w300-h450-p-k-no, https://lh3.googleusercontent.com/grass-cs/ANxoTn2BKvvckaUE_9Fb3M9D3F-s--Nty2SpauQfCA7gYYR77VLsEuB3uDDC3hyhff5BvVf7ycXuLsDn2s8Azix6NnlU7j_93JMIoeCqHBB2wTcuDIhFFNTU5qVV8m1fcXBik_AJC8Bu=w300-h450-p-k-no"
Oliver,5,2025-05-19,1 年前,叉燒大塊量多，湯頭濃郁，環境舒適，廚房超乾淨，交通也方便，推薦來吃👍,https://lh3.googleusercontent.com/grass-cs/ANxoTn0_xzlSxMhH-lZQp1KfDaouM6UA6B6G1FqCj0NS2BXbXzcAqVFYlgkywibyG2sQPqOD3ZXutBecBuQydftJYVdRpOj0pFvNRvoibhVHj1s-WKLT-lK65zwQyRb5aEtv0yzAjwQhvg=w600-h450-p-k-no
Che Karen,3,2025-06-19,11 個月前,"點了豚骨拉麵溏心蛋好吃，麵說要軟結果來還是硬麵，而且湯頭油脂塊太多了，
導致要挑一些起來才敢喝，如果有選項變少許會更佳！",https://lh3.googleusercontent.com/grass-cs/ANxoTn1vmfLXXrtt3dkG4Ree83nM3hSqtYywjokBiPTwrC1Isu2-QuWBVkL3Ga9tbWVI9dryW0eqj5NIY2t7-oo5Ie8sliC11_Q-r3HEqL4g-vnQUeYffxENzKW2_Pl5h3NQRuRJLRSo=w600-h450-p-k-no
默,5,2025-05-19,1 年前,"雞湯很清爽
豚骨濃郁又不膩
必點一碗叉燒飯來配👍","https://lh3.googleusercontent.com/grass-cs/ANxoTn20ITzN-Oi4VmXyGawXjXB9lyRoLdhHkaPSqp9ftTtQGNnBd24qAPY7uaOYE4Xp7kpjhbeR8SluwtP44bV_3MyBYB7875sxK7Y190cZEOP5NP8Q1CFKvbZ3vmSv1XzpjbKBcEtl=w300-h450-p-k-no, https://lh3.googleusercontent.com/grass-cs/ANxoTn3KZ7jKCMOGs4fp20tClnPgL2CSY9yMDC7bc_mEcNujn0VJebKHKcfV-jt4ofjJP6RHL58scUSz7kehBNBoCi7yEnoFzVm3-7G5OxzGUVcP0-ep8OrVk4USnrM2Bv3KFILrhRz-=w300-h225-p-k-no, https://lh3.googleusercontent.com/grass-cs/ANxoTn2d_UUoUVFhvDKaIWdb9-jappbkq-mUNIbBLNUDn0TRjAXqmVQyw0O5fTi8sCAe97RLdS4ZFrPUZke_tFolvtaZkFfncoyq4cUu6agQtedxtxvGyFXLJiKqTBnEpMqW0rVrQF6Y=w300-h225-p-k-no"
Chhao Huang,4,2024-05-19,2 年前,"鹽味豚骨

選濃的脂肪量也不會很多，入口滑順，吃到後期偏鹹。
肉片點綴些許胡椒增加香氣，薄切瘦肉，雖然乾柴但薄切不影響，散發煙燻和些許的脂肪香，很好吃。
青蔥配麵的味道很令人驚喜。
筍乾味道不會過重，影響到湯頭，鮮嫩又脆適合交換口感。

醬油豚骨

脂肪香相較於鹽味薄弱，但醬油的鮮味也是一個特色，相較於鹽味不容易膩口。",https://lh3.googleusercontent.com/grass-cs/ANxoTn1u2BRJPw9lzpN_xkU5hqxGr3pz-RPKEd5Nmfge2PU3vU9edy5raF7hDI6J3-JMgwu5DgKbMXRMfZ1vI81pb3CNbDysO0kQdTbtIOZ8CQFp8W06LgsLjUwqqxHlbtSkCzztd0lNMA=w600-h450-p-k-no
獨旅z時代,5,2024-05-19,2 年前,醬油湯頭好喝 很順口 以後有可能會排爆 希望店家能準備個號碼牌,https://lh3.googleusercontent.com/grass-cs/ANxoTn22gHixTB5rZZl8VhWqTlgU70dU5ZxDtX0pCx5-CdakIB5W0pSeBU_M1F_0sYuIpcqRB2kPaR4NGoAa-Z1l6iahpH4YVOHiXfxyKBf4KUdyxMcTPvsud0bzM25NU_ZIBQ1OYgN2=w600-h450-p-k-no
マドユキ,5,2025-05-19,1 年前,"湯頭濃郁，醬油味偏甜但非常入口。
溏心蛋內軟外彈，是沒有入味的溏心蛋卻有不同風味。",https://lh3.googleusercontent.com/grass-cs/ANxoTn0B-iP7ShgJlqknuy1mTovyhtwmbHyzGD0t80V0pGm3VUN2J9faYwMl4o82BApikDWg7iJhv8oCht9bz4Pqpftq9P_F4NjlGbu9ceS-CqQAk0CWq5msZmGtJ6k-Fq5z-uz4heRl=w600-h450-p-k-no
阿達,1,2025-05-19,1 年前,"要裝潢有裝潢 要好吃它有裝潢...

4.9顆星完全過譽，吃完才知道原來有五星送肉的活動，完全就是洗評價

點了「招牌鹽味豚骨拉麵」 ，選麵硬沒有嚼勁，豬叉燒有一個奇怪的味道，五花肉叉燒滷過後再炙燒還可以接受、選了口味淡，湯頭還是死鹹完全沒有層次，糖心蛋雖然有整顆就是完全水煮沒有任何調味，筍乾給了兩條其中一片還有點老沒有處理到位，這個價格你給我這樣的麵，個人絕對不會再回訪... 超雷！公館汀州路上有更多更好的選擇😒",https://lh3.googleusercontent.com/grass-cs/ANxoTn1l6MR-FYEcYWuWa7Z3s2jcmt39J0f1dCq0rwZHb0c8WOrwrrBp2BlwYRgsdgMyqZQtQLd3sWo4Hnc875yEzAAwtj_q7bdOmeSyGn2vYbInHpCjBPkx8fXwkxNWaH9I6p__1VI=w600-h450-p-k-no
P. C. CHIU,5,2024-05-19,2 年前,豚骨的叉燒很好吃，麵是我喜歡的細麵，可以跟店員說軟硬度，店員態度都很友善，就是用餐時間要稍微等一下，希望未來有辣粉可以提供,https://lh3.googleusercontent.com/grass-cs/ANxoTn23PuonkljOH-mdKfz156Z71nRO9qQr73JVEMWEtrfl-Pbq5K1STt8oWkOsatyxEUKizRLoU5I71sMaeoDQ0kAhf5VsxHqBquv8ewhMSFoOwqmpqgvjcfSwJ7qEIPgL2rKQF0BXMA=w600-h450-p-k-no
Ra Taiwan,5,2025-07-19,10 個月前,台北最好吃的拉麵店之一。就當作去日本。,"https://lh3.googleusercontent.com/grass-cs/ANxoTn3phrSfgqlqe6UeZ-5Sx0qZNR-_DWlXOcOJAMFn8CsSK0V7j0fOI34KPwtshITdcroCiGQV4lwjdaLWcEEuymHRxiSbO020ff0b27X3yKjuETvBxiiB7JyVeLrjCIOLQiBYkPEqqltUfNKn=w300-h450-p-k-no, https://lh3.googleusercontent.com/grass-cs/ANxoTn3o_FYRQjcG7o49fOi2-nvaDVUppsZir1oXFTbxWu89qguajXIJKHtNINsl0ckst4Ozbhcuzi1L-9oouKmCP6FXSUNrcA9HKM0oO6BR32C--lt-0LCqBxAh-joXGS_Y9yluJftTvRleYlI=w300-h225-p-k-no, https://lh3.googleusercontent.com/grass-cs/ANxoTn136nRmDr7PzTufophRi7YSSGROuFWt4TqqhfCEi-GgnKPeFnxFsyrqsLuA9Bl3fyVY0AiP5794fIDobvGBaRAmMkMTh2DuScKJhtDmC8IRqtZVIWuCWWpu4kHG99AA1W9JhnhPGCyKbhoa=w300-h225-p-k-no"
李紀泓,5,2024-05-19,2 年前,"鹽味雞湯拉麵$230（google評論肉增量）
叉燒飯$70
用餐時間2024.03.03 15:50
店內環境明亮乾淨，音樂稍嫌大聲（可能因為當時店內沒其他客人）
叉燒飯好吃，屬於不會膩的。細麵有嚼勁，湯頭清爽，跟之前在其他拉麵店喝到的味道都不一樣，滿特別的，雞叉燒常見的好吃，唯一扣分的是豬叉燒稍微有點異味","https://lh3.googleusercontent.com/grass-cs/ANxoTn3rg9gbkDLDS_5yU0eNYvM9NfUBP3d22s3bRa3JXtFZuG0f-cZMsu-RqWnFO0dTg-TjQZV1XB7CiblhmJgkDlibHC7gXLc5_-hL4ucmUdDtg9MRcXv0_w9ZfX13EoAlBT4f7SmgCA=w300-h450-p-k-no, https://lh3.googleusercontent.com/grass-cs/ANxoTn0iA9unSEcFDOESbeT3tW2JCT_0vHp8xg4x3Xo8jwy6uu3bo2QBlhtdDQZg-gjSjRcAgIXugkzvgdvNiV4L51z9NEjK6to-NB2WXcaxnn8L7VtHvc_TzvJuyWekQRtLMJH-hWPZ=w300-h450-p-k-no"
Huei,5,2024-05-19,2 年前,份量適中有飽足感，鹽味豚骨湯頭較濃郁適合口味比較中的人，鹽味雞湯則比較清淡。外場服務員態度很好很親切！而且肉送的很大方！,"https://lh3.googleusercontent.com/grass-cs/ANxoTn3vyLZjEZ9FSUl1p5bA9ZWb2Ss-KSz2hze5k5_TewSyjGMV-Y_5odahODTt-79PqXVzFkSzChBOVULpKVFxXAlI9wr88FsS6Euah7VIZkQGg07nBHI-EToGwjiGEwMx9XH6vnwLMg=w300-h450-p-k-no, https://lh3.googleusercontent.com/grass-cs/ANxoTn0OjDlUv_FQutqh9Xi54-lBuHWD1_hZXzopq52s1I-Z1ZxK4hkJS6nHwCN3pR6njSCI7XvSd37GJPHgEbKRLEsh1zb_ux-2uC8AD_-SPBnQM6_vYGGeBB5jnPuaOhp1UMWa-6A=w300-h450-p-k-no"
詹景涵,5,2024-05-19,2 年前,點了鹽味雞湯拉麵和叉燒飯，麵硬度剛好，若點餐機台可以選擇硬度會更好，湯不會過濃，喝起來很清爽，還有帶一點檸檬香氣。叉燒飯口味正常，若單吃麵吃不飽可以加點一碗。,"https://lh3.googleusercontent.com/grass-cs/ANxoTn3PrLdbT59-qMlo4Y6TkSl2DIojOzUX2cqiqytVIxWSsjCnITNEJrzxQmJYXO1_Pywhf5Prmr94TwIMxMYB87JmQxWzBaqVxrdNpodRjqrm_Q-V8_NhVJJ2Ew8IHSigf1L1ylyk=w300-h450-p-k-no, https://lh3.googleusercontent.com/grass-cs/ANxoTn01In5yM_-FrrwUe21J3LrATq-CXXLPMCjGYK0y8Q6vR51E5f7wSDS_J-vBDuC3vZgF0yMFmKtHFHGesD-3qSrwgM1rW6r1HhY5gDDyZwwxytgqxOBakgYCZLiWB8aPmPMmxzGJvQ=w300-h450-p-k-no"
彭詰庭,5,2024-05-19,2 年前,"室內燈光溫和，店員很熱心為我們介紹餐點。
醬油雞湯的湯頭非常濃厚，層次豐富，拉麵Q彈，整體來說非常好吃。",https://lh3.googleusercontent.com/grass-cs/ANxoTn2kAbtdIaMZDCa2gc9LG4beZEbFQTsFn2z_VRT7MrdbppViNIqNsb55ecddaRPtYrK7LPBJS1fFHdK4lJ2SGmlywM-RFHiuE7NSA-HMnjibqU4nGUqACopGzZYVdkDqWBByNJiQ=w600-h450-p-k-no
Davinci Woo,5,2025-05-19,1 年前,在溫州街巷子裏的一家拉麵，經過很多次終於進來用餐，環境乾淨，拉麵屬於濃厚的口味，有分豚骨豬肉跟鹽味雞肉，這次點豚骨豬肉拉麵有在水準之上，會是再回訪的一家店,"https://lh3.googleusercontent.com/grass-cs/ANxoTn3wO6tsjAoDISde9dIiuUwcb_lWmNxn6lDzGU4R_UsP1iR_kRV_FgpGqMaOJu_ePoQFUQAvpu4-VRFJKtab8mBsKRu7DzUOVFf60wb2S6pUnslUfLp-QLn-XJhow6saDcqedNj6=w300-h450-p-k-no, https://lh3.googleusercontent.com/grass-cs/ANxoTn2N6xSp7ALJtEz4peyMVjHoD2MnlO3NDkpqe4kB9IkNWV-I2ZxnDueEkITOyBFQqFhIqSF0-cH-zFhRu10OBrYovsXkRA33WWy5Hlw5p8b5kCcQshqqViT4lHIUTmTUNJTkhYzO9g=w300-h450-p-k-no"
Angel Tu,1,2025-05-19,1 年前,選擇淡，結果還是超級鹹……..也沒有豚骨的味道，溏心蛋直接滴出來：）,https://lh3.googleusercontent.com/grass-cs/ANxoTn2jd1-qm4ox1uq4nzaDdXmtbmYUJwIBh5SSZCPXk2SGe4UQxD5z16Yq_En8GMKJ7QYoDaTu-FBMjYh9Kg28poU-YdI-32FkUF4MbJwVIzaF9EuSvluDBxTt9DQU4IZ9OuuJR84Q6Q=w600-h450-p-k-no
Kevin Tsai,5,2025-05-19,1 年前,"湯頭好喝，份量剛好
肉片有厚薄兩種，厚的還會先炙燒
喜歡這樣的座位設計，讓客人看得見廚房料理過程","https://lh3.googleusercontent.com/grass-cs/ANxoTn3QeM2LS0SInzAGHNuf361cwJrF-i57oryGnOgynorJsMvOKHS34GTYRdyDjEC74cOlOSQGR5ThtG2NzBghcYBp-cFp5xUrPwL_H7AlkeIc0P1Epz6PHZo5PkYN1wHc4X46aNwzUg=w300-h450-p-k-no, https://lh3.googleusercontent.com/grass-cs/ANxoTn3RVLqL5_hIruNMSfz7B8F717K42WR1eFyXYCdGZxSpD_Z91LoZNicD2jk5TzH5-SOzth7jqFpZ2tRYGf4L1M1DtFv2g2EYNjKkZR2uc0rJFMGPB2kPFgOsEmFR8k1318nN0vI=w300-h450-p-k-no"
Juliet,4,2025-05-19,1 年前,"《鹽味雞湯拉麵$260、沾麵$260》
雞湯屬清湯類型，味道一般，麵是細麵，筍乾味道很怪、溏心蛋給整顆、舒肥雞味道不錯。
沾麵的麵是粗麵，但沾醬很不行，只有鹹⋯
點餐機區的地板黏黏的⋯","https://lh3.googleusercontent.com/grass-cs/ANxoTn0DLAReSAKiZHRYaYFAkcYfxTJtbe6EOln7OoOa1yHJpL1ewg36oPjUxrB_MERNgTiWAwmPh-QKVMQiLLCgFIFuBwHc1xgf17WqTFf8N0iuVv_iJ_jD1_jFPHm7dvJTP-_vtGSn=w300-h450-p-k-no, https://lh3.googleusercontent.com/grass-cs/ANxoTn0TY7yEKNxQQruHHCM3_H05UCtYdDA3YAJ0st423KepxKMtSOPyRIH5cdZFCfMnmDf4i-HrjTqB1aPSIutqyBsi0qY9Ai7XIM7aerc6DQYcwF0U-cXkx0Xe8qvCJH4q7E3F_-c=w300-h450-p-k-no"
拉夏Chris,4,2024-05-19,2 年前,為了吸湯的細麵偏硬，我愛；鹽味豚骨也濃郁。希望未來增加筍乾加量的選項，屬於淡淡柴魚香的醃漬脆筍乾。,https://lh3.googleusercontent.com/grass-cs/ANxoTn3VJBnwI92RU8dz11IOkEWWJ_NwsN-1VgsM1oBkfMK8B-J0kGcbaHDLrG-vw9chifvnarTv7-FjtZFOj3iW0vJYsga4PvkC64vhJIhnwMPgNALKopO63M2rT2XqpaBt0z0ivHK2=w600-h450-p-k-no
Jack liang,5,2025-10-19,7 個月前,"味道不錯
但沒有記憶點",https://lh3.googleusercontent.com/grass-cs/ANxoTn1FsdQ_EjK_fyvd5mehPM3KoQHdeSFGTBZtNWEmIXa9Klc5JmsBi27BIHqex8krwUrPNIj2JWJfG4w4ZFEnNRTwYvYOwFWWKP_F1dt6JDkFaWZjrTRz_QAso1u9i5ybQxwY7Oxsmh4vHwtX=w600-h450-p-k-no
Bryan Cheng,4,2025-05-19,1 年前,"醬油雞湯拉麵$320
麵條硬度剛好
溏心蛋流心狀很棒
筍乾脆
叉燒肉雖然油不過有炙燒過膩感少了些
湯頭是雞底醬油主（淡）
微甜鹹度剛剛好

叉燒飯$70
整體量少
叉燒肉偏油再搭上美乃滋炙燒不過下
有點膩","https://lh3.googleusercontent.com/grass-cs/ANxoTn0LbfZq9_X2h6bH55EIzaCBMw3fW7W4s0h_Z8_tgPQIncLKI-9Po26pVa5nOXGZ_D24fAo-jI7XtJIJ0PCHX-nSLoRUPJe8msnpNSHpJ3Aa216tmkg1aFL32CnKov5XzQLGi4KANg=w300-h450-p-k-no, https://lh3.googleusercontent.com/grass-cs/ANxoTn30mBtxz_9Kp4XAcTtz9Qy-yQu_7v2z4Vg9Wx4EvppPCGCXXfDu7E0ZusmZogB0MubNlh9ps8YSOtxR2CcS2LHm1c2OJkzs14U_RHyNsSYMTtRHW2RxPafinXq4ubAnValUWNw=w300-h450-p-k-no"
ChengEn Li,5,2026-03-19,2 個月前,非常有效率 麵食也很好吃 沒有什麼可以挑剔的地方,
朱蔚鈞,5,2024-05-19,2 年前,"叉燒飯很好吃，有加入一些肥的部分，整體搭配下來很讚
店家裝潢很乾淨
麵的部分我點雞湯，算是比較清淡的雞湯，我本身是喜歡濃的
喜歡濃的話建議點豚骨","https://lh3.googleusercontent.com/grass-cs/ANxoTn2PlceE9RYyE9vSk4-VpsPFji6BCg4T3SLymOlb9LFKQHI-N4PeDKwGHw9TDTEWWuONwq7svJhQrk4H1DZQNg6__E6AP3f5RoZI3GlfU-T9IVOlsNL3mSF5Cs5tvTbhubaZRjnfYg=w300-h450-p-k-no, https://lh3.googleusercontent.com/grass-cs/ANxoTn1doKen7gY5kCOaF0D6xds6jMl4oSqipm4g8dOReh3eugivd9stlrYko01UhoD3Q5BRDeVUJzrokmlQkJ-mAvWP3I_Zh-ZQz7Tbh2MdE2wNE1zX8Aj3D6BIyoE_2Jt8C17MxM5Q=w300-h450-p-k-no"
Kuo Kuo,3,2025-05-19,上次編輯：1 年前,醬油雞湯拉麵的湯底有加黑胡椒增加香氣，點餐機沒有圖片有點困擾，尤其是會無法確定豪華和一般拉麵的差別，雞腿肉叉燒很讚！,https://lh3.googleusercontent.com/grass-cs/ANxoTn0mSXBWMHj8n42XZ65kDmFZ5T3Un0Oz6GE8EO8xhDrU8ryxC-9YUxVkVb1gmCtTVJkETi3EjTx6cruFf7bZ8LmYwqLH6fQI9PVAD5sXDkWAwDwoXEAVUgmn8KPur9WYmdTSUE0_4w=w600-h450-p-k-no
Kong翔,5,2025-05-19,1 年前,雞湯很清爽，用餐環境也很不錯，推一個,"https://lh3.googleusercontent.com/grass-cs/ANxoTn3bIDV8BjBb0Lw6suwGdTI5Jw7qjXa-4z7LvC-311wioY6rdIDMnEKm8RSnb2sGjHct3jXJ4K_qQ608ldFSkkMLkVeOi7QoHajZiqvXf59hNkcxP0fYafCdL8t2dzcbqenLnbs4ow=w300-h450-p-k-no, https://lh3.googleusercontent.com/grass-cs/ANxoTn3ZHm8DiHgMoH0FxuePYt0N__bZEnE7jMN3qEBCRMrCQHzU6ZDH-8kAFdTOZ-DLrJbbG5tG79-H-MMxLY9FfyhhOEh6t4GtVeOG_cQGmnbVQU_BgZPJwpSPwRg-7mupkZzoCL0=w300-h225-p-k-no, https://lh3.googleusercontent.com/grass-cs/ANxoTn2TtEJRRLy9DAZPKZArsonddjuUfYgqgSNSwgWcBGRvthQhM0x8qujLzLv9pTpwiGf4H3aR9wiEZMeJroCJPcei3XV0ypuTlWtRHAgmr0GbuK40FM_mXCIFmv2nXEqP5k5B6WxG=w300-h225-p-k-no"
Albee Chang,1,2025-05-19,1 年前,"真的太難吃了🥲
黑蒜完全沒有味道
麵條也難吃 湯頭也不怎樣
第一次吃到吃兩口就吃不下去的拉麵
原來是五星洗評價 ig花錢找人推薦
大家不要被騙了",https://lh3.googleusercontent.com/grass-cs/ANxoTn2Is2s5p6vW4ZwydQg23VsQBxvEwzfG9o3BsOvpODJVDJpzPujwESqlfSu2isOOBoGS1gK9rVvUrSa32zzuwnHNxHoLNQd1nBlvy0_nPhLZubDU6cwvOUEWNYNMQB8p3mt3A7uV=w600-h450-p-k-no
黃哞哞,4,2024-05-19,2 年前,"有時候拉麵的份量確實可能有些不夠，讓人吃不飽，但是湯頭的味道卻是這道美食的靈魂所在。即使份量有限，濃厚而清爽的湯頭仍能為您帶來美妙的味覺饗宴。

拉麵湯頭的濃厚來自於經過長時間熬製的高湯，其中蘊含著肉骨、香料和骨頭的精華，讓湯汁濃稠豐富。咬下一口麵條，搭配上滋味濃鬱的湯頭，可以讓您感受到滿滿的滿足感。

即使湯頭濃鬱，但它所帶來的卻是一種清爽的感覺。湯頭中可能加入了清爽的蔬菜、香料或醬料，使整個湯頭帶有清爽的口感，讓人在品嘗時不至於感到沉悶。清爽的口感讓您在吃完一碗湯頭濃厚的拉麵後感覺清爽舒適，不會過於膩口。

因此，即使拉麵的份量有限，但濃厚而清爽的湯頭仍能為您帶來美味的享受。這樣的體驗或許讓您感到吃不飽，但湯頭的風味必定會讓您愛不釋手，回味無窮。","https://lh3.googleusercontent.com/grass-cs/ANxoTn1BEgn4z8FhzgpKD4TN0oG4ZzLUvBvdeu-EZmxj5UpdzieERZv58kw2tnatzO9HnGbSi4JsPzJiCFIDZ6H6DzY-j3tQVh0d4K4fKDZ6M8ahzR6rxckap5p1DN1WbmWdMzfWN-SX=w300-h450-p-k-no, https://lh3.googleusercontent.com/grass-cs/ANxoTn3AiUkn0KzzDmrXUNIVFHdfAElJaGr8nDt-fUA1rWqjQFtTnMMVlnhIEMONrGAd146o-kn2ssfAnIxPJQQRBvZrdT-goPRJDWOgZrLh9OuxyEbS-1uWi3hIuZPoVSE7WSJS624BRA=w300-h450-p-k-no"
Alex Liao,3,2025-09-19,8 個月前,台灣日式拉麵，評分是靠送肉撐起來的，湯頭口味普通，叉燒肉很薄口味我喜歡，但是整體不符合該價位。,
Helz C,3,2025-05-19,1 年前,點了鹽味豚骨拉麵，最後吃不完，有點太過濃郁太鹹了。不過朋友點的雞湯拉麵滿好吃的，推。,https://lh3.googleusercontent.com/grass-cs/ANxoTn1FN-S4ZjPn9VyrqPbhDjiIMFY8AT-BcV22wGvl_tjeINlfU078k391pDGLePD6AF_Tea7tGH4L5D0uy-zra_4xGy4-Dbl-knyycHImhWrUSwFoce0-4XZWEBmVBgm-CKzWUltg=w600-h450-p-k-no
孫依婷,4,2025-05-19,上次編輯：1 年前,"醬油拉麵味道濃郁，麵體硬度剛好
醬油吃到最後偏鹹，建議可試個人口味選擇","https://lh3.googleusercontent.com/grass-cs/ANxoTn2vLh7A1XxB3Yf0HVlhoAF5ldPEsLWC_Lqywwhfx4Be9Ly4ToC41cbIvwcIupCBu2BB2o62eimdmUeSP6IMPaTCM6hk6g8A6UjNK_t14jXiegxm5p_mGvxGFu-JMRWC0DPoPP5S=w300-h225-p-k-no, https://lh3.googleusercontent.com/grass-cs/ANxoTn0oz2Av65ain1TVGG3K1tIM52tbABH0suMni0deq8QQTRH_cne8LbB8ypGxSVJME0uF19_C2AXO2Ck9Mif0Im0p48pCYraHB9GSMFA-WS6T-oozkj6eOYZQvj-5Es_FzgzsCGt9=w300-h225-p-k-no, https://lh3.googleusercontent.com/grass-cs/ANxoTn1UK8NKDMQVnfBcYtTzxyU0PkTfrqJRnD2Xo8Na8i_coYMRLIfdwswg9IlB5vIHei_mRqo802Tl7epdeU2XI_ywFNQcmOulUi5tzXPFf7K7OwlVdLscJYWVqIpirPArnDZ-S68RQQ=w300-h225-p-k-no, https://lh3.googleusercontent.com/grass-cs/ANxoTn2S5Y6mEVCrdRxQHlKuvZTs_1_KUG6K_4Yj75r4FD7YKqdieygBfP0d_U0i5e0pKTXJMkxMaAnNBa09KQJ5VDJVQaYWafqwst4Mpe4yav7iylwO9V5vZ6u6NXz3farOGYAkdnAj=w300-h225-p-k-no"
張愷丰,5,2024-05-19,2 年前,還不錯吃，但叉燒飯的飯比例大於肉有點多。以台北來說價格覺得還行，服務態度很好～,"https://lh3.googleusercontent.com/grass-cs/ANxoTn1VFwIHBO3hQk9ZNGauH4PhpGdMFkfCBxUaLFlg7dSmhu97dXCpVsdfatqrnZoTZl6vtqor4jonDzhUhCk4wPOgEWw6Ikpo3U0gTGlA_eZOrVtXV1Qo6O8ilP9s5K-w0RXn_A8=w300-h450-p-k-no, https://lh3.googleusercontent.com/grass-cs/ANxoTn37D9SbomMub2PeG-UNppiFbuifI64fEXFcBqvvXYRIYB1CYMLrONhZ8sk_XGmmQl0TiWxmx_23QoF4f9h-H_Gykm3mrZwRptJbN_4zxMzSnvtfotQ6I-Nonfhtx4KwCcnqglwaHw=w300-h450-p-k-no"
Oung Jennifer,5,2025-05-19,1 年前,"5星評論送的肉很大方 有兩大片👍

麵是細麵 有點油
筍子有煙燻的味道
溏心蛋最好吃",https://lh3.googleusercontent.com/grass-cs/ANxoTn2w6o4DTTbEVwkubw0sAEO1OIypHguVMQ6w2GVtj_xKlQ1oquhE5NO9-3Na29cWMEfxHx16-8Bo3XjllAYwSjzsWzIy1tvOJQn2Yx3bNMaHZhKBL8FzETpTtu_2zQcHKN9WKAwO=w600-h450-p-k-no
鄭宇良,5,2024-05-19,2 年前,"像咖啡廳一樣舒服的拉麵店，拉麵湯頭超級濃郁，但是不會死鹹(喝完湯也不會覺得口渴的那種)，跟在日本吃到的湯頭一樣驚豔，麵的部分是有嚼勁有Q度，不會硬！炙燒過的肉片香爆！
看隔壁桌有點飯，看起來也是很厲害，但實在吃不下了，下次來品嚐。
這家絕對是拉麵店的口袋名單！","https://lh3.googleusercontent.com/grass-cs/ANxoTn0-DX75Kq5wP4kOPaWgmX8cbV6GQbr45kMiAY32xPFHgYxH__pjqgnFZfoVkqOrOLbEzIQOt2U44xgpzWyOKZNqfH-ubjDPb_Rs5AceG6RBrVbiyHFHj8RJ-YI3xCxEIuHQUk7_GQ=w300-h450-p-k-no, https://lh3.googleusercontent.com/grass-cs/ANxoTn0gh30FQMGE7bEHzbeWGpoW20QHuXIBHLRnsbWdR32NSq4qWJrd-KH33I36q03J4CxEy1FZzSBSsoCo1OtJ37J-kX-BozEOBoWgoRvnBtuVSw1xDNmy8_l_J4cQTAs2nFR6zSk=w300-h225-p-k-no, https://lh3.googleusercontent.com/grass-cs/ANxoTn1a1BKH8rh8Y4835MFbEVo7OkaPp8eQCSJNxNQRUiR5phtecHYy33h74Qn_-VfHgZJQ3Env9EPtHuvcWaC8npYyc3Gq3tRD7Ojhze4a5Bv7xJtzd59i3t0BpKACpLeajroytM7bEw=w300-h225-p-k-no"
黃種賢,5,2025-05-19,1 年前,豚骨湯豆濃郁，肉也好吃，總體來說很讚，不過價格偏高。以及評價會送肉，可能影響部分人的評分。,https://lh3.googleusercontent.com/grass-cs/ANxoTn3zRN981zgjUVe-IeIk-u2Sjk6HYd_2UlaSGI6V362C8ER1C_XHVgFSTzXJXbYV080UkrDnYvzq3SidwHFNqbiRse8VUNrHiM1QGrAZlZIBDLjCOqceiW8Xj8NVQcZ4zioC6uAR=w600-h450-p-k-no
蘇品綸,1,2025-06-19,上次編輯：11 個月前,不推，再次驗證沒有冰塊水的拉麵店都是假的拉麵店,"https://lh3.googleusercontent.com/grass-cs/ANxoTn338abx3jQYdcs21t5cbHHQlrN4BFsOqSTB-fmsAq74bhl0G3bHAMxphuuMSEgnX_63_i_WqB-DSVGgDbhxuhLbZCYDNBcqihm2hwpH9CjS3LUYhGgwwm0HSs9rA9wFtptkOB45=w300-h450-p-k-no, https://lh3.googleusercontent.com/grass-cs/ANxoTn10EMDt6MnuC5oUrugz2lEoK-wywwV_AyGrictH-5QbMvaRSJ9MMzRPF-qG6M80i4LrudT20hXOH63ouypur1eTFKfUlvPEluHKDeW0hoZUjhowwdwP2iE-ZtWpUeros_YuDMH_0w=w300-h225-p-k-no, https://lh3.googleusercontent.com/grass-cs/ANxoTn3u4lP0ixXz0P8O_P-xtCCoIaZHagshMmqxKtMJVVjJ9AibQMwLYOizNoPI8IniX_AlOcYDm-31QSsBfGgAD285Xz59_ohNgTqs1hlDAaUOfZvHbQF3-HOwVxpmdGAbfHi4vKg9=w300-h225-p-k-no"
Joyce Chiang,3,2025-05-19,1 年前,"豚骨鹽味拉麵
麵條軟硬度適中，份量滿多的～
湯頭沒這麼豚骨偏濃稠，豚骨炙燒沒有很多",https://lh3.googleusercontent.com/grass-cs/ANxoTn3JRW_rdllC5pjWFDILYXw-7-X4Q1QkW2D5MEPxJVF4SOWgcCDVthsrNY7lpABALrjb4xnsnYOhqctSfDOtbxs96fRQ60VBygj3MnCAzpI49HOwWPPXQEeb-Ub3nsYFREsZtwuuIw=w600-h450-p-k-no
109國中畢業吳大有,5,2025-05-19,1 年前,環境舒適，湯頭濃郁，麵條有嚼勁，很讚的拉麵店,"https://lh3.googleusercontent.com/grass-cs/ANxoTn25kMaT3dm-EGTTVWjMCNfwtcmaCOxoZHlHXralVICZ-nJUFxLMxgc4_O9W-yGLuVyWD_YeaS94SBErf9V6k2hTXFcRiGjj_PGkhY_zat5JLIv9Ow815GLja05JgeW0Yi6OWn3d=w300-h450-p-k-no, https://lh3.googleusercontent.com/grass-cs/ANxoTn3sb793jbVvl9p1mGGBO7pGAnXRlkAtwwJCqKbiXKEg1GJBSqjaoFtULPaZNe7YjZxEP54RcUzFkeTRC294qligv5uAxR7lXcMpl5wgYPVtA9uboAsTFYECWBEPMRWTnZlKImZE9w=w300-h225-p-k-no, https://lh3.googleusercontent.com/grass-cs/ANxoTn2qfYnxEBebfldMPNT4ETG-JLj-80Bk3hU8nfpHUURc6GfPOxEj8_FdbhsyuyBSJc0-XEb0BuzphFj5qAGUAT1Cp_udiFfGEq57OdK9lpmN14IcKtFgPpYM1G1rkmk9cjaVvZYy=w300-h225-p-k-no"
徐若菱,5,2025-05-19,1 年前,這邊的環境乾淨又舒服～拉麵也很好吃，大推！,https://lh3.googleusercontent.com/grass-cs/ANxoTn13t0wjLuTPqRPyFs6ysu4IOZ2MAUhsh6LtF3S1XdbgHj8XJx7BkpjRFZ61XVqTjWdmJ-mHZcx4osoW2i5-ls-fYyyey85GpzW5K97iAUovah9jGWTDX22ehTzNJUz3HVzhOug=w600-h450-p-k-no
Robert Liao,5,2025-11-19,6 個月前,不錯吃，麵條是我喜歡的偏硬細麵條。湯頭濃郁有日本味。價位普通偏高,
Shang-chih Lin,4,2024-05-19,2 年前,叉燒很好吃，第一口有驚艷的感覺，份量較少，價格稍高。自助式點餐，店內很新，裝潢簡約氛圍不錯。,"https://lh3.googleusercontent.com/grass-cs/ANxoTn1Q6yDsSidN7v28zPSlDyLJZ_FILg6hKq_JbzKU8SYD9vRM1o-qmDkMUtA79wtJS64jossBFs0RRApJX2SfDM1wau6NByQVgbdYm_0BHP-MJDlkaxouL2xxF7aXwydfXv6iSfno=w300-h450-p-k-no, https://lh3.googleusercontent.com/grass-cs/ANxoTn1pQelC4BcOp2WWk842LjOfjBJFNuKMUXmeACfNxB7LaeF5lUCCvRzJVHmv7TdrrVD779HFVluWvGNKLUpCQ8LPQBqeBw7YqT0Lg4W81zGJ4RsJ0N9geaTJ2CvEwUkqMPk2qgWkmA=w300-h225-p-k-no, https://lh3.googleusercontent.com/grass-cs/ANxoTn1LON21mS-6KvkRsuKpQoU_q9sSWPAFGUceoGiU-guCzrod2ZqHw8JRALMpma1OtzRGEyQ6qC4meBKXkhsGXe_DgXmPYhou9A-Q9b2mTilMjInoQXXm08RwVGuxE6dChTBQ-qk=w300-h225-p-k-no"
黃苡嫣,5,2025-05-19,1 年前,"店內環境明亮舒適，服務人員親切

鹽味豚骨湯頭濃郁，很溫潤很喜歡💕",https://lh3.googleusercontent.com/grass-cs/ANxoTn1O45itIKxLDX-XMzKdyPsO38E-ZKz6xx-4SKonXgq2tIKIf-B7JLLmw2uHM0Inle9UV58NSZXKwtbtqzWAeaMwJgQPBvaRxpIraozw3outrp1fsXfuC9DLDem7gViDpxomQgo7=w600-h450-p-k-no
Yung Chih Hsu,5,2025-05-19,1 年前,"豪華塩味雞湯拉麵
加辣並不突出 原味較佳
湯頭清新 雞肉好吃 滿滿蛋白質
下次會想嚐試濃郁豚骨","https://lh3.googleusercontent.com/grass-cs/ANxoTn3v-V0QMMrKYEuAe82NFlze42R1aJshkJSLma7ezI9a0MDXlwUIW3MHslxC-uq6bP_PVUlqEhpU-pkAseFy27R8DoiQHibIGHZ1RCQwVUpVl57v1yubRV15mXvJEMkv0fwpzCK2Lg=w300-h450-p-k-no, https://lh3.googleusercontent.com/grass-cs/ANxoTn0Er1sjYrlazUAkH03oraBZ6wxszh5kNWRs-tApCsUkC6B1tQOD-KhLHReolFGj65AOOpb1fngg-1HkFgkKsshrteeSkPT4WyxZyYxj8jXb7nvkJ4Fc-YLHQBEPKeQ672na-vRD=w300-h450-p-k-no"
黎南卿,5,2025-05-19,1 年前,餐點美味實在，會想再回頭常吃的拉麵😍，連湯都喝光光😍😍，空間也好舒服明亮寬敞，下課下班休息後來一碗暖呼呼的拉麵太幸福了😍,https://lh3.googleusercontent.com/grass-cs/ANxoTn3WoCaK606jVetn9pRzA3EzYKuZHIXpfdRPitffZ1jYtGOqe82afLVWg2A1cdFP2X8UhY74xX6rtQAnFOXLpiA4vCHTm6eG-57IpJuHm1M-Zz_QoGbRa3f088YVji_14g71ccah=w600-h450-p-k-no
獨角巨龍,5,2025-05-19,1 年前,"入店時間20:23
有點不好意思壓線
還好沒被翻白眼
很溫柔的接待
餐點很可以
肉很夠大塊😋😋","https://lh3.googleusercontent.com/grass-cs/ANxoTn10weQtB6GzmXl9TSX5a1cPeDxnio90BXsvQMEsQ-8cmxpVc3RgPL7GgyhoA70_-0-ZnBt4u714bJsbw_HOLfcdOp-D7OxwRxR2yVN1hq9bLuX2MtPcGN-A_Op2G-ikGWXGQQ=w300-h450-p-k-no, https://lh3.googleusercontent.com/grass-cs/ANxoTn2HDGm6impyYyOV41VO1PC9d_AqHP_fRK_ehiFPYJ7jsSpD8CxMmKkDcXP6qtLv1gzn0uJy40ybkM6zq1kWsIbT0l3RwN4ygYWK-qg_7RNZoQ2TFX8Uc28KX1f39oWcEPDm-uqL9g=w300-h450-p-k-no"
劉宇凡,5,2024-05-19,2 年前,麵屋長樂的鹽味雞湯拉麵是我吃過湯頭相對有層次的，透過黑胡椒的香氣帶出雞湯的鮮味與不死鹹的味道，搭配軟嫩的雞叉燒真的很好吃,https://lh3.googleusercontent.com/grass-cs/ANxoTn0P8yfmnlyqgF2eeqJ4jEgEXfk8t985PXETNrRl1zUaQOR6Bvtx5p_IWrtnwCkMN5DOglc-UE-eNqGrjRmnIrX7zL6XOmEDUfQgz_Ea01m-PSMcnth6VtLUpRrxb9grltXBcBE=w600-h450-p-k-no
Onri Yori,5,2025-05-19,1 年前,"打卡五星送肉肉。不過本來就覺得好吃👍🏻
豚骨很濃郁，像奶油濃湯；雞湯個人覺得太鹹。雖然美味但cp其實不夠，建議價格應該減80～100元。
環境很新、乾淨，但音樂音量太大了，會影響說話，也不適合自己靜一靜，而且是韓文歌。",https://lh3.googleusercontent.com/grass-cs/ANxoTn1d9IjfrThcqvNiVf8HM-2gsajIRdq6-n0CTul1dMB4A5rCU4rWRPHdI0QwYIlVbQJq_TUoao5e7LkVDG4nPfUeqknhXdKM11XVhHAu0C8q8Del9UxYrrPYnEClwNtzb8feUWnp=w600-h450-p-k-no
黃珮琪,5,2025-05-19,1 年前,"醬油雞湯拉麵非常好吃～～
湯頭香氣足夠
喝起來也不會感到負擔
真的是非常好喝的醬油湯
關於配料的部分
溏心蛋有流心 也很入味
附的豬肉很軟 入口即化
總而言之是會回訪的拉麵店👍",https://lh3.googleusercontent.com/grass-cs/ANxoTn1VXQJnIWayV-_e40GEakGTiG-xA7gncswd7-5ByurbUfdCIqpGYbUaLaox6y7tChHtirNlWQe_Q44_LGgMo6NLpEljEFOi0BkLGptjMU5qaB85NHkR3LJGK29xdBnGkjyB2xc2=w600-h450-p-k-no
柯俊杰（KGJ）,5,2024-05-19,2 年前,"🍜醬油豚骨拉麵 $230
雖然是細麵，但軟硬度適中，還是很不錯
蔥跟筍干的量都給很多，肉很大塊很讚！",https://lh3.googleusercontent.com/grass-cs/ANxoTn1Cp7hosvzfYrIBCiE9LCEoma8d986eDpNZe7okqgoIvUM1e-9a1viS1VP9TvNwUWCWlEMTrs93GuNg4OT7pGPw4LhPvyi4xJZVJ_jt9j3fK_eMlSF_xuNGu8FtEQd19cnp5jRF=w600-h450-p-k-no
Nicole Ueng,5,2025-05-19,1 年前,今天來公館寶藏巖半日遊，剛好看到超有質感拉麵長樂，坐吧台看老闆拿噴槍好有氣勢💯,"https://lh3.googleusercontent.com/grass-cs/ANxoTn337pySNdl1Quy_JJuHFdpbB31AVYpz65yEE7OJBL5MM4pBm7mA5No5f5Eh1RYqwN-AFgkiKMh2RAQQ5hbA242SshXfShcFbfiylyYr5trvYxDLER-fK0vzSXJxrdEvt5Puetg=w300-h450-p-k-no, https://lh3.googleusercontent.com/grass-cs/ANxoTn2pF5VWEhRpD2oqBxBQnskbUeb5AfbfuNtIjDitph44ie_EEiCopb7co1XcKukXSNEsf3OI8Q_wO6ONvQn5uY4cyviGMhqK_Q_9HrBZ3CDKAO7Wy5pGRDmLgpT8qxn1Z8fOKOOsBg=w300-h450-p-k-no"
闞婂綿,5,2024-05-19,2 年前,"麵條Q度剛好
湯頭好喝 不太膩
雞肉嫩 而且沒有腥味👍🏿👍🏿
環境乾淨有質感
很棒ㄛ",https://lh3.googleusercontent.com/grass-cs/ANxoTn1ZCxc0ZYlzL3M3l-T37OtzpYjl1dQMtslGo8VC-KZNxqHlhY99j5vnb7An1umTV9S4Fir8K6D302uv7yg8Hkjgcxw6uV_jTuSfgghhn1S4qoZq6VJ_lh3pdc8Mph_gWrwwKOeG=w600-h450-p-k-no
侯兆謙（呵呵）,3,2024-05-19,2 年前,"很普通的拉麵，不普通的價錢。
叉燒飯70元，飯不多，還裝在大碗裡面，看起來更不實惠了。
整體不差，但價錢讓我不會再來。",https://lh3.googleusercontent.com/grass-cs/ANxoTn36vB-ugD8ze8JRNNgSV_TEM0JA--NsYmAF1WIZ7OFF9CnEPUpAEqQRHBIHkzcRSj1XANzUEBHX2UmYWz6mmOUl0v0-TUiej-KhndRJ1mmayvzcumla6CUgoO8sNNDy1XAWJ43fFQ=w600-h450-p-k-no
蕭培均,5,2025-05-19,1 年前,濃郁的豬骨湯，辣油是香氣型，微微辣，五星評論送肉，不錯！,https://lh3.googleusercontent.com/grass-cs/ANxoTn0Vw6XHiWaKtD9Rbwzx1yPCg_SBNa-VEeEdMQsmrlUNfjFj_nOe3dpMOT2BKvugpC7vvLcS_1L09QGyO25MomEIFQQk1xZGdpIioYuFaVHygtEZVKAUxrmL3woI2k40MOugb5I5=w600-h450-p-k-no
elsie lam,5,2024-05-19,2 年前,"氛圍明亮寬敞拉麵店～店員親切介紹
拉麵是細麵不錯吃，醬油豚骨偏濃但蠻清爽～",https://lh3.googleusercontent.com/grass-cs/ANxoTn1zCrN06f_iFtmL--xZ_G0PAdAPFmHsO90pEJOtlUPTTfIi-cel6-6wAie9pne8bhG1HEIbbxByGzICeHmH6Wx8PCcYBO_dCaQMD_kOkZQBvKdf9lqlzHlY9e7yLQgyBo2e1jo=w600-h450-p-k-no
Tung-Le Pan (潘同樂),5,2024-05-19,2 年前,雞湯拉麵偏鹹但不油，麵體粉味不重、軟硬適中且有嚼勁，是拉麵不喜歡吃太重鹹的人的絕佳選擇！,https://lh3.googleusercontent.com/grass-cs/ANxoTn3jNpuXc0iZnS_NTq4weTyfbBPSqoXudK2qXF5crOFs1VxzXk5C1Tsv0uTyY5KwEMvvywtfF1bBqiPN1jdA6I6tGJgRSHQYNPLFJEnUAJogZA6GEt6rFSMiNg7CMksvyuvuOqo=w600-h450-p-k-no
YUN ZHI,2,2024-05-19,2 年前,"鹽味雞湯淡 真的非常淡
鹽味豚骨淡 非常濃郁 吃完有點膩
醬油雞湯淡 醬油味很重 有點死鹹
麵不能選軟硬","https://lh3.googleusercontent.com/grass-cs/ANxoTn3D0yb4VNhH_gWLJjGqf1o-sfFs4eTJjiDraZdV5Q0v4eKX1OgsDWrbLecK-6KEkFszLr4QsVcyfVhYySDJyww7V9UymY8361POuJZIqLE0Kx5b0TfucqAZa_AXNCdj-L5dXLQ=w300-h450-p-k-no, https://lh3.googleusercontent.com/grass-cs/ANxoTn1X6Lhpg9Y6lhMxM74VO5vNF7bcM6ARH2V6f_Y6Oe0IJ4kKelPcjhvcLPBzW-V2edUczpSGNzIThAok1g97DO3Ql2Ljl8G7a5QDtGHcHIk0xlynuMyNQBOyXE4vn1R-C3ZhoZ7iuw=w300-h450-p-k-no"
golden Ya,1,2024-05-19,2 年前,"價格太貴、外觀環境不錯但食物本身不太好吃，點了豚骨跟醬油兩種都很鹹沒香味
加麵還要40，叉燒飯我覺得很難吃
裡面有夠熱，邊吃邊擦汗！！","https://lh3.googleusercontent.com/grass-cs/ANxoTn0xf5fvvWVoiEr2uvs_1aElFckSfjgmyFWSH8szB-XnV7-yCahm_Bn05cpj3ItWpYVpaoNxotxPlX-dN2D_kVtN6hAYK626iQdsppvzjFHsV9EbMIJwbUwHX83SjkTeSaAINc9VUw=w300-h450-p-k-no, https://lh3.googleusercontent.com/grass-cs/ANxoTn3BeLvohe5sV_23X9C0845eIHDbqq4Pf70ByqFr8RUMwXRlV6FgRbqyxc4HXpN8DpaFKlZ9E7p6Os97Cgq13zhzOdJ4srQlv-GLAcZtuP8nto4wiBpm0KczMAfoSSmT0ooAG_05=w300-h450-p-k-no"
哈哈是米娜啦,5,2024-05-19,2 年前,餐點好吃，服務很親切，店內整潔明亮有氣氛，五星好評還能送肉，太棒了～～～,"https://lh3.googleusercontent.com/grass-cs/ANxoTn1O7emagKtB4SdbU0JdAYCpuDaToXUfwWzN-Y16Hx6UWrfMrYCxvHtG5mqy_xESoWs2GFe23tLHJ9mLjjZvT7aSu8f0Nx1x-TLvX900oe-isGfvykwPqF2ubHu5bT2L4rZKmBw7=w300-h450-p-k-no, https://lh3.googleusercontent.com/grass-cs/ANxoTn0tOxr_zwSPZ9u6LTtwbHLYeyxnsw3gDIqQ3yuiSdARtpf2wLPjOw_yaa04XC75DKSVB7n1w21eS8y0Dx9qwO1gw2TlFrHXobxXX_swPkNz8nlirJuu2vOf9fttQa_nBJ2ohDd-=w300-h450-p-k-no"
Ray,5,2024-05-19,2 年前,個人點鹽味豚骨拉麵，濃的，叉燒口感和香氣都很棒，湯個人覺得剛好濃度，麵體中偏硬，整體都蠻符合個人胃口的👍🏽新裝潢空間和氣氛、音樂都很不錯，舒適！,https://lh3.googleusercontent.com/grass-cs/ANxoTn1VMQiNQyGrNd-OJjJRrKeADNmIiQgyt-fwW4vNDVszhv1N12vF_coWMmY1BCAxOXIAJqWNCCQHcbT-jwuRZLDj7TRtPEwOCYh4YM_k6QGmkRNhn5lyV9I7aQMPACPSWLtYLw26=w600-h450-p-k-no
YuKai Chen,5,2025-05-19,1 年前,氣氛很棒 麵也好吃，評論送肉肉但沒送我也覺得值得好評😍,"https://lh3.googleusercontent.com/grass-cs/ANxoTn1NzJcjOFi8a_9VXTkZFLZNJyRXZuFta6LZggFJytButD87ZEogY1UtOIWOzXvYKHT1Sisr_pzZJ6zm2rE9YEa1830JOQ1bOSgKWK0euJ2eeCfQvjasv0HyvkOT77hze2McUtgkmg=w300-h450-p-k-no, https://lh3.googleusercontent.com/grass-cs/ANxoTn3abfgH77KLbSGls-PxLjesodj5zxPrEaLn5HMdhZvcR4BzV6uFQ99fRMCC4Vz4h-ij08mT2bVv5DIU8gYrJdoKgb5HX7ai_6WRRvLkcYcw-pu6kvW5Xqe5wODdBqP9ZHyuLOO2=w300-h450-p-k-no"
TY C,5,2025-05-19,1 年前,"還不錯
喜歡雞湯>醬油
雞肉叉燒好好吃~
叉燒飯也很不錯，邪惡的味道","https://lh3.googleusercontent.com/grass-cs/ANxoTn1hNai09f80P6Q5xP2st41_nuggp3eeluGFtVulplEIBHFTHb3Ebov2MeK1lUq6tGh8APENfLN6L6IAQxo9WMG7cdVEmej41H-1u3RVWrkvAgbxheRD8AlSuXPeoQD-Ax6KGIpV=w300-h450-p-k-no, https://lh3.googleusercontent.com/grass-cs/ANxoTn1WiKA4I1wyapwmYymYyhyQz8FXZ3ZjIy2opSog6ztQoioBi6DM17vT3o0yi5VXbEfSt9SLFcgxI72qJOSB9DYvvBQTjPT_HAjAWAFJT13qsNBRHTDSZERYNAKslTzZmey2p_2t=w300-h450-p-k-no"
陳冠儒,4,2025-11-19,6 個月前,中規中矩的經典口味，跟我預期的差不多。不算特別驚艷，但還算穩定。,https://lh3.googleusercontent.com/grass-cs/ANxoTn3QJIWqpaLM5rrAQtW92aNAqXg-lR19KAoTblyf24NMnk62qxfr9QDRRuK8nH9BipC3ouv5cTHld4XExtuBoeaTMlt0lw2VH4BXe_AWJexQrOuxF6sVthcUPs_SenASTnvjSUphyc9-7Lsr=w600-h450-p-k-no
Roy Chuang,5,2024-05-19,2 年前,鹽味豚骨拉麵，湯頭極為濃郁，麵條為喜歡的細拉麵，軟硬度適中！,"https://lh3.googleusercontent.com/grass-cs/ANxoTn3YsrbjjZn_dzu76AacRHgaCuzJmMVRCOJEWvNd60XsbhopO9BwRBmoIl9ofoYwcTfxdyLPo77f4s2UNlKpZKO2X3AIB6ZJcVyQbLAGvQTjKUwVVkrcs2mv6bv9R8HSdurlhkwq=w300-h450-p-k-no, https://lh3.googleusercontent.com/grass-cs/ANxoTn0CeBNtIdTCrXnsrkjEeRo4jbNdFLXeFL4Xdo4g9TmNpti7PjRG6eShlQUEhBeqJwVQFG-JXY_Z-8ALycWaDt__c5Dc9yxhvb2vEUqu9i4Ar-w6wZAlFZyAvYOIE6LrdyHRm7O-vw=w300-h225-p-k-no, https://lh3.googleusercontent.com/grass-cs/ANxoTn2rvmebBclVzdq6ekvY7rj-8TkDAeDTRmD5znlYK_u94XD_Y8Z_eRo-NIgA9hSA5YwFJBu7YO_2waudwn9XPKZ2623QZgWCs5ntTtwRX5_XyyK-GvmSm5_DtT5UeuSMgY7gWja2=w300-h225-p-k-no"
Van,5,2025-05-19,1 年前,第一次來吃，環境氛圍不錯，出餐時間稍微久了一點，但湯頭跟拉麵真的推！我點的是長樂鹽味雞湯！,https://lh3.googleusercontent.com/grass-cs/ANxoTn0GgFaUJ98UldD6j5S7AfvCik0uW_kN94tmnm2aAtnFFz5SGFWESgEsKF7QLfH9HDvKYO5XLtjrKulw60kM3uh-W671utyNJFaA340vSOslO0NMpWx9nZeWTAVd8GLM-hATAtxGKQ=w600-h450-p-k-no
Dynamic Chyw,1,2025-11-19,6 個月前,老闆（還是店員）都在門口人行道抽煙，強迫行人吸二手煙，平常還會叼著煙在附近走來走去很沒有公德心。,
PP Hayashi,5,2025-05-19,1 年前,在家裡附近一直想過來吃，店面整齊清潔，麵的的賣相也非常優秀。推薦大家點招牌黑蒜豚骨拉麵，湯頭非常美味。,"https://lh3.googleusercontent.com/grass-cs/ANxoTn3fpTdUfWJLencYGTZf7MyFTbL9VI-aQDfkNVHUg6HIkmFZA-d8HI2YcjJ_Kqjfr6kVbcAwMWDL4jvXuab0RZvvT0RSrVn5s9ENRqDR9-qn1MM3Wdg-TtwRRizNKNmAKOzKGZAA=w300-h450-p-k-no, https://lh3.googleusercontent.com/grass-cs/ANxoTn0UCQCVE6mSPM9chggDzcGfk6opltNcXit_VwaoGf_dZzwHVVO5Mk5V7xLAOiWvx1frPvxiDnrADgguXEZ6q50CIG68IP10odvmR3BSwXX08CVxvExg8fIhpyRbDQmVO2oIRC0AtA=w300-h450-p-k-no"
Susan Tsai,4,2025-05-19,1 年前,我覺得整體很普通。但店面寬敞，座位不會擁擠。中規中矩的拉麵。,https://lh3.googleusercontent.com/grass-cs/ANxoTn2AIV4vbc3LdmWKV7cX-DzBOcPVv5636dyYqRUT_dWNVqpNsI3hkltKwTni4qiWGLsWU2XONEwiFHGqk36Y7L7eFhCm-PtvFAYUYhQjnemFJ-7ZLFRoV6pHozxd8CnjcI9eWB8=w600-h450-p-k-no
Tab,5,2025-10-19,7 個月前,下午找餐廳剛好經過就進來吃了，口味濃郁又不過油過鹹，非常令人滿意！,
thomas chen,5,2025-06-19,11 個月前,好吃的拉麵店，老闆人超大方又好聊，一定要來吃。,https://lh3.googleusercontent.com/grass-cs/ANxoTn2nMxHJAX1fnV3QNVrWQuBT67SycBUXOGs8PXip3GkcRRHo4XBVG_et1GQzqrMjM4Gviu1ejCLK1VbVaBAnPBaRWOylPIKwn_U8YcSg2cMGvfOUkRHwud8VAqzR2UzsIIzmANVuNVj3rfE=w600-h450-p-k-no
Jeffery Hu,5,2025-05-19,1 年前,"招牌黑蒜油豚骨拉麵
可以加麵
-
店員服務超親切
看我吃麵噴到衣服
還主動拿濕紙巾來給我
太貼了吧",https://lh3.googleusercontent.com/grass-cs/ANxoTn3CZRpDgk4FUSeakfmInkAH6AmQVAUBI3XBTiWG3sbKMyqziZk5dM0u00YwQiaBcVGJ1Zyg8r_6KkAWw89wZMtg4NeHePgx_xvt2K5u4ientwCwCoxk6Eb9DSBy0DM8h21Wd3gM=w600-h450-p-k-no
甯孤獨,5,2026-01-19,4 個月前,招牌豚骨拉麵好吃,"https://lh3.googleusercontent.com/grass-cs/ANxoTn1j0CB9GQIV1gXCPfbmdeCexTAmVmmOxyjSAENoAXgXLCQjDrVVE2PQ7YYukNdFs7Rge1ulPjCpF9u7GcqPCKRDPMs7yPZKJSJqAD6X8gJy6gzattrShUpbqvYw-9yc49cQLqAXSlH-2yUa=w300-h450-p-k-no, https://lh3.googleusercontent.com/grass-cs/ANxoTn3ruCHBUfhDbShvZ0eOlwn0fu992TPvubgINmE7TJh4WHB3u6f2FpahNunyhkckDoyf9beUv73aUCe5-69wn7Vq4yvS5K-skoAuzb0xo8PEE44eHn3vjMsiGMNvurwItyQbA9qVUEsstmYi=w300-h225-p-k-no, https://lh3.googleusercontent.com/grass-cs/ANxoTn0Ps4HjfMkOKgILoifPk1NHfAvBW-b2oRv4srz8k-AZkvfcofbJxJrhjW3fwwKZ8HZPDqmrV9MknNuwRTfxANiHoUJ4HFS0hoaJhTe72UDwtq84xTDVPf-IZSMnmW5aQBNiZaFbjboKuZw=w300-h225-p-k-no"
Silver Mild Squalo (Silver Mild Squalo),5,2025-05-19,1 年前,燈光好氣氛佳就算了 餐廳真的超級超級乾淨 非常滿意店裡的整潔度 真的很日本 拉麵也好吃 溏心蛋是店裡的一絕！,https://lh3.googleusercontent.com/grass-cs/ANxoTn0lTNoxamtvMwbsPsXq64ZxN8ckr2lKT3tqht6cMV7UiROoxrQ7ZuVDECsm0AM10tXYPeaKV-Y1A4rNjqX6xPQQEISI6sy2wS1dVBLto4gTACizt_p6IElH5zHi7B2aqiSpI-VD=w600-h450-p-k-no
01,5,2026-03-19,2 個月前,好吃！開整天！下課隨時吃！真開心！,
Kevin Wu,1,2024-05-19,2 年前,"非常普通。
筍乾好吃。唐心蛋沒有入味，是接近溫泉蛋的口感，個人不喜歡。
氣氛不錯，但是跟朋友來也不一定能坐到大桌。
270元，不划算。",https://lh3.googleusercontent.com/grass-cs/ANxoTn1s3JHfZHB8bhXMA4TN1S_Ux2ps7tDJ85XymjFukDASM-ZLzOupQ5qaRtrld3TA7_Unotgp1sK5ks9_lcKvg4O8VFdGAd5BelAAfI1NTOJvAyPliEpTjvcduCzSd7Q6s4kR5G-Z8A=w600-h450-p-k-no
Hannah Lin,5,2024-05-19,2 年前,"買餐券的機器慢得不得了。
不過店員很親切，拉麵味道不錯！送餐速度很快！",https://lh3.googleusercontent.com/grass-cs/ANxoTn2e9_AKcF7z5syq8g4rTGUrDzW9ITdG--NytcvGXpDQismzTgWl1W4DDJ99oZKz0kStoJ3htyJjVM_lpuWJYJChyprFZcknBKY-CF8jwow_Nc6VWOOAgQLrq70f1x509DvgnS0h=w600-h450-p-k-no
rockman x,5,2024-05-19,2 年前,醬油豚骨湯很濃郁 醬油味道明顯 麵只有細麵是別處沒吃過的口感 豬叉燒是薄切不是我喜歡的類型,https://lh3.googleusercontent.com/grass-cs/ANxoTn2SpoQDkPKIGesN9kIxYg1MpYjk13NtdeqW6cPpMXkAzEH01Zzu8Xw2-fyiNyXsHgNJZ9P6LimBmrxZyEG-UXmpQ_Q5B07PQ5wB59Hu6Kf6pEgXBUyqdxG-k6Qji0uR0dYYkOb7=w600-h450-p-k-no
林哲豪Leslie,5,2024-05-19,2 年前,"還不錯 份量偏少 麵的口感控制得當
叉燒偏柴 湯頭挺濃的但不會死鹹",https://lh3.googleusercontent.com/grass-cs/ANxoTn128LAlNWqzI0s1J0Xoalnnfy6DF6LsTlrNBh21R5PjYg15yvbpQIWM_E_dqd7ELYkrGH5LjMWnTM9Ov4LTija4luZBm7YD34vTB9DgDvC9fF50Es8OG4o01b6GHtsxfsQPbJYD=w600-h450-p-k-no
weiwei yu,5,2024-05-19,2 年前,豪華版的拉麵多了炙燒處理的叉燒肉，口感跟味道都相當不錯。另外湯頭也很濃郁順口，好吃！,https://lh3.googleusercontent.com/grass-cs/ANxoTn2085xAXkDKGpJnLCbxju3UBpQrJTE6QY919PvwiE7PCPYb8tOgO4zLOpNvp0KipEfalpO51VatlcJpXVJ4z09iADBHFWTY8aPLsfE25RZSc-P_dJY_kVErubrdZ4qSmM8-A_-NwA=w600-h450-p-k-no
藍波大獅,5,2025-06-19,11 個月前,黑蒜搭配拉麵非常對味，豬叉燒必點,"https://lh3.googleusercontent.com/grass-cs/ANxoTn3Sh4rKGl4MSaS5sqq4vsoU17R_PUDh9Qi1tAxtoj9iXkCA1IwZnTwz9zTNcTVa0tDRye_OPOXMyhFtk8aAoaEHFApW-KWUAGCrGv2rfnvoZBYUTTsXoDdo_O2qn5AJrK_3hQyvEg=w300-h450-p-k-no, https://lh3.googleusercontent.com/grass-cs/ANxoTn2K_esb9PZh7smH1d5tTKYKYalb1gweZ-IxKwxo65dz2PQ_thuCjxQZVoiuLTq7kzJYfwzf3cFaMJSLhFSfCic7vaTCcZbH2QPPOe7dcKHCwbXwsDmJtIpqRqqoL4Gc0XCKDxtb=w300-h450-p-k-no"
CW JU,5,2025-05-19,1 年前,廚房開放乾淨，鹽雞湯原味好吃，清爽系雞湯麵的好選擇。評論還送叉燒,"https://lh3.googleusercontent.com/grass-cs/ANxoTn2gMBX9WG0w72yJM4sPrLlPVJleCEj07GigUFkx39ekc78iueFhQA7kZhIMG9QskYezOcFvEUNtB8MUL0PZtwrVKBGgYgO3CHfiY1DFW1jV0OG5sctm_mbk6pWkYMgw0OXGO4t_=w300-h450-p-k-no, https://lh3.googleusercontent.com/grass-cs/ANxoTn18tORW-YbZ4csiZuNAkpXsi1BaYpb8K0eaPfVQQOkk4_K_i95F7CoPvkL9kDiicXZ_p33DwukBel-xxyfyxsbM2-g9fSekzWJTg4yYV1jcN52vNMAS2A4jj9WP8kexVq_mSXei=w300-h450-p-k-no"
Ming Lun,3,2024-05-19,2 年前,環境整齊，也有dondondon節奏感的音樂，一開始建議先加麵比較不會覺得餓,"https://lh3.googleusercontent.com/grass-cs/ANxoTn158Z0SS4LXyXCjcI843SfWhJxctrUkXfxLwnGqiV4YysKk3S50KL8Bsc3zLBluABop4XCahw3a6VrQi0Yu-yTUian0Jua3ZuNJPNNVAsPts6hXFgPecoU2I0Dc-y59oRBMr2iD=w300-h450-p-k-no, https://lh3.googleusercontent.com/grass-cs/ANxoTn0_lnIFgSZ3hHqTC-WsK2CUnfB5OMtFbkQKNs5pgHT8UCOa0VFlDrAEWseKQ7DkYYKiq9JjXvCkHkwJ4hIR7qHRnhyPseXbGRJ_x9luOVZlZOYVRPFLAQN9CfBZlz41FhueYcyH=w300-h450-p-k-no"
HaRu,5,2025-05-19,1 年前,"晚餐時段來用餐沒有排隊而且店內寬敞乾淨
鹽味雞湯味道中規中矩
雞叉燒好吃",https://lh3.googleusercontent.com/grass-cs/ANxoTn0uaVh_FNgKlZh-fSduWAZ7okdo7gpw7TJq6Z2b1aqK09Tk1NFJ6MzRyo_CtPMfHbl102LAFTiH89bz7-yxw1_-QZtg16RVBDt17xun3t_iU9Vo0NetEGIalipHfoxGFlSrYl2vDg=w600-h450-p-k-no
Derek Pan,5,2024-05-19,2 年前,最近新開，簡單乾淨樸實的拉麵店，服務人員很有禮貌，推,"https://lh3.googleusercontent.com/grass-cs/ANxoTn0K_ZHgEbALAhWndIEMJ-VtlvodLjuR-2AmEfe24SMrJc9jhj1M-0H3oeD3acVru93Fjwf7fOsd0bkR5w7XMFGpxnsXTPEugzleyimE1y4lOyQcUQ12xG3ZTSIqKIiqnV_stLU=w300-h450-p-k-no, https://lh3.googleusercontent.com/grass-cs/ANxoTn2KDy1_KfykFDVvffR4dskJmOgfW13b1Uk0K8Jh-vNw1XsRY0MltXFsAElTPENwxKD1adxYVWQpQqDHzGfIpS9oGFCHwRektLKJ1xzrpRpSUCoAmornX8f_FM5UbLlQdKtjgxcMBw=w300-h450-p-k-no"
廖育濬,5,2024-05-19,2 年前,"品項：長樂鹽味豚骨拉麵
湯頭：鹹

口味很濃郁，細麵偏硬，口感不錯，附薄切及厚切叉燒各一，都是瘦肉，整體很不錯
店家在台大附近，從公館3出走路不用太久，很方便抵達",https://lh3.googleusercontent.com/grass-cs/ANxoTn3UYx14P8_umIFQkEG8lZVU7pXqoNDxuKq93nGBHoyu_jtBWVeDf_OegPngX2FLxFxAt-Weevb0tEnBUCPr8OcGzcTjLYJJreZanAXNSDcctDgnaFNEt-bRHGSGexLqwF_SAC1PlQ=w600-h450-p-k-no
方楷叡（浪博Q）,5,2024-05-19,2 年前,家裡附近新開的拉麵店，有一個男服務生態度很好要幫我換座位時還提出飲料賠償，我點了豪華豚骨加肉跟叉燒飯，肉很嫩很好吃湯也沒有到低分評論說的只有鹹而已面就是普通的拉麵，唯一有點扣分的是叉燒飯，有點乾乾的建議可以加一點拉麵湯一起扮，總體是會在光顧的店,https://lh3.googleusercontent.com/grass-cs/ANxoTn1dHEp7UBHbs0hEKQ4JmPvnyVd0eI9lYXbP0TzPxSCA9c-dgZWEovnErt7HUk5uFrAauMPKZ5IrVfehgtDGMJf3WX7JmrAnHIEB1nPwcIBCbiUFK4BBrKUAyr9ikbIMkTr-enYk=w600-h450-p-k-no
H.紹天,5,2024-05-19,2 年前,"長樂豚骨鹽味拉麵
湯頭濃郁，麵的口感很Q彈，兩種叉燒味道各有特色，且軟硬適中肥瘦合度。
彼此搭配的很均勻而不是特色。","https://lh3.googleusercontent.com/grass-cs/ANxoTn334gH-BOPB2WI2Q3LZ7t5gZSAcZUUhMMD9RcR7kkwWsxUN73iSkazOb-xLfpO695BfEnsTa92-GUvRwehwbUafNld8cCYXnV5Y2pjUGnHM0W3tnIQ6OPuBZHKvvarJV_fn2bzo=w300-h450-p-k-no, https://lh3.googleusercontent.com/grass-cs/ANxoTn1pQp8k4YyzEbl9cjiiSYmiyhyPFjUOrDVEVvYb0xcJ5V3_gOkb8j5Hvvc716R2b5yofVR4Qj7NPuKhJDXNZK5eCMvvqhvDuo5OQy8DtQ3G2HCU3usMzFWGkTqWlGFI0iuGuL5eaw=w300-h450-p-k-no"
松野千冬,5,2024-05-19,2 年前,湯的鹹度剛好適中，叉燒好吃，麵體配上湯入口滑順，服務用心。,https://lh3.googleusercontent.com/grass-cs/ANxoTn0Jxsdsqr5EkFl364Hr4kGKkjdy8BDZTXBwSpiwxkw_PMmNiy8HwBiC16WlEASwRlGu6GEE50h9GBTfIXzs0x7KWXeP7zfPcgk28xMQyQHHvvKY2i0-N9DgoOhxpPP6pOmUN77I=w600-h450-p-k-no
梨明,5,2025-09-19,8 個月前,"非常好吃！麵一上桌我就聞到我媽平常煮雞湯的那種香味，好香好喜歡，裡面拌進柚子也是時不時可以聞到柚香，光香味就讓人食指大動。麵也不讓人失望，非常好吃！

但其中最讓我驚艷的是小菜柚香蘿蔔，切得很薄、泡得很透、滿滿柚香，又香又甜冰冰涼涼，是我心目中目前吃過最好吃的醃蘿蔔，真的必點！可以的話想直接抱一罐走

店家採開放式廚房，整體窗明几淨，坐在吧檯時師傅每個動作都能看得非常清楚，如何存放食材跟取用食材也一覽無遺，讓人非常放心❤️",
Sofi,4,2024-05-19,2 年前,麵條偏硬、配料不多、湯頭濃郁入味、用餐環境佳、店員友善、自動點餐機讚（但缺乏選項調整拉麵硬度），整體而言期望落空，拉麵有進步空間,"https://lh3.googleusercontent.com/grass-cs/ANxoTn1NwpClXwm4oLG_sX6MbkbxH5VUxg6drJLWd6Ypm43iJVv2DB81F-3s7aGJjj-SelZZ8e19odCxIuql4OyUybJO1wF8K8RuLpjhZwxZGWZIu00TylH-6Csl3CMB8U_CTP0lZKxBzA=w300-h450-p-k-no, https://lh3.googleusercontent.com/grass-cs/ANxoTn0ChERMllcJIfEeRFjOrnbKBRjLJvqI54DMXegxKi01p0y2yYWFx1-U8z9ByuJ29rpUoZmKjxujdVUWizPu_WIrSYQoC0HILu0WCQnx7xnQEwYxW9LFlmxUpZaJmv0x5-JPIL-Y=w300-h450-p-k-no"
Chelsea,5,2025-05-19,1 年前,店面乾乾淨淨整齊沒有油污怪味，拉麵或燒肉飯口味好正正經經，服務周到,"https://lh3.googleusercontent.com/grass-cs/ANxoTn0OmKKqvcyo80-daaN1fISPZcvBxD2Jjlfzto21F1zDvgM725W_sBkfvB11NfRSahzhbiQBV3ARSivsK4CMSmMtFJW8gb-QV_4kaFLGyQheIDOYRDNyq4-mfJV8wjw7jJFDv6pn=w300-h450-p-k-no, https://lh3.googleusercontent.com/grass-cs/ANxoTn3NdVQj1mULoKO-EHx-5WBZb7J6Mv792_sAyRn9RAzBT6xj0RoL2cCGau6GRFQcdLbUSbQnaWwuPzxXJYqdwkFJNifFhD6H_zuu0_fRcUrDxZTEZvdGVIPQUouddol-qksv8s0B=w300-h450-p-k-no"
Leah Lung,5,2025-09-19,8 個月前,老闆對小朋友非常友善，還關心小朋友有沒有吃飽，可以加麵。孩子對豚骨口味情有獨鍾！美味堪比一蘭～,
a43164910,5,2025-05-19,1 年前,"招牌鹽味豚骨拉麵 鹹味濃
蝦油的味道很香
麵跟肉都很好吃
湯頭濃郁
值得嘗試",https://lh3.googleusercontent.com/grass-cs/ANxoTn3ajwFdde0AqrlnQMXmyq30BC0-7aGFHU-j0QVi5jtnotoN4G61coxAiDtLg-aKo2VBGiNWrd42_NK8D35Y2emSIvu5f0Gi3j5MD3TzKKJp9oUnQEgLhfIZFOy8dVN0MIhR5HAd=w600-h450-p-k-no
Kevin,5,2026-01-19,4 個月前,"平日來吃不太要排隊
這樣很好
不喜歡排隊等
好餓",
邱彥豪,5,2025-07-19,10 個月前,豚骨湯頭配白飯配五花肉叉燒超讚!!!,https://lh3.googleusercontent.com/grass-cs/ANxoTn2wvx4WD4mIth-r19znJXey4bFYTDyZn30M0HnQo0N_0uSd6kE5QG4TWc54G9EZrEnFN458hDoK3na_YssQPYOT2ewzoNYSBRcZX1yX1MssNwPgkq8x5zbuoO_JTSvDAeuJJkeUf3giop3S=w600-h450-p-k-no
Shao,5,2024-05-19,2 年前,"雞湯湯還不錯喝 我點淡的 但好像醬油湯底比較有名（？
麵是硬的那種 麵我沒有到很喜歡 但叉燒很好吃欸",https://lh3.googleusercontent.com/grass-cs/ANxoTn3UkGv8id5QmsnieNoR3PoXd_NQQjcYIDYS4rKFDQxUmTFDtAwHPBmrxKdMTSQZXQ_3IKsWkTVuRq3vB1kc_Kjiwqo44-jnr-c4BQ4WuykjlqsERcTS1-LcoAXv9IAxIopGxdfi=w600-h450-p-k-no
Tseng Tiffany,2,2025-05-19,1 年前,"不會不好吃 也沒有到很好吃 但肉有點柴
放筍乾我不行了 怎麼跟小高拉麵一樣
這個價格來說普普通通 不會想回訪
會去吃隱家",https://lh3.googleusercontent.com/grass-cs/ANxoTn3AcqjiAiZqPdhrzpHUQuxw0fCVXUZH0gVcFJfbowqE6ino0mi68JLLTXL2vcbVjimQW2nAc-X-pQprSmFkPN0S_iKvNXWXFQJBNHthubm2aGM4SpzlvAUf3eLqEf2rFe-9mQgC=w600-h450-p-k-no
友達欲しい,5,2025-05-19,上次編輯：1 年前,"很舒服的用餐環境，整體不吵雜
拉麵也很好吃，連不喜歡筍乾的我都很喜歡他們家的筍乾🥺✨
但口味偏重，如果沒有加點其他東西，湯建議選淡的",https://lh3.googleusercontent.com/grass-cs/ANxoTn23TblkxvQUTvQCJhJvmLYKJDCQXmvuE2jJ9pNO9vjaxWvd02m_HImzCf9CfN-pdAcW7bPufqie_oV_tn5vPDzeqJYdJxGWX6PWBYmIOM8xbKaLFLiDbfGcDmru3LgzenWKilcAmQ=w600-h450-p-k-no
李zoy,5,2024-05-19,2 年前,"醬油雞湯拉面（淡）
湯頭清爽適合清淡者
醬油豚骨拉麵（鹹）
湯頭濃郁但其實不會死鹹
炙燒叉燒超香，尤其炙燒當下，滿滿的肉香💕",https://lh3.googleusercontent.com/grass-cs/ANxoTn0p0ri8V9s9A23DZIL3LIgsqyIHy8ox3vdyJoX3haRZVh9KD-2KEDG1qQXLIO7WNrhU3XwYOTgux6OXF9CnL4vRtNoeLl8mFtaecVI-lM8Xq5RGcyRxYJFAwb3_Cms-DztRF8eObg=w600-h450-p-k-no
謝昕芸,5,2024-05-19,2 年前,"意外路過的新店家，鹽味豚骨湯頭中規中矩、麵條為細麵＆口感佳、叉燒略薄。
同行朋友說醬油豚骨湯頭濃厚但不死鹹、不膩，之後有回訪會想再嘗試看看！",https://lh3.googleusercontent.com/grass-cs/ANxoTn2sts92pNU9UM-7nEdVmD2KewTztxxRccOmYD5Oc_dl8-jLXPyXDIpwrI3CcTJ5p_hB2CsnF6GR4XlON77fzdiTa73w_q4v9_HpUjElayEFgURfcgxMbnYLm5U3GVm5MoUOdd04=w600-h450-p-k-no
游景麟,5,2025-05-19,1 年前,雞湯清爽不油膩，蔥末提味加分！細麵有嚼勁，硬度剛好！下次會再來！,"https://lh3.googleusercontent.com/grass-cs/ANxoTn0XeOUF1BIDcEkfnIGxfaBe6sBahC705GqIpXZTkvbvs7ls3SfYbnIp8CQousV7OvknVQSGWhTKIFL-bb-wdqjIaTN0WKj4ZNjhyzm6Q0JBzBzX3uQYS0p6b36Mvd41o7hOb62x7A=w300-h450-p-k-no, https://lh3.googleusercontent.com/grass-cs/ANxoTn14DjhmtMT9F7RcbX0ejFk-hsIIxsBrpeNfRU-rtTQmTeZZX5-LMbokIuTRpnqyW7PIMtz8gBSTPnsXddUSztgUK8egC-8uBBEynzM_Oda1NhlHQwkDgtA4wQmC_o6xja64YEBc=w300-h450-p-k-no"
Fang Chih - Yao,5,2025-05-19,1 年前,"服務很棒。
東西超好吃～推！！","https://lh3.googleusercontent.com/grass-cs/ANxoTn12kG4XbtjkbojSUecYXH4L3sJFrDCTCpcrllJTQHW9OlhvTGhog7Qov7BvaoKzj8sp5juqTuNv845FTMrYAlRfNz4M41kZWWvcAQEe9MQ_yUBdHDZJQ2qPENE0u5AYUMIrpwVx=w300-h450-p-k-no, https://lh3.googleusercontent.com/grass-cs/ANxoTn1NPmiD3BSHPXjo6MdTai1LrDtWUfiZlfyBZWU1rJeM2cic1hkub5iGI7DYHWdEr7tBooOahHvO15EeXsK1lKTWm55ttOmCfVdQ8GnlaZ9Ki3gsRIP1p4g3ub0oAmBcow6ZbX1f0A=w300-h225-p-k-no, https://lh3.googleusercontent.com/grass-cs/ANxoTn37_J1s5MjrZzwPiFQNWqkYCZGSLWjeeWtW3U4r6nyAKOykePObyHEP1u3TLuWK0EEUli00sbhsCDI7lE2WOljvOU_4b0iiLv6H8CO4ZNXI3uICYbuNukgxxO06F9JSN_2Y5FET=w300-h225-p-k-no"
溫惠欣,5,2024-05-19,2 年前,"服務人員貼心又很仔細說明
整體用餐環境很舒適",https://lh3.googleusercontent.com/grass-cs/ANxoTn3jY7Pn4KdVqvRmYil_mzyay_ixGGoTWculVLcILEew_JP_XzsCkBpgyyBTtRay3jREBvoFXaBhiExcc1iicO9pwdRqlBpRUzomhMhs7CZEhwLExo3hKLREKLUDzfguSg9ebhhz=w600-h450-p-k-no
謝永辰,3,2025-05-19,1 年前,"看到很多人IG在分享這間
其實我之前就吃過了

可是為什麼我當時沒有炙燒五花？
只給我一塊炙燒叉燒 我想詢問一下原因？

是食材沒了嗎？ 如果沒有的話是不是一開始要通知一下？
還是是有其他原因？總之現在愈想愈覺得自己吃虧，沒吃到好吃的五花。",https://lh3.googleusercontent.com/grass-cs/ANxoTn0rQDdcw0N4BfhfsZH5aoWhyDKIaEk4urRSSsyywF-mKi38PmrIL4VdNtodbZt7KLbPHAldYfI-n7XOkDh3STKVf0WyrH3m29clFaiu2GRDx-5IF-7t4HQZlakALKO6_9O83LV2Eg=w600-h450-p-k-no
郭融,5,2024-05-19,2 年前,"非常美味的醬油雞湯拉麵，第一口下去時十分驚艷，雖然吃到後面會覺得有點鹹，口味比較淡的朋友選淡比較好
細麵很好吃，湯頭也是，不會失望，在附近的拉麵店裡我最喜歡的之一，希望下次能品嚐其他口味，還會再來",https://lh3.googleusercontent.com/grass-cs/ANxoTn3hfq5qWa9FMsd1Hysvv_BKRIU7fchN_bYpjKlNpKrPeeCu1C8-jfb4pfcS179gf1VlBhipBxlwH1GXQxmYqN1mgGAmMRXADS_c5We0pVMF_MXiCwchrl9L5iAOMMixCKhdrxJS=w600-h450-p-k-no
iao n,5,2025-05-19,1 年前,"鹽味雞湯拉麵🍜雞肉好吃但湯有點鹹可能要調成淡口味
評論肉增量🥩",https://lh3.googleusercontent.com/grass-cs/ANxoTn3Ht9qXTtdgwbj9HfRgLOgpUvoIZITzYrAFXL1_bQ6FTxaD-V1oeyyfxursxsn4p2noE5CUqBZvB66EztVyt70OkqnBlH75ClGdNpe9glhKbndrgYON1oLuKoFe4ARVBZ6nZsba=w600-h450-p-k-no
Katrina Chiu,3,2024-05-19,2 年前,"口味正常，高湯是濃郁、喝下去有點黏的，麵的份量不是很多。
要在門口用點餐機點餐及現金結帳。沒有菜單跟相片可以參考。
建議在衛生方面可以再改進，工作人員在準備餐點時沒戴口罩，也會講話。熟食備料如叉燒肉、糖心蛋等等在備料區，與吧台區用餐的客人相隔不到50公分，且沒有隔板或蓋子。","https://lh3.googleusercontent.com/grass-cs/ANxoTn39ANhSynEdCHHZvt_iQniuJjIaBGSFTmsJYSJCqKdwtq3ckGbU144HAgGSXXT3rLM7xHfCIh9ezf2vyBJJV8A0amqa6pJZbRrsbokFTQrnDsltB6M4-dBYuysl_ltq4JvvNo5-=w300-h450-p-k-no, https://lh3.googleusercontent.com/grass-cs/ANxoTn0P39HfH9QODO50pu-6og9HCKI3eOfLKOsn05b5ttFcTsPMdHnPKr-lUTz8Hc_AnN7XNIWxXs2i9fiyoVxpJNMRbihiiQ7-lgEPROV1ykW6Cv5DTOP-9HQtdwWo4ToqHwGDpVCr=w300-h450-p-k-no"
曹博源,5,2024-05-19,2 年前,很不錯的店，價格不貴裝潢也不錯，麵量會讓人吃飽！,"https://lh3.googleusercontent.com/grass-cs/ANxoTn3h1GHLqNRFN1FwzGEgBpZ4GHfshur-RLiAu1iO_4FWLeCZ9SluJmoBshHCo_xaiLc4YwEyBNmJPnsFoBzwHWeHnCS4VQybAS7als_qc4nHM2ZhY2XiHb-qSVLBmxB9i9baY45d=w300-h450-p-k-no, https://lh3.googleusercontent.com/grass-cs/ANxoTn2NBrCmDyVblVzxFZKhThcUugLsiG2-YnodO9Oe-EGFc8hyki0Iv293tb1K0iSXiUWx1pysd7_ITWca45K9ZLUTasCQV6itz1qBNSDTuyj4GMwqOvoowBS5cw7VfSifKxlW1jeZ6w=w300-h450-p-k-no"
林子喻,5,2024-05-19,2 年前,"整體很讚
但叉燒飯白飯沒調味，肉又稍微有點少，後面直接在啃白飯。
叉燒很讚，溏心蛋偏熟，麵普通，湯很濃郁。",https://lh3.googleusercontent.com/grass-cs/ANxoTn2WTSrqLrQxvX472G6gocO8ZmfqDF2Q0-ha9RdV585Sv9Lsdmp9hbq2S3_eCKzX73bVNDqgWnCXDiUuxHesCw401ZOp--iUK7vdBaBhida15vcULPreR4YCXENyw2R-PW2U8cMY=w600-h450-p-k-no
Ino Chueh,4,2026-01-19,4 個月前,好吃的拉麵，只是湯有點太鹹，吃到後面會有點膩,
Ken Wang,5,2025-10-19,7 個月前,有點餐機竟然沒電子支付，有點小可惜，但拉麵美味，讓排隊點餐的不便心情瞬間化解。,https://lh3.googleusercontent.com/grass-cs/ANxoTn19pcm00-6_qXtsVzCNZkS0JNCYKVYQXqT0RspNoG8XvJW0MejfJIONJ-5-2NS3JoVVKeMGkaky400zmGn3J151GX7xM8y0Zman8fxY-HQSWbbhp126gLOXFKxGsaHvGE8TNG91TA78fXLq=w600-h450-p-k-no
Troy Cheng,5,2025-05-19,1 年前,"環境舒適😎拉麵好吃
溏心蛋很多人評論過熟 但我的長這樣很讚吧","https://lh3.googleusercontent.com/grass-cs/ANxoTn0rJNSoUxlB5dJ0fLi3FbKSlFP8Z58c8BYWCFf-TPSN6Yrqaptcx3BpU8ffsH1asBCdhF-zWKsp52fs1DffoR9RadqQtTu9xiamaDVHYzUaFqnBjjVL1EohHyA4BhLi_ol_ssvy=w300-h450-p-k-no, https://lh3.googleusercontent.com/grass-cs/ANxoTn3YAEW9ZoDKA_WZDxOUEhUUvz2vsjReG1aZ0mdk096w11BP88VqYXQYLmB_iPAPee3xFnuQjfpxbUiufusADb-h4hEwuuIbJ_9U2Ctw8GZRHjvNdOOM6Pax_ajW1GHgcBmZQ19r5g=w300-h450-p-k-no"
邱墨林,5,2025-05-19,1 年前,"2024年第31碗 * 黑蒜油豚骨拉麵 $280
台大旁邊新開的拉麵店，值得一試！","https://lh3.googleusercontent.com/grass-cs/ANxoTn11cfC_B1I8tKIBU2rx0ROzNIzHmtplzJ-f_yPSUZFZmCtuY7QsNYsP1VxsB4OlUiw6JnXnUIB1FpK2YSHMTy1gB7py6KVmuI8V_wo_Itzxy9wdl2qwQA3jNXbZuvPRuth_rSw=w300-h450-p-k-no, https://lh3.googleusercontent.com/grass-cs/ANxoTn0BBhfXjV3A65cckkPgJVEsWM9vJ9hJOOCVI8JWSHcWHnN7lf0aurXY6DS4AZowxHuC47_B-_YSctLnEzm6-eP7cix1q88PwH44t0Ku-diRMlWMe2VPCFlZplIsIIS3Zu6FSGMb=w300-h450-p-k-no"
圓圓,5,2024-05-19,2 年前,環境很整潔 份量不大但個人覺得夠食量中等的吃飽 餐點很濃郁好吃 推推！,"https://lh3.googleusercontent.com/grass-cs/ANxoTn30ccorVVW8fbrV4i0dbxzH6U2YfeqwPNhFbgqh3JWQ4QwDifDLdy08Nsk8EuhaTTAJFjrDZV_nxeC4LKW-qEwSZ_4ZmfKt5Oae_mfD3H6lWFVpGRjlMAyTpanfzWjkVTsl2DO6=w300-h450-p-k-no, https://lh3.googleusercontent.com/grass-cs/ANxoTn3jcy_1i9sCFIXPHDjA4jaqpaEbv8Ar6LEiZqYEn_cgk7cdc01oEyKqk2Ag5digffAc5mfvz4CCwjZUcG7oeHD6GJ__uV4uepyP60eXo0X_1_Nmx69tXXbHk2zVXNz9PepL_8czGg=w300-h450-p-k-no"
SAL,4,2024-05-19,2 年前,"新開的店一定要去嘗一下。
今天先嘗了基本款的鹽味豚骨，點餐介面的湯有濃淡選擇，麵則是一律供應細的拉麵(剛好本身特愛細麵)，麵的硬度雖也是統一，但也剛好都是喜歡的。
份量個人也是覺的剛剛好，但相較於其他店只要還有湯就有提供至少續麵一次的服務，就稍顯遺憾一點點。
今天原想試試飯的，但售完了~~只能下次再去嘍~",https://lh3.googleusercontent.com/grass-cs/ANxoTn1GRqfQYplIFLc-KwnlciZeVtR2SEBe-x4thJR7M4HhcXkqkD-wgVANxfl142OdhtJ98yblzPOFjb8Fjw8K1ZKTsqleJ0aqNsYnLNZ2JsUlHGnQrIRbzmEaj4ZIl1TnrGaWF-sLFg=w600-h450-p-k-no
Ragnar S,5,2024-05-19,2 年前,環境舒適明亮，服務友善，店內裝潢新、有吧台，空間也不擁擠，份量中等。,"https://lh3.googleusercontent.com/grass-cs/ANxoTn1bPhYMPMLO8Egoz-lcf9BCfmh2scyXCDBjdV-OhIEVJQrxSHJBvg---MNsMx8_U9Wim3SjgIuzxUVo2oWXHyva3cgajrtwCHWQuce72tpIHkFauAW-9Wog94Cv00UNy6zzibk=w300-h450-p-k-no, https://lh3.googleusercontent.com/grass-cs/ANxoTn3OupoRj_6uHKGA4necFr6QEmZ7_xZ7zqMN1HjlbLeGHL8yYgCbFdzYnUSdzLUJW17Q4qUjDNXL9oHNbJ7g2En--gQsqBbX-2duSlK_G0o53SFIux285ArLa4HMdYyGb8wxT5gKWA=w300-h450-p-k-no"
穎,5,2024-05-19,2 年前,"環境舒服
接待也很溫柔
又美味😋",https://lh3.googleusercontent.com/grass-cs/ANxoTn1Lt2NzrMDPShzfrLOGzPIdn5rOTgUBKEmJmJdX6c22lrcexw5VqUzq5WnY2KOPXm4FMo1-AeJAZ-1wi6K4SilsFsopB822Pn6sHEl1OAz_e63zQzoo4ehzrFwwhsVThwXWbdrf=w600-h450-p-k-no
陳浚瑋,5,2024-05-19,2 年前,湯頭濃郁，麵條也很有嚼勁！而且店員很親切，會再回訪🥰🥰,"https://lh3.googleusercontent.com/grass-cs/ANxoTn2cVWLaTW4Hr1F-5UE2c9kicin1lYpATsZZyTZKdDseJWvZIvn8JKBMCWs72tg9QZhPI1FR6cd_F5w6cY-2lqTbCLkdjDn-7rM06Z441iRpv47J7gVlEgdouK6PoT51AsxdfnVn=w300-h450-p-k-no, https://lh3.googleusercontent.com/grass-cs/ANxoTn0aUTxhUA37AhkyoCOk6iScTcb0SkATAR64noPp3WyBeHT2Rsrc1LWQPrBSl44xtABoWX3uobpLl-XDP1cflb3xJzDr5dEwxw5eQLSNXIL0XLa-9HUGL2NTTiYdQrK3Km_v23tW=w300-h450-p-k-no"
黃煜偉,5,2025-05-19,1 年前,"一個很現代日本風格的拉麵店，炙燒的叉燒香氣四溢，店員也非常細心的介紹，對待美食也是非常專業的建議。
我吃的是鹽味豚骨～推一個","https://lh3.googleusercontent.com/grass-cs/ANxoTn1cTRUUpDMsfPgXi_YqIrBE4DP8wPL8dnoZ939h9c999HgOQy8FjwAlqyaa-nf4GAYblCjrcFTXiGqQvkpUJL5n-oFJus4kxIlasAtwsCpqh4PdZ6bLaoYOpNneNgMDoSZSQKvI=w300-h450-p-k-no, https://lh3.googleusercontent.com/grass-cs/ANxoTn1Mk6hfgDtVvY_c3Rx_SlD5a_dWvHMDf-xkA8wQlqNd5bYm-TfiShAymq9EELbnwpOYZg2hJEhD1dbB7lCbv8wwFHgDWWWTZGmpnuy_qZdwcC8IU6bMCiXzngSIkusnubEWqhw=w300-h450-p-k-no"
Matt Fan,5,2025-05-19,1 年前,"三層肉的叉燒現場炙燒很有視覺效果
微焦的口感搭配拉麵很不錯👍",https://lh3.googleusercontent.com/grass-cs/ANxoTn0TjJM2Key7VvpKSqOZrBcWWKjw4MS43facltayYX_gLUB7DLPPSMnO6La3_kJ0vI1jChIuzuZ0tzDYVfWCiu5odVRR2XHqvR8XZVI0iqr962gT2ukrLz4Qv03KNlxUpwTb-lYp=w600-h450-p-k-no
RZ,5,2025-05-19,1 年前,店內氣氛佳，麵的軟硬偏q彈，五花及叉燒都非常好吃，非常推薦,"https://lh3.googleusercontent.com/grass-cs/ANxoTn1b9AgnQVsco1D5l8bMoyA4Md6YtWwCbistgaRoLW9G9qcyKPnDhL9RCCJM-uyjw0hVx354diPGqqpfyCIp44lXm_mIp9OmtLr2XyTMKFVE8l7RZsh6_-d8ixKv9iiMm1DTxGfx=w300-h450-p-k-no, https://lh3.googleusercontent.com/grass-cs/ANxoTn0Cf2fz4JYG54XReawSsGi7E5Y1SR5bM9YutbZhzvxI_ogZyEP9G9b047zEjxBS4aXTiyemiHesN3P6YWzLG2BUkpdROMt4IG1kNE6rb26D7ke_X2QY0sctMFrCblgwQ66TeQo6=w300-h450-p-k-no"
詹佳恩（Shannon）,5,2024-05-19,2 年前,學校附近新開的店 氛圍不錯 拉麵好吃！,"https://lh3.googleusercontent.com/grass-cs/ANxoTn0VZqdW8SDZMEFnAqHC0mHVm8GMYV6eecN-WU0XlYv3EmLTYGASNW8mR5_FRFouUrZ0f_pgkE-PacpKf2h6vjMZ0DWBDTFucRrdaGawGLhq4x_iZLUQqbzNBtCes32-IQbFN74=w300-h450-p-k-no, https://lh3.googleusercontent.com/grass-cs/ANxoTn1VzsBgGENbV0aCsQnNcVtM32QqoiL0_-OqptC6PdR7roDIBZtKFtfcXBfyKaS0gaNOGOm4tZ9z0TkLu-PXrUu55x0jECAkIcpjoDIJcXx3eZ_Zk9n7YGUeaklaNPu8brRPMc_fyw=w300-h225-p-k-no, https://lh3.googleusercontent.com/grass-cs/ANxoTn0sG3WO15bhOx0RwDg5_TJ5QSboXp0fCvKBwFutQkBtUGqcWlqXKOknqQzL7TSvijYQSvUWqIWIn6QOJ7_nMdjV-qrqxgH99y77Y5ORpcI3JK-RyK6cCss1ADHz-quAr06lz4j7=w300-h225-p-k-no"
曾立翔,4,2025-09-19,8 個月前,整體適中，適合大家嚐鮮！,https://lh3.googleusercontent.com/grass-cs/ANxoTn25ZsAtSJCgTTjsLYXMbY6EhEFRaVURiJiH5BxofazDXCcfyzamerJrXJsj5f920PHYvzEe2AuO_ElNR6ksoj6Fmt-FWgnXGtcNZWJ-KvNBn1FOw76l0MDeHKJO0yeIC14cKVotZhI8JvKn=w600-h450-p-k-no
Genie Chen,5,2024-05-19,2 年前,喜歡麵條的口感～～不小心點到鹹口味，但是可以接受的😋 …,https://lh3.googleusercontent.com/grass-cs/ANxoTn251Rmnz1EkDO81VZC4QY5CnHOpY4JrTJRLktNTRZozSV606vWPX_vok4tL-j4743Lxvq9rk-GSxVBDE9icL82dv7oXOwtcK6hYn96sLts_3gu_6mxuxlkm2WxdIGYuYiGuRQIJ2A=w600-h450-p-k-no
Wayne Lin,4,2024-05-19,2 年前,"服務態度不錯 可以免費加麵一球
麵體軟硬適中 叉燒和雞肉柔嫩好入口
鹽味的湯頭是唯一覺得有點偏普的地方",https://lh3.googleusercontent.com/grass-cs/ANxoTn23BmwOE9_a2Mc6V9sOQvDFOc1Xweig95oiUZpxG4cyH0e4qcAnjl5r9-s_ZUPfD3Dliesqoxm9ZBK6r6mMklf0q-oxHTxJiuBukLkUL8is3E5iMIWjc7Fb1CAS1JyMC2PITwOI=w600-h450-p-k-no
Spencer Fang,5,2025-06-19,11 個月前,加肉確實很有份量,"https://lh3.googleusercontent.com/grass-cs/ANxoTn0SFv4BnIcFMVMagdp9tt-r3x24dGLr_mB615mkCm5EWhlYR53dUHfXf70QwwRvzNViXCAUqShUTHshwIIkBzTe3zzZf-UAPoF8Q3QqM3vb31LBWQ73MygD1znQJCCr6giBDkXn2w=w300-h225-p-k-no, https://lh3.googleusercontent.com/grass-cs/ANxoTn2KsZw9Y6ILo3LoRuM8_ccejbhTU78STzDdnEX_cKCRqDRV_2taz98keWdpv61YEULweWJLv4CFLBKiPksAb7U6b93NXYOZFuPa8cEPBDVn4dJ2ixuzj_UXfW2YCG79tEt2O_5gmg=w300-h225-p-k-no, https://lh3.googleusercontent.com/grass-cs/ANxoTn3Wl2N1s0oo3b_zON9vQ4L5Guaj9JhZsrY5vr9aK7CGKcudEwIRrKmJpTEh5zRH2WGeml4M-wAp-hLp0bH5eqTwApEZYwTq9m_d7GonrADY9nsTGCWie0GKmTeGkeIBh0bEQr6x=w300-h225-p-k-no, https://lh3.googleusercontent.com/grass-cs/ANxoTn12TrCDaD998hOz9DY7Jlo8oQ9PbU3uJWRVsYt-eByMZTTYSRNEPf6j5uWMkKcy5li3fSn6BtipU0wi6ts22dC8vKnfuIePQS2TmEqOr_-KrL_gwe2KWhMp2zQfBhdL3ro5YD-8=w300-h225-p-k-no"
周怡汝,5,2025-07-19,10 個月前,好吃！～裝潢也很讚,https://lh3.googleusercontent.com/grass-cs/ANxoTn3NZ0358tMbiOfspBmYyW66QJtFQ3tuoMo6sIkU0q1r6P2KhozT5r0Ln1NBGRpXjxn3--LfQOBwdAbolZ1XaDFKrsULar74jNG8WUDXM_IwkHxb8sOSe1QJ-bc7MM-tPLNGPS7ApPO0tG5m=w600-h450-p-k-no
陳信睿,5,2024-05-19,2 年前,湯頭濃郁，給料豐富，價格實惠，推推！,"https://lh3.googleusercontent.com/grass-cs/ANxoTn0B_OYkIjOk-z0acfHe4Q2yx6jALqqPgmn_zoKjzW5wDv0DBGGOrqkO6_P6VmMqKY-Qix6vt5icd7b-ASS9hLQHtGOQW8ODKfdeFPBZwcI7E_Q2LEiSE5l9Bvnx4KlNcAwabWbU6w=w300-h450-p-k-no, https://lh3.googleusercontent.com/grass-cs/ANxoTn3ohylqhGCebU6xFH6bExJx6Zvo0hcQYTtS3DoeIPZBbGoXo5OZ17hHTxoaHvsGCZoTwQAwuBq-XJDLfclKn9eC8fyifYklFkLS4Ao16Kw-KZIFG-BPIJdMhELrpdumA_PiniTW=w300-h450-p-k-no"
雷萌,2,2024-05-19,2 年前,"味道比外面的吉天元精緻一點
稍有有屯京的影子(?)
叉燒沒有冰箱味但有點豬腥味
吃完有點空虛 只有一片肉跟兩三根筍絲
重點是吃到最後發現有異物⋯⋯
店家一直說那是菜 然後直接把異物用手搓掉在地上（毀屍滅跡？）離開店家後心裡一直想著是不是吃進異物了🫠🫠看起來很像菜瓜布絲或塑膠
應該是一次性拜訪 掰掰👋",https://lh3.googleusercontent.com/grass-cs/ANxoTn3CmjwJr_wLPEzswLXvbOQ4G3zqxsDIucCW4mn70IS6UgMLRX3is7VM31g6yWHdW3_EW4RCUqw60g1qsGuMm-y6f_aXERzUWj2B1SAz8uQxg9VZ_OJICm6GtEBSc5lZoiOG5Qyo=w600-h450-p-k-no
李俊毅,5,2025-05-19,1 年前,地點很好，空間大，很舒服，叉燒香氣十足，有推，五星加肉是對的！,https://lh3.googleusercontent.com/grass-cs/ANxoTn1Kwoql7BD-zYgswcDejejZncDowL6dmNDDxRuuXXjOeI42q0KDRiYR9JyDrk-G2BkQyEHLNapbjyxxQ0iAgfqpU06hYaF28Lx3KJRq55HuqNdZz07TUYKMQ9WvHnjmJHVuYHSf=w600-h450-p-k-no
Daiyi,2,2025-05-19,1 年前,"各環節都不是非常到位
有評論送東西的活動","https://lh3.googleusercontent.com/grass-cs/ANxoTn3kff1XARDdfFH4u7WLrPYyWXyvGW5jcwggsM6dPqKeGcoax_I1v2FjppF31EYGYIX177NzXPawcaTuvj6K7qK4JuBBVkbAOoOIgFUqxSc9YES_1odMZJ0BxS9wr2hT99IVAjI=w300-h450-p-k-no, https://lh3.googleusercontent.com/grass-cs/ANxoTn24MUEwEC7ODo50o24SsQ6RZrCwli0M6Ol2zz69QPe-pc6oXX-qGNCtlgfTCrl6JWsg9E-veJp74WE-SrtTN_oqpkXyEguuMeSqolwjogvRHGfbl5MdBHuIn0IxvHeccyWfuWkK4w=w300-h450-p-k-no"
Hong Xin,3,2025-05-19,1 年前,"原本看到是只有木耳海苔豬肉跟蛋
而且還是硬麵 這種經典組合搭配感到很期待
可惜事與願違 幾乎把整碗湯都喝完了
還是感受不到豚骨的豬骨香 只有死鹹
而且真的很鹹 叉燒飯也是
一直喝水 吃完現在口乾舌燥的
真的很可惜 服務是不錯 地點也不錯
價格嘛⋯我其實覺得正常 260不算貴
但就是味道不夠香又太鹹了 不然會是間好店。",
Carol Huang,5,2024-05-19,2 年前,"點了豪華醬油豚骨拉麵、肉嫩溏心蛋也很讚、湯頭超濃郁，份量對我來說超剛好！是我喜歡的偏硬麵體🫶🏻🫶🏻🫶🏻
重點是老闆好帥😆😆😆
推推推","https://lh3.googleusercontent.com/grass-cs/ANxoTn0Xcq4jDPIKKyBBakS8v6STNqEq7fPrfzy9ny3YKAv5ykOGpm6-Gy67RSisPAo1yDPah_6bIb5Udzi-7TRKRM7yDZOaYaA-CDGkGXDvjR1Fn_1kduuFsyvSg3Yhjm8nCODnO-1QZQ=w300-h450-p-k-no, https://lh3.googleusercontent.com/grass-cs/ANxoTn2DrvDTlocje7m4gvTMhAZ_9PnNh30NtB2mbeveKIKbQx1ItwnaJMmCEWlz6k9NRlSjozjYNaOt4O69H2u-AaJeEMEby63c5z8HbqDhGYDWn9JPQl1ptoFLMIeWq2inF2aeywB7=w300-h450-p-k-no"
郭芳妤,5,2024-05-19,2 年前,"雞湯是近期內喝過最好喝的湯頭！肉也處理的很好吃！
有空想把所有口味都吃一次🥺",https://lh3.googleusercontent.com/grass-cs/ANxoTn2mqCdzVn27bjSchNs4-vj4CLNjr-klqx0CfZoiZ06vQo204j1-Ct1kkLTGZ9-t7d02Izu0ANsnERlWT4WgUicV7Q9cZ4071RRcmNTmqp4W0hMKpcO5lB4xA4HwXPlstWSEh2zJ=w600-h450-p-k-no
YC Li,5,2024-05-19,2 年前,外觀超好看，我很喜歡聽的湯！非常好吃，推薦😍,https://lh3.googleusercontent.com/grass-cs/ANxoTn0XTbdUMug8Zzam7yuaaMeJ_Zv3tYYflgvSKylA60Dkzr6qXhlOo1OLZd5YW3nXMAykw-NnHQW6dkHjq6PtNrEZ0rIuZZBsXBozJaDN4AxF-ajAYAs8Hl6qLtWpGXuSvT0qSes0=w600-h450-p-k-no
mandy chen,5,2025-05-19,1 年前,"自助結帳～環境乾淨衛生，東西也好吃😋
服務人員親切有禮👍",https://lh3.googleusercontent.com/grass-cs/ANxoTn0CzKyTSDnQilSAdr1kYgOrKqfkD0afNfJQhU68I3EiFc9zWeU4y50fqQW51Ej2C6GyUkWpTnNbgj2K7uovkCrz-bzB5lAKssbKAptZCtisdlO_r8SCQCAbBss1KzzHUz4y_4NG=w600-h450-p-k-no
莉波P,5,2025-05-19,1 年前,價格稍微高一點，但現場環境不錯，麵軟硬剛剛好，很適合偶爾來吃,"https://lh3.googleusercontent.com/grass-cs/ANxoTn0vQkQWvZ_Cad6tvkekg1B7GmCD2jO4PI_6SqGIrO_VpuuG48kJV7QLtVwTWWCutGkWr53Ob2eqSRb906xpQqYV-Y8VzS7Kfn3HNhm7EpXxO-44bnMFQJDJ5sdJby2q8w7i9AIt-g=w300-h450-p-k-no, https://lh3.googleusercontent.com/grass-cs/ANxoTn0Rqsyc6CZeyPYmB-PLOUPtlFqVk_VNi43i8MKOPXKv_HXx3ZHyX8i34boP6jAbuOkHhDxi1JfnaMqDEn75AD8RpLjL7KqdrOr0MtbjgqInjyY7sPLR0uKkXediwLnH5s37YSpX=w300-h450-p-k-no"
啾那個Joyce,5,2025-05-19,1 年前,好吃的拉麵，濃郁湯頭還有一整顆蛋，我們很前面到，還好我們不用排隊☺️,https://lh3.googleusercontent.com/grass-cs/ANxoTn38sUbpMcInDtJ2uO7g3We7BhkuZDAUeOqKNxn7EyrswsQYqUOdLFhjuLSBSslravBPj7GAHF6WMuNnDjrrVlq619eXOjuDlQ6pvrUt5nS19KO1ahYVh7w4e_h0UTTgkeTj5nfjeA=w600-h450-p-k-no
阿謙,5,2024-05-19,2 年前,"第一次來，店內乾淨整潔，氣氛也很棒
出餐速度快速確實，是很棒的一家店！",https://lh3.googleusercontent.com/grass-cs/ANxoTn2vYBu-lScAW_K9JvORdJkcNdoIjFY8QYucNcdUiA39nCZhoRrIbHNFIXFoufqL8plMlH1JvDugzf_BjsmJ2-SUOSZ1lFaeCxZ73tYeAKANk5oz6ozZYpE-qMfj4dhBAbh7gMxI=w600-h450-p-k-no
Chunhung Chen,5,2025-05-19,1 年前,用餐環境很棒！別忘記，可以加湯喔！餐廳真的很親切，很好的用餐體驗！,https://lh3.googleusercontent.com/grass-cs/ANxoTn3BK-I4Nc8fMxf17UPhmfiIC4_FXy98jnysC1K63kFu4N08WaP-QTAcblcAiYgvrucZVr_TkyVN7qhE8o1Ei5eAMTHh0JMrY_arRy1GpTvbimQuuXU5KBtD6eDnzMdUTLx-xbz3=w600-h450-p-k-no
Chen Kay,5,2024-05-19,2 年前,不錯，味道清淡，但份量不多，不能加麵,https://lh3.googleusercontent.com/grass-cs/ANxoTn2yxnWsAmidO80P9u3vzKONyjgvhLlb3C5rGCQJGPJAVO-k2ZL3rEcOwaLP2FhLyCaXaUG0gtPJrg0MEcNSMDwr7vqAFIC8_-ZZpQ8KPiGwhRTKDJw-3nCbTc3K9JIYEjP0QfVefg=w600-h450-p-k-no
鍾嘉文,5,2024-05-19,2 年前,"豪華醬油豚骨拉麵
叉燒飯
裝潢很漂亮
叉燒飯就是一般拉麵店的味道","https://lh3.googleusercontent.com/grass-cs/ANxoTn3GnANMoQGJz2T0veuEBEcIMfdgY7JVvmmFJBqL79LP4oNVct6VS7HYpqENolF5YNwr18kgop1kxUArWODRgS97QU5vTZIM9RhQh_aGAtBGjDZ-gIgrNdXjPt4OKhcwoLqiyFrA=w300-h450-p-k-no, https://lh3.googleusercontent.com/grass-cs/ANxoTn2SRUTEY2sowggYNM76z5FhtE0eSLYWGOiaQFPLXpLacY0S__qDMP9k-F3YzKbzjFiHH6_wXea2Pg55jTQzhY592VQtgPdpAwaw-WNI-OF9Rx3QwSJ79NTbVIEc1tz742GaUxdG=w300-h450-p-k-no"
Zowie Chen,5,2025-05-19,1 年前,黑蒜豚骨風味好讚 炙燒過的叉燒好讚😋環境也很舒適！,https://lh3.googleusercontent.com/grass-cs/ANxoTn3RVyqFtpSDuZyTYa0HNrtjh2V3TDJ16XcpuC-GUWVeGm1BxhxUrM94GzS1wY0u2a9LMAfrcCn6CiHpNt5Ml3aZUgZ8SQJ-vBdKRRb5-gJxI0P3LHDuK0P3LLaCkxjC1GlpF157VQ=w600-h450-p-k-no
Jyh Shyang Chang,4,2024-05-19,2 年前,鹽味雞湯拉麵淡的，湯味道挺不錯的，份量略少但對我而言剛好，環境很舒適,https://lh3.googleusercontent.com/grass-cs/ANxoTn0zI3HrQfO97g1tO3LQpfBi-zhlRRWtGiGY2RY1lhmw775aA7hQl8Fk7MOlL9PIeDFuYs215AWDoYS-tX4kUzNJ1z0Yo4jXlk1z36WjhaJBb726ZoTFwHdWmrHE6oL3W4m-rKFM6g=w600-h450-p-k-no
Lin stanley,5,2024-05-19,2 年前,店面乾淨明亮，食物如圖，五星評論送肉。,https://lh3.googleusercontent.com/grass-cs/ANxoTn14E6ExbDDumZvOmh33jePqfLoWTnw3IXkKyNl9O7EoeJlvx16hhcZKXkMl3hpqJIy6JkuFCimAhjrlsI_V2sfiOmnSZIJ99_YKZ73TpTJg4SnU3SI-PVrrNozstr2cjuks0ipp=w600-h450-p-k-no
莊舜元,2,2025-05-19,上次編輯：1 年前,"評論五星送肉
不是很好吃的拉麵🥲🥲🥲
雞叉燒偏乾 豬叉燒有腥味
麵比普通更普通
鹽味雞清湯就是淡一點的雞精🥲",https://lh3.googleusercontent.com/grass-cs/ANxoTn2ROfeA7-Y6g2ualeCnjCer9qpqTBnF95K4d63e6KHElNFqtHLYlprIOcxZMT--3qT48t4O5mUua2yOWcxBAvhZsO2impWLhcu9MaiDRJO0nDCRZ-197_Ee3CsQSxDrtMWdQ2nWag=w600-h450-p-k-no
張正一,5,2024-05-19,2 年前,豚骨的湯頭非常濃郁，肉也是喜歡炙燒的人會喜歡的，重點是老闆人真的很Nice,https://lh3.googleusercontent.com/grass-cs/ANxoTn0wPPFPRTas3LwlTVeLwnxQLyqoWNZnzmytnkaKysL918I3rUeRZHSMTjZ-ZB_8IfQJ6lcOexqOVtVltvgMg4-gJYwMeWx-elQKIL3Emxj5k3Uv9Y2Pf-ey0HrlF63CyGZlJyGIxg=w600-h450-p-k-no
劉彥廷,5,2024-05-19,2 年前,今天點雞湯拉麵，雞湯濃，蔥夠多，整體來說好吃，但口味還是偏台式拉麵，喜歡偏日式口味的拉麵,https://lh3.googleusercontent.com/grass-cs/ANxoTn3eRMBSF0Brie7livYiJ_siaaamiSvBJVZMJt0YDT3bY-keoI1fXFFvIy29QPqn0zbsdIRU987hBlJaOAW7CNf9c7eoEiAgxPqC4yt40QG4dCwJUmgoGQDDPB40RiIOCAFYz9CI=w600-h450-p-k-no
月太げつたい,5,2025-05-19,上次編輯：1 年前,只有超級好吃可以形容。,"https://lh3.googleusercontent.com/grass-cs/ANxoTn2hgxwuqIjRCDVBtXIXdZTLeh0gYOuuYtBOqNJIqMSYk75RSNItIc45eyi0yZuCNuSUqBIg2NPQTZ3OWgkUu1Y7Azp-rUq4HCtj2Q1K4I77jy3vNEjqgRcx1PbMURiSFXgx6wmx=w300-h225-p-k-no, https://lh3.googleusercontent.com/grass-cs/ANxoTn0lcPx1IH7CKIF2tkqlV6181POAYH-P49wZ5I8eF7m9aZSkM5zMNzHJOZfq3JYBO2-9dmkS7ltVDSQY5ON3o__RnksQTTyV1_KqEjOf-paLfdZxo9t1Re-a47Ipvo_T50RFMkLHvA=w300-h225-p-k-no, https://lh3.googleusercontent.com/grass-cs/ANxoTn2GUUlBo5LUzXEn6x-hGQEpzcNimn5go0BgkKgMC04Hmb0gOV3-PWvcmFibZQdkvU53CS_UdRRIJxmuUNugBhJ3hKDMA7o8RFsdsFn3GlFnBvnkhBSPYVK477HJToSXoa_u5cs_=w300-h225-p-k-no, https://lh3.googleusercontent.com/grass-cs/ANxoTn30ngaIe74vzGhf-lcYotHAitDXGm72c2oUeDxVTZRx9HiZju4cmLptldxkA2txkHdNsjSTAArVNgpcOh_P9IFya9EkWh94JZsRLnmBeE74oqyC_vwmX0zkTHwwdEDOU4lO2R0EPA=w300-h225-p-k-no"
黃音符,5,2025-05-19,1 年前,第一次踩點 味道不錯 👌好吃的豚骨拉麵,https://lh3.googleusercontent.com/grass-cs/ANxoTn0gMxtfG5vnpqd0qHRfWud0oflf1qkwNne1cVMIcupc8wqUDZUD5lCg_Y8z_VOZW215oTfAHzbpmEPuP5BIeRohf43xray-QgdTh5Qm5FCKM_wyxn8rnts67IT8W4Q9AXK9vMES=w600-h450-p-k-no
AL C,5,2025-05-19,1 年前,招牌黑蒜油大推！兩種叉燒肉，兩種口感,"https://lh3.googleusercontent.com/grass-cs/ANxoTn2Rri8ZYZGlipysHa-36KsohjJY8Z-9S_C0yh28AtjwXTFh_ag_qA-cBOGrZwgYALysP853QsQqaEqRfiAL8-HzMF1Fx3Fr_amEMMbq78qh_WtJsYYR8BDFVd66RmSm-kfuCJce=w300-h450-p-k-no, https://lh3.googleusercontent.com/grass-cs/ANxoTn1xPc79ZxgGKmYtiCt1v6COH4Z4N6YgYtGLq-AsNsIMKiSlGJvIR-Cv7qfulS7m16yda2uWHNyquoHUmOLQhGXfx00VQwzUaxKtfqvD1_IXBHSRTzMZ7vlOAJeoxFLAr4Y9S7iNOw=w300-h450-p-k-no"
詹喬勛,5,2024-05-19,2 年前,很順口的醬油豚骨，加上店裡氣氛非常舒服，用餐體驗很讚,https://lh3.googleusercontent.com/grass-cs/ANxoTn2Chiob9WPpVmk01oW4QN0OSaeDrGnZEoCGVOXB7V2LPY-72zM0THi0Nu5AmdZybHKOB2tt_ILwoWAWbd7k-WB-yl9rjwo_CWgUiArfzirXHhlnk6yCUwUfZfucfEHqOF-QQ0pw=w600-h450-p-k-no
CK C,5,2025-05-19,1 年前,"符合期待的鹽味拉麵
尤其是炙烤五花肉 好香","https://lh3.googleusercontent.com/grass-cs/ANxoTn2w6ZFPDUtCvhUVPVxynb5oJRXb-5RtgYBpbUqV0HgfqTv7sG5VxT996SxZrqjh56p6zUuqSb5ssqP3lNdMRtzyb02K35A1vSFWk39R_Ku-d18mF6O7bcvJzhgDT97JLI680EOrFw=w300-h450-p-k-no, https://lh3.googleusercontent.com/grass-cs/ANxoTn0TYxDmo9bh1hFbuKx6Tz5h09wJzHVfPUzjggtKmsaEQWs3ATRdPCZjWkWxs4DzLLFBoRs2IVQVWau4eBbsUhjaJKRWh8Bo58Ps19yVoNY_Orbddd9MO2Yo__aAnJtuRh8OoGqd=w300-h450-p-k-no"
23 1,2,2025-05-19,1 年前,口味ok，份量少得可憐，加麵還要40元。,https://lh3.googleusercontent.com/grass-cs/ANxoTn31Mp9fV60gYj2dSGA95CnP7qDr6k2_uw_HP-iXTLyHoULR3wlAl6tnuAdtXjv85gJas8Nku0c8BmLJVMTxIZcv60Ri2wie3ykTVXNkPOmFPmtCmLfQnj7PQ5SK7N41T4lj_CI8=w600-h450-p-k-no
SUAN,5,2024-05-19,2 年前,"新開的！
雞湯好喝！服務的姐姐漂亮又親切！(*¯︶¯*)
裝潢有質感～～～",https://lh3.googleusercontent.com/grass-cs/ANxoTn1BDkqSqS-z7E7HSKy5B9HUcvfIdURbpEVTMJGTI0KPBQCYYEt93NzSqvXE7mtGeISg-Hj7Cmsnz_vLmJ0_4uMi-n8rHbqFvMRl-2tNDONDPm93Jrf7cNmtFYSPuAeqnfr1_R4=w600-h450-p-k-no
Pei Lun Chung,5,2024-05-19,2 年前,"這次點的是「鹽味豚骨拉麵」、味道選擇「鹹」
麵條很Q，湯頭味道濃厚，肉很嫩，推薦👍",https://lh3.googleusercontent.com/grass-cs/ANxoTn0lsao83RODogg0Wl_-FPmicVoC9dYNTqklTcap258WlvbmTWiSV90pI6MsLK5EOD849mJzdVjx44V7ZQUfV8LWNdqeI4tbXJne_-3d_2ZPGHw0txxp3F4UP8q2uMiz1E9pAkG91Q=w600-h450-p-k-no
XJ Lin,5,2024-05-19,2 年前,要是價位再低一點，這種內容物以及口味就可以被接受。 btw 服務人員很好,https://lh3.googleusercontent.com/grass-cs/ANxoTn1wIMK7ZtBalQFK8Y4XfSrBqb_hIgSAyct7amp_2hMQICiSMaSHUHf4B21TlQw91v1EnaFp3RT_0F8h0KA3FZYDM_EL9qzQTHfOFJyjzaEI2Vdl-Gx8TVU5wk8yS4ogF4UENgji=w600-h450-p-k-no
林琪,5,2024-05-19,2 年前,服務親切、介紹耐心，店內店外環境相當乾淨，食物好吃！！,"https://lh3.googleusercontent.com/grass-cs/ANxoTn1GNvmn_4YcR6cc7gqIUDLfL27BjGNa-qDGGmNS3bdrlcEuNOeSE6UVLZxJPLNbg62YfVcR60eOlzwGcenkgZa5FLVcKrSP5dXBCQCVIt252HReHLd224vT4Hy_2UiZsvS5uwbr=w300-h450-p-k-no, https://lh3.googleusercontent.com/grass-cs/ANxoTn2P6ConoDurfVY6chh78b6NZo41hdmU3kyGcltW6GrAeghhaojVgUagBScG0H2X3e1aSFxjWUc3ni99mcoIs3XQ8yc2qM29XH9XnJQHZkpx9di3jVNLuiPh1APv7tJDpwi4BTx4=w300-h450-p-k-no"
K4KU,5,2025-05-19,1 年前,"醬油味很夠
麵體有特色
叉燒也很入味也很有特色",https://lh3.googleusercontent.com/grass-cs/ANxoTn2dSNug0tCxtpzw9mOgWL7adj-vNVQDheb-GEn9JVx5IHXAj4bYoUxuiTY3th0HUGGHzpmtDg_0tU0p4gWuKcEdLqLc78IIoEythrqdh7-5KOW_JZL95XnprfEBg9mfpwlUH5POtw=w600-h450-p-k-no
李品萱,5,2025-05-19,1 年前,"環境舒適～
雞湯底很順口濃郁
可以口頭跟店員說不加蔥",https://lh3.googleusercontent.com/grass-cs/ANxoTn2jvs9OPmp7cpHFPI4xqsXOV-XILZpSgjQTfJI2Mg5WjT5a8goZzLhf3y1UqGf8Fu3y4eUC8fghWyDnxfWpIrdSITOup0cQA4LeX-AtX_5g6RHNED7swVHTpctY67km-1IXZ5MkNw=w600-h450-p-k-no
marvin,5,2024-05-19,2 年前,好吃入味的拉麵店，裝潢現代活潑🥰,https://lh3.googleusercontent.com/grass-cs/ANxoTn0TJeerunAjRu8rmPpdESh9a9tv3zgx4RBm3wUY0IVVdahtXckFlJzFhA7EG-gr8yx2tLJp6UxHaS8MlpF6gY1iq1fZE__c2M-smSvPTshGEp8KnXVQXfK4KxZLF_0akLMJt0fszQ=w600-h450-p-k-no
wonx bin,5,2024-05-19,2 年前,湯頭濃郁，座位寬敞，音樂好聽，氣氛很適合約會,https://lh3.googleusercontent.com/grass-cs/ANxoTn0rSb_9ydmkRh0xAMGoHPAcdnS-map03FtwfsXC9kFouqLYJDQ2zqGzWoGwRWpyA7WQQWuJCb4W94viEFm2gvdxqXYp5k5AiAGMmsi70YTZW644bhVUn8XtK8ntACZaqk9gSi_YTQ=w600-h450-p-k-no
Webber Huang,5,2024-05-19,2 年前,"座落公館的舒適麵館，來碗美味的醬油拉麵
老闆超Nice，打烊前還破例讓我們入店用餐
服務、氣氛、味道都推👍🏼👍🏼",https://lh3.googleusercontent.com/grass-cs/ANxoTn31t9USJKDkyl3Emq6t1YA_q8lBcF9vY3JvmezsNrjB4udv9wIABvx-vPeMB3er87B08TYmTDF9_9y69HS7x0aPUybv2ejx-dWzT0LoSbffEYBYnRrG_kHBWOurRSwfiCmDcoI-HQ=w600-h450-p-k-no
羅名邑,5,2024-05-19,2 年前,"五星好評有送肉～
點了雞湯拉麵 還蠻好吃的～",https://lh3.googleusercontent.com/grass-cs/ANxoTn012UZv_haidqv0Dv9xqdBEB335gSoz-yVQceiDL85JtVJAfLn7hkXmxz-9BOXm_ysn6ZbhL8Lu_IyiRaa-vhW3k3Kfzhnosrp0eVBr4RuX7cZcNWkiJAowuXLNr0L0lNjXSPlE=w600-h450-p-k-no
Kyle Liang,5,2025-05-19,1 年前,食材新鮮美味 空間舒適 溫州街又多了一間好店。,"https://lh3.googleusercontent.com/grass-cs/ANxoTn1pnOVwZedakH9TKSuDbwU_fxg97YOASNc9ayCgK-FbJpDhv3mM9yO_jqeXnmkoCg3LzjVfo_tRDj6dPtRUwmhYibePHcb-Jpt3vMopOKKd-AaxKX-kszUJIVNPazWyXb3bKATZzQ=w300-h450-p-k-no, https://lh3.googleusercontent.com/grass-cs/ANxoTn2qUgG-p-JwHn139xgfyWy4M3Nh81NLhuulwhqEdW86IaCUxlBDq4MQ_tSm9VkUWunk4IJHH4x3Q_38TWT2Bw18ahz8-yQKdzG8q5mIbaMlYfa29CDmJTaXCiS5eYI3LnYjmLKk=w300-h450-p-k-no"
張宏聖,5,2024-05-19,2 年前,"店內氣氛很棒
餐點好好吃🙂
店家肉量也給的很足😃😃😃","https://lh3.googleusercontent.com/grass-cs/ANxoTn3xK_qQ5HR1aNCulcT4R046_x10x32zVtgFjmf8IpKgZ7uT69QeZTqN3D09qEAud5Hp_X4S2MJvPocCHAqZfXbp4pmuQbCaF3Bj32O1gJSWrozrA6qb-svSUIGi9my6yUPqK_ew=w300-h450-p-k-no, https://lh3.googleusercontent.com/grass-cs/ANxoTn1IqyWeCpJaVvDAzTW3ZPGrh-N7tDDmaqZ7wTmTkSXTvm7CYRdqlfkSpm_hKzJIaA7VYPvUzPMUfpz3PoS4NHJL84r8hO-YnpjAcQgk1GPNFSxxFLSRNaXR0qBeL961OUWO9rKz=w300-h225-p-k-no, https://lh3.googleusercontent.com/grass-cs/ANxoTn2PgH5MvjAGdEYpswSoKY8HaOT4hFTFlzzNOO1UJ91vNiWo2U-gEPDDz0FQgSJVd0WB6hMsxbaUu0703z22GTcqxh1QeG_5oKfCYOiLUgSNX0JN9TC4BURSC30Poimo0UTTKSX99w=w300-h225-p-k-no"
葳,5,2024-05-19,2 年前,"五星肉加量

新開的拉麵店，來吃吃看，環境乾淨",https://lh3.googleusercontent.com/grass-cs/ANxoTn0_XOJdG83oGUtL-0ypoJMbVq_a21sTRsKgk9cly4xuy0SB0yADn-YSpuUJzResUcI_coJuaj7vq5vDABVW1D_crinuYJxgeV9X1RI9OiM3s5Ed4yMGmTwY6kzlZEUbzF37IBg9=w600-h450-p-k-no
王安琪,5,2025-05-19,1 年前,服務非常熱情，環境也很舒適，食物香香的,https://lh3.googleusercontent.com/grass-cs/ANxoTn0f8nd42-Z1KkD-KxA5_sBm0LGXh_K-Bmb71hFbsmIvEBAw6KpAqSWhR-GNgU_MFjuAzx1jxYMs57CMd9CLuC-tsV7BqCFV3d3V4HxjO-J2_dXCTjNIZ5D75OpYd6YB4auekGnS=w600-h450-p-k-no
Circle,5,2025-05-19,1 年前,非常喜歡的雞湯系拉麵，已回訪多次！,https://lh3.googleusercontent.com/grass-cs/ANxoTn03vUG7Sp7BrrQmE08G82ToWocbVSepwN-5VZIfSbPgTR5WoZuaizNHejZFhj_-lZUx_xzGFKjFYPGDf6fk3uyR8rC0kVuY32H_7UZIGppR8ADzI7MSWK36ngrZjs4FLlnRAlLN=w600-h450-p-k-no
huimei wang,4,2025-06-19,11 個月前,"用餐環境明亮清爽，廁所乾淨。必需先用機器點餐付款（現金）。
黑蒜拉麵味道不錯，可免費加麵一次。",
Lux,5,2025-05-19,1 年前,第一次來吃這家，氣氛很讚，餐點也很讚！,https://lh3.googleusercontent.com/grass-cs/ANxoTn3Fm2ZUR7WOt-1_r_uk2Hx9gYrj_RuXou9mc_j0Ml2TkZwWeYlb6G1sp8xSCdKSLAP1-F_8354bxxBglbZTIujr0klvURvc58kIT37T6Q7EZj4noJCcFZy4hpAZJTh8yaK3ezxUmA=w600-h450-p-k-no
Anne Smith,5,2024-05-19,2 年前,臺大附近的新開拉麵店！環境很優，麵好吃！,https://lh3.googleusercontent.com/grass-cs/ANxoTn33yTBxnDJ56aXYt9v4WRSwDKE16KX_OGqRqK2qcRc-xsAwn7J1AEchFu71ivvJUDQJNlabki-geHdZ58HdXhanPEJC8tzYGWMWTqcVJnN0VvrEIIpDsB3VnYuChEHA-Nqn90E8=w600-h450-p-k-no
Ethan Chen,5,2024-05-19,2 年前,"新開的拉麵店 環境優
豚骨拉麵好吃","https://lh3.googleusercontent.com/grass-cs/ANxoTn2PYKKs-kJq-MSImvU2QqFVaVOsltRqt0oyL2kaUTBvpu-K1oAZzzwTLSuEIz_cW3OHtz0kQLwQHVsOMfKgrKklTMAZGallTVuiDX173Q5jf_TkEfIx7Cf74Ewl34-XlZnGUuR0Hg=w300-h450-p-k-no, https://lh3.googleusercontent.com/grass-cs/ANxoTn3HjZRT7kwPWTDZBn8vEhE5OcnEhEIH5-PItQJCEY7ruk28GUuyw_K7SHzJ_xa3LaoRxtPn5e22RJMbZ-gqS-nQUCdlgI27ao60AySiKbVNYMeIbRIzCVbyYZo2b2ta57RpA-oV=w300-h450-p-k-no"
徐郁評,5,2024-05-19,2 年前,環境很好餐點也超級美味，而且吧檯看著他準備的樣子就覺得很療癒！,https://lh3.googleusercontent.com/grass-cs/ANxoTn15QSUEt6xOjA0dEjJbfROBZYV0rrndhjaFFYlsmCBLG6vBWUZ6OhOR4Y9xNrzzt95TK8wuFgZ3kOSTibpD0sMq9uAqHFSyo7XT_-HRt8SSCv7xHTAokKU_EMAuDnFbZWLIwNMi=w600-h450-p-k-no
蔡効儒,5,2024-05-19,2 年前,"大冷天來吃拉麵
麵好吃湯好喝
要是有置物籃就好了
（圍巾、大衣無處安放）",https://lh3.googleusercontent.com/grass-cs/ANxoTn0znt7fFjMcoFM7DZ0dckuPJKsVsP47o0obWuogFf8VCEDn5sv83MC4u8X9TuewNuxky63SyPOiPr2blCPOpfiIFq4RCYebuUF270FA_z1h819_QrWQBBMeqmCwCvy5SHCZ2RxE=w600-h450-p-k-no
Tsung-Tien Hsiung,5,2024-05-19,2 年前,環境很乾淨、肉很嫩、湯偏鹹建議選淡～,https://lh3.googleusercontent.com/grass-cs/ANxoTn12AkntC6Yt5y2p2uY_UZMWCID-xrjyequ65KmtgI29Fu5Js9XJGsi0aFiCIeczUxxxOGvjV0r6uU6d7EBpd2Qzo51fbVPNnaW7tQYcUeB5EIF7X4dw4RkWw7CdRQeG3w3we3U=w600-h450-p-k-no
邱琪涵,5,2025-05-19,1 年前,"湯頭非常好喝
配料豐富
值得推薦的店家喔！",https://lh3.googleusercontent.com/grass-cs/ANxoTn1Tfxm6N1H-QiGT9m1uQFdvuMO5wJ8eP_tswNl-rh-qxnT2ode2oE-3T6SsZLZdaGo3sSePoLaz0OtkR8F1u4TAPnVGQO7dxAljxvV-CTKtqs_FRQgJe7dMasQA7Bu-tXZPyCol4A=w600-h450-p-k-no
Eric C.,5,2024-05-19,2 年前,"很好吃的拉麵,來第三次了。要選有長樂字樣的才是招牌。",https://lh3.googleusercontent.com/grass-cs/ANxoTn17LcX4Ns3ePUYIOh7nrLU3oHJXDC2PYeRWBtWo6EQW43wX-KIVCWaUWr_CqJfvCqbIvzdEw2FruEY5M0Vib-V3dnLsAbdkSbFG-_qUhYU9km8zc4m6GjR2JcJTjJSODqqUHu35=w600-h450-p-k-no
A LIN T.,4,2025-05-19,1 年前,"點了柚子清湯拉麵。

⭐️優點：
環境乾淨舒適、上餐快速、拉麵擺盤精緻。

麵體是偏脆硬的細麵，湯頭清爽不過柚子味不明顯，都被蔥的味道蓋過。雞肉好吃，附整顆溏心蛋也很加分，柚子皮有點偏苦。

吃起來偏平淡，這碗要260元，
個人覺得以質量來說價位偏高。",https://lh3.googleusercontent.com/grass-cs/ANxoTn1vtjOPHETPLN7rBjgjJ1Z41nMzU3_t6gfBBcdxD0eYjG-BWfsBWlqPHLi3lnR1Mpo8811RtbgquLt_t_P3u5jmep8Nkm0ZSryo66sr-VUaZmWyc9wABQyRtpkcr3wKMORdN62UbQ=w600-h450-p-k-no
Lulu Chang,5,2024-05-19,2 年前,公司附近新開拉麵店，來嚐鮮看看，好吃唷！,https://lh3.googleusercontent.com/grass-cs/ANxoTn0An4OKSOSywj1pgj2zf0uuJX14AvPkiQ2U4oH2-2TxfGhb1k1LxH6PxI9fdk7gzQwlznRDcxg9pEqx-5r_Vg7GYzIP_zNR1MnA0Yn82bTXwVQ04baT8cinpsx3s_p6ZWAtWHE-Ng=w600-h450-p-k-no
Martin,4,2025-05-19,1 年前,"拉麵還可以
叉燒不錯","https://lh3.googleusercontent.com/grass-cs/ANxoTn1Euw2QsZlhOfnPRnvRt6IUM7FBD_got5eLwRnUnHaWFL4u5bshRBaQai4htSApxM6tDkvIFl0iw_rRslrq-ok3B41X9WdWzBOyauCu9Vrcw8oYHH8MrkaXdZ8k1rp6yL7SqiBUnQ=w300-h225-p-k-no, https://lh3.googleusercontent.com/grass-cs/ANxoTn3NJCLpWJllRFmZJ1ku2BkZPdzVZtekPUaXlflS0n-kb2S89T-aXY_3LzzYCSdtAeOnMZvTtAOqEDKVwyf0pl2OlksEo-XDQ-9dqTE31S7byNNF0YrMiL2PoSWFeJgmyKOM9J1T=w300-h225-p-k-no, https://lh3.googleusercontent.com/grass-cs/ANxoTn2L5rjajYLUDFveJldIyItdMnA_7XWIqfYD4szE1jmpB0d-AGvfHB4oo0vW4K8J9Ucjhikns-A854H8SyyEx7Caia0_5GpxpOuclv0ti2fEyXesddmFejYHErQticfZbjEMiijWLg=w300-h225-p-k-no, https://lh3.googleusercontent.com/grass-cs/ANxoTn3_9O17kTbNP-H-kbAdfx4AH4CCP54zQ7yr20x5VSGqcGFiNMq9zKQg0yAVpE-8gOyp9XWDuVvW5kDjVEzsOHiRFyC23hm-_vb_pxBvbEn2uFSpFGjFqzFLlke2pj1AQ-8JI2xt=w300-h225-p-k-no"
昱安,5,2024-05-19,2 年前,有別於一般的拉麵店，裝潢蠻不錯的，味道也很香，下次還會再來～,https://lh3.googleusercontent.com/grass-cs/ANxoTn2t6L8LLw_5s5kobi0edm2DOZS0e-GhMJyjJemnJBtRL-Ynt8xE9ggyUe5JcOdfJ2d0VVcRu4gdL8fmoIGILH6TIyoyveel-lLhMM8oCUocExYfX9NiYGrvHYZsn2Ots3C_KJ9KSw=w600-h450-p-k-no
黃詩珊,5,2024-05-19,2 年前,"豚骨拉麵 湯頭濃郁，不過鹹。
麵條軟硬適中 ，蠻Q彈。","https://lh3.googleusercontent.com/grass-cs/ANxoTn2m_EXneF-tK0mvcIZF09CHiBONXE5eUpcAhYtbKP0tsRfHMqJ-Zrd6du3OPa4nkW0-YPlstt_l0M0Xc82QkzUtSKYEOt_8VT-7VA-vHTbGgf1ZRIv2NG-vwEFnuhZpDI_AhX-B_Q=w300-h450-p-k-no, https://lh3.googleusercontent.com/grass-cs/ANxoTn1CR5NgEBCNzxzzlpCQZFp20NA-dOT9a9FLosTQf05naxHX1AQJrVFk_YNVBSGsekyqJaOkTCEK0KSrYWIkF4vbNDbSTKC_OOCts9-aaZYAFfv0hOrpUHhT_SPuf0Oz_RaA=w300-h450-p-k-no"
陳亭諭,5,2025-05-19,1 年前,"機台點餐

環境很乾淨舒適

湯頭清爽

不錯的選擇","https://lh3.googleusercontent.com/grass-cs/ANxoTn0AnRJJZbYJzLyNm02XIXXMIwsez78bYNoGBMu2oMOIJuzK-S4bylHC_NVGKlw7iVbmQnVst7Xn6vj89IwUVD7xoX1DdAmT3esv8bKhgaKiXPXeOxi7wXVOAh9z8IQIbJ1ux9nF=w300-h450-p-k-no, https://lh3.googleusercontent.com/grass-cs/ANxoTn3pGdHoMEu59tydWR8ZnuWaPwbFvNwls7GBvXlDURnaDR-yJkbZ4eZa7Hgyv8mGkx8-6Fc9InVhTYTeY2f-BeCRULN3Aj4DX8_Hy-DOwYfUQNuN0Ojwm5IMvcBFL9VnL-ZdEn62=w300-h225-p-k-no, https://lh3.googleusercontent.com/grass-cs/ANxoTn0GgKeMhK32-2Y7h43DFNEqAyP5af1RgRrTDFKOpxQRGI6JUoqJbICIChUjwcmJnscxiPi-Z3BLv9e5mvIVbE60sS4rYh4JL5JYvTS54nhEsqdsjAateT7aY-ExtwjTbzoasActyA=w300-h225-p-k-no"
黃致翰,5,2024-05-19,2 年前,好好吃叉燒，用看的就超讚😍,"https://lh3.googleusercontent.com/grass-cs/ANxoTn1gmst2V2ckIX3xjwSKoPcCIkQ3WhqNSwNSvFvNgJaJmV6cOEPA65FM26Q8q-s8sNVPsPleTPzcBiNSZdePPLzzntoDAqnnXufs8QdHuckpIkxzRSVhoNZoz_8ddhLBnJkg_SWS=w300-h450-p-k-no, https://lh3.googleusercontent.com/grass-cs/ANxoTn3NjuIbkYDp-ODGzNqXQ-1Jy2ZT1HLnXbome41wEIOfqRgW3vjvBDmjoKZDG4mQ0ePAoyDXhzSDfTOzCBckCiGrl_Po7Ch2PNR1nIasPNMOvORCFutFjRQuZiwsbGaEw7b_zTo6fA=w300-h450-p-k-no"
張裴恩,5,2024-05-19,2 年前,新開的店，環境很乾淨，拉麵很香！,https://lh3.googleusercontent.com/grass-cs/ANxoTn3IjUFHlO1UbNxoPr__oAUjaCCBh4Kfw_YTTd1i0Ee4943HZ6JEcl2sajam4TxSO_wN0gbAKcIGda3xu2dxCMajwanTwpvlelc3QR_PsHkNHcmaIisaJQD305lmKE9RuUpS0aqk0Q=w600-h450-p-k-no
Jimmy Kuo,4,2025-05-19,1 年前,湯頭麵體還不錯，價格偏高，沒有驚艷感,"https://lh3.googleusercontent.com/grass-cs/ANxoTn3Wnfd1YB2SmTb-EsCc1YxoUGShJ-QudwcWnXW9LkVFfVs8WKsgO4s5Z4XjA66B4GRC43zcf-HVyxh3M-RVwl9PSij1yquGzO68_rAlmBI6VwfUXATJ4ygLdU05HwG3TYproziAmg=w300-h450-p-k-no, https://lh3.googleusercontent.com/grass-cs/ANxoTn1pQ7HNj3wjyvVJM633Jltkx69CMjdHdue8bJdkhDMdtk9MGXVy_qKFchzE9dU4j7_TbMIwOZM722ZF8HDJeycuZ1CC6vtYCpt3uZodHqlXjbJaP_JcPaq0paHrMRNFL8iiJOI=w300-h450-p-k-no"
張力元,5,2024-05-19,2 年前,新開的拉麵店，氣氛優良，餐點美味,"https://lh3.googleusercontent.com/grass-cs/ANxoTn1x3AuFTsv1kYTcuNICbvLDCrzUkfRZMFVKJxpgdR9KudNSG7B9iU5JPR81MR2fpbnW7KMzGb7PmUq4oQaf0GhW4STxGhbIwSjdI83vxBg-R09tLzA6VYYnzzHHaItRlFauehXZbw=w300-h450-p-k-no, https://lh3.googleusercontent.com/grass-cs/ANxoTn2q247whwXYarhZZmzpPSwwl6K2MbJLrwYLnN74YcFflpZHsXFVPCXIhtOB48vDJ8TcK_CACf2q6QHLp7K7hN6sgpTr6bWH15JhXcOe5wHY5m_1jJOgORtGDoLgcmfE8pDB0_gy=w300-h225-p-k-no, https://lh3.googleusercontent.com/grass-cs/ANxoTn22y3Y97FsgJwDLTzc_cLq0IgIdvk0dgBSoApI2MC_KjvLRjYLXRmHEJKUDr085e_JrCJiT2fY_PFMxPycprkEL1RxyBphbCeujUYQtwLOP8XAMivpmsSW45A9cX7qcgtZb9X86Hg=w300-h225-p-k-no"
鮮奶黑豆漿,5,2025-05-19,1 年前,服務很好(⁎⁍̴̛ᴗ⁍̴̛⁎)拉麵也好吃,https://lh3.googleusercontent.com/grass-cs/ANxoTn2jHg000f3gKOOAUTYB-o_ptdAXZUYXs10DQ5CfIH7BjaMVr6wF58be2f-MNTalNKP-NVrWcKXW6kMjEPu4Faif7PL8Ps9bRl4xhZQwmnCqULKVXaGgGpQTCEZs-_n-6Pp4mak=w600-h450-p-k-no
Min-Ju Tsai,5,2024-05-19,2 年前,店內環境非常好，叉燒好吃，開幕五星評價送肉。,https://lh3.googleusercontent.com/grass-cs/ANxoTn0F61Tk4iN051mel7tn2neG49GD4yNWbU7IqVgf0ldtexapsUGAqjdz7BkCG_VKLBIV0bOtDoVF5SDJ5tzhvDOA9iI8uj_qr8ram9qk6x8R0gKyCqaf8I7BmyMj7_dExJciWocp5Q=w600-h450-p-k-no
Celine HSIAO,5,2025-05-19,1 年前,位於台大附近，店員態度超讚，拉麵好吃！,https://lh3.googleusercontent.com/grass-cs/ANxoTn322u2avmAmqaXPeZPmC6-Au7zek_dKJX2sfmv_50PhBuSUE8Go2MjwK0A9QC5nO-y_F26k2kcVq2gIPqMh0sHxebedqrK99TojpqSTOoi3eMe1fIHUQTjFQYCu4npLalKEhuQ=w600-h450-p-k-no
Wei-lun Chen,5,2024-05-19,2 年前,座位很多，排一下就有位子，醬油雞湯好吃,https://lh3.googleusercontent.com/grass-cs/ANxoTn1RM3HfJs9mv5K_F-fg3VWrL_a_NYOUON0PT_h83uaMxzT-n7e0jrPsh2wEukHGhaY6YAiSE5rF1R2l-VUOA9XAFxVktnIp9Tbuet3BmbxZxzBHdO0nWi730tnUOb6RXSUv8S3s=w600-h450-p-k-no
周耀宗,5,2024-05-19,2 年前,飯很香，豪華鹽味豚骨拉麵讚,https://lh3.googleusercontent.com/grass-cs/ANxoTn1lHSOwajnAG9AM6TO7ZuzOptejCBGKrRmkGSw68i0y4Nmr7gsJ8rf0TeRNUqxR7vrgmC86g_6yLHiq32_f7f6iQwdPB0nP6Bqv9KFzSzcBTUFl-UUY1eViIXLSnhLTt2Prv68I=w600-h450-p-k-no
Mussina,5,2026-02-19,3 個月前,黑蒜拉麵好好吃，療癒,
張峻瑋,5,2024-05-19,2 年前,醬油拉麵鹹淡適中，配上叉燒飯堪稱絕配,https://lh3.googleusercontent.com/grass-cs/ANxoTn0W39f_wqv_xU4hg0pAOp3HbzxoDIPhpt9v7gWuzWzh21MBHHFEfbKFS6o7aCsEqLA632VGIkIFuI0H6yE8OUthIQ_QjFcN4e6IyS_Bxa0_yOBQGNgoxNKWtGVeJMs1EtUOfSeB=w600-h450-p-k-no
陳禹安,5,2024-05-19,2 年前,"叉燒偏鹹 肉蠻多
麵好吃 雞湯很香
店內很乾淨","https://lh3.googleusercontent.com/grass-cs/ANxoTn2ss2PjkU3k_24tgmuY8C4-i968AO_Epz1AWZozoD15Ndb0WW_oQQigMUL96rRGKyJNUhu2IflaQEdO8aFtrjFS8k3MLV8ZSxscHsAMZafbZdJ75_qpR6JZP2-vnIa26tLM9zg=w300-h450-p-k-no, https://lh3.googleusercontent.com/grass-cs/ANxoTn0mENMItyyEMHzQ_OJvcNEUx6eIdGMKoF1Z5coQaOnWQlC1B-fhONcpUCX2qMsbKUot1sqsPFr0Eh6Ff9_FwfVUqvjizN4xwD7GCHeiKwjh5_uISYojw7Dz58nDE1Lz1R6JfxHIfg=w300-h450-p-k-no"
鄭宇哲,5,2025-05-19,1 年前,豚骨湯頭非常濃，叉燒好吃,https://lh3.googleusercontent.com/grass-cs/ANxoTn0gbCmT8Y51J9qdPCTS_PLvshhguvSUEn9j5x4HMgWGNwRauKBXcpkIjph59ePcJklqDdc-QZl33WhJy9mEJUC5d2JMQoNgvAe6MWwI3pbvkvzA4k3wrKq4PGRV1zDu5M2eBvkm=w600-h450-p-k-no
M Lin,3,2024-05-19,2 年前,"ok
整體偏鹹
雞湯底清爽
麵體偏硬","https://lh3.googleusercontent.com/grass-cs/ANxoTn00xqac8MJVegdeapYZgTXxEjT5JLddkY82ivottnt3fPm9atVLRZgIMuHoExzACp2nWdTYfh_amB2PzcwwyBPUuTDxULPtdTKF-4dwFjk7mJfW4xfagz4jX0dEWZWLDdWJCHQ1=w300-h450-p-k-no, https://lh3.googleusercontent.com/grass-cs/ANxoTn2RLXvgRAPrTcSP285h9cMrnairGRHnfa536QHkskUROTrdU0HKcIUf1IZG0mBlnlS_q4rAzG7-1l-ErrNActSlfvkQ-oDT5UE0m28_y_tPSOWRecO0ucbZXffm5Mm20pkwuDxIjg=w300-h450-p-k-no"
黃怡婷,5,2025-07-19,10 個月前,豚骨湯頭好喝！,https://lh3.googleusercontent.com/grass-cs/ANxoTn3F9puJx4MkY0COmVxmcrKg3JvZOnN6-fXxTTdRqgMIuHDA44anaqm78yv2oDVR1OKQ0aTHcGYtYhIY8oA2lwxx414qJniSxT1sELWYHtJtlxaFOKrk563Ov09kdeZbik4bK9J1DEnqE3Y=w600-h450-p-k-no
Min-Chi Lin,3,2024-05-19,2 年前,整體味道蠻單純的，下次再試試配料,"https://lh3.googleusercontent.com/grass-cs/ANxoTn1oaVCv4rMTJ1MuvtFXojWeN4R2QUGnUyAMNYOCqTqxTaaqSzV3EdDOse7ehQIrhJznThbniXMLIBCKa7rl7sbnhPuE_hLBGtS7YGN7M8IofdzLp8LeqAVR3w3mXPDn_LrmiFc=w300-h450-p-k-no, https://lh3.googleusercontent.com/grass-cs/ANxoTn0Q3yel0jFfoRJAgK0qNMoIVq-EcaK_Z-cRs04fiyNcAYBfZ9EXQo-ve4c4uUN1Qp6otOYh5PVa9MH1lT-8fyRDMpUMyl9VisiDGbNB8iXrBwyFW1jn9rm129lKNm_zAU-88D3o=w300-h450-p-k-no"
姚惠元,5,2024-05-19,2 年前,內用位子多不太需要排，雞湯湯頭清爽,https://lh3.googleusercontent.com/grass-cs/ANxoTn2WOCJKymbUJvUVMul6wa7tC-5A6NALPqT0Xwi27bxz-ovVDD-mniE3g_l6rzECnznZ-jUA2vj0zx2AEK9ATvjqJCAMSrAqfRa1QdyJux9uG-JKUW5PNcbe4ggj-11L_-q47dZWiA=w600-h450-p-k-no
Lily Chang,5,2024-05-19,2 年前,氣氛很好，拉麵擺盤不錯，餐廳裝潢很新潮～,https://lh3.googleusercontent.com/grass-cs/ANxoTn09kn6FYk45GtFmIOae7KaRjEYsi95HcF9oCr1ZLOA3Aj2rRy3V33p2AaxWCD3OHmzGi7aZBmITSZO7ikutN0z7f7sPEteKJPVqOMy2N_YkBQiTvmf9MsLcZFarxcBmB6mkrwy6=w600-h450-p-k-no
Grace Liao,5,2024-05-19,2 年前,拉麵美味可口、用餐環境漂亮，很推薦,"https://lh3.googleusercontent.com/grass-cs/ANxoTn08PFGLsh8zh2m78RT49v8Hdq_Cyke_TJAoP-oeKlWQ9UkRaJ9eBdjAcVrmyaiCgnSvN8PmrDyobH6IVxEnUGBfBFsVotPVEBR-It2fFUCgZPMZ7wqhZwKrrnKKIovLEbubuqqu=w300-h450-p-k-no, https://lh3.googleusercontent.com/grass-cs/ANxoTn3IxsBYG6eKRUciWkoJcP1EobLdv6LwB30yDXZ0vtka48tp0tJeFFJ95PKkLrQTxkh3PqiVmtd5N_iLcOMm-fUp-whKNROQNzuGaWX6i4Pu26MgM3QR_B6k3ayEwG6p0nA4nw6P=w300-h450-p-k-no"
陳沐恩,5,2024-05-19,2 年前,不錯 覺得淡的口味就夠鹹了 豚骨很濃,https://lh3.googleusercontent.com/grass-cs/ANxoTn2_heOm8pVkGRMXo29vaq1WgV6SLeGVAtBcPF8B8lHDKjj0uIJ6u-hSG0ja7v98CDr-g93F-NZvTpxyBt6rLo1Zsrosf_wYyrAxTs2797jbegbftZDkn-86lt8DOn0vdtaAdv3i=w600-h450-p-k-no
Joanna,3,2024-05-19,2 年前,"新開的麵店來嚐鮮

機器沒寫麵和豪華的麵差異在哪裡

所以先點基本的吃看看

環境乾淨明亮",https://lh3.googleusercontent.com/grass-cs/ANxoTn2RscaNzr3DBGbd8E592q0RRbuL5nd-WH9DrWWyFeQ6KZ7_SEr-4qbE6v5PFxtWqszGjCJTdwQG7IBuLmzs3NQs5BDGaaDMYtdCcXmzHdk74LFCJNU6VWQfnXRBWkBwSfo-Seee=w600-h450-p-k-no
邱冠銘,5,2024-05-19,2 年前,用餐環境很棒，服務人員態度也很好～～,https://lh3.googleusercontent.com/grass-cs/ANxoTn0j6xl51HPJ8NjRRSD2fDB1LioXZ8o6o7VsNf5Ixt37z_KNIIjg2VQoPddXx5FwPBjfoWuHDCpPkoXQDamaqCeDGSWzdRPfpD1NhKE-q2Q9a8PWjN-ybU1aJhZgRS7ezIoVqs0P=w600-h450-p-k-no
美食公道伯,5,2024-05-19,2 年前,"長樂豚骨醬油拉麵
肉超好吃，但湯頭偏油",https://lh3.googleusercontent.com/grass-cs/ANxoTn0ZlVg4x3B-2QVwgC9cDqeIp309-x_u1xrDnGe7l_8BzgVETqVWrcOYxYla0X7oMNKNFidII2bekjWih_isHDWr3-ww0x6y5VJFi2vXwBavN_SwxQvPPkKBw5hxM9hpuHg42yvc=w600-h450-p-k-no
Amanda Chou,5,2025-09-19,8 個月前,走進巷弄間意外發現的美食，點了雞湯拉麵和豚骨拉麵都非常好吃^^,
Christine Hsiao,5,2025-05-19,1 年前,拉麵很好吃～服務很讚,"https://lh3.googleusercontent.com/grass-cs/ANxoTn0H4CdN5lfCzamhZybsKSv2oStukFPxzjwfCSxcnV9fPM2vmOLksuIYBpC1uDqzWJZ3A8NE2uG_jumiTlco2tEHZ87DuvcBBBCRr68RtjLL9nbOBLenC8bWaJUX_bJcMwJ9oKQc=w300-h225-p-k-no, https://lh3.googleusercontent.com/grass-cs/ANxoTn1QmfH8hl3UvqkYBLRMDXHaK3MOuOP84UwQDnzbzJzhxaF_2vkK_PD-GLVnXego_SBBd54Xwe5D_n_zqe4FbPxsVspKMZ5WxgDiD1o_uBsflblHzBGJUCpKE3yiMqh0Y_hTC8u_=w300-h225-p-k-no, https://lh3.googleusercontent.com/grass-cs/ANxoTn1gUIdFt-_rnpP35POWSvgmpHQ9f21OkL1s52_Uea-HTSEngDH_fKX-gdgZqU3Yg-EyGyUpLFhEgpZ7rfdorgPa6uZvTgxR_0GJmFaP7b0hE5dfyzpchZvcwJzk0VWct9XA5992=w300-h225-p-k-no, https://lh3.googleusercontent.com/grass-cs/ANxoTn3DMh-EXnfNacYNB7IT8hohbFdQp36iCQ0luBhZTuTa8O0-D7X5UCHTR6YYWBDla7JkjZJbjObIqA2xV4ub8-W5DzcAh-YYc1_zsjtK42lh-8eTFaVooA7HGz9QSe3OfCsAAQkQ6A=w300-h225-p-k-no"
cheng sharon,5,2024-05-19,2 年前,環境舒適，服務生很親切，湯頭不錯,https://lh3.googleusercontent.com/grass-cs/ANxoTn1IWlZRSq5O3ftMRviA3e-oUk2oqgAZoMoX7_qb39F8LtZfPZgMtYASW-npBOwMAi8h9TjBKKrSaysBe8_SKQ1niIuMFa_wLtgOdiOvKH95x1q0rkQKHMvveHoOSC-nZhFjSY7MNg=w600-h450-p-k-no
sabina Hung,3,2025-05-19,1 年前,"希望能對顧客貼心一點。真的不是每個人下班都能輕裝入店，兩個人一桌，堅持只能配一個小置物籃，兩人冬天的外套和背包，到底是要怎麼疊？欸，不是每個人的背包都習慣放地板欸！

多要求一個置物籃，還要被口氣冷漠的回說，這樣別桌就沒得用。

食物是好吃的，但是食物還沒送來胃裏就一股怨氣，怨到好吃也想抱怨，拜託，多買幾個置物籃給顧客好嗎？",
Daniel Chen,5,2025-05-19,1 年前,店內寬敞，服務親切，食材新鮮,"https://lh3.googleusercontent.com/grass-cs/ANxoTn07Qs9CmSHcjvPI9wWYIGwfL9YB-ktNvR5lP0AC1QXHhrFVM62sweDRg40fON7bz9BJqzxcCMW9ugaoE8RLCyZwjNP1KRcikR7DFxicfjeiivztlzapWcggVPQ6FBzj_0mHT73D5w=w300-h450-p-k-no, https://lh3.googleusercontent.com/grass-cs/ANxoTn1HS9c3ywjYMfuGxIKlmbAUZO2Na2CIYuc-ADG4mE-IEpZsnBafMG2NjMWd4ptukkQgpKn9qWKXGlIjf8l5w0Iw8_BAFNsW2JP8HTClAQFV1oTHsjHdvW9z5t4MIr1hE6VYNLP5=w300-h450-p-k-no"
陳頡,5,2024-05-19,2 年前,空間很大 剛開幕目前不會排很多人 可以趕緊來吃看看,https://lh3.googleusercontent.com/grass-cs/ANxoTn3S-T4x7Z8o_pwUVGTp-M9aZgjFu4vl9PXabju9EE-aHmIPFqeDs93e5novLp93U8eDoUcoBacBMTmvOwPm_Mhv3f5UsK_uOhLUTJVnVItoWj1IeZcsgRHQSjFt4gP6NlCQ4spCTg=w600-h450-p-k-no
張佑丞,5,2024-05-19,2 年前,"薄荷糖看起來很高級,
要給他看評論之後才會給你肉",https://lh3.googleusercontent.com/grass-cs/ANxoTn0STXvvDdoK4dQXOyV3fpCeESv2xl7YHe5T5dBzQ7tHzzx4mpRhRjqOiOooHkxXBR0qROCoypeJVvz3WwDC5PwYdWh-b_2BHWHnMCztQOXCgnabgsrYFsD-Y5JSB1rOV6-vIeu3Ww=w600-h450-p-k-no
陳建勛,5,2024-05-19,2 年前,湯頭不錯，室內溫度很舒服~氣氛也很好~,https://lh3.googleusercontent.com/grass-cs/ANxoTn1wQEQgn00qBTsfT5UaJaOp2WGjkXS724-euPLubYCnCOPNGOZrJBm-S2k6cRx-8E56L0EOo9Aw463IYmxTSU6-4_SybgXtGvQ8NV1vEMb1CuYWaKpNtAkZ9SDBISfseNvOnx7vgQ=w600-h450-p-k-no
鄭鼎勳,5,2025-05-19,1 年前,好吃！喜歡拉麵的朋友值得來一試！,https://lh3.googleusercontent.com/grass-cs/ANxoTn3cvHZI-T3JoZSGJV7YJ-Ja1nyaJStBYBHliUFZP3u_FmAp_LlMT0TUNRhNkjGjqfBny_Lk45JLl2lXjj-RUOYUTg-Ny8zBY-GtBhCdkfUkBzzbo2Op9ZJrEMFJA3m5WyW4iPKC=w600-h450-p-k-no
鄭若晴zrching,5,2024-05-19,2 年前,蠻好吃的 服務很好 喜歡硬麵可以來吃,https://lh3.googleusercontent.com/grass-cs/ANxoTn2H96LkNxU4ombX7hllgCOZg-riDd9ctNay5XMnKbU0yQQ65I7ft1sO5MTEQ5nshyy_JZtDA4SVl4ShAh1DTNd5Thu3CU1XPqBn2isTcrZWjdTDp_GJeiNe6616TZ3bPdo0A2P2NQ=w600-h450-p-k-no
陳可邦,5,2024-05-19,2 年前,還不錯，店面乾淨很寬敞,"https://lh3.googleusercontent.com/grass-cs/ANxoTn3ckThogKHt3zt4huegGxt3WPiInLZmAJ2zYkArCB-I_10-csAVKjlswy3IW5kBHmmlKfPz9KNVPyX5VDZhNqSyGqDivmTbCn-BUO7pOwbkIss2LE009VQiChZN5sJvz9XpZMsuDw=w300-h225-p-k-no, https://lh3.googleusercontent.com/grass-cs/ANxoTn0BMpE0VNiYlm27v6wqUxHyW46ayl6_ckvS7E8j5Kq46bN0J0oX3v0HpCUiowZtv-7BGlPRi8VIRcHhKoXl8K8xa-48J4ZI_HaOdOTxxot-_sooiZkenhq0OnCp8Ewmq5V3PvgQ=w300-h225-p-k-no, https://lh3.googleusercontent.com/grass-cs/ANxoTn3s7SK2GRcutBEAODiyq4dccDvth67Hx0nRuItG6wvMEylfLdlCbQ360OGVCNNHfYzeUIAzxsLPuJUqilJVBdjSbhd0FKmaYV06MkYjBMW-XaagZNB9epv5XtyEjP8QZg21uO3Wow=w300-h225-p-k-no, https://lh3.googleusercontent.com/grass-cs/ANxoTn3tXzr4gGl2eh8rBaXwyPcrvQX6sTf95cg0TKX3b-7HHFgsLWyEmVZdNRtDF4VVr_Z9cOjYeeVtRvWvckFV53p3DFTk9Eu3WRyPQeH0ksL1yqTPOAOqdY07juSZbeTkE_TY1OfH=w300-h225-p-k-no"
胡海晴,5,2024-05-19,2 年前,麵體硬度適中，湯很透的感覺不會死膩，好吃～,https://lh3.googleusercontent.com/grass-cs/ANxoTn2wFXK5H0L0dAwQK-6hFREpnB5RBan3CJTsZyMofzirmta046PA-yuneGwvBBedsFBQtlx4XPrZPtAER7RqlTqhwhcTYo5CkE9EAbgG-RqkNUCO-V3P7zCNW6MlDY46qotlOj72=w600-h450-p-k-no
蘇楷翔,5,2024-05-19,2 年前,醬油豚骨拉麵，湯濃味道讚,https://lh3.googleusercontent.com/grass-cs/ANxoTn21Z_9WPhx52fz_iB65dgIB3FYwkU1o5RLaN9C7kqRgofooV-1h_RrUvPC0IExBvKi2sOhkigTc7elSAgbJeGcLU4lVIsqbZK9-x7mpXwOQJ3-E9nMms0sJKg7_U3j17qFvDWdYOA=w600-h450-p-k-no
劉庭安,5,2025-05-19,1 年前,好吃的麵和叉燒飯，用餐環境很優秀，窗明几淨。,https://lh3.googleusercontent.com/grass-cs/ANxoTn31zQZxvB2AT6faTXBr-HNjDQEwP_Ayekjbkb5_zx6s_bmw5LDwkYfW053baWPI8leQpIaBqxQ_QDXmnEwAMXk39Wd8v_GMgqnd6wMfygwBsKE9gX1CPmroIXJzPqCyuhKsy_ofqQ=w600-h450-p-k-no
Nicole Q,2,2024-05-19,2 年前,湯太油了，喝不下去，其他還可以,https://lh3.googleusercontent.com/grass-cs/ANxoTn23lZX2GJXiIe2mMcF6BzaZcf-EAZOCyffcdsZ6gRaxZxeudXzLPE--vaWPNCUNkupCV7xHTu6wz_f0i7WHruVxll3WmaaUJaKoFFM7qzK3kgq38wzQ4_2Atil35UFAVkBPwDPw=w600-h450-p-k-no
傅小迪,5,2025-05-19,上次編輯：1 年前,來過很多次了，用餐環境跟氣氛一直都很不錯～,"https://lh3.googleusercontent.com/grass-cs/ANxoTn2n7l9_KVsyFafwjtMhDyR37spcgGVnXAFrUzfQO8dbPxLChlAB72Z6VwmK9MG889Jk7l30gXY6QTZEN8MVsbGi9fXUQlEs5oybtuv9Vdp3lc7zfcL9p8hYCG7KTmljMnBp73ON=w300-h450-p-k-no, https://lh3.googleusercontent.com/grass-cs/ANxoTn0WQxrmGv2iaiAxaPfFPBhpXLt5QPAXmS4WakR0U4PueMJ2D9UspX8kADsXBAmlNtCwgcj4KcOq6HLu7RHQW9rfrMAlJ5HGacKy-SE82hjtrTp3J927Tj_6c2PKF4vyWVtq4cqHKw=w300-h450-p-k-no"
A “TTWW” T,5,2025-05-19,1 年前,來過幾次都很滿意！,https://lh3.googleusercontent.com/grass-cs/ANxoTn26hk6E0CMOcErrm2U_rzDi4DkL59vSQ6ArgH2s6kz6GC1yrxZQhSi7LzJ8D_7NmPT6sRGUx4KtvcgSVoLaFpW8KLijvaWSBKPNBpvFD27sug7swEI9gjujCoFdB88zdr2ucMEc=w600-h450-p-k-no
饅頭之,5,2024-05-19,2 年前,台大附近新開的拉麵店！位子很多基本上不用排很久,https://lh3.googleusercontent.com/grass-cs/ANxoTn1TcZ9BS8WDST-whL_xToVJcnTi8Apx9QUgCzTTcUebh9fycjCsbU2rFT13TKm37tx-55U8jSvsXw6uFxnPnUqRyQCDkOn-tMGgS5ImCDisqTM3Fu4SzVckbwr9lUtwOkxAo-q_=w600-h450-p-k-no
林佳德,5,2025-06-19,11 個月前,"還不錯唷！
這次是點黑蒜拉麵，
湯頭油而不膩
叉燒不會柴
給過",https://lh3.googleusercontent.com/grass-cs/ANxoTn3qp80Np711IcIn1p9pbe_XIjEERISqH2N_wrhv1Zqby4FZei45AWU3woTBp0i1mkkKUYK5UGh0D15HqjfpJ78GlmFX_qIjXzSpZTzdK9JJT89W5imoUrO5u6A__XDC34Ij57up=w600-h450-p-k-no
Jia-Ying Liu,5,2025-05-19,1 年前,環境好、口味好、服務好的 💯 拉麵！,https://lh3.googleusercontent.com/grass-cs/ANxoTn0s11zTBwDCzMe_G-BY1UzVsHfnt3gphhER8y4nUGGiKdIrG6L-XnGWHT0PGGytC9lMvmeROicTPtNa26MdLpOucrhnJ6x0wX0xT5dybESftREF2xt6pG4W7zYDThmz8qlwUUzY=w600-h450-p-k-no
Elfin Jeng,5,2025-05-19,1 年前,"餐廳明亮乾淨
鹽味雞湯、叉燒飯推推","https://lh3.googleusercontent.com/grass-cs/ANxoTn26Vr0VgZRXAKeMg4ggBdmkIq0fzz8Y2hRWYXxDOrR2cAw1vuSSsSxhCt24Crln_T2Z6LVWXhiZuIbSPzAHTLjGt8Bqp2d3rSzn0F95jzsagbY8O6d2hV3m-fEJJSWRCWOlGrzO=w300-h450-p-k-no, https://lh3.googleusercontent.com/grass-cs/ANxoTn3ch6cyOJe2fctdPGrccyR-bwbDOORLExjYigYWUAyiGCmjdTnd6u5QoDfHtMTF8tBNz2rFxtBO3FU_L49TF8v59EKukuP-pHiSSn5EMpPvcKVGo4qCBEbT9_2IEPX-WhDGoX8i=w300-h450-p-k-no"
黃聖翔,5,2025-05-19,1 年前,乾淨明亮、拉麵好吃好香,https://lh3.googleusercontent.com/grass-cs/ANxoTn1qBy1Khjq5F4Vcy-81ZBUHhaKEziF93W_0wr6X2mbVW0XQ6qrLOkcI_EGZU11kGh43W2APd3gQYWQxx2TVbJDYb0abXgQNzer12Xj1xFa_pdOmgbM-6Xl00fjry8YDXQzUMm0=w600-h450-p-k-no
賴冠廷,5,2025-05-19,1 年前,今天下大雨沒帶雨傘，感謝店員借我雨傘。,https://lh3.googleusercontent.com/grass-cs/ANxoTn0NUXF81CtLSfLazUWAWMhd21jgEaFvAEg2VFspxTLoVmORFNvkaOD_5rr_PK-LIdXiQRgfzgnUhhtYIAxJBx9Xe2aQCS7l4Lmx_woHoOr5wxpSVX0zEh8guwkpLZvx-aHnCTEEBw=w600-h450-p-k-no
Harrison Li,5,2024-05-19,2 年前,店很乾淨，雞肉叉燒好吃,https://lh3.googleusercontent.com/grass-cs/ANxoTn2uhZ3wp5SoXJYTZM7hPA4Isdytu3ZJjOn2X8lu0pJ6dezR713A2B5cEzmmrM6mO-Ffk8-enBxjovuSGsKP9OT2Jqf9t2t5-wTjp0LUlEpnc_Y04ECvwPeZnrnQ72mbs2vAsUvp=w600-h450-p-k-no
pinling ke,5,2025-05-19,1 年前,雞湯好喝不油膩！雞肉也是！推推🥰,https://lh3.googleusercontent.com/grass-cs/ANxoTn2mpmZCzy4wCY7cfu_kuGuITbC3tlFsLVqbp3nXKyuRkDBUSvEsEbxS0Z5caFj31CHPHvRwE0RJHqNwbzX12YB3VjWf01KyfVfbVJ2N5TnkNgeO0BAWI9ft4_QqKdCNhi_1endx=w600-h450-p-k-no
喬伊,5,2025-05-19,1 年前,柚香拉麵清爽，炙燒叉燒很厲害,https://lh3.googleusercontent.com/grass-cs/ANxoTn07WoM1aCaKUiC2Rgj8SC-oy16x0bKsypXWMbyH_JjDVoBK0qqE_ex7UH_HPdUYbqp-wJLWa_I9-NMGvYgyj9DCJrArlZuyeWV0VYbxajfiAxAAAHyO6zcFPJEdWiW8fDfW_Fvj=w600-h450-p-k-no
王婧妍,5,2024-05-19,2 年前,可以調整麵的硬度對我來說很讚！🥺 …,https://lh3.googleusercontent.com/grass-cs/ANxoTn1h1HogwU6RJMFIA3LTMg3LN1yienfEeg4HFM3YN6SA-r9NJJSa2iY-KC13x6J9pHZcnbYKlkzRyKie6wqakbqMg-899jOR3w7URDvejk8Thl3aWyyWgZABTa7wnpiozktxZSM=w600-h450-p-k-no
陳宥秀,4,2025-05-19,1 年前,"覺得大概3.9顆星的程度。
我點鹽味雞湯鹹，男友點黑蒜油豚骨鹹，兩碗的鹹味差很多，雞湯有點過於清淡，再加上雞叉燒本身就調味較少，不是很有把它吃完的欲望。
麵體軟硬適中，但因為配置上我認為麵有點過多，吃到後面麵就軟掉了。如果糖心蛋放半顆、減少一點麵量，價位上能調整稍低一些會比較好。",
鈣鐵CaFe,4,2024-05-19,2 年前,點的鹽味雞湯拉麵，湯非常清，喜歡清淡的可以點，但我覺得有點太淡。,"https://lh3.googleusercontent.com/grass-cs/ANxoTn2GiDRWymPB5JfVX46LoIL4-9Tc3EJ-LubKSejboFQP8R6WndEhLhIXMrDmJk8bU-truqMYpHT05M8U3IhSkH104z_A8SkuI0JgBahDs3zqL_kzqCVqf39o16nGZAUUB1oVJxGM=w300-h450-p-k-no, https://lh3.googleusercontent.com/grass-cs/ANxoTn22zPuBK306uGkLFsSK03ADMMkWvomENENyNOz8tjcCmDX_W7C1lVOeLPl4L0XBUHlhqDujtFou96slvuQnCxGYt7En4SJ9hatuVcMfVMrg-_UeFM-MFGrBju4gxWNFodzD4d3n2A=w300-h450-p-k-no"
Steven Hu,5,2024-05-19,2 年前,開放式廚房乾淨透明，店員用心親切上餐速度快！推推！,https://lh3.googleusercontent.com/grass-cs/ANxoTn1HP8YBtdGqyN38K5GMsTG8xz9IeBwghrOHSFRMfTPDHMtC_8DvfcC_JgKvCR0kol3loMSJludRGR4-ZuC-rxjLYhqupMo3lz5JRlgShX19E9byAcyt309FrVgAof43hBG0maSP=w600-h450-p-k-no
musum,5,2025-05-19,1 年前,黑蒜油豚骨拉麵香氣濃郁湯頭好喝,https://lh3.googleusercontent.com/grass-cs/ANxoTn2QImxAXEDDJdATgTWwIxW0o39qor1BqpQMNwQLHpo2_Hr3gx7z3Ho5Qbk7jYUV2B7zxyBLibUY8rdT9q3-6Wzjn4Ly-W1cauO71L6PN2Fup9KMyKGKFfcUvtzKQ_0pMNfSe-3YqA=w600-h450-p-k-no
Lin M.,4,2025-05-19,1 年前,8點前往，座位寬敞、明亮、乾淨，但雞湯系列已經售完。麵體好吃、個人對豚骨系列還沒培養出味蕾，希望有機會再嘗試。,https://lh3.googleusercontent.com/grass-cs/ANxoTn3ONLPlNX6bf8WTE9AUP45VGTV9WlUjVqJKMPC7h1YfYTrGDeqTlXK5QIy-OTGd2ASO6Teyxpk2poTZkCDmyByuoAwu-MnSR0GCB1OYqJzueRI8ZPFnb_lvFytSsQsQ9TKkYBw=w600-h450-p-k-no
Stanley Lin,4,2025-06-19,上次編輯：11 個月前,"有點貴但不錯吃
環境蠻舒服的",https://lh3.googleusercontent.com/grass-cs/ANxoTn2XGdcmyW4vdQGjY6rjpUIm8EOHpHJvrEz9RggJ5aHPxD1QtV5L_vdrfG0Tk6izic8SRDBdB9hev03CB1xpwcuwmMKm3N_4bj5DH9kcXjsnXUv7Ap83QktG0YmMIw6OKj4oQEJR=w600-h450-p-k-no
王冠傑,5,2024-05-19,2 年前,湯頭清澈 用餐環境佳 店員親切,https://lh3.googleusercontent.com/grass-cs/ANxoTn2KcerwaNOiFYbKDu1nm48SpmDXkfhQmCDFtfF6a5FXqzaxjCqzfToCA27Hn2IclpzQB6XuKO43Smom2pjh3e_nZ9ZLb-C7DHcILTeq7T_hO_mC8dr-JoGoZ9YEFq_46n8xSMM=w600-h450-p-k-no
Wen RC Chen,5,2024-05-19,2 年前,鹽豚鹹味的湯頭濃郁，個人喜歡偏硬的麵條，這個有符合！,https://lh3.googleusercontent.com/grass-cs/ANxoTn1-j0lVR3-JKvqSFgBmmxnJ6IoIjX8n8N6zLtd_Kkw5Ysok1z6SXeuJHStMXyaVB5k_SC4KAkWTdHIrvipFMSiHSrGEtL9uniqOtYIszZC7oFXHbROH4Cl6BMhBIjbPlWoN5VRhtA=w600-h450-p-k-no
Charles Tai,5,2025-05-19,1 年前,環境舒適 餐點美味,"https://lh3.googleusercontent.com/grass-cs/ANxoTn3_Nx88N80Hd2hU2LCaXSob0Dl18usIqyvTr14DoL0LFTtZcaZ1ZfeoKMBpdSE3jsy2ydnTRWMzQ_0DoPbl9oLgxuKRJPzH_TxdrOjBNO1hSctq-Tx0EcYGJaPAKUsGB9IUIF8=w300-h450-p-k-no, https://lh3.googleusercontent.com/grass-cs/ANxoTn2x07CERb6PAke93hBBSZHEiADaXsV3WX9F2gFVUkCFLKmJdJYjFVxuSO6cXehb73P6dwOH-5LTI3BQyO9fEZEUyMuS-CcfDhGwqJSg24rOuN7rn0d8t1eXto948OtCcTwJRy_N=w300-h450-p-k-no"
Publius Cornelius Tacitus,1,2025-05-19,1 年前,"同樣的價格還不如吃其他間 沒看過加麵要40元的店 如果好吃就算了 但湯頭也一般般 豚骨毫無層次可言
唯一可嘉獎的是溏心蛋給整顆
但就是一般水煮蛋 蛋白甚至沒熟",https://lh3.googleusercontent.com/grass-cs/ANxoTn2kcW7_BRA23GwqmKQJ9a3HP5yxktwm3PI1My6T-YnA2yr4smlQufUlP9YC8uH3-lwDmDUICHr9JrPhpNlr6vGpAVPJVB6PiyZoFlPbYCvN7z3M-UzxEWn6ccouUwpPnqkwS9ub=w600-h450-p-k-no
Alice Du,5,2024-05-19,2 年前,店裡環境乾淨、湯頭濃淡適中很好吃！,https://lh3.googleusercontent.com/grass-cs/ANxoTn2u5gPaAEf8En_3CTZKEzRA3THSbtGFDsYflMtuwCDcuu7Mr_DTl7GbHGxc655EEZRqQWJkDaWE4u54g8qso06hUqFsMiPzvYNAScoc-uiFDyBdfBM2k-zBz_kkHyjAodBlXei4=w600-h450-p-k-no
Ch1stao,5,2024-05-19,2 年前,服務很好 拉麵很好吃 值得推薦,https://lh3.googleusercontent.com/grass-cs/ANxoTn3ZOuWT6WnrkJtekFTGkgPNTzpgc7uI_xPpO6oIVbtfeC4VQZhc13cx4hMEBPjBWHDgm2P0opNtyDMz2tHKonEnpJIoB0g1naQBiQUxUf1Zzaxap7sibYqt4bgcQkaAtj8FhYhI=w600-h450-p-k-no
Zoe,5,2024-05-19,2 年前,口味不會太鹹，叉燒好吃。,https://lh3.googleusercontent.com/grass-cs/ANxoTn3BfKzTulgvCEN5KjkF5wFeyikLndYdYZHd91qVA9iRonKDG-FVSanuaJhJztpRi6u2KcDVQQndx6eyFE8GJAv8QciW5L0D83hmeFHVTxF9ZPA7SRL4Rc_0CN06hZpBQGeF_3zq-w=w600-h450-p-k-no
油庫里,5,2024-05-19,2 年前,裝潢漂亮 東西也好吃,https://lh3.googleusercontent.com/grass-cs/ANxoTn20gwJ7CQ0cDbgbT3DJnxMuk2CMYWJrnUYrfr7ZTAdaoZ7qxoyEZTQVL41EZnlkLlUHw4qa0ndvUOwdZLvqxsYQnGS9RHqoAPiAOnCeNJ45bEzq1Nn5kd0c6qyB_Up5ox0OuIIlEg=w600-h450-p-k-no
Xu Xu,5,2025-05-19,1 年前,好吃，湯鹹淡適中,https://lh3.googleusercontent.com/grass-cs/ANxoTn3qlluGZMeH4LL_DeUAfGvK5py4IHxIm7x07BjGuRYUKTX4z-Tf_1z5QdxdnEnMufT9g3qjbQGP4cmPwx4xM-e03JOtEShCXDfWIWR8DIdBSSsZsOeAldXe7MqS0SgIbWFickKAAg=w600-h450-p-k-no
許家誌,5,2025-05-19,1 年前,香氣十足 氣氛好,"https://lh3.googleusercontent.com/grass-cs/ANxoTn0i6y6DmFwnMrxqXF_9xcT26se1nlLOXB4f132go3eUaX9TXfwf9HUM1MznnWgrA6A89C1TCJ9c94Eg18WLbw6KXHo1JdAhRNuZ6VXNKnJ4pmgH4-VuFWpG6g8fvikCLVrp7zZ1=w300-h225-p-k-no, https://lh3.googleusercontent.com/grass-cs/ANxoTn121CmZVsZ-ToxEBAfRsTzbUYPz2BtN_2ILareIHrs8bQ1voow2N1omCtpPw1A2vyClKSrdec_PhDrd90y4tLRT3v6BnvAjEgbbh12NC6J6IUefJkv6cBAGPZmdCS5B7J5TYQcv=w300-h225-p-k-no, https://lh3.googleusercontent.com/grass-cs/ANxoTn0MBPomFfBvkyIP5JROe9N7FZt_zvh8kO3JBmL5RgdRUHPYGSNWGzXe7W5806vohCCl0Ownc_lSZwAbHwDqeilPxxoLIGwxx-yUyaaCY5B9pZ90qslNE0lfylOR3R7A94hpsGqE0Q=w300-h225-p-k-no, https://lh3.googleusercontent.com/grass-cs/ANxoTn0eSY0JLzIbqVZt4rzc0jMqlrkaMoeYItgbtRz32didflLt6MH4yUgKTTRb_Vr3qW6xIIwFQiuu2qz3mNlYsIa48WMRAVYLqmnv3uRSEyaTXNZRWbSWmCxnt7QiuEFQiXR1L6Wq=w300-h225-p-k-no"
A-Kwon Fang,4,2025-05-19,上次編輯：1 年前,"公館站的台大側門對面、從一個教堂旁的巷子近來與溫州街的轉角口上，原本是間有著大片落地窗的老咖啡廳、近期是換成開了這間拉麵店了；同樣也有著大片落地窗和更光明透亮的內用空間，與其他拉麵店不同的是座位寬敞和多樣多了，除了不只一處的吧檯位外也有著雙人及四人桌位，算是比較適合朋友聚餐的一間選擇；而主事的熱情待客和製餐快速的手腳也能讓人客在北市區有著與尋常拉麵店較為不同的用餐體驗。
230元一份的醬油雞湯拉麵，在有著兩片豬叉燒、數條筍乾和幾許蔥花的內容下算是挺平價的選項，不過或也是在這樣的單價下而未有免費續麵一次的內容；醬油雞湯作為清湯選項也是口感上較為清稀多的一款，舒服卻不失帶味的口味。",
Chou Chou,4,2025-05-19,1 年前,"寬敞明亮
餐點中規中矩",https://lh3.googleusercontent.com/grass-cs/ANxoTn3_x4LBGobK9fqRYA6Zp33_4ye_FLOPNC2-MQpCYbQxgs_GwJGQPu-SXvX9ntlpTX9TfjcLJWnCuVH2Qd4rDa6bUFLMCa87f6yz5E-aX-2DVz2ChWDoVLYhqeRScCKcmWfCG8guNQ=w600-h450-p-k-no
吳意梵,5,2024-05-19,2 年前,好吃，空間也不擁擠，給讚！,https://lh3.googleusercontent.com/grass-cs/ANxoTn0UaWZCYqT6eyqSvmtqoHvoSmZX_CkDpJbRUa2fsKYIBtE6wjE7P7CXpnhJeop86w0gptQcAIsf-hrdcyak7Rosj6Pv6slerTURef1FMVgNZMuftB3NF2xJ_pfxeRQ_NlxLMGk=w600-h450-p-k-no
Lin Pondudu,5,2025-05-19,1 年前,"叉燒飯好好吃喔
入口即化",https://lh3.googleusercontent.com/grass-cs/ANxoTn0df11Gpbb_0rt6fNkkNDW3-e5UncaBN1KTIIwXhJKRwTxUgD1e1ET_29PvNK-Oic6Eik1E2-S0BSpo-J_ysDZdn_tEiABiCcEODh5CdeRKWkGuSH6CDwroYTLGVpnWkKLxuY7G=w600-h450-p-k-no
廖怡甄,5,2024-05-19,2 年前,好吃 肉很嫩 湯夠濃夠鹹,https://lh3.googleusercontent.com/grass-cs/ANxoTn1jnPtgJBK5hiM36ZTJVQ-AkrdjJKSE3M6u1QUQxgiVYdMxvho3KGSUAPSbxuQzixhXWYn8UJX4wX3NOyZngggDz9dXQKzlLmtharwfWj026vYRdXWxdWwCzC3bOG-H3GKb_k6J=w600-h450-p-k-no
陳泓宇,4,2025-05-19,上次編輯：1 年前,麵屋長樂是我拉麵排名的前三名，用餐過好幾次，但今天找其他朋友一起來吃，結果今天的麵煮太爛，叉燒肉跟之前也不一樣，偏生的叉燒（之前是熟的），湯頭也不大一樣，感覺是到完全不同的店家用餐。希望希望能夠回到以前的口味。（編輯的評論）,
馬忠堂,1,2025-05-19,上次編輯：1 年前,"只能說這價位的醬油雞湯有更好的選擇，(溏心蛋普普通通沒有不好但也沒有很好，筍乾沒有入味，厚叉燒跟薄叉燒很乾甚至厚的有點油耗味，對我來說拉麵最重要的湯頭也很死鹹，湯麵分離感也很重)，其它不評論因爲沒吃，現場空調讓我邊吃邊噴汗⋯

真的不用來吃這個五星送肉的店，這樣會讓第一次嘗試拉麵的人覺得拉麵就是這麼無聊的食物～🤪🤪🤪",
Milly Yu,5,2025-05-19,1 年前,好吃的麵，舒服的環境,https://lh3.googleusercontent.com/grass-cs/ANxoTn0PhIyQadY5OEIjDHeKLvGRb9Q5Bzh3m4aaqV5hp52UNmf8NV1pjYoDJp3nLe7kaWqHzBoq68GroBbo87jwWwa6toFyd2KSLPb4o1brBQvI1Aw5ApqRMZNipeI0Fy3E6XQHqkNR9Q=w600-h450-p-k-no
柯安妮,5,2024-05-19,2 年前,拉麵很有日本味，非常好吃,https://lh3.googleusercontent.com/grass-cs/ANxoTn0Rnj4sKpa8QDQWSZKyc9tXDAhfUSn2WIeFGQiiy0Z6sZKa5wGXRYqzHbra1KdKaupiLCbnsOeSlUCOG3zsNHXOFuRZ5xvjWU4oOp-I0KIN308ZzQZnNLVaYLIGsOH9JBpVBu8u=w600-h450-p-k-no
蔡承峰,5,2024-05-19,2 年前,新開的店家，環境明亮整潔，拉麵好吃,"https://lh3.googleusercontent.com/grass-cs/ANxoTn0J_jvYUIFWdCwffQOd2N_a7-5wAWFXSUgPgWLUtVQHzLUq_rvSuUhddBNqrXpCz4-fhR6GJ-F_WrLiPmWCMg6WLlspALs8Kbc5KAvRIGT_KuIvPmrWlalzd1d1d4Xf8HLhLkTb=w300-h450-p-k-no, https://lh3.googleusercontent.com/grass-cs/ANxoTn2r3V3txUNKY6nvTVnw6sQ7Yhai8C2p6XybZTtnbsoCdHAl28tiHH9qPVOgTIXEITRFWUQrKXWL5a3fIUq0pT6mzUbaKAdW6oas1pi0NJNiSafWulrtnEcl1QrtQk-5rPIYEphRsA=w300-h450-p-k-no"
陳柏緯,5,2024-05-19,2 年前,在麵屋長樂午餐，選擇淡口味，清爽不死鹹，麵體Q彈好吃,https://lh3.googleusercontent.com/grass-cs/ANxoTn3VaHMnmiTecd5F55QqPrAyO24-q_Xf9hSm7mzUl1ex9LNOfpzq07Db9wktbje9uIudlbKh0Pykx_F2ilKK1ru-YXqTIjEX39Q4BFl_GnsDzdr5Z01n67gapw7fe8YXdiM8Rkj7=w600-h450-p-k-no
Jason Su,5,2024-05-19,2 年前,麵好吃，湯濃郁，交通方便,https://lh3.googleusercontent.com/grass-cs/ANxoTn0zZOYZ8gtYlxzvOdIYwhF2pqbXU84xhbiI2Efqt5mzT6VEk6m-U4Xbk0oOvEB3-2MEBk2oQ2sPxRZ-TG-JIur-CwJNRHi0Pp9lZhggQSQsU5Vpmjn6LJil5e1QbEShePiELHZP=w600-h450-p-k-no
Yi-Ying Chiu,5,2024-05-19,2 年前,鹽味豚骨拉麵很讚 服務也很親切😀,https://lh3.googleusercontent.com/grass-cs/ANxoTn2r0SpGAItgyMykegmo8HO0Q6KbT5uF028SpiGiVqkuRNN9paXjJJoaCSCjZBWEmBmS327dM21VA8Q-tp4XAuIY7wK2HPocUoOXneOHqcWYDSYmXDte5VZd5OC_M-lDrAig8M8D=w600-h450-p-k-no
OK,1,2025-05-19,1 年前,"我吃完感到滿頭疑惑 為何這種店能拿到4.9星
第一時間就感覺8成一定是 5星送東西 看了
幾則評論 大意沒有閃 看不夠仔細 到了現場才
發現評價5星送肉 不是很能認同這種行為之外
說說食物本體
麵條沒有選擇  都是細麵 沒有彈性 吃起來非常一般 像煮一下就撈起的泡麵
乾偏硬

湯頭我點鹽味豚骨 吃起來像醬油豚骨 我真不知道他是做錯還是怎樣 湯的顏色是對的沒錯
我吃了那麼多鹽味豚骨 日本也吃了不少
有嚐過淡鹽豚骨 濃鹽豚骨 就是沒吃過像醬油豚骨的鹽味豚骨

溏心蛋 味道不及格 毫無入味 個人喜歡冰的溏心 這個人喜好 這家溫的 但蛋偏大

肉 我點豪華鹽豚 那塊炙燒五花肉就100元
太貴 不值得 肉柴且不入味
薄叉燒的部分就很薄 啊5星送肉我看到按鈕
就不屑點了 經過我的觀察似乎按按鈕真的有給
多幾片

裝潢不錯座位多 年輕人的錢真好賺
這次 你贏了",
ei w,4,2025-05-19,1 年前,"在台大附近的巷弄內
座位算多 空間也蠻寬敞的 假日中午來不用排隊

鹽味雞湯拉麵
整體偏清淡，有一說一雞肉部分真的很嫩，但湯的部分是吃過的拉麵裡面數一數二清淡的，喜歡清淡的可以來！

叉燒飯
叉燒飯裏面有兩種肉，兩種都非常好吃！經過炙燒之後加上醬汁真的非常好吃，可以算是吃過的叉燒飯裡前三名了，會希望可以單買叉燒飯的程度！

採自助點餐，只有收現金","https://lh3.googleusercontent.com/grass-cs/ANxoTn3oAoHSsDlH0A2IFMesQ2PlZWw5DGp70ZP99Rzuz8UcpFwUVWs2DiN2Dr9fo11FwAAjbkb3B1bJGRfQeqyc9unOn0_5m6qBxZwECno1PCYCeVOiV-jt9dkYAlh4R4BMJl1aEbm0=w300-h450-p-k-no, https://lh3.googleusercontent.com/grass-cs/ANxoTn1pnGb7mOHaz3ukQxZIK21aiT5ZrfGOP6kCvLM79gnipytqu5YcMXGBKzm8qqDpz8u7fundqEQ9RteCkp7k7Bj4pCWdKJ0S-7tcPTenqMrybXu_dgVcq5xkGhZWMRiMC7I7fZMK=w300-h450-p-k-no"
小銀貓咪,5,2025-05-19,1 年前,"推薦這間店的鹽味拉麵
很值得一試",https://lh3.googleusercontent.com/grass-cs/ANxoTn1G4s1W7PWB2LYWKVpyiE86JWg1k-BJbeFc8baRg8ZqprnEjIwqok4LKMpVQjwyrNdagy5QwNsiV-9_IQBl3Lmsk9qlddXLW6TOqq2fGiVDdir24liphDAJVsy3HZlh5t6wUoBiIw=w600-h450-p-k-no
林育汝,5,2024-05-19,2 年前,好吃😋  會想在次造訪,"https://lh3.googleusercontent.com/grass-cs/ANxoTn3M7HR1Zwk5bDjpTe9WrF9dXqB3G8HrtbC1Ps34nL57oEQMKWd1c68WGnf8gD0sl8G8O-h4-qWktWcNefZFFM29EmSml8J8H_U8gAfinsmq-OYZudrRka6zFXhefA_SEsvMcGZJ=w300-h450-p-k-no, https://lh3.googleusercontent.com/grass-cs/ANxoTn2LurVHKAMGl8A5ahx0XFw-mrVtN9opNW2LN6xzuOB6wzA99m7708Mbe0yAKVTzYlE5VQt6Ayv3jgg04dM9G8f0VQPIQsdMVowF6LohTj4cvV5LdyinSsECdmqGnk3RnKsS6IByRg=w300-h450-p-k-no"
羅心儀,5,2024-05-19,2 年前,麵超Q湯超濃，加入我的最愛😍,"https://lh3.googleusercontent.com/grass-cs/ANxoTn1GUzE7_ZISP0a1p__nIPfGCm_Lt0QvL2PA70K5Rv3R9WrAV1NN6LIZd_2Bnyzt4i8yXWkoySxyAuixUsRo1vAh-ZI_bpQ0c79KPiECZMrHTdsSIP5V5ZjZAHRwUoDBYk68hKhM_A=w300-h450-p-k-no, https://lh3.googleusercontent.com/grass-cs/ANxoTn3Rnoh4WKzO_uQrUMoF3X2z1LTbfBDKwGOlKQFj3_TLVx7btwWqkFd9BXSRLNfLhlLUpNGEbnHlh7T71RrLrvIQO8LCSbB16kvvHCUjTYvju4ZRhZF4mJ3PNTU4-ef2TjVsSzB0=w300-h450-p-k-no"
Wei-Yang Weng,5,2024-05-19,2 年前,"湯頭、麵條、叉燒、味玉都超讚！
大推👍🏻",https://lh3.googleusercontent.com/grass-cs/ANxoTn30PvBf9Qv8k4fgBJjplBfLC1-hThXa3dl6_5PYwQI7fApWdPO0BbIbx6zNlUAEi_97vbJU3IKz0g2H1TDLlI3b_-cdBlA7DUV9dEBEZ0DXa5UqxwX5GL3V9G26U9XjQ3qDpEOY=w600-h450-p-k-no
Emily Bii,1,2025-05-19,1 年前,"一顆星是給可樂的
服務跟氣氛還行
平常有在吃拉麵的人來吃吃看
完全不知道在吃什麼
叉燒飯整體完全不知道在吃什麼
醬油雞湯拉麵：
1.湯死鹹 死到不能再死
2.溏心蛋不予置評 就是一顆蛋 溏心
3.肉很難吃很難吃很難吃 難以下嚥我只吃了一口
4.可樂好喝 一瓶50$ 超商25$ 建議可以去全家買就好 整家店就是可樂最讚👍🏻
5.筍乾完全沒入味 吃不懂

總之如果你想吃生氣的可以試試看
五星評論送肉 還好我一開始就沒說我要評論 否則我會良心不安到做惡夢 反正送了也沒辦法吃
真的想知道有多不好吃的 可以試試看

吃完非常生氣 吃到一半整個臉超臭看著男朋友^ ^ 兩個人都沒吃完  直接去附近找一個正常的晚餐吃 花這個錢花的超氣
拜託如果要開店至少去吃吃看外面的拉麵店水準在哪 上班一天已經夠累了 還要吃到這麼不好吃的東西 真的很不高興！",
Uinny Yen,5,2024-05-19,2 年前,拉麵好吃～味道很日 推推！,https://lh3.googleusercontent.com/grass-cs/ANxoTn0K-cuJ_TqTmkCG_E9dUGhnb41i6KX1eiJV5bqHy4QpEXrvnCBpVAe6FaJpgQ1KiKQHYJoUDnLg0Ac0ATX_7E3BiK6Xxp_GU13UOCP0Ic_cqJ6TW4TdozMMF-shHHMzZTL-t3dR=w600-h450-p-k-no
Yu_rin C,5,2025-05-19,上次編輯：1 年前,"五星好評👍 肉很認真的厚🥹  湯頭也不會過鹹過淡，麵體硬度剛好👏🏻   服務態度也很好～ 推薦🥰
味道跟麵屋雞金有點像！ 但叉燒的水準比較高。 如果東區有分店應該會常常去🥰 可惜太遠了～",
O OOO,5,2025-10-19,7 個月前,好吃、環境乾淨，服務良好,
何嘉柚,5,2025-05-19,1 年前,"鹽味豚骨拉麵 濃
味道很平衡 比其他店家的濃再淡一點
溫泉蛋給的是一顆不是半顆 超讚
如果對蝦過敏的人記得講
他會加蝦油~",
劉宜臻,5,2025-05-19,1 年前,"環境優美食物乾淨
不用排很久～",https://lh3.googleusercontent.com/grass-cs/ANxoTn0Z2OF5u1TZZRpg2T3C9Rqa6hQUadVLZMymPzcHSVYvnt5OQ-yUSruz-42ZRK9qYIY_CKjk7ctZNmEDz0fFdklYHonNRFZ3fHoSKxp7Uy467VEHE3KVi2GLAkk71vBaw9yqJ-Is=w600-h450-p-k-no
廖尹淇,5,2024-05-19,2 年前,學校附近的拉麵 雞湯香味濃郁讚讚,https://lh3.googleusercontent.com/grass-cs/ANxoTn3TFc4e2A4Ya82cFgoJVenllgE5OQQCH81zFkuLerKPKzAYhKa5147dj8NGt0xIQEFK8-iR4bDRvkPAcyjudahzYvJ7YluuLz4Wc6uGKH3MowrANCe2ZBiAjH9Oc9qS5slulSfw=w600-h450-p-k-no
Jen-Chien Chiu,5,2024-05-19,2 年前,味道很不錯 但覺得量稍少,https://lh3.googleusercontent.com/grass-cs/ANxoTn3hl2MfFVniYjKomXQX3gmtnQVwmb-D7YWQFM7UPz9N7VsNtVFIJjRA2ZEYSxcFVE9dfXDPEBrp1Nk6iATmQ0wcGPLX2NFbtgHPL5QX7JS50hlrKHEvSPLejrjFxAYrKb0SYIN4=w600-h450-p-k-no
桑,5,2025-05-19,1 年前,"鹽味雞湯拉麵

湯清澈好入口，可以喝完；雞肉很嫩有被驚艷到的那種；麵條ok，整體來說融合在一起

環境舒適，有四人座位和吧台，跟朋友來可以輕鬆聊天。

下次有機會要回訪～",https://lh3.googleusercontent.com/grass-cs/ANxoTn0ZLJ31bunGFcpm7YaZSqdXa40Z_SShaGyuqvK8kpghksaWVXml6o2rLA5JqHvDlRK7q83CGaUgGJvO_dzvUMZfSulEMihD7plJHI70qq8mngSvnsaL5JctSsuyWtJRvcfcTS8=w600-h450-p-k-no
Denny,5,2024-05-19,2 年前,醬油雞湯拉麵+叉燒飯，這樣300份量很飽足😮‍💨,https://lh3.googleusercontent.com/grass-cs/ANxoTn3lsMVl3lX9zJeLd8yyB-AhYE3T8N_QNDK3FTtbnDKmPITwUiDJLq_FLjcGcvHS9rhzFYPYfAb-Koh2SLzRQ0F63_8jwvrGKLNw2Lwkt5mrVRruNjj9MNvs8iO0yzC53yhlB2oCPg=w600-h450-p-k-no
吳俊緯,5,2025-05-19,1 年前,環境乾淨 食物好吃,https://lh3.googleusercontent.com/grass-cs/ANxoTn1iVd1kku1Wzqw06kRkvTW7AFNIcToDN-wxcGyNK8iNn3oD3MAddcSBgv1NZH_v2BXiRoFrBXN0gaIPoUVhguI9HaeVA4OP4blH9bMwlPKDK01IpbveEFpgqJmJGausDF04fv-6=w600-h450-p-k-no
游高晟,5,2025-05-19,1 年前,五星評論肉增量，讚讚!!,https://lh3.googleusercontent.com/grass-cs/ANxoTn2onI9E_hbAmQ6uAV5FmdB_wUJm8CyNJkdsrHaRn8zWxiJdZT7Es6fnPGhOXa1GwdZlvcFF5Twk-RksLzK8LqYBpG_TlE-RtCRTFMIuKwWI07vR7jHx_BXEjY-F4J_KNS47MKMr7g=w600-h450-p-k-no
Stanley Liu,5,2024-05-19,2 年前,麵體軟硬適中 這次點的鹽味有中我的點 會回頭的店家,"https://lh3.googleusercontent.com/grass-cs/ANxoTn29uAxMkOEtxiLQin2MFhogr5hj4nf3RDqBT26aQaZqd9rcg6T6d5gctKTgmWotx3RB45FvhmuOiZcW5km6HEUr7jahyKLGj67B_whoLktkSH8tgHE6ekv45UGNkhuRm4KsgSY=w300-h450-p-k-no, https://lh3.googleusercontent.com/grass-cs/ANxoTn3ZVooGUEzbvtc_Q0huftQzfY_djW13LDUefsmwwGSJ8qhNEJ-moY3aZjnMcX6mvBRGS7cfS9TzwVR_H0yp782Jul_cwwN59xn5ZXGB8tuLSTsttNT65lSy8yVSGkeB9Iv2dGx7bQ=w300-h450-p-k-no"
林孟儒,4,2024-05-19,2 年前,"🍜鹽味豚骨拉麵🍜叉燒飯
評論可以多送肉
叉燒飯好吃 …","https://lh3.googleusercontent.com/grass-cs/ANxoTn29Dsrl6MQaDqOuKMrv_Ha79MFsHQYNFtdF5DplLJbrLJ8Eg_MXDxnQ4jojlOZ3kFfDzoBfEWZ8dfEpVua-favmm-UDzHjrVFOUlGDG6vh4s9Z-wpB81RMUKhyhJ-aL0yWIFa1a=w300-h450-p-k-no, https://lh3.googleusercontent.com/grass-cs/ANxoTn1mNobeAGIS1onqRrKNm475Px-b7_1qEjrz-Bv5aUoZjnNmxJuiKoy0kB84ZEla5kG2UbUNULkSiTGzpSYx4LoVpxiX8yI1RhJs8jy1UVFkiDP1URKFKfIgQnekh0J0pBy-acuK=w300-h450-p-k-no"
lawrence lu,1,2024-05-19,2 年前,"大家不要被騙了🥲 評論會送肉
近期吃過最難吃的拉麵 沒有之一。

1. 湯頭就是一個字：死鹹。
口味我已經選淡了但湯還是超濃（我點鹽味豚骨），朋友點的是鹽味雞湯（也是選淡），喝下去真的就只有鹹味，湯頭的味道幾乎可說是沒有，吃到後面只會一直想喝水。

2. 價格跟餐點不符
雖然拉麵現在普遍都要2 300，但花了這個錢吃到的份量只有這樣還是會有點不爽😒豪華多90塊，但只是加了個糖心蛋跟肉稍微大塊一點，份量根本沒差多少

3. 麵條超普
就是免費加麵才會用的那種麵條

結論：不會來第二次",
楊雅竹,4,2025-05-19,1 年前,"店內空間不大，1~3人坐吧台位可以邊聊天邊清楚看見製作過程
價格有點小貴，但不得不說是我目前吃過最好吃的拉麵（很日式）細麵不軟很有嚼勁，湯頭非常醇厚（即使是選淡的情況下）,叉燒肉就不多說了，下次再自己加點顆蛋就更完美了",
吳首辰,5,2025-05-19,1 年前,歐哥帶我來吃麵 讚讚讚 快來吃,https://lh3.googleusercontent.com/grass-cs/ANxoTn3vMImj-26ql9LMQcY_umbH8rzPxDLeSHXu_2xtMVjvyL1X2F898ixMyF7kJ4IGjD0s8sQz-U2seIijFmqNQhJqz60cdJEcUiZy78cWS_JaotMUm6OzNrXvXLu3hmPSYpLyojbH=w600-h450-p-k-no
Bond Chu,4,2025-05-19,1 年前,印象是點不要辣醬。結果還是加了。不建議加辣醬。千萬別加辣醬。整個風味超low。至於糖芯蛋還不錯。,
請愛貓,3,2025-05-19,1 年前,"麵算是不錯吃，但餐點以外的有兩點不ok,

1.冷氣不冷，從室外37度的天氣進來，店內冷氣明顯不涼，我現在吃完打評論的當下，我額頭都是汗，，

2.送餐上來的時候，湯匙是放在端盤跟碗的旁邊，結果湯匙上面已經有沾到湯的油油痕跡明顯兩處，會讓顧客覺得不乾淨",https://lh3.googleusercontent.com/grass-cs/ANxoTn3gohnhm7E8B87TwCHV50G_kopozRuV-cKlW1geI84hr2291O862q_LK2p7k_OzNl-qV-_XNKT8vZBkcZhuddoNWXATXk9M8P4Mg5X5BlX0Qh0xqPyH8CpHha65xbxbTUg97aXO=w600-h450-p-k-no
Andrew Huang,5,2025-05-19,1 年前,"2024/09/05
招牌鹽味豚骨拉麵 $320
（五星評論送叉燒）

雖然有五星評論活動，
但整份麵也確實值得5顆星，
豚骨湯底很特別有加蝦油調味，
溏心蛋也很好吃，
值得推薦。",
李懿,5,2025-05-19,1 年前,"我吃醬油雞湯拉麵（加特製辣）~
湯頭鹹度剛好，辣味也不會喧賓奪主，一不小心就喝光光了，完全不會吃到中間就膩了。

叉燒上的油花看起來好吃，放到嘴裡更香。筍絲好像有另外醃過，意外帶來了另一個剛剛好的味道。

麵條軟硬度剛好，不會吃到最後變得軟爛🤤

飲料還有小米酒的選項，怕拉麵的我在這裏，好幸福🫶🏻

很幸運可以坐在吧台的位置看師傅們完成拉麵的過程，從煮麵、擺盤到上桌，每個步驟優雅細膩，令人對即將上桌的餐點更加期待。",
danny,4,2025-05-19,上次編輯：1 年前,五星評論送肉（沒送的話肉好少,https://lh3.googleusercontent.com/grass-cs/ANxoTn0bgPHLynEjA6PGfHGJeh8AZS7sQrbUaqBA9nG6KI1vEGMXYtnwFAb__tGxkutGuo-KUX4xZFNHQKtirrXVku5Jtd2wkKdLDBnxc-DRuFdDOW5cG5XCoj7XJtOtO2VqdfNzkXyX2g=w600-h450-p-k-no
Cindy Hu,5,2025-05-19,1 年前,"🌟評論送叉燒
#巷弄美食","https://lh3.googleusercontent.com/grass-cs/ANxoTn098oEoVRbKKVDA854bZSeH5kqRxQLDgSoS3N1R4pGkossOM9yqoTw7Yd9wXzwfhEjyZjvCahauTbKCk35aNclD3BTWk06pdkVqUGZiU75q2CNo-DzwNlsMfHuGhV54Qt4_K646og=w300-h450-p-k-no, https://lh3.googleusercontent.com/grass-cs/ANxoTn3YtiIXtbLRBYv-LWaPl2cHBZHSJ3dZlzfls7xltZ5n3cX3X7XG7lMnjC0-k_7breKZj_oMSU9LgO40O7Kle8AHzMrynNNBcTrqqUaciFm-HIYp20PdD01V1t-QcuirsB8qkrct=w300-h225-p-k-no, https://lh3.googleusercontent.com/grass-cs/ANxoTn1LLGNQL-8jlNzeTDp4qYA4AJ4TFnkvXFqJ1XtZPvjSDAcT0YJ-olRElcKcbzofAO2-paQDI5zmfJuTuw0IK2sP0f2_htY-pr66gHGZJUOBBivq0RzJ0hJnU2gFFJo3_ETo0-ZYLQ=w300-h225-p-k-no"
Andre,5,2024-05-19,2 年前,新的拉麵店來吃吃看結果蠻好吃ㄉ,https://lh3.googleusercontent.com/grass-cs/ANxoTn00sLQisJVUodOafd9AqAytps8JZdlexwBQ0vsL1oHW_ELEByacqg1PtRYZjqZYRQjR9sc8Crt7JrmxKkjPrzYO0qTLXj2R-pqTgQm5Fufq-7xpi-e-V_QBTtSNcoRPnGMJACE5=w600-h450-p-k-no
Simon,5,2025-05-19,1 年前,開放式餐廳 流水乾淨整潔，食物好吃 推一個,https://lh3.googleusercontent.com/grass-cs/ANxoTn1cCTW_UJWX-yUldeas6RQGLLrz0eNSIFHFhHgLQV-kEgeewysM02wH6StFgi_icTfrYfF49LtYmGGq1NksrizRwUoxdt1WLW8qAaS7voXiRC-hhKgoWa8TvL3IHs81iv8-kpEo_A=w600-h450-p-k-no
淇,5,2024-05-19,2 年前,環境佳 服務品質好 整體都很棒！,https://lh3.googleusercontent.com/grass-cs/ANxoTn1Zehzp0Ki0YzlwkNhjCsqLRMOPMgnqQPuAoOmDwG1PrI3BDkpZ5W2zKLzFFK88xamHV6WkeFwF6Z0qclIe7Gjr05hfqJeV34N4_-HyIlOnvqB_ilKmo1fC7BzxbAfEiCiaSt7eCQ=w600-h450-p-k-no
廖品齊,5,2024-05-19,2 年前,湯頭香 麵的硬度能硬一點就更好了！,https://lh3.googleusercontent.com/grass-cs/ANxoTn2KDM3c7OaOiIXxf4odjEphdogPn1kNE-QUpXlpWsTyjG_lm9BfieROvJ8ZIG3P7Ya1C-C_8Oxz-Y_VBpzhaObitSwA1P17KJMEw_pUscma0UgCdGOMO3pGaQIptWLVFKq604D74A=w600-h450-p-k-no
steven tsai,5,2024-05-19,2 年前,評價送這盤，很可以！,https://lh3.googleusercontent.com/grass-cs/ANxoTn2Tap7jp76N7rl_X-qOZqAgqkjxLioquikDpUtbqyjZD2I9cTSg4Sz4OwhNxQcePUY-EvnNzYJzXkWNADMBx1o8Tl9pWwfG47u9-O4YJeuXtTtP3LoMxzHXUmMyF0YIeMJCJIMUlw=w600-h450-p-k-no
JJ,5,2025-05-19,1 年前,原本的餐點就有兩片叉燒，五星好評再送兩片，餐點有濃跟淡可以選，算是滿客製化的，雖然淡的對我來說還是有點偏鹹啦。醬油豚骨吃起來滿適合加辣的。麵體是細麵偏軟。,
J,2,2025-05-19,1 年前,老實說滿普通的，價格也不便宜，會這麼高分是因為五星評論有送東西。建議加強食物本身素質，而不是用送東西來換取高評價,
李泓佑,5,2024-05-19,2 年前,環境很乾淨，食物不錯,"https://lh3.googleusercontent.com/grass-cs/ANxoTn243LnR5CvS653sZezhyHGJcOs3fuO74wt-qGbuYbQLkXDN_eeKbGzxxxSr7LjmSHdMLmhBkopvTHVQON1fnn55Vk9Ovtdaj1Zka6xUzv0e08UQBTgxVcRC9s-jwDVcrOSMY6o=w300-h450-p-k-no, https://lh3.googleusercontent.com/grass-cs/ANxoTn3HBuP0YTg6NtNNDOot35HSpqo1O6rrofck0ytG2se_JkGseZd0oNoKIv1CeMS9Kt5WPKHG-QmwUmCm16aDhndThr8ocvPRBEEXQA9siNCKUTBF9fIn3EYe660ej3Ym2FWm-O29=w300-h450-p-k-no"
小C,5,2025-05-19,1 年前,雞湯湯頭很鮮，麵有嚼勁,https://lh3.googleusercontent.com/grass-cs/ANxoTn0TtIfH-2JykAbN4IjZ0WgnstG77P-JP5xFZNdSrFpraeiTGETM-yXo9A6dBbtru9VPZD_WrdbjUnkj57YTCvMwzjl-u1PcHbeGVVeu3jKi1c52SSIoHdsWViBCbjviBhBsKvfp_A=w600-h450-p-k-no
貓貓,5,2024-05-19,2 年前,環境很好！店員也很親切，餐點好吃,"https://lh3.googleusercontent.com/grass-cs/ANxoTn1_KGUDyTstmkFWjOxKM-8XJ3UGhmLY4U-H1ZgnYe5NcFnqzM2N_yoXn1JLDeEuLjd0XFdLmjvFn1Ft6-loOdszuTTiEuzy4jaR0kA4GnvQXKy5RQQBvHqk4_mljKecF38gGhk=w300-h450-p-k-no, https://lh3.googleusercontent.com/grass-cs/ANxoTn1CYgIGNy_5hbjjFnzQTI2wfQzqM2A3oDK3vBn0tfuP_1-wSZ6HHzX-l5aesYQhiN5e4d8cmSQrb2O3_wLJufx0MWd66fLVKHQuY1C6SW1CkUE6dIFOt51ujvj5Pch6lhVsdrGz=w300-h450-p-k-no"
Ling CHU,5,2025-05-19,1 年前,"湯頭很濃郁，麵條軟硬適中，湯太濃可以加雞清湯很棒。叉燒飯很棒值得一試。
可惜只能付現，然後桌邊高腳椅不是很好坐。",
蔣昊融,5,2024-05-19,2 年前,用餐氣氛佳，服務態度很好,https://lh3.googleusercontent.com/grass-cs/ANxoTn3f7N28YzAy-nWb3incyZx9SRJPUGPsyqRaw9rG7l8edc6do5JgAoyGGMtcNo6EpSAfgOlpE-1zlab_2l3CQvg0jFtuz-lw_wjCbOGik7QbcMLXOZR0t3JcSedDWqPfmIvtzU9Jig=w600-h450-p-k-no
Pick Lin,5,2024-05-19,2 年前,"豬肉很頂 口感和味道都很讚 也不會太油
叉燒不錯👍 不會柴
溏心蛋 麵體 普通

醬油湯頭 我點濃的 味道很夠 可能有人會覺得偏鹹
豚骨湯頭 也是濃的 味道很香 喝起來也濃郁 但點油太多的感覺

外場人員很親切
裝潢很有質感 冷氣很涼

整體而言有個8/10分！",
Casper KO,5,2025-05-19,1 年前,鹽味雞湯麵/叉燒飯 湯底清爽鮮甜，細麵口感偏硬，可以依自己的喜好調整。非常喜歡叉燒飯搭配塩味雞湯吃，可以中和掉美奶滋的油膩感外，帶出更多雞湯的風味。,"https://lh3.googleusercontent.com/grass-cs/ANxoTn0_cqcyzaJhIfya8yLVvguNrNx1Ul52HPUdYeQZcwUEttoLGhrFmy5k1CkJFoPOvVhXEie7JxVwMbm4H1RLXGqm48dgKFa51vHKMGI51tF_Ce5igvUiNz4JTLUUbCBvxYNeSA7wxg=w300-h450-p-k-no, https://lh3.googleusercontent.com/grass-cs/ANxoTn359UAZuGJP3nuwN2Tj4clbpGxi7GN06xvqqI8NauHFj2VKxWYJV7QTWcQ04yCas1Hecu71Ke4PCXM6jeytIY-BjkYCFipkPp9p4eM_CHtcWnty9z2HPzvBZjQFqSMrqvkVB3b4=w300-h450-p-k-no"
鄧凱伊,5,2025-05-19,上次編輯：1 年前,環境不錯，味道符合個人口味,"https://lh3.googleusercontent.com/grass-cs/ANxoTn0-hMqvuh1J9dMaBztW_nMPBzRwiaxXLbDkqX6c8qAhvVSUOFDTEWezDjDcwgOnQZ_N79LrN3S-rF6xW_oPVSs61-zfD5mtUTtxpD_Ti8CW-1_2XeZlJ7QCWVkXW8KjieK1e_E=w300-h450-p-k-no, https://lh3.googleusercontent.com/grass-cs/ANxoTn2lgqR_zrGfT_NOmSbBR0rHg9Hm6T-8uSXvNWWMKPetYSwzug-ximWxkGoUOsIWgQb8MgNi1LH-uUhaXm3dOZTuxeOzkZfnqxB9QgPB-JggWRr_Gb5_tjHtUkmG5Q_m_hPrKy3A=w300-h225-p-k-no, https://lh3.googleusercontent.com/grass-cs/ANxoTn3J_1fqVixml3HNc8AW7zqOcAuO6Yuve5DLyWP77xKW2pp9S5YF-M1CgS2DSps2B4TqMnvMLaYGtfIhDe5BiWU9OgS9l2-VC5WBdmZrQNJ9XGV4AqDF4JSArh8N9rTs59I4G2STng=w300-h225-p-k-no"
Margherita Chen,5,2025-05-19,1 年前,餐點好吃不鹹膩，服務非常友善,https://lh3.googleusercontent.com/grass-cs/ANxoTn1LuaupD5dh2uRGxTisthV55yGCXM5TkZnekJMe-gRGy0vBhFfAGeH0qhDRJi75ixPmnPJOoepugl9ICvcYAkAN9Hl-2XJ6_qoOv4CDDQY6JB8KQidCKTacM-EMYtBAI_yBWoigPA=w600-h450-p-k-no
lin C,5,2024-05-19,2 年前,溫州街新開的拉麵店，鹽味豚骨湯頭濃郁,"https://lh3.googleusercontent.com/grass-cs/ANxoTn0aWrIb_ofT25rk_6h0i2QqKcusnPEpseP_0QHQWI1dNmHf9O7cyWTFb9Syhip79R1mnSJ_9B1peYBlQ6aNkD4FCj7J1qcXchyIb6L6K5TrM_r8N_DAJ-DujgdmA-jyjPqmtHz2Ew=w300-h450-p-k-no, https://lh3.googleusercontent.com/grass-cs/ANxoTn267qwoi4gWxAuCZaCfjPhWlMjAB70azuiQ7-KZpZIWEO3kvmdeLqnxsO425v7xsMAfaO3nj2H7CGMcBIkAOvqDE3tdshmsgGi43JWdEpal6CTmdbEEC-Ohqg7oGlSJAccBqcJ3=w300-h225-p-k-no, https://lh3.googleusercontent.com/grass-cs/ANxoTn0zilHLARfXykHhpwCPX5Yzlqr-aj8jeEQnoUHjlP2LjR6nxuvQv8WfRdRQVglQBXSsvJxedNZwXOirE7u13gIM0VVT5YUIraaRs_kAl9vO0MGEXf0nVBWo7KPnzvHEl6dJ6XDT=w300-h225-p-k-no"
Hanson Huang,5,2025-05-19,1 年前,招牌醬油豚骨是現在比較少見的口味，點鹹的話口味就會比較偏重，適合常吃日本拉麵的人。麵體偏硬有齒切感，薄片叉燒帶一點煙燻味，軟且有彈性；炙燒叉燒很香但是瘦肉部分稍微偏硬，個人比較喜歡大塊軟嫩的叉燒。整體除了價位有點偏高（招牌拉麵320、加麵/加蛋40）之外沒有太明顯的缺點，實在不需要有五星送肉的活動，會再訪嘗試鹽味。,https://lh3.googleusercontent.com/grass-cs/ANxoTn2yWapMzz-OxjllJfPjsnsHWrHgmltU7e2tM8tVCD7mQ_W5AjiFd8ouK7MZaPjI4OHuGrBn8TlmN9w1xluTvZRP4gdQb8atXca0rw8j6P72GjruqRWcmy5x4HdiLrXtIKmpi0o=w600-h450-p-k-no
車,5,2025-05-19,1 年前,服務人員很友善，我點招牌赤辛豚骨，鹹度選濃，不會死鹹湯頭非常濃郁，也不會嗆辣是溫和的辣，雖然評論送肉，但非常值得，叉燒非常的香嫩，不是那種騙評論五星的，下次還會在回訪！,
林承緯,5,2025-05-19,1 年前,氣氛好食物美味 真誠推薦,https://lh3.googleusercontent.com/grass-cs/ANxoTn2LvDLe6XLMaquR2VIqX-cVdGj0n6U4x5v-nSgNkPDek4WnbpOhOA6wcDGD6VbEb1JRx6yvObtnu81uJ4FWKgK1CLQXDXxOkiVRtzKEIUHpjjZaUwxJvd4u-hTAjVvKi09H5c3i=w600-h450-p-k-no
Yu-An Chen,5,2024-05-19,2 年前,叉燒飯很香，拉麵的口感很不錯,https://lh3.googleusercontent.com/grass-cs/ANxoTn0LKTTHB51LAM7Q83FzJLb1OYfhcXxDLo8zAYPbBlI4ww7oRMOPbca18JAE1SHLXsUW0q4cbfJXr3zMWbUBowI9SSdorssMWKWVT3Q4EqeY7qwmvQun1V6WlSbiArs0FM0otcnV=w600-h450-p-k-no
Eason Chen,5,2024-05-19,2 年前,🦴豚骨拉麵🍜很讚😎,https://lh3.googleusercontent.com/grass-cs/ANxoTn3LFHlvupm1r2igdATxLcd2qn16OYXgG8pv7HOoSWejg4sAHo_yXEIFkaczOgGfD6hW8eD3qfeiuW2ZzhU__VMaIzafIrvHCj1OjEBcd5lTfgLqhobJ-hBYanYfedYAgaOdEnKM=w600-h450-p-k-no
mimi chang,5,2025-05-19,1 年前,赤味增豚骨拉麵很好吃,https://lh3.googleusercontent.com/grass-cs/ANxoTn0fPWZb3r-fL_ZJBAxDzjSXGtHFjImXC1hF_J4XOgHoy6Umc1WmrLPip3eAKQD98jJocN0A7gu0i-exDq-idcCWx2ZJALWrqY2yXa5qn5oo1B2Dp7kLWsQoEaljdSJhQM9eMQi6=w600-h450-p-k-no
立揚張,5,2024-05-19,2 年前,很棒的氣氛 好好享受拉麵唷,"https://lh3.googleusercontent.com/grass-cs/ANxoTn352rAL29PEh6MO-ngNnkXzCTQ8JClGvR8CR5mJxtNUfTYS6QBcLvOTuQ-zNjPF0jiCiwVJ9Cq2rDPK-nwD7ZoaPdb4DgCH42myop8U_m5n8usLlOajXxDArBLXBoxwnQzHMUZWhA=w300-h450-p-k-no, https://lh3.googleusercontent.com/grass-cs/ANxoTn1uRkO1UVkkU00iL1lfpx3WJqTBs3Yw7DAyORAbHqth8_FLJYN-hfD4bE33mHX9yE9yrbgQkilaXMfnbyKc4iT2tOUftn9y-2PHFpDX1ZFby4rCozvPvywBs9H6FzsPQjZ9CVU=w300-h450-p-k-no"
ゆうな,5,2025-05-19,1 年前,"鹽味雞湯拉麵 260
湯頭不會過鹹 湯頭清澈卻又不會沒有深度
麵條沒有調整軟硬度 但剛剛好

友人點的 豪華鹽味豚骨拉麵320
鹹度是鹹 喜歡濃郁口味的會很喜歡
不會過濃過膩的湯頭 下次會想點淡味看看
上面的炙燒叉燒很好吃","https://lh3.googleusercontent.com/grass-cs/ANxoTn2iMux58nFD394p3ezapAmdAemCJvk5N9zUfXxgNdni8bUPNBTup2UgF-i-VLDxsvrLhLz2zZ9Bbkqn2kP8PANBklkF4vtxw38MiAXjSsKKSvINIroRAKp0Ki_ARsyLq-D6kTDT=w300-h450-p-k-no, https://lh3.googleusercontent.com/grass-cs/ANxoTn3jE0TqjMskv1HHrUEmeV6B8Xx9qV6CTb9937jW7FjMazRw_QO6mmXCp8WFHT09fq44KORCJ179n8PF-sp7tgdpBnqfcujhuVcLtgAOS3EbqCJbtMOPKNrB9NXujjxBw8kROzLtjA=w300-h450-p-k-no"
王筱茜,1,2024-05-19,2 年前,"新人教育請做好！
遇到送錯單的菜鳥
也有詢問是單做錯了還是發生什麼事
結果店員回說沒有
但還是默默的端走了
所以到底是怎樣@@

因為筷子有碰到碗的邊緣
看到店長也有提醒說這要重做了吧
然後店員還是默默的把我們面前的麵端到了隔壁桌
有夠尷尬：）

最後一碗麵等了將近半小時才上桌
人手不夠可以理解
但希望下次可以先行告知",
Jack C,3,2025-05-19,1 年前,"🔰 先說優點，裝潢和自助冰水機不錯，總分為3.5顆星

⚠️ 可以存載具，但掃瞄載具的功能鍵不太明顯，幸好排隊時有先「預覽」前面的手順才沒有錯過，也沒有提供行動支付選項
⚠️ 上拉麵的時候很混亂，也漏給了湯匙
⚠️ 口味普普、價位偏高，肉增量體感不明顯，CP值不高

食物品質尚可，但綜合以上專程前往覺得體驗不如預期。",https://lh3.googleusercontent.com/grass-cs/ANxoTn1MlmvJUwVPoMDmeUZoHnx7VOrdgBGTmNvvIy3l4bQgHfwnlhoBk5ckzcc6pZAULLPVyJIflzKPxjgqaehb7YejblnP4pzj2C4h9L9E2aj3t8zDVN4XEIn442Kcxfk33rSo-p4=w600-h450-p-k-no
Minmin Mei,1,2025-05-19,1 年前,裝潢蠻舒服的 但吃到後面會覺得熱 如果只吃裝潢的話可以來 因為東西難吃 湯只有鹹 肉薄薄兩片 蛋就是水煮蛋 不要抱太大期待 不然會很失望 因為cp值非常低,https://lh3.googleusercontent.com/grass-cs/ANxoTn0zY4o7AG4rgcMJXrFazAzcF5mo4PMepDoYnt1rq0fmEvrqledVQPJQq7Ft97h0n1Hbh25qidGXhHjkkfBrTEEJQgVC_Y4xtdoL7Rq85a86QkSeMTptLBgPderI2u5ChTyCMefS=w600-h450-p-k-no
韜Tony Lai,5,2025-05-19,1 年前,"點了醬油豚骨 叉燒相當好吃！
唐心蛋本身沒有過多的醃漬
後來看起來是因為蛋的品質本身就很好 過多的調味可能都是扣分",
Tech LSF,3,2024-05-19,2 年前,味道普通，雞湯麵即使選鹹還是偏清淡。舒肥雞肉跟拉麵一起上來的時候肉有點冷冷的，個人是覺得拉麵就是要熱熱的才好吃吧？叉燒無敵薄，花350+30多一碗白飯吃了算飽，但應該不會有下次了....,
Pei Lu,5,2024-05-19,2 年前,雞湯麵清淡不油膩 肉是好吃的,https://lh3.googleusercontent.com/grass-cs/ANxoTn3kKlQl5f9hcjyKvasKXkOh_mS9yjMW6A66PD8UTVJOIdpztQ3lq0XOsFLlYG3xZDkYR49Xs2DNol7odJE82Ct6QH5DVRpRsAiAuGfRf6wtD2i8GYB1FiD44UbjzN0vdueo6BrWKg=w600-h450-p-k-no
林子堯,5,2025-05-19,1 年前,麵好吃，店內環境好,https://lh3.googleusercontent.com/grass-cs/ANxoTn03HZrfL9YkXuYBUPfG4m9qvM77ZzvNw6ZFnIBuIBJsfrpvU96YgeuoLNdg5lH35kxmY0zCbEfWg2oxBMJ4QkbFktK-zjzqw_e6hmcEMmTIKj97zDp_CY-dF6_ZSpi0jC75VdAy=w600-h450-p-k-no
Richard Kao,3,2025-05-19,1 年前,"嘗試招牌豚骨拉麵，叉燒、麵條、湯頭都在水準之上。
可能是租了太大間的黃金店面，定價很可怕，$320。
這一帶的便當大約$110~$120元，拉麵的訂價已經到了三倍。
如果覺得一碗拉麵值得三份便當錢，可以來嚐嚐看。",
Jyun-Ping Kao,5,2024-05-19,2 年前,氣氛佳、服務態度好,https://lh3.googleusercontent.com/grass-cs/ANxoTn3ysmiC09MB4LwWulxVudUMk9ddhlOvIKp_jiXHJr5I5rNmVVwcpMa0LdQLZI7_XSGdVlN7LrYtOSKwBQ_MyjNbomH1JYcu0EicB0mdZBclpN0iufo5Oud4YPL12bV04dJQVLjOgw=w600-h450-p-k-no
張玹燁,5,2025-05-19,1 年前,辛豚骨湯頭濃癒，叉燒飯好吃👍,"https://lh3.googleusercontent.com/grass-cs/ANxoTn0nEeGUBLQy2vaiAKdEdMp-8GmPainzNzqVf0HG25whiSl7ZeijqbIMGe5gsaYBCCtKLJYq5HZwIh45uyOKd6hZA0EZWLHQopo2F_G3-kuwe7wQR3vBV0PRUcBK7UxlnP6V2hQ=w300-h450-p-k-no, https://lh3.googleusercontent.com/grass-cs/ANxoTn0gk68mY9yQEva0iT8RmxV-qJriqehUfpzGdcrs5Z8oJgJ56tVFI5BosLhDmD5txo5mE30ZGg2wIzQHr2xRb61Oq-5nJ3lGeVwfngngeK-4TNMxk_BE1DvU2YeblBG5pcSqyMuUEg=w300-h450-p-k-no"
Han Chen,2,2024-05-19,2 年前,"鹽味湯頭非常普通…覺得可以增加一些調味的變化。
本來只想給一星的，但店員女孩很溫柔，多一顆。",
Chien Huang,5,2025-05-19,1 年前,很像回到日本吃到的道地拉麵,https://lh3.googleusercontent.com/grass-cs/ANxoTn2S0PCSbA1MvIY3bZ8NOWJGRNCOOETZqBEJXe1XBUfwmzkyEc-PWM4iYt2K_yC2izZh-UIIm2NioUSm9eS2pCLY_sRABmx7rjemQAZ3rjjTZhJYtOv9fQabpbV8gxsbavkGHFBJ=w600-h450-p-k-no
恆緯林,5,2024-05-19,2 年前,"給出五顆星可以加肉，但在剛開幕期間店家似乎沒有強制檢查客人是否有給五顆星，目前評分還是具有可信度，並不是洗出來的。
餐點是豪華醬油雞湯拉麵，湯頭的醬油味加上黑胡椒的香料調味非常對味，湯底還有一些小小的大蒜末。里肌叉燒稍微有些柴和冰冷，但泡到湯裡面之後和醬油的香味很搭，五花肉叉燒的肥瘦比例很好，不會讓人覺得太膩。麵體的部分口感偏硬，很符合個人口味。溏心蛋內部有點生，蛋黃還是流體的狀態，個人吃不太習慣。",https://lh3.googleusercontent.com/grass-cs/ANxoTn1YuMR4pZyhdkpzWQZvi-kzS2fTxzPmpwyLLXPak7WbIRWOwF3BmPJdHjzWHH8YdRGNdLyfZMZkK_K2syDVVz0w07yYsElo_b3MOryU_FQcMlac1ZVYXGu2d9MxPrD-XC4LggGb=w600-h450-p-k-no
鄭詠翰,5,2025-05-19,1 年前,"麵的口感Q彈適中
可以選擇不加蝦油很好
炙燒叉燒表皮些許炙燒後產生的苦味 …",https://lh3.googleusercontent.com/grass-cs/ANxoTn0jwifKR4myESJp4m9e-plXGY4sWfdJymYoSY2IC3EKaeFk3o6wQxLGd5L34uPi6C-PkiD8qPkNugz3zPzL54wDF1sOWvZK13lrgsGXETnCRL_o4bFUXLrNNk2mlF1vcbPL1RnQ=w600-h450-p-k-no
ChengMing Lee,4,2024-05-19,2 年前,"打卡送肉，環境超乾淨，我的手機覺得很好吃👍
豬肉偏柴，雞肉再嫩一點更好吃。
湯不會死人鹹，偏台灣人口味。
拉麵份量偏少，加一個叉燒飯剛好。 …",https://lh3.googleusercontent.com/grass-cs/ANxoTn0QZVpIjzwCA7xvS6dtpojakMKU4h-9nDWOJX0k0fi_EhXhfF2s70cQRpNWlKibI7OYKS4TFZETvGowDxxpp78TkAwMwYMWJwfAqlCeJ2K7IKhwiUobGUTJS1YRgQb-jtayMKmehw=w600-h450-p-k-no
Nina Hsu,5,2024-05-19,2 年前,拉麵非常好吃，服務態度很好,https://lh3.googleusercontent.com/grass-cs/ANxoTn2DlbOR10lAAl7123dAbRani8KU02kKqT4aRvdlLqE7dkqfbFiYZKW038udETNj-CQm8bpTCwLfjF3XOEdUpd3ejgjGxU2uAKT2_AgLRKoe9XrbGVdZgjaCkKp5-bGfvzTdqck4nA=w600-h450-p-k-no
